shape_id,shape_pt_sequence,shape_pt_lat,shape_pt_lon,shape_dist_traveled
1_0,1,41.31544900000001,19.797532,0
1_0,2,41.31533099999999,19.797591,14.171704324908811
1_0,3,41.31513499999999,19.797688,37.50106778667046
1_0,4,41.315081,19.797728,44.36830220870597
1_0,5,41.315038,19.797784,51.059252394751226
1_0,6,41.31497000000001,19.797909,63.96248139668041
1_0,7,41.31489499999999,19.798103,82.2127931388984
1_0,8,41.314832999999986,19.798279,98.47469699716379
1_0,9,41.314806,19.798388,108.5516401953536
1_0,10,41.314764,19.798632,130.17240162485817
1_0,11,41.314711,19.798906,153.85194083766754
1_0,12,41.314716000000004,19.799025000000004,163.82896377321327
1_0,13,41.314687000000006,19.79903,167.07590608870342
1_0,14,41.31461,19.799075,176.7241257988243
1_0,15,41.31455,19.799155,186.17013436806494
1_0,16,41.314536,19.799188,189.3398929674326
1_0,17,41.314524999999996,19.799223,192.5141376788608
1_0,18,41.31447200000001,19.799266,199.41231908862957
1_0,19,41.31435899999999,19.799384,215.38050682949444
1_0,20,41.314118,19.799654,250.7535219760951
1_0,21,41.31398699999999,19.799831,272.1052047242252
1_0,22,41.313931999999994,19.79992,281.7383856371445
1_0,23,41.313900999999994,19.799972,287.287745841433
1_0,24,41.313890999999984,19.799988,289.02748957254596
1_0,25,41.31373200000001,19.8003,322.0791240126869
1_0,26,41.313675,19.800424,334.23651806033286
1_0,27,41.313648,19.80048,339.80094787040434
1_0,28,41.313491000000006,19.800893,379.00844721345896
1_0,29,41.313429000000006,19.80105,393.8449082226537
1_0,30,41.313303,19.801366,423.89645256262406
1_0,31,41.31307799999999,19.801929,477.80248533369297
1_0,32,41.31301499999999,19.802087,493.412532056868
1_0,33,41.312770999999984,19.802704,551.8809154074211
1_0,34,41.31272599999999,19.802809,561.9915568297156
1_0,35,41.312613999999996,19.803069,588.0779204418873
1_0,36,41.31257500000001,19.803177,598.1024112685328
1_0,37,41.312551,19.803254,605.0774088422302
1_0,38,41.31250300000001,19.803425,620.9138773004182
1_0,39,41.312444,19.803658,641.4897352626801
1_0,40,41.31236799999999,19.803956,667.8248392537902
1_0,41,41.312318999999995,19.804138000000002,684.0466210313098
1_0,42,41.312213,19.804531,718.9878163462398
1_0,43,41.312155999999995,19.80475,740.155549283706
1_0,44,41.312055,19.805134000000002,774.259599642808
1_0,45,41.312043,19.805174,777.8634858514279
1_0,46,41.311973,19.805417,799.6401238198011
1_0,47,41.31196700000001,19.805437,801.4420686979956
1_0,48,41.311963,19.80545,802.6174829395121
1_0,49,41.3119,19.805623,819.6576864675702
1_0,50,41.31187,19.805721,828.5120704856934
1_0,51,41.312015999999986,19.805791,845.7490058680496
1_0,52,41.312032999999985,19.805799,847.7517926594287
1_0,53,41.312288,19.805888,877.4077792434151
1_0,54,41.31232899999999,19.805903,882.1299910456945
1_0,55,41.312338,19.805854,886.351914796694
1_0,56,41.31236799999999,19.805698,899.8293172198967
1_0,57,41.31250299999999,19.804983,961.5808876246908
1_0,58,41.31253099999999,19.804862,972.1765362502715
1_0,59,41.312560000000005,19.8048,982.2654784247637
1_0,60,41.312652,19.804516,1008.1415199021831
1_0,61,41.312681000000005,19.804418,1016.9546480928843
1_0,62,41.312698,19.804359,1022.405586615128
1_0,63,41.312852,19.803812000000004,1071.2849301965064
1_0,64,41.312986,19.803428,1106.7066865975357
1_0,65,41.313026,19.803381,1113.3826040953866
1_0,66,41.31310400000002,19.803352,1122.3767159591314
1_0,67,41.313302,19.803394,1144.6477050945928
1_0,68,41.31335899999999,19.80341,1151.116554990453
1_0,69,41.313430000000004,19.80343,1159.1754633217063
1_0,70,41.313513,19.803453,1168.5898781897656
1_0,71,41.31356999999999,19.803444,1174.9632336951665
1_0,72,41.313605,19.803502,1181.1821631566654
1_0,73,41.31361999999999,19.803555,1185.9211818836663
1_0,74,41.31361600000001,19.803602,1189.880630402072
1_0,75,41.313590999999995,19.80368,1196.9756641246531
1_0,76,41.31351900000001,19.804162,1238.1104751349737
1_0,77,41.31344699999999,19.80463,1278.095026708171
1_0,78,41.31340276329318,19.804889402109495,1300.422721399682
1_0,79,41.31336543113789,19.805076215522593,1316.6012726867793
1_0,80,41.313339684811424,19.805230465129732,1329.8264918646325
1_0,81,41.313313294816254,19.80536329118032,1341.3252440699678
1_0,82,41.3137657852058,19.80553725045949,1394.0873203091753
1_0,83,41.31386233324647,19.805574955919013,1405.877627639124
1_0,84,41.313903527033645,19.80559038087973,1410.6301196621605
1_0,85,41.31393442235694,19.80560580584044,1414.2953842832592
1_0,86,41.31397200000001,19.80562,1418.6334993439568
1_0,87,41.3144,19.805802,1468.8130237237003
1_0,88,41.31443,19.805815,1472.3171654718735
1_0,89,41.314479,19.805835,1478.0093796153988
1_0,90,41.31468799999999,19.805924,1502.3811514901647
1_0,91,41.314743,19.805948,1508.8097551419414
1_0,92,41.314803,19.805973,1515.792491615713
1_0,93,41.314842,19.80599,1520.3504799047528
1_0,94,41.31509599999999,19.806098,1550.181184924002
1_0,95,41.315481999999996,19.806262,1595.1906922646197
1_0,96,41.31581799999999,19.806405,1634.3699676725992
1_0,97,41.31590700000001,19.806442,1644.725590216054
1_0,98,41.31622099999999,19.806576,1681.371545178944
1_0,99,41.316262,19.806593,1686.1409866536553
1_0,100,41.316615,19.806743,1727.392312284912
1_0,101,41.31665,19.806758,1731.476153849931
1_0,102,41.316874,19.806852,1757.5617479851962
1_0,103,41.316913,19.80687,1762.1465466795612
1_0,104,41.316987,19.806887,1770.4850338086894
1_0,105,41.317052999999994,19.806877,1777.9363999638172
1_0,106,41.31716,19.806778,1792.4600378853763
1_0,107,41.317235,19.806699,1803.0935850557769
1_0,108,41.317256,19.806734,1806.8378988251322
1_0,109,41.317284,19.80676,1810.6328192926971
1_0,110,41.317316,19.806773,1814.348666494477
1_0,111,41.31734999999999,19.806775,1818.1273716070461
1_0,112,41.317383,19.806764,1821.9052645724373
1_0,113,41.317486,19.8068,1833.7316461577325
1_0,114,41.31760799999999,19.806852,1848.072808981194
1_0,115,41.317786999999996,19.807009,1871.8992173508195
1_0,116,41.318088999999986,19.807273,1912.057153935331
1_0,117,41.318343999999996,19.807497,1946.0166522484678
1_0,118,41.318508,19.807642,1967.9344091522717
1_0,119,41.318574,19.807698,1976.6333373346154
1_0,120,41.318704,19.807811,1993.9624578449861
1_0,121,41.318729,19.807833,1997.2935047554204
1_0,122,41.31882899999999,19.807921,2010.6176884575125
1_0,123,41.318918999999994,19.808,2022.6002015106644
1_0,124,41.31898499999999,19.808057000000005,2031.3445031083356
1_0,125,41.319056999999994,19.80812,2040.921278356215
1_0,126,41.319106000000005,19.808162,2047.398762369422
1_0,127,41.31930499999999,19.808333,2073.7304961040504
1_0,128,41.319582000000004,19.808569,2110.2832876824614
1_0,129,41.31961,19.808592,2113.939944748401
1_0,130,41.31964800000001,19.808626,2119.0291775944875
1_0,131,41.320094000000005,19.809001,2177.672732176092
1_0,132,41.32014199999999,19.809041,2183.966586716849
1_0,133,41.32024700000001,19.80913,2197.8015889489943
1_0,134,41.320486,19.809329,2229.137290859665
1_0,135,41.320629,19.809447,2247.8359308192908
1_0,136,41.320689999999985,19.809499,2255.886725002656
1_0,137,41.320852,19.809635,2277.173068386437
1_0,138,41.321073999999996,19.809793,2305.1494694067346
1_0,139,41.321146,19.80982,2313.456885599875
1_0,140,41.32121999999999,19.809819,2321.673477073576
1_0,141,41.321359,19.80979,2337.2962693013355
1_0,142,41.32136899999999,19.809867,2343.836254926594
1_0,143,41.32139900000001,19.809986,2354.338962152872
1_0,144,41.32142799999999,19.81004,2360.905318164459
1_0,145,41.321504999999995,19.810117,2371.6117766044117
1_0,146,41.321574000000005,19.810169,2380.4228701282877
1_0,147,41.321628000000004,19.810209,2387.2899306080512
1_0,148,41.321762,19.810253,2402.6169012491287
1_0,149,41.322051,19.810286,2434.8291846132197
1_0,150,41.32208,19.810285,2438.0501210190555
1_0,151,41.32210200000001,19.810426,2450.202633680887
1_0,152,41.322189,19.810974,2497.076827836324
1_0,153,41.322213999999995,19.811132,2510.8747397219804
1_0,154,41.322228,19.811221000000003,2518.4845588823714
1_0,155,41.322399,19.812305000000002,2611.1824230956063
1_0,156,41.322547,19.813242,2691.3742476360644
1_0,157,41.32256900000001,19.813385,2704.23768283675
1_0,158,41.32264299999999,19.813364,2712.6397560642176
1_0,159,41.32266799999999,19.813359,2715.446857956439
1_0,160,41.322943000000016,19.813284,2746.618529728118
1_0,161,41.323005,19.813264,2753.7029578212428
1_0,162,41.323136,19.813217,2768.770789784335
1_0,163,41.323457000000005,19.813128000000003,2805.1813376836244
1_0,164,41.323742,19.813049,2837.5096218465533
1_0,165,41.323919,19.812999,2857.602448035335
1_0,166,41.324113000000004,19.812945,2879.61120432706
1_0,167,41.32468507354781,19.812784350079227,2944.5615092670996
1_0,168,41.32493776915984,19.812716633527458,2973.184857574381
1_0,169,41.325046,19.813405,3032.0397943079347
1_0,170,41.32515300000001,19.814074,3089.279585321271
1_0,171,41.325328,19.815198,3185.3701977943047
1_0,172,41.32547400000001,19.816119,3264.1741189236845
1_0,173,41.32548599999999,19.816199,3271.001116265315
1_0,174,41.32555399999999,19.816617,3306.791650549411
1_0,175,41.325566,19.816695,3313.4545450530886
1_0,176,41.325577,19.81676,3319.0302195190184
1_0,177,41.325598,19.816902,3331.5420799625836
1_0,178,41.325619,19.817038,3343.161136332758
1_0,179,41.32570599999999,19.817597,3390.9415122853425
1_0,180,41.325768999999994,19.817999,3425.3067950851564
1_0,181,41.32589799999999,19.818808,3494.9086226342206
1_0,182,41.325929,19.819015,3512.709989154118
1_0,183,41.32594299999999,19.819105000000004,3520.401332088218
1_0,184,41.326488999999995,19.818957,3582.288048273211
1_0,185,41.32666100000001,19.818911000000003,3601.7825775148967
1_0,186,41.326713000000005,19.818909,3607.5585196798284
1_0,187,41.326758000000005,19.818925,3612.781045202982
1_0,188,41.326778,19.818944,3615.512296473817
1_0,189,41.326915,19.81911,3636.1198049401255
1_0,190,41.327099,19.819265,3660.3199859429274
1_0,191,41.32711199999999,19.819280000000003,3662.2329453011507
1_0,192,41.327131,19.819307,3665.3243339485416
1_0,193,41.327143,19.819339,3668.3156582402507
1_0,194,41.327158000000004,19.819404,3674.0050115364706
1_0,195,41.327166,19.819496,3681.7559547637466
1_0,196,41.32724800380379,19.820433498736143,3760.797857565494
1_0,197,41.32733,19.821371,3839.7960094334017
1_0,198,41.32737500000001,19.821887,3883.9107020752435
1_0,199,41.327389,19.822053,3897.8905962830413
1_0,200,41.327427,19.822489,3934.678140811077
1_0,201,41.327450999999996,19.822609,3945.0689042103454
1_0,202,41.32749999999999,19.822749,3961.3203451969393
1_0,203,41.32756799999999,19.822622,3974.357993241609
1_0,204,41.327591,19.822583,3978.5023017866047
1_0,205,41.32762799999999,19.822531,3984.487018922725
1_0,206,41.327685,19.822463,3993.2393287792233
1_0,207,41.32775899999999,19.82239,4003.478116534011
1_0,208,41.327963000000004,19.822247,4029.0956190953543
1_0,209,41.32826099999999,19.822075,4065.3766647885677
1_0,210,41.32847599999999,19.821956,4091.242230783537
1_0,211,41.32860299999999,19.821889,4106.488969697066
1_0,212,41.328663999999996,19.821852,4113.936087217937
1_0,213,41.328799999999994,19.821772,4130.4538659378495
1_0,214,41.32975799999999,19.821227,4246.189692701213
1_0,215,41.329989999999995,19.821092,4274.317345512086
1_0,216,41.330465000000004,19.82082,4331.760550684384
1_0,217,41.33065500000001,19.820707,4354.878861489393
1_0,218,41.330617000000004,19.82061,4364.027713561479
1_0,219,41.33059799999999,19.820378,4383.558041987124
1_0,220,41.33061099999999,19.820037,4412.134579479201
1_0,221,41.330589,19.819849,4428.056769332427
1_0,222,41.330549,19.819553,4453.224925925809
1_0,223,41.330479999999994,19.819044,4496.506579724699
1_0,224,41.33045700000001,19.818871,4511.208453678497
1_0,225,41.330344,19.818028,4582.894674015044
1_0,226,41.330332,19.817947,4589.803281297495
1_0,227,41.330431,19.817919,4601.042184784418
1_0,228,41.3310260001685,19.817754001562363,4668.648439854282
1_0,229,41.331620999999984,19.817589,4736.149825207249
1_0,230,41.331972,19.817493,4775.946774789237
1_0,231,41.33199999999999,19.817485,4779.126869165961
1_0,232,41.333051,19.817196,4898.300410300248
1_0,233,41.333180999999996,19.817157,4913.098626218143
1_0,234,41.333321999999995,19.817121,4929.041012963502
1_0,235,41.334244,19.816867,5033.594968234959
1_0,236,41.334618999999996,19.816766,5076.085346248474
1_0,237,41.33471,19.816742,5086.386704796488
1_0,238,41.33472299999999,19.816738,5087.868393268891
1_0,239,41.335267,19.816588,5149.795723132158
1_0,240,41.335661,19.816474,5194.636423757502
1_0,241,41.335708999999994,19.81649,5200.131454589598
1_0,242,41.335824,19.816587,5215.261619143983
1_0,243,41.33593100000001,19.816744,5233.0741525520525
1_0,244,41.335984,19.816831000000004,5242.435387635388
1_0,245,41.33601599999999,19.817023,5258.890683647678
1_0,246,41.336022,19.81706,5262.057811425238
1_0,247,41.33605500000001,19.817244000000002,5277.885418785021
1_0,248,41.336076000000006,19.817366,5288.442358963665
1_0,249,41.33610400000001,19.817518,5301.770283381281
1_0,250,41.336126,19.817603,5309.291053474231
1_0,251,41.336163,19.817709,5319.0665393261515
1_0,252,41.3364,19.818345,5378.448118537696
1_0,253,41.336499999999994,19.8186,5402.50283740436
1_0,254,41.336681,19.819069,5446.5961999092215
1_0,255,41.33671099999999,19.819144,5453.701477501236
1_0,256,41.33691100000001,19.819661,5502.331634978495
1_0,257,41.33702099999999,19.819925,5527.574834960916
1_0,258,41.33708200000001,19.820067,5541.252246807013
1_0,259,41.337129000000004,19.820162,5551.062351428576
1_0,260,41.337362,19.820585,5594.921280093173
1_0,261,41.337526999999994,19.820886,5626.217898565358
1_0,262,41.33757399999999,19.820971,5635.0397259963165
1_0,263,41.337746,19.821269,5666.501744907399
1_0,264,41.33793599999999,19.821551,5698.154327554937
1_0,265,41.33837599999998,19.822188,5770.472095546245
1_0,266,41.338987,19.82299,5865.901627784746
1_0,267,41.33931799999999,19.823552,5925.6249158909095
1_0,268,41.339529000000006,19.824015,5970.918464410764
1_0,269,41.339591,19.824177,5986.122062235311
1_0,270,41.33966,19.824372,6004.148282079461
1_0,271,41.339752,19.824679,6031.814903030311
1_0,272,41.339780000000005,19.824776,6040.506672473461
1_0,273,41.33983899999999,19.825005,6060.757720456778
1_0,274,41.33989400000001,19.825229,6080.512119520585
1_0,275,41.33993600000001,19.825432000000003,6098.3093821298
1_0,276,41.339974,19.825655,6117.60845737627
1_0,277,41.339981,19.825697,6121.207838268432
1_0,278,41.339985,19.825721,6123.264627171162
1_0,279,41.340053,19.826188,6163.064821713095
1_0,280,41.34007,19.826322,6174.435392248231
1_0,281,41.340095999999996,19.826549,6193.648336280597
1_0,282,41.340216999999996,19.827642,6286.238340882573
1_0,283,41.340249,19.827944,6311.757481443718
1_0,284,41.34027499999999,19.828268000000005,6339.220008231798
1_0,285,41.34027800000001,19.828583,6365.580498388925
1_0,286,41.34023400000001,19.828785,6383.18041257069
1_0,287,41.340221,19.828823,6386.672419956757
1_0,288,41.340191000000004,19.82889,6393.193644367627
1_0,289,41.34009799999999,19.829024,6408.436581958349
1_0,290,41.340054,19.829072,6414.761018276134
1_0,291,41.33999599999999,19.829117,6422.220817947195
1_0,292,41.34004999999999,19.829217,6432.514823320485
1_0,293,41.340087,19.829291,6439.945772558758
1_0,294,41.340164,19.829428,6454.5065629901055
1_0,295,41.340233999999995,19.829562,6468.149552949063
1_0,296,41.340337,19.829768,6488.835659763407
1_0,297,41.34068,19.830462,6558.288238921304
1_0,298,41.34072100000001,19.830546,6566.662442018493
1_0,299,41.340779,19.830668,6578.73242322656
1_0,300,41.340954,19.831045,6615.784127153945
1_0,301,41.34098800000001,19.831114,6622.682381048293
1_0,302,41.341224,19.831591,6670.4838045372535
1_0,303,41.34172,19.832542,6767.271391518655
1_0,304,41.341941999999996,19.832975,6811.092200005106
1_0,305,41.34197199999999,19.833034000000005,6817.69443978778
1_0,306,41.342061,19.83321,6835.429294297181
1_0,307,41.342084,19.833256,6840.048431445068
1_0,308,41.342158,19.833403,6854.840342591756
1_0,309,41.34227200000001,19.833616,6876.709094206676
1_0,310,41.342324999999995,19.833719,6887.1573695792285
1_0,311,41.342372999999995,19.833816,6896.867113598967
1_0,312,41.342403,19.833874,6902.753332217594
1_0,313,41.342426999999994,19.833922000000005,6907.573283316637
1_0,314,41.342656,19.834373,6953.07666783216
1_0,315,41.34274799999999,19.834554,6971.347796189664
1_0,316,41.342887,19.834833000000003,6999.332985265287
1_0,317,41.34297500000001,19.834996,7016.1104108407335
1_0,318,41.34306099999999,19.835139,7031.669072879354
1_0,319,41.34317799999999,19.835319,7051.558571014097
1_0,320,41.343393,19.835626,7086.626649553447
1_0,321,41.34387100000001,19.83631,7164.688515434956
1_0,322,41.343909,19.836366,7170.993778470478
1_0,323,41.343977,19.836462,7182.017585565575
1_0,324,41.34438050142381,19.837040996420054,7248.074689998415
1_0,325,41.344784,19.83762,7314.109244937821
1_0,326,41.34491599999999,19.837809,7335.670155829113
1_0,327,41.345078,19.83804,7362.1242247155515
1_0,328,41.34516299999999,19.838152,7375.424016502331
1_0,329,41.345198999999994,19.838206,7381.456495817418
1_0,330,41.34521899999999,19.838244,7385.3346621169185
1_0,331,41.345296,19.838234,7393.9247473933465
1_0,332,41.34534399999999,19.838232000000005,7399.256769646166
1_0,333,41.345638999999984,19.838327,7433.544796454684
1_0,334,41.345754,19.83837,7446.810351409505
1_0,335,41.3458,19.838386,7452.090226311906
1_0,336,41.345873000000005,19.838394,7460.222941939511
1_0,337,41.345903,19.838391,7463.563258953959
1_0,338,41.346067,19.838347,7482.228431947423
1_0,339,41.346162,19.838317,7493.0707509817175
1_0,340,41.34618100000001,19.838312,7495.22138534305
1_0,341,41.34642899999999,19.838237,7523.462603499278
1_0,342,41.346551999999996,19.838186,7537.7712656349295
1_0,343,41.346729,19.838111,7558.401636266355
1_0,344,41.346852999999996,19.838028,7573.821539666255
1_0,345,41.346713,19.836796,7678.093105467129
1_0,346,41.34671199999999,19.836783,7679.186454989689
1_0,347,41.346602999999995,19.835773,7764.567272065106
1_0,348,41.346518999999994,19.834971,7832.327706037128
1_0,349,41.34649300000001,19.834731,7852.614939693558
1_0,350,41.34648500000001,19.834651,7859.367165152767
1_0,351,41.346456999999994,19.834404,7880.266022286286
1_0,352,41.346444999999996,19.83429,7889.908893513637
1_0,353,41.34641899999999,19.834047,7910.444479894398
1_0,354,41.346359,19.833491,7957.513380136917
1_0,355,41.346488,19.833502,7971.865687572828
1_0,356,41.34654999999999,19.833507,7978.768720474187
1_0,357,41.34690199999999,19.833521,8017.868551760011
1_0,358,41.346985,19.83352,8027.084356172043
1_0,359,41.347124,19.83351,8042.553742369578
1_0,360,41.34725799999999,19.833495,8057.484497559631
1_0,361,41.34741600000001,19.833474,8075.114885334989
1_0,362,41.34765399999999,19.833436,8101.734749405361
1_0,363,41.347901,19.833391,8129.416212862522
1_0,364,41.34796899999999,19.833377,8137.056524849009
1_0,365,41.348065,19.833348,8147.9880095898225
1_0,366,41.348146,19.833323,8157.241544575353
1_0,367,41.348208,19.833284,8164.859561967031
1_0,368,41.34828,19.833242,8173.591918765245
1_0,369,41.348439,19.833149,8192.884295095702
1_0,370,41.348573,19.833097,8208.38529024916
1_0,371,41.34901700000001,19.832968,8258.876263375518
1_0,372,41.349303,19.832891,8291.401770334833
1_0,373,41.349366,19.832874,8298.539755448894
1_0,374,41.349436,19.832824,8307.392269410191
1_0,375,41.34948599999999,19.832781,8314.007525998646
1_0,376,41.349546,19.832728,8322.010136263374
1_0,377,41.350272,19.832478,8405.295843146614
1_0,378,41.35037400000001,19.832394,8418.655931979893
1_0,379,41.350438000000004,19.832266,8431.508052990901
1_0,380,41.35052899999999,19.831971,8458.177566538287
1_0,381,41.350548,19.831915,8463.315785393324
1_0,382,41.35055800000001,19.831862,8467.886879649586
1_0,383,41.350562999999994,19.831792,8473.76962569881
1_0,384,41.35056,19.831670000000003,8483.982090270369
1_0,385,41.350561,19.831418,8505.065759568497
1_0,386,41.350560998859166,19.831418287569832,8505.08981920054
1_1,1,41.350560998859166,19.831418287569832,0
1_1,2,41.35056,19.831670000000003,21.05960966608327
1_1,3,41.350562999999994,19.831792,31.27207423764341
1_1,4,41.35055800000001,19.831862,37.154820286866354
1_1,5,41.350548,19.831915,41.725914543128894
1_1,6,41.35052899999999,19.831971,46.86413339816646
1_1,7,41.350438000000004,19.832266,73.53364694555127
1_1,8,41.35037400000001,19.832394,86.38576795655919
1_1,9,41.350272,19.832478,99.74585678983695
1_1,10,41.349546,19.832728,183.03156367307696
1_1,11,41.34948599999999,19.832781,191.03417393780552
1_1,12,41.349436,19.832824,197.64943052625958
1_1,13,41.349366,19.832874,206.50194448755664
1_1,14,41.349303,19.832891,213.63992960161835
1_1,15,41.34901700000001,19.832968,246.1654365609336
1_1,16,41.348573,19.833097,296.6564096872922
1_1,17,41.348439,19.833149,312.1574048407497
1_1,18,41.348208,19.833284,340.18213501716195
1_1,19,41.348146,19.833323,347.8001524088404
1_1,20,41.348082,19.833343,355.1258327832262
1_1,21,41.348065,19.833348,357.05913324811894
1_1,22,41.34796899999999,19.833377,367.990617988932
1_1,23,41.347901,19.833391,375.63092997541884
1_1,24,41.34765399999999,19.833436,403.3123934325795
1_1,25,41.34741600000001,19.833474,429.9322575029521
1_1,26,41.34725799999999,19.833495,447.56264527831
1_1,27,41.347124,19.83351,462.4934004683627
1_1,28,41.346985,19.83352,477.9627866658972
1_1,29,41.34690199999999,19.833521,487.1785910779299
1_1,30,41.34654999999999,19.833507,526.2784223637535
1_1,31,41.346488,19.833502,533.1814552651125
1_1,32,41.346359,19.833491,547.5337627010246
1_1,33,41.34641899999999,19.834047,594.6026629435435
1_1,34,41.346444999999996,19.83429,615.1382493243044
1_1,35,41.346456999999994,19.834404,624.7811205516558
1_1,36,41.34648500000001,19.834651,645.6799776851753
1_1,37,41.34649300000001,19.834731,652.4322031443836
1_1,38,41.346518999999994,19.834971,672.7194368008135
1_1,39,41.346602999999995,19.835773,740.4798707728353
1_1,40,41.34667699999999,19.836458,798.3791487038352
1_1,41,41.346713,19.836796,826.9786805352502
1_1,42,41.346852999999996,19.838028,931.2502463361235
1_1,43,41.346729,19.838111,946.6701497360241
1_1,44,41.346551999999996,19.838186,967.3005203674497
1_1,45,41.34642899999999,19.838237,981.6091825031015
1_1,46,41.34618100000001,19.838312,1009.8504006593296
1_1,47,41.346143,19.838323,1014.1687250778816
1_1,48,41.346067,19.838347,1022.8425803542483
1_1,49,41.345903,19.838391,1041.5077533477117
1_1,50,41.345873000000005,19.838394,1044.8480703621603
1_1,51,41.3458,19.838386,1052.980785989765
1_1,52,41.345754,19.83837,1058.260660892167
1_1,53,41.345638999999984,19.838327,1071.5262158469875
1_1,54,41.34534399999999,19.838232000000005,1105.8142426555057
1_1,55,41.345296,19.838234,1111.1462649083244
1_1,56,41.345279999999995,19.838198,1114.6432459394612
1_1,57,41.34525,19.838148,1119.9908382793526
1_1,58,41.345211,19.838092,1126.3708567027895
1_1,59,41.34516399999999,19.838026,1133.9686832031919
1_1,60,41.345147,19.838003,1136.6642495219328
1_1,61,41.344524,19.837103,1238.9263604218495
1_1,62,41.344246999999996,19.836716,1283.8349346068037
1_1,63,41.34401,19.836377,1322.5324040269477
1_1,64,41.343882,19.836193,1343.4847877947523
1_1,65,41.343594,19.835782,1390.4594402149223
1_1,66,41.343169,19.835174,1459.8483533314673
1_1,67,41.34311,19.835084,1470.209368819854
1_1,68,41.34302699999999,19.834942,1485.2459228811122
1_1,69,41.342947,19.834785,1501.1037623048892
1_1,70,41.342628,19.834158,1564.4047346157129
1_1,71,41.342408000000006,19.833728,1607.8927875270047
1_1,72,41.342378,19.83367,1613.8010586843989
1_1,73,41.342299,19.833516,1629.3889444940205
1_1,74,41.342141,19.833204,1660.8481131444207
1_1,75,41.342118000000006,19.833158,1665.4672475556085
1_1,76,41.342029,19.832982,1683.2020916386589
1_1,77,41.34199900000001,19.832922,1689.8671280259969
1_1,78,41.341902999999995,19.832737,1708.661744387275
1_1,79,41.34178200000001,19.832502,1732.4766085265594
1_1,80,41.341781,19.832501,1732.6156374631728
1_1,81,41.34169099999998,19.832325,1750.4126491103798
1_1,82,41.34128499999999,19.831539,1830.2372094162577
1_1,83,41.341150999999996,19.831278,1856.6628573759424
1_1,84,41.341074,19.831124,1872.1273503870439
1_1,85,41.34097,19.830895,1894.4996645777287
1_1,86,41.340915,19.83078,1905.902878500602
1_1,87,41.34083799999999,19.830618,1921.9292371765682
1_1,88,41.34080199999999,19.830543,1929.369765401628
1_1,89,41.340779,19.830496,1934.05892273402
1_1,90,41.340737999999995,19.830414,1942.2931557741001
1_1,91,41.34026899999999,19.829467,2037.118744572479
1_1,92,41.34022000000001,19.829309,2051.675586718639
1_1,93,41.340206,19.829126,2067.0672572529484
1_1,94,41.340214,19.829035,2074.733539005529
1_1,95,41.340262,19.828942,2084.1655106613457
1_1,96,41.340315999999994,19.8288,2097.4746565094006
1_1,97,41.340344,19.828675,2108.3950178845657
1_1,98,41.340350999999984,19.828626,2112.5682173605524
1_1,99,41.34035699999999,19.828497,2123.383127745926
1_1,100,41.340323,19.827961,2168.5128472614897
1_1,101,41.34024700218002,19.827250999124473,2228.554095894277
1_1,102,41.34017099999999,19.826541,2288.648222374193
1_1,103,41.340148,19.826339,2305.742912217002
1_1,104,41.340131,19.826207,2316.9484705925165
1_1,105,41.340074,19.825793,2352.1643621518297
1_1,106,41.340006999999986,19.825431,2383.35577219936
1_1,107,41.339966999999994,19.825215,2401.96782207585
1_1,108,41.339895999999996,19.82492,2428.159566489497
1_1,109,41.339819999999996,19.824652,2452.120283994936
1_1,110,41.33975199999998,19.824418,2473.1061194594317
1_1,111,41.339702,19.824266,2487.0258990250736
1_1,112,41.339610999999984,19.824033,2508.985375125943
1_1,113,41.339372999999995,19.823498,2560.986250047605
1_1,114,41.339263,19.823297,2581.7722027407053
1_1,115,41.339034000000005,19.822926,2621.958238677907
1_1,116,41.338861,19.822687,2649.6877027427054
1_1,117,41.33859500000001,19.822344,2690.911071233677
1_1,118,41.33842400000001,19.822119,2717.6659821558655
1_1,119,41.337987,19.821491,2789.2040822192284
1_1,120,41.337877,19.821318,2808.1444792157095
1_1,121,41.337775,19.821151,2826.1318879788364
1_1,122,41.337646,19.820932,2849.462135471316
1_1,123,41.33754299999999,19.820743,2869.2192598914994
1_1,124,41.33756700000001,19.820719,2872.556038923536
1_1,125,41.33754299999999,19.820743,2875.892817955573
1_1,126,41.337514,19.820691,2881.3059733363375
1_1,127,41.337434,19.820549,2896.1415767564913
1_1,128,41.337193000000006,19.820107,2941.9149247687055
1_1,129,41.337146,19.820008,2951.930714732694
1_1,130,41.33708500000001,19.819875,2964.9591398462007
1_1,131,41.336822999999995,19.819229,3026.3478953220306
1_1,132,41.336516,19.818443,3100.4298652144616
1_1,133,41.33631199999999,19.817911,3150.3910287826243
1_1,134,41.336196,19.817566,3182.0041211644675
1_1,135,41.336158999999995,19.817384,3197.778713275452
1_1,136,41.336132,19.81722,3211.8408746954087
1_1,137,41.336074,19.816874,3241.5026571187286
1_1,138,41.336006999999995,19.816478,3275.6635441025546
1_1,139,41.335988,19.816357,3286.0066152225195
1_1,140,41.335964000000004,19.816214,3298.2663972494006
1_1,141,41.335885000000005,19.816232,3307.166117550054
1_1,142,41.33580599999999,19.816253,3316.1117512772903
1_1,143,41.33564199999999,19.81629,3334.5819463287144
1_1,144,41.33559099999999,19.816304,3340.3643737912435
1_1,145,41.335254,19.816399,3378.6948957066065
1_1,146,41.33524199999999,19.816402,3380.0506945074635
1_1,147,41.33452599999998,19.816599,3461.2457808323193
1_1,148,41.33411999999999,19.81671,3507.420117367172
1_1,149,41.333294,19.816938,3601.0956729568616
1_1,150,41.333133999999994,19.816981,3619.221170642945
1_1,151,41.333025,19.817011,3631.581036458589
1_1,152,41.331972,19.8173,3750.9813014680217
1_1,153,41.331912,19.817317,3757.7932828624207
1_1,154,41.33119200000001,19.817514,3839.417973810819
1_1,155,41.33040199999999,19.817733,3929.1129578016416
1_1,156,41.330302,19.81776,3940.4434879180067
1_1,157,41.330284,19.817643,3950.4371333742347
1_1,158,41.330173,19.81692,4012.189871712144
1_1,159,41.330156,19.816851,4018.265166818771
1_1,160,41.33010600000001,19.816703,4032.126372302919
1_1,161,41.33006300000001,19.816622,4040.4766850285077
1_1,162,41.33005,19.816601,4042.750925574887
1_1,163,41.330010999999985,19.816538,4049.573648879621
1_1,164,41.329882,19.816393,4068.3460840448965
1_1,165,41.3298,19.816329,4078.909191006459
1_1,166,41.329521,19.816189,4112.047114466545
1_1,167,41.329330000000006,19.816102,4134.468862988423
1_1,168,41.32909699999999,19.816008000000004,4161.508421014082
1_1,169,41.32899,19.815995,4174.269383406333
1_1,170,41.32866200000001,19.816073000000003,4211.302020347017
1_1,171,41.328453999999994,19.816125,4234.860443810501
1_1,172,41.328269,19.816171,4255.75853022575
1_1,173,41.32819299999999,19.816188,4264.315861114897
1_1,174,41.328138,19.816202,4270.533863795908
1_1,175,41.328084999999994,19.816216,4276.5339321455485
1_1,176,41.327989,19.81624,4287.380351067648
1_1,177,41.327881,19.816268,4299.6001532797845
1_1,178,41.327641,19.816331,4326.763821165509
1_1,179,41.32730299999999,19.816419,4365.056765981055
1_1,180,41.32668500018771,19.8165940017194,4435.219033294781
1_1,181,41.326067,19.816769,4505.381813703848
1_1,182,41.32573099999999,19.816865,4543.583635164666
1_1,183,41.325684,19.816878,4548.914231608625
1_1,184,41.325598,19.816902,4558.671739597027
1_1,185,41.32549799999999,19.816929,4570.002295827177
1_1,186,41.324916,19.817095,4636.2124073487585
1_1,187,41.324492,19.817215,4684.3741803717385
1_1,188,41.323874,19.81739,4754.537826434124
1_1,189,41.323771,19.817419,4766.228579906518
1_1,190,41.323666,19.817447,4778.1198642471345
1_1,191,41.323445683444085,19.816052656891586,4897.361971861883
1_1,192,41.323225350110626,19.814658323557907,5016.607262873219
1_1,193,41.323005,19.813264,5135.851691373704
1_1,194,41.322943000000016,19.813284,5142.936119466829
1_1,195,41.32266799999999,19.813359,5174.107791238508
1_1,196,41.32264299999999,19.813364,5176.91489313073
1_1,197,41.32172799999999,19.813617,5280.690444233598
1_1,198,41.321625999999995,19.813644,5292.238709044835
1_1,199,41.32161099999999,19.813648,5293.937466799891
1_1,200,41.32110599999999,19.813784,5351.153538515476
1_1,201,41.321062,19.813796,5356.141009439796
1_1,202,41.321009000000004,19.813811,5362.158005806825
1_1,203,41.320755999999996,19.813881,5390.8842106666825
1_1,204,41.320505,19.813951000000003,5419.361804065299
1_1,205,41.320412,19.813977,5429.914362841079
1_1,206,41.320179,19.814042,5456.583405210945
1_1,207,41.319318,19.814282,5554.28057396411
1_1,208,41.319286999999996,19.81429,5557.821778844526
1_1,209,41.319221,19.814308,5565.319348840461
1_1,210,41.31874199999999,19.814442,5619.74174400387
1_1,211,41.318694,19.814455,5625.181099080584
1_1,212,41.31866300000001,19.814464,5628.7044815421605
1_1,213,41.318642,19.814406,5634.090254905278
1_1,214,41.31856599999999,19.81433,5644.657823458243
1_1,215,41.31851799999999,19.81432,5650.05255551455
1_1,216,41.318471,19.81433,5655.337631258128
1_1,217,41.318422999999996,19.814289,5661.676449170269
1_1,218,41.31838899999999,19.814242,5667.128806905896
1_1,219,41.318375,19.814207,5670.445328879144
1_1,220,41.318369000000004,19.814179,5672.881924261283
1_1,221,41.318254,19.813464,5734.085777450525
1_1,222,41.318174,19.812966,5776.727266195696
1_1,223,41.31815999999999,19.812881,5784.010090220277
1_1,224,41.318182,19.812875,5786.503829464866
1_1,225,41.318193999999984,19.812871,5788.171248849631
1_1,226,41.318182,19.812875,5789.838668234397
1_1,227,41.31815999999999,19.812881,5792.332407478986
1_1,228,41.318057,19.812251,5846.349022889482
1_1,229,41.317988,19.811811,5883.9785996780765
1_1,230,41.317840999999994,19.810893,5962.542357299259
1_1,231,41.31783199999999,19.810784,5971.720915636254
1_1,232,41.317838,19.81069,5979.617471489938
1_1,233,41.317868,19.810532,5993.256078762092
1_1,234,41.317945,19.810334,6011.966845857972
1_1,235,41.317961999999994,19.810302,6015.243665624911
1_1,236,41.31821299999999,19.809794,6066.201760334495
1_1,237,41.31868500000001,19.80884,6161.766648278624
1_1,238,41.318721,19.808773,6169.500948603789
1_1,239,41.31884300000001,19.808526,6194.218276748345
1_1,240,41.31885199999999,19.808508,6196.026218026561
1_1,241,41.318963999999994,19.808285,6218.458049639759
1_1,242,41.319056999999994,19.80812,6235.702559410311
1_1,243,41.31898499999999,19.808057000000005,6245.27933465819
1_1,244,41.318918999999994,19.808,6254.023636255862
1_1,245,41.31882899999999,19.807921,6266.006149309013
1_1,246,41.318729,19.807833,6279.330333011106
1_1,247,41.318704,19.807811,6282.66137992154
1_1,248,41.318736,19.807744,6289.300350199931
1_1,249,41.318704,19.807811,6295.939320478322
1_1,250,41.318574,19.807698,6313.268440988692
1_1,251,41.318508,19.807642,6321.967369171036
1_1,252,41.318343999999996,19.807497,6343.88512607484
1_1,253,41.318088999999986,19.807273,6377.844624387977
1_1,254,41.317786999999996,19.807009,6418.002560972489
1_1,255,41.31760799999999,19.806852,6441.828969342115
1_1,256,41.317528,19.806729,6455.545470813344
1_1,257,41.317489,19.806663,6462.564869695923
1_1,258,41.317451999999996,19.806578,6470.780762488793
1_1,259,41.317439,19.806536,6474.581217041674
1_1,260,41.317417000000006,19.806501,6478.395652984126
1_1,261,41.31738899999999,19.806476,6482.143192650468
1_1,262,41.31732299999999,19.80646,6489.59251071402
1_1,263,41.317246000000004,19.806517,6499.3830746095155
1_1,264,41.317238,19.806528,6500.662447729568
1_1,265,41.317229999999995,19.806551,6502.782734202768
1_1,266,41.317190000000004,19.806529,6507.590575754621
1_1,267,41.31711299999999,19.806473,6517.340624341378
1_1,268,41.31638599999999,19.805886,6611.84035438546
1_1,269,41.316354999999994,19.805861,6615.868525029404
1_1,270,41.316309,19.805824,6621.841606943876
1_1,271,41.315948,19.805507,6669.937355868421
1_1,272,41.315644999999996,19.80526,6709.436969840437
1_1,273,41.315597000000004,19.805214,6716.011915471419
1_1,274,41.315329,19.80503,6750.024728874015
1_1,275,41.31504599999999,19.804822,6785.9477424596525
1_1,276,41.314989,19.804781,6793.1566504768525
1_1,277,41.314932,19.804728,6800.8855458928565
1_1,278,41.314739,19.804553,6827.265071872554
1_1,279,41.314541999999996,19.804367,6854.113689161483
1_1,280,41.314466,19.804302,6864.154122726381
1_1,281,41.31434,19.804195,6880.76557810022
1_1,282,41.31432199999999,19.80418,6883.148104016579
1_1,283,41.31367600000001,19.803653,6967.360626925729
1_1,284,41.31365,19.803611,6971.909796027502
1_1,285,41.31361999999999,19.803555,6977.66052281777
1_1,286,41.313605,19.803502,6982.399541544771
1_1,287,41.31356999999999,19.803444,6988.61847100627
1_1,288,41.313562,19.803407,6991.840660729801
1_1,289,41.313559999999995,19.803359,6996.060608933416
1_1,290,41.313570999999996,19.803251,7005.183628849395
1_1,291,41.313677999999996,19.802279,7087.414716444415
1_1,292,41.313727,19.801904,7119.319406508238
1_1,293,41.31374399999999,19.801808,7127.57442659689
1_1,294,41.313763,19.801699,7136.97640732292
1_1,295,41.313798999999996,19.801518,7152.646586138878
1_1,296,41.313810999999994,19.801452,7158.329940896758
1_1,297,41.31383500000001,19.801345,7167.675061815818
1_1,298,41.313857999999996,19.801245,7176.427076053338
1_1,299,41.31390199999999,19.801047,7193.706940320983
1_1,300,41.31391399999999,19.800979,7199.553176586154
1_1,301,41.31391699999999,19.800918,7204.670437806388
1_1,302,41.313928999999995,19.800855,7210.109965777188
1_1,303,41.313962,19.800709,7222.869249049998
1_1,304,41.31402500000001,19.800564,7236.878643018289
1_1,305,41.31411399999999,19.800378,7255.320720724176
1_1,306,41.314312,19.800068,7289.408254430519
1_1,307,41.314479,19.799861,7314.786750616575
1_1,308,41.31463300000001,19.799706,7336.377109506944
1_1,309,41.31469800000001,19.799668,7344.263970324428
1_1,310,41.31476800000001,19.799611000000002,7353.383844554724
1_1,311,41.31479599999999,19.799603,7356.5639787869495
1_1,312,41.314871000000004,19.799552,7367.04027440707
1_1,313,41.31492699999998,19.799466,7376.552690529698
1_1,314,41.31494,19.799432,7379.743917855226
1_1,315,41.314949,19.799397,7382.8394984563465
1_1,316,41.314957000000014,19.799322,7389.1802942647555
1_1,317,41.314955,19.799284,7392.369027862487
1_1,318,41.31495,19.799247,7395.515668096729
1_1,319,41.314913999999995,19.799145,7404.943377607377
1_1,320,41.31485199999999,19.799068,7414.3738644263185
1_1,321,41.314826,19.79905,7418.084958368072
1_1,322,41.31479999999999,19.799037,7424.25206995856
1_1,323,41.31477199999999,19.799028,7427.450879556619
1_1,324,41.31474399999999,19.799024,7430.577682761824
1_1,325,41.314716000000004,19.799025000000004,7433.687632322537
1_1,326,41.314711,19.798906,7443.664655258082
1_1,327,41.314764,19.798632,7467.344194470892
1_1,328,41.314806,19.798388,7488.9649559003965
1_1,329,41.314832999999986,19.798279,7499.041899098586
1_1,330,41.31489499999999,19.798103,7515.3038029568515
1_1,331,41.31497000000001,19.797909,7533.55411469907
1_1,332,41.315038,19.797784,7546.457343700999
1_1,333,41.315081,19.797728,7553.148293887045
1_1,334,41.31513499999999,19.797688,7560.015528309081
1_1,335,41.31533099999999,19.797591,7583.344891770842
1_1,336,41.31544900000001,19.797532,7597.516596095751
2_0,1,41.282947,19.858439,0
2_0,2,41.282946,19.858437,0.20095652498902422
2_0,3,41.28252200000001,19.857961,61.911933404112
2_0,4,41.28226699999999,19.857673,99.12054860986342
2_0,5,41.28201700000001,19.857391,135.5656752533021
2_0,6,41.281943999999996,19.857308,146.2433494277553
2_0,7,41.281619,19.856919,195.01827327651472
2_0,8,41.28157199999999,19.85684,203.44486419837258
2_0,9,41.28148899999999,19.856593,226.09136199524232
2_0,10,41.28146399999999,19.856464,237.24625018039953
2_0,11,41.28145399999999,19.856304,250.69251992948028
2_0,12,41.281476,19.856118,266.49702811538964
2_0,13,41.281532999999996,19.855909000000004,285.1101356704635
2_0,14,41.28158199999999,19.855799,295.8092832755666
2_0,15,41.281704,19.855626,315.64385909937107
2_0,16,41.28178099999999,19.855556,326.01004565216044
2_0,17,41.282154000000006,19.855265,374.2164807597288
2_0,18,41.282332999999994,19.855176,395.44223968243386
2_0,19,41.28238699999999,19.855197,401.69036951566636
2_0,20,41.28244099999999,19.855181,407.84210823317653
2_0,21,41.28248299999999,19.855133,413.9988754825667
2_0,22,41.282501999999994,19.855071,419.6035811521421
2_0,23,41.282499,19.855004,425.22476828116413
2_0,24,41.282539,19.854849,438.9448173764971
2_0,25,41.282942,19.854106,515.7305662548284
2_0,26,41.283063,19.853947,534.886651244918
2_0,27,41.283136,19.853934,543.064461815979
2_0,28,41.28322299999999,19.853884,553.5924780602663
2_0,29,41.28329799999999,19.853805,564.2280196084973
2_0,30,41.28336,19.853682,576.6175650916946
2_0,31,41.283366,19.853664,578.2656920798344
2_0,32,41.283511,19.853514,598.7006119511965
2_0,33,41.28393499999999,19.853293,649.3140179927657
2_0,34,41.28454650040388,19.853014002662583,721.1182971852243
2_0,35,41.285158,19.852735,792.9254152888533
2_0,36,41.28566899999999,19.852508000000004,852.7642524033695
2_0,37,41.28610199999999,19.852235,905.9987448959907
2_0,38,41.286728999999994,19.851955,979.4570852425431
2_0,39,41.287405,19.851638,1059.2240153244845
2_0,40,41.28814899999999,19.851257,1147.882819885644
2_0,41,41.288776999999996,19.850854,1225.424473852278
2_0,42,41.28953899999999,19.850353,1319.8596700572039
2_0,43,41.289958,19.850034,1373.5063115589792
2_0,44,41.29042850071437,19.849644502822564,1435.1455635446616
2_0,45,41.290899,19.849255,1496.731189994773
2_0,46,41.29151033672082,19.848650344683413,1581.4211057452817
2_0,47,41.29212167005423,19.848045678016888,1666.1024060996133
2_0,48,41.292733,19.847441,1750.8161229926186
2_0,49,41.293481346578346,19.846684210128892,1855.3127347663985
2_0,50,41.29422968785921,19.84592740287394,1959.8093465409268
2_0,51,41.294978023842184,19.84517057823436,2064.342342155709
2_0,52,41.295726354526906,19.84441373620937,2168.8476107894007
2_0,53,41.296474679912976,19.84365687679818,2273.362091950417
2_0,54,41.297222999999995,19.8429,2377.858518550565
2_0,55,41.29784999999998,19.842244,2466.5409119812703
2_0,56,41.29828100099529,19.8417790030729,2528.2324778316906
2_0,57,41.29871200000001,19.841314,2589.971854222065
2_0,58,41.29919000097256,19.840856503360346,2655.4244907451357
2_0,59,41.29966799999999,19.840399000000005,2720.8992990909815
2_0,60,41.30025200000001,19.839825,2801.6204436901257
2_0,61,41.300832001322476,19.83929250474977,2879.9917285952392
2_0,62,41.301412,19.83876,2958.3312830851546
2_0,63,41.301916,19.838345,3024.1999140043654
2_0,64,41.302482999999995,19.837842,3099.940847893064
2_0,65,41.302685,19.837614,3129.392638499936
2_0,66,41.302865,19.837373,3157.8592762951916
2_0,67,41.30314299999999,19.83687,3210.074003220565
2_0,68,41.303289,19.836505,3244.730960080961
2_0,69,41.303369999999994,19.836239,3268.7499808675916
2_0,70,41.303563502264545,19.835522002074974,3332.5089118474925
2_0,71,41.303757,19.834805,3396.288662393413
2_0,72,41.303810999999996,19.834569,3416.937130427286
2_0,73,41.303872,19.834088,3457.7873859243127
2_0,74,41.30387999999999,19.833537,3503.944202279149
2_0,75,41.30386,19.833248,3528.242097447822
2_0,76,41.303807000000006,19.832863,3561.0563281624013
2_0,77,41.30369699999999,19.832401,3601.6268575921335
2_0,78,41.30342250384615,19.831454495952958,3686.7074604905592
2_0,79,41.303148,19.830508,3771.6376123191267
2_0,80,41.303057,19.830001,3815.436315595452
2_0,81,41.30302799999999,19.8297,3840.8424108508066
2_0,82,41.303025,19.829118,3890.7281854301673
2_0,83,41.303084999999996,19.828604,3935.095307525424
2_0,84,41.30319399999999,19.828115,3977.788014447668
2_0,85,41.303356,19.827652,4020.7942867523197
2_0,86,41.303751,19.826687,4112.7497551299975
2_0,87,41.30398300000001,19.826052,4172.03634424685
2_0,88,41.304247000000004,19.82523,4247.028971006318
2_0,89,41.304494999999996,19.824344,4326.253586188494
2_0,90,41.304595000000006,19.824188,4343.428017720957
2_0,91,41.304711999999995,19.823809,4377.715166466395
2_0,92,41.30474900000001,19.823736,4385.079267385186
2_0,93,41.304942999999994,19.823516,4413.611756496843
2_0,94,41.305013999999986,19.823398,4426.250676791542
2_0,95,41.30527499999999,19.822955,4473.3181820472155
2_0,96,41.305248999999996,19.822786,4487.766709622867
2_0,97,41.30522299999999,19.822555,4507.320831255287
2_0,98,41.30521399999999,19.822338,4525.5160485248425
2_0,99,41.3052,19.821973,4556.161422542705
2_0,100,41.30512499999999,19.821951,4564.689846648461
2_0,101,41.304852,19.821873,4595.696169879628
2_0,102,41.304675,19.821814000000003,4615.9719773140605
2_0,103,41.304656,19.82172,4624.119776729838
2_0,104,41.30463400000001,19.821687,4627.807575445792
2_0,105,41.304582,19.821664,4633.893728810245
2_0,106,41.304658,19.821465,4652.569616904805
2_0,107,41.30482799999999,19.82113,4686.427651762279
2_0,108,41.304938,19.820859,4712.194818758651
2_0,109,41.304975999999996,19.820653,4730.1969494430905
2_0,110,41.30499799999999,19.820319,4758.266816638913
2_0,111,41.305012,19.819924,4791.402541521136
2_0,112,41.30497199999999,19.818861,4880.519592417364
2_0,113,41.30500700000001,19.818155,4939.850104977595
2_0,114,41.304994,19.818017,4951.493652008593
2_0,115,41.30490100000001,19.817658,4983.596980506526
2_0,116,41.305168,19.816521,5083.350507265483
2_0,117,41.30531,19.8158,5145.762797103548
2_0,118,41.305343,19.815638,5159.962223858292
2_0,119,41.305364999999995,19.815523,5169.89530755868
2_0,120,41.30538000000001,19.815465,5175.028860881726
2_0,121,41.305523,19.815212,5201.500510894308
2_0,122,41.305809,19.814838,5246.137067295531
2_0,123,41.30613000000001,19.81457,5288.251961294521
2_0,124,41.30628899999999,19.814423,5309.77200049359
2_0,125,41.30644399999999,19.814256,5331.9667397030435
2_0,126,41.306549000000004,19.814111,5348.797600977024
2_0,127,41.306737999999996,19.813841,5379.640997061778
2_0,128,41.306837,19.813673,5397.491671781808
2_0,129,41.306943,19.813446,5420.241967075363
2_0,130,41.307009,19.813309,5433.852690507677
2_0,131,41.307137999999995,19.813044,5460.260119694458
2_0,132,41.307153,19.813012,5463.414630567232
2_0,133,41.307234,19.812848,5479.827899706714
2_0,134,41.307486,19.812442,5524.085083346541
2_0,135,41.307635000000005,19.812258,5546.689877180874
2_0,136,41.307694999999995,19.812187,5555.617968756227
2_0,137,41.307888999999996,19.811941,5585.578856110366
2_0,138,41.308063999999995,19.811715,5613.152636719803
2_0,139,41.30820000000001,19.811538,5634.308918941377
2_0,140,41.308316,19.811445,5649.358743215353
2_0,141,41.308519,19.811325,5674.123553831631
2_0,142,41.30886299999999,19.811173,5714.381585648284
2_0,143,41.308962,19.811109,5726.609781245237
2_0,144,41.308983000000005,19.811092000000002,5729.355742791647
2_0,145,41.309158,19.810955,5751.920128185679
2_0,146,41.30934499999999,19.810755,5778.592633801103
2_0,147,41.30943899999999,19.810822,5790.441126432114
2_0,148,41.30948600000001,19.810938,5801.465577631166
2_0,149,41.309479,19.810951,5802.802922310564
2_0,150,41.309455,19.811023,5809.393292795679
2_0,151,41.30945400000001,19.811128,5818.184295724452
2_0,152,41.309489000000006,19.811222,5826.960897600899
2_0,153,41.309552000000004,19.811285000000005,5835.8644158259585
2_0,154,41.30960999999999,19.811303,5842.478058808091
2_0,155,41.30966999999999,19.811293,5849.192195910361
2_0,156,41.309751,19.811219,5860.112769404767
2_0,157,41.309878000000005,19.811247,5874.406962382115
2_0,158,41.30999,19.811325,5888.4524205048965
2_0,159,41.310446000000006,19.811872,5956.726241106971
2_0,160,41.310961,19.812572,6038.643397005906
2_0,161,41.31151500228994,19.813306993776088,6125.656283743536
2_0,162,41.312068999999994,19.814042,6212.678518594914
2_0,163,41.31223700000001,19.814248,6238.272549734667
2_0,164,41.312319,19.814356,6252.44543912767
2_0,165,41.31254800000001,19.814678,6289.500421069855
2_0,166,41.312585,19.814752,6296.933552360104
2_0,167,41.312592,19.814766,6298.339820102913
2_0,168,41.31267499999999,19.814948,6316.476934383359
2_0,169,41.31287799999999,19.815415,6361.6089229619365
2_0,170,41.31297,19.815524,6375.305606745034
2_0,171,41.313084,19.815593,6389.590878223858
2_0,172,41.313365,19.815675,6421.557664537761
2_0,173,41.313546,19.815755,6442.740400327059
2_0,174,41.313587,19.815774,6447.562452292861
2_0,175,41.31371199999999,19.816014,6471.980822629928
2_0,176,41.313736,19.81612,6481.245722796908
2_0,177,41.31376499999999,19.816160000000004,6485.891105008031
2_0,178,41.313843,19.816196,6495.060727348026
2_0,179,41.31392199999999,19.816164,6504.27797715236
2_0,180,41.31397099999999,19.816076,6513.435756083479
2_0,181,41.31396999999999,19.815956,6523.481725223006
2_0,182,41.313962999999994,19.815941,6524.958461593171
2_0,183,41.31402299999999,19.815795,6538.877954172587
2_0,184,41.314597,19.815609,6604.580096713788
2_0,185,41.31461899999999,19.815602,6607.092037297914
2_0,186,41.314967,19.815506,6646.612294125786
2_0,187,41.315352000000004,19.815399,6690.490198109408
2_0,188,41.315407,19.815384,6696.724550956543
2_0,189,41.315465,19.815368,6703.302041551701
2_0,190,41.315915,19.815243,6754.3613191812165
2_0,191,41.31605299999999,19.815206,6770.0251850304985
2_0,192,41.31614,19.815182,6779.941966638062
2_0,193,41.316291,19.81514,6797.0720185770915
2_0,194,41.316967999999996,19.814953,6873.880276793873
2_0,195,41.317461,19.814817,6929.9705155655665
2_0,196,41.317522999999994,19.8148,6936.999862115954
2_0,197,41.317794,19.814726,6967.839906480496
2_0,198,41.318004,19.814668,6991.656110483952
2_0,199,41.318372999999994,19.814566,7033.543033448416
2_0,200,41.3184,19.814643000000004,7040.6514145421725
2_0,201,41.318449,19.814697,7047.724572756585
2_0,202,41.318510999999994,19.814719,7054.850438348246
2_0,203,41.31857399999999,19.814706,7061.9294076739
2_0,204,41.318616999999996,19.814756,7068.278420153274
2_0,205,41.31866600000001,19.814851,7078.279172726216
2_0,206,41.318729000000005,19.815046,7096.0373418015315
2_0,207,41.31877699999999,19.815346,7121.715682182585
2_0,208,41.31884099999999,19.815751,7156.353672201784
2_0,209,41.318967,19.816542,7224.026117821209
2_0,210,41.319018,19.816881,7252.961529716427
2_0,211,41.31904999999999,19.817098,7271.516703781214
2_0,212,41.319112,19.817507,7306.437158097428
2_0,213,41.319151,19.817768,7328.894500918355
2_0,214,41.31915699999999,19.817813,7332.7196650777105
2_0,215,41.31922500000001,19.818262,7371.053864342212
2_0,216,41.319282,19.818647,7404.068083743907
2_0,217,41.319393,19.819485,7475.287558182284
2_0,218,41.319437999999984,19.819816,7503.556716582919
2_0,219,41.319562999999995,19.820763,7584.051147979406
2_0,220,41.31918199999999,19.820869,7627.296664037608
2_0,221,41.318937,19.820935,7655.0540826521865
2_0,222,41.318375,19.821086,7718.7242805885
2_0,223,41.3182,19.821115,7738.3682350002555
2_0,224,41.318152999999995,19.821028,7747.327293995293
2_0,225,41.318037999999994,19.820938,7762.152419842901
2_0,226,41.317970999999986,19.820926,7769.65886937323
2_0,227,41.317848,19.820952,7783.48775869131
2_0,228,41.317728,19.821003,7797.479255583444
2_0,229,41.317634,19.82113,7812.3768174023835
2_0,230,41.31759999999999,19.821303,7827.352847324245
2_0,231,41.31761000000001,19.821392,7834.8850119691
2_0,232,41.31767,19.821534,7848.510848540523
2_0,233,41.317773999999986,19.821623,7862.26885928092
2_0,234,41.31783399999999,19.82164,7869.080883218498
2_0,235,41.31797099999999,19.821619,7884.393079873049
2_0,236,41.318073000000005,19.82158,7896.179160724781
2_0,237,41.318131,19.821533000000002,7903.725498343703
2_0,238,41.31820999999999,19.821389,7918.632734197896
2_0,239,41.318226,19.821292,7926.944259139984
2_0,240,41.318390999999984,19.821217,7946.310118790173
2_0,241,41.31866899999999,19.82113,7978.0600197964695
2_0,242,41.319579999999995,19.820878,8081.406451148467
2_0,243,41.320463999999994,19.82064,8181.599376257344
2_0,244,41.32061199999999,19.820594,8198.47673574649
2_0,245,41.32072000000001,19.820566,8210.694757979521
2_0,246,41.321191,19.820436,8264.193679063412
2_0,247,41.322018,19.820207,8357.994627079082
2_0,248,41.322801999999996,19.819989,8446.9374304482
2_0,249,41.32282699999999,19.819983,8449.758221421385
2_0,250,41.32358,19.819773,8535.22883918922
2_0,251,41.323691999999994,19.819741,8547.94932839804
2_0,252,41.323933999999994,19.819673,8575.417611477991
2_0,253,41.324013999999984,19.81965,8584.506153978691
2_0,254,41.324104,19.819625,8594.715502519182
2_0,255,41.32445500000001,19.819527,8634.592260295947
2_0,256,41.325027999999996,19.819367,8699.613477192359
2_0,257,41.325602999999994,19.819206,8764.87012650522
2_0,258,41.32594299999999,19.819105000000004,8804.112220055591
2_0,259,41.32666100000001,19.818911000000003,8885.491255824923
2_0,260,41.326758000000005,19.818925,8896.348536726855
2_0,261,41.326915,19.81911,8919.669560045937
2_0,262,41.327113000000004,19.819280000000003,8945.85589890095
2_0,263,41.327158000000004,19.819404,8957.37406656324
2_0,264,41.327264,19.820624,9060.197181493688
2_0,265,41.327375,19.821888,9167.051883791475
2_0,266,41.327427,19.822489,9217.721333944599
2_0,267,41.32749999999999,19.822749,9242.94886687589
2_0,268,41.32756799999999,19.822622,9255.98651492056
2_0,269,41.32763599999999,19.822526,9267.011801801287
2_0,270,41.327685,19.822463,9274.857896737725
2_0,271,41.32783100000001,19.822331,9294.474737910456
2_0,272,41.32826099999999,19.822075,9346.941508493437
2_0,273,41.32860299999999,19.821889,9388.007145877085
2_0,274,41.32941099999999,19.821428,9485.676440767196
2_0,275,41.329454,19.821403,9490.889036559467
2_0,276,41.329989999999995,19.821092,9555.848582826668
2_0,277,41.330465000000004,19.82082,9613.291787998965
2_0,278,41.330617,19.820675,9634.07816762015
2_0,279,41.330809,19.820666000000003,9655.505451785179
2_0,280,41.330849,19.820646,9660.251561136081
2_0,281,41.331149,19.820471,9696.637939834767
2_0,282,41.332085,19.819926,9810.130331902983
2_0,283,41.332339999999995,19.819777,9841.081988886735
2_0,284,41.33243300000001,19.819723,9852.353326870176
2_0,285,41.332604,19.819623,9873.101922679669
2_0,286,41.33315650051132,19.819301502761277,9940.093139759434
2_0,287,41.333709,19.81898,10007.080915254879
2_0,288,41.33394100000001,19.818845,10035.215154939824
2_0,289,41.334353,19.818607000000004,10085.145645458784
2_0,290,41.335222,19.818103,10190.531298262043
2_0,291,41.335316999999996,19.818049,10202.006340545273
2_0,292,41.335788,19.817777,10259.040933835902
2_0,293,41.336036,19.81761,10289.919646375007
2_0,294,41.33610500000001,19.817518,10301.863861488759
2_0,295,41.336158999999995,19.817384,10314.57959373196
2_0,296,41.336074,19.816874,10358.293582987488
2_0,297,41.33598800000001,19.816358,10402.66919439844
2_0,298,41.335964999999995,19.816214,10414.987176450806
2_0,299,41.335885999999995,19.816232,10423.886896748416
2_0,300,41.335644,19.816302,10451.387141107034
2_0,301,41.335597,19.816316,10456.735419110079
2_0,302,41.33525636845048,19.816411896272587,10495.474938014211
2_1,1,41.33525636845048,19.816411896272587,0
2_1,2,41.335255999999994,19.816412,0.041903316287604984
2_1,3,41.33453,19.816617,82.4611167959037
2_1,4,41.333912500178705,19.816786501666606,152.57195203894685
2_1,5,41.33329499999999,19.816956,222.5865649313791
2_1,6,41.333133999999994,19.816981,240.58430274800122
2_1,7,41.33216300044304,19.81724800412754,350.6969125228719
2_1,8,41.331191999999994,19.817515,460.7985243695384
2_1,9,41.330302,19.81776,561.7970690735926
2_1,10,41.330173,19.81692,633.5431471721283
2_1,11,41.330132,19.816764,647.3697371568031
2_1,12,41.33006300000001,19.816622,661.6257807932504
2_1,13,41.330026,19.81657,667.6103885037165
2_1,14,41.329953999999994,19.816466,679.4282824563113
2_1,15,41.3298,19.816329,700.0151784708165
2_1,16,41.329330000000006,19.816102,755.5608392690244
2_1,17,41.32909699999999,19.816009,782.5761662357535
2_1,18,41.32899,19.815995,795.3445364781383
2_1,19,41.32866200000001,19.816074,832.3920180267882
2_1,20,41.32819299999999,19.816188,885.3572978137381
2_1,21,41.328084999999994,19.816216,897.575294580251
2_1,22,41.32781,19.816284,928.6349131536339
2_1,23,41.327641,19.816331,947.8067337742162
2_1,24,41.327564,19.816351,956.5183096367624
2_1,25,41.32730299999999,19.816419,986.1141576232525
2_1,26,41.326768,19.816571000000003,1046.8622527953996
2_1,27,41.326663,19.8166,1058.7703006679337
2_1,28,41.32606800000001,19.81677,1126.3484717172464
2_1,29,41.325598,19.816902,1179.717880460044
2_1,30,41.324916,19.817095,1257.2412498292147
2_1,31,41.323874,19.817389,1375.5397049094242
2_1,32,41.323667,19.817447,1399.0298334050588
2_1,33,41.323601999999994,19.817464,1406.4659778253363
2_1,34,41.323311,19.81754,1439.39569483975
2_1,35,41.323229999999995,19.817561,1448.6147006030876
2_1,36,41.32340000000001,19.818634,1540.3861568092252
2_1,37,41.323562,19.819657,1627.882240092306
2_1,38,41.32304700000001,19.819799000000003,1686.3548537020608
2_1,39,41.322895,19.819841,1703.5935147583452
2_1,40,41.32202399999999,19.820081,1802.3679053953128
2_1,41,41.321173,19.820322,1898.9835495422099
2_1,42,41.32111302683537,19.82034041101387,1905.8183069918116
2_1,43,41.3204461615693,19.8205216661883,1981.4575975679404
2_1,44,41.31977929589269,19.820702917514062,2057.0929879549703
2_1,45,41.31956300802613,19.820762531146354,2081.620154394195
2_1,46,41.319404553849004,19.81961007434903,2179.679462162302
2_1,47,41.319282,19.818647,2261.4339811503046
2_1,48,41.319206,19.818139,2304.9158316979037
2_1,49,41.31915699999999,19.817813,2332.740580570629
2_1,50,41.319151,19.817768,2336.565744729983
2_1,51,41.319112,19.817507,2359.02308755091
2_1,52,41.31904999999999,19.817098,2393.943541867124
2_1,53,41.319018,19.816881,2412.498715931911
2_1,54,41.318967,19.816542,2441.43412782713
2_1,55,41.31884800241399,19.81579399858451,2505.4243996183995
2_1,56,41.318729000000005,19.815046,2569.4201813850173
2_1,57,41.31871984206776,19.814789386112768,2590.9241588891996
2_1,58,41.31868304872695,19.81462295836741,2605.6869524795807
2_1,59,41.31865755303005,19.814436546005467,2621.5453511410888
2_1,60,41.31860645634989,19.814356844894558,2630.3028121429243
2_1,61,41.318525115572875,19.814319135952278,2639.869713319509
2_1,62,41.31843208641152,19.814360005369757,2650.750444755229
2_1,63,41.31838129271304,19.814447581095045,2659.999352338442
2_1,64,41.31837002864314,19.814512211405127,2665.5519536505835
2_1,65,41.318372999999994,19.814566,2670.0664356142265
2_1,66,41.317794,19.814726,2735.7561520414806
2_1,67,41.317657000000004,19.814763,2751.462151512012
2_1,68,41.317522999999994,19.8148,2766.6625798948053
2_1,69,41.316967999999996,19.814953,2829.7619323510326
2_1,70,41.316291,19.81514,2906.5701905678134
2_1,71,41.31614,19.815182,2923.700242506843
2_1,72,41.31605299999999,19.815206,2933.6170241144077
2_1,73,41.315915,19.815243,2949.2808899636893
2_1,74,41.315465,19.815368,3000.3401675932046
2_1,75,41.315407,19.815384,3006.917658188364
2_1,76,41.315352000000004,19.815399,3013.152011035498
2_1,77,41.314967,19.815506,3057.0299150191204
2_1,78,41.31461899999999,19.815602,3096.5501718469927
2_1,79,41.314597,19.815609,3099.0621124311183
2_1,80,41.31402299999999,19.815795,3164.7642549723196
2_1,81,41.313869,19.815845,3182.391586815079
2_1,82,41.313823000000006,19.815844,3187.499606000051
2_1,83,41.313587,19.815774,3214.349675350262
2_1,84,41.313546,19.815755,3219.1717273160634
2_1,85,41.313365,19.815675,3240.354463105362
2_1,86,41.313084,19.815593,3272.3212494192653
2_1,87,41.31297,19.815524,3286.606520898089
2_1,88,41.31287799999999,19.815415,3300.3032046811873
2_1,89,41.31267499999999,19.814948,3345.435193259765
2_1,90,41.312585,19.814752,3364.9536235395276
2_1,91,41.31254800000001,19.814678,3372.3867548297767
2_1,92,41.312319,19.814356,3409.441736771962
2_1,93,41.31223700000001,19.814248,3423.614626164966
2_1,94,41.312197999999995,19.814058,3440.3917493076256
2_1,95,41.31223700000001,19.814248,3457.1688724502847
2_1,96,41.312068999999994,19.814042,3482.7629035900377
2_1,97,41.31151500228994,19.813306993776088,3569.785138441415
2_1,98,41.310961,19.812572,3656.7980251790436
2_1,99,41.310446000000006,19.811872,3738.715181077979
2_1,100,41.30999,19.811325,3806.9890016800546
2_1,101,41.309878000000005,19.811247,3821.0344598028355
2_1,102,41.309779000000006,19.811153,3834.5528992146374
2_1,103,41.30978799999999,19.811104,3838.7749736454452
2_1,104,41.309785000000005,19.811028,3845.1461583967944
2_1,105,41.309763,19.810958,3851.4950248828372
2_1,106,41.309725,19.810902,3857.80212301072
2_1,107,41.309675000000006,19.810865,3864.159265266759
2_1,108,41.30961500000001,19.810853,3870.896328433875
2_1,109,41.309547,19.810799,3879.6962708034175
2_1,110,41.309509,19.810736,3886.6349921348615
2_1,111,41.309403,19.810669,3899.6723455967667
2_1,112,41.309386,19.810695,3902.553392062861
2_1,113,41.30934499999999,19.810755,3909.3322804946033
2_1,114,41.309158,19.810955,3936.004786110029
2_1,115,41.30906199999999,19.811031,3948.418148637246
2_1,116,41.308962,19.811109,3961.31111805127
2_1,117,41.30886299999999,19.811173,3973.5393136482226
2_1,118,41.308519,19.811325,4013.797345464876
2_1,119,41.308316,19.811445,4038.5621560811546
2_1,120,41.30820000000001,19.811538,4053.611980355132
2_1,121,41.308063999999995,19.811715,4074.768262576706
2_1,122,41.307888999999996,19.811941,4102.342043186142
2_1,123,41.307694999999995,19.812187,4132.3029305402815
2_1,124,41.307635000000005,19.812258,4141.231022115635
2_1,125,41.307486,19.812442,4163.835815949968
2_1,126,41.307234,19.812848,4208.092999589795
2_1,127,41.307153,19.813012,4224.506268729277
2_1,128,41.307137999999995,19.813044,4227.660779602051
2_1,129,41.306943,19.813446,4267.678831504949
2_1,130,41.306837,19.813673,4290.4291267985045
2_1,131,41.306737999999996,19.813841,4308.279801518534
2_1,132,41.306549000000004,19.814111,4339.123197603289
2_1,133,41.30644399999999,19.814256,4355.954058877269
2_1,134,41.30628899999999,19.814423,4378.148798086722
2_1,135,41.30613000000001,19.81457,4399.668837285792
2_1,136,41.305809,19.814838,4441.783731284781
2_1,137,41.30576800000001,19.814892,4455.488245034989
2_1,138,41.305523,19.815212,4495.007249028491
2_1,139,41.30538000000001,19.815465,4521.4788990410725
2_1,140,41.305507999999996,19.81562,4540.723981423616
2_1,141,41.30570399999999,19.815936,4575.0422135030785
2_1,142,41.30573300000001,19.815994,4580.8686012463495
2_1,143,41.305752999999996,19.816109,4590.749366899811
2_1,144,41.305733,19.816327,4609.135312218565
2_1,145,41.30552500000001,19.816816,4656.174224228524
2_1,146,41.305479,19.816960000000005,4669.2674109372465
2_1,147,41.30547,19.817111,4681.94888605252
2_1,148,41.305444,19.817174,4688.556550810977
2_1,149,41.305353999999994,19.81742,4711.448330153239
2_1,150,41.305263000000004,19.817745,4741.095185178114
2_1,151,41.305220999999996,19.817921,4757.203621162694
2_1,152,41.30516399999999,19.81829,4788.738779026693
2_1,153,41.305132,19.818768,4829.054980792131
2_1,154,41.30514399999999,19.819547,4894.300811489761
2_1,155,41.30513599999998,19.819989,4931.3168286877835
2_1,156,41.305091000000004,19.820769,4996.8305695543895
2_1,157,41.30498500000001,19.821628,5069.71400350577
2_1,158,41.30487800000001,19.822235,5121.931525014143
2_1,159,41.30462400527124,19.823330004139947,5217.873596454975
2_1,160,41.30437,19.824425,5313.791336067746
2_1,161,41.304159999999996,19.825165,5380.108399035624
2_1,162,41.303904,19.825959,5452.602883944799
2_1,163,41.303659999999994,19.826628,5514.836748831859
2_1,164,41.303399501864234,19.827276002548995,5576.592241434139
2_1,165,41.303139,19.827924,5638.2018645992775
2_1,166,41.303033,19.828332,5675.388451792156
2_1,167,41.30294399999998,19.82888,5723.083579958372
2_1,168,41.30292299999999,19.829161,5746.72561334014
2_1,169,41.30292499999999,19.829572,5782.756609137358
2_1,170,41.302955999999995,19.829998,5818.589220846329
2_1,171,41.30299800000001,19.830277,5842.7090635520535
2_1,172,41.30310499999999,19.830726,5882.134107434954
2_1,173,41.303384504140865,19.83170799572264,5970.026173980266
2_1,174,41.30366399999998,19.83269,6057.92495020392
2_1,175,41.303748000000006,19.833146,6097.255574775609
2_1,176,41.303783,19.833615,6136.713977397196
2_1,177,41.303770000000014,19.834086,6176.211438784459
2_1,178,41.303715000000004,19.83451,6212.298965347089
2_1,179,41.303665999999986,19.834753,6233.358771235568
2_1,180,41.3034770022232,19.835463502007524,6296.458738700367
2_1,181,41.303288,19.836174,6359.537906371306
2_1,182,41.303205000000005,19.836439,6383.5626304307725
2_1,183,41.303058,19.836815,6419.085246198217
2_1,184,41.302845000000005,19.837212,6459.878591774204
2_1,185,41.302575999999995,19.837577,6502.670608983111
2_1,186,41.30239899999999,19.837767,6527.954231513178
2_1,187,41.30215299999999,19.837984,6560.794208635193
2_1,188,41.301394001911774,19.83862150745388,6660.552572759971
2_1,189,41.30063499999999,19.839259,6760.312344274844
2_1,190,41.300135999999995,19.83971,6827.415039584957
2_1,191,41.29928716347302,19.840572067387303,6946.12559012324
2_1,192,41.298438320073124,19.841434112310253,7064.899250962295
2_1,193,41.29758946980088,19.842296134770002,7183.790310378477
2_1,194,41.29674061265689,19.843158134767705,7302.507370689644
2_1,195,41.29589174864169,19.844020112304506,7421.224875755673
2_1,196,41.295042877755854,19.84488206738155,7539.950343996949
2_1,197,41.29419399999999,19.845744,7658.664331416724
2_1,198,41.293491,19.84646,7757.148030028052
2_1,199,41.29265899999999,19.84728,7872.248401368142
2_1,200,41.29204167006771,19.84788567814889,7957.515993683111
2_1,201,41.29142433673429,19.84849134481541,8042.8233386141665
2_1,202,41.290806999999994,19.849097,8128.097905744066
2_1,203,41.29012199999999,19.849699,8219.373050716393
2_1,204,41.289561,19.850132,8291.446552040066
2_1,205,41.28898400070266,19.850513003401133,8363.016230107503
2_1,206,41.288407,19.850894,8434.58831208558
2_1,207,41.28809499999999,19.851088,8472.84947040275
2_1,208,41.28741699999999,19.851421,8553.129963835992
2_1,209,41.286683999999994,19.851777,8639.802830659897
2_1,210,41.286043,19.852048,8714.667771180666
2_1,211,41.28526399999999,19.852263,8803.04440655384
2_1,212,41.284861,19.852421,8849.900897037753
2_1,213,41.284147500590635,19.852760003770673,8934.26512175293
2_1,214,41.283434,19.853099,9018.458539618803
2_1,215,41.28332000000001,19.853106,9031.129252487752
2_1,216,41.28323000000001,19.853076,9041.43276314797
2_1,217,41.28308700000001,19.853007,9058.328659880986
2_1,218,41.283011,19.853005,9066.768417439722
2_1,219,41.28293599999999,19.853024,9075.246161843774
2_1,220,41.28282899999999,19.853099,9089.284370948248
2_1,221,41.282742000000006,19.85322,9103.28430793875
2_1,222,41.282700999999996,19.853335,9113.937208357725
2_1,223,41.282698,19.853357,9115.809587764421
2_1,224,41.282684999999994,19.853459,9127.190412562633
2_1,225,41.28269399999999,19.853586,9137.873583804725
2_1,226,41.28272799999999,19.853704,9148.452594636121
2_1,227,41.28276799999999,19.853776,9155.941573761902
2_1,228,41.282817,19.853845,9163.878310540576
2_1,229,41.282838000000005,19.85387,9167.012014314401
2_1,230,41.28284300000001,19.854066,9183.436492655566
2_1,231,41.282822,19.854157,9191.84498748332
2_1,232,41.282695,19.85439,9215.920197215106
2_1,233,41.282475000000005,19.854794,9257.651015274707
2_1,234,41.282378999999985,19.854896,9272.048417092776
2_1,235,41.282333,19.854916,9277.423345924883
2_1,236,41.28229699999999,19.854959,9282.803428259369
2_1,237,41.282277,19.85505,9290.741684867624
2_1,238,41.282288,19.855112,9296.075950763134
2_1,239,41.282332999999994,19.855176,9303.403486051518
2_1,240,41.28238699999999,19.855197,9309.651615884752
2_1,241,41.282517000000006,19.855399,9331.892093476732
2_1,242,41.28252899999999,19.855421,9334.165852375962
2_1,243,41.28263,19.855571,9352.559552222408
2_1,244,41.28268099999999,19.855638,9360.531343067169
2_1,245,41.282788000000004,19.855780000000003,9377.34105988199
2_1,246,41.28289000000001,19.855916,9393.402962303964
2_1,247,41.28299500000001,19.856055,9410.112545419777
2_1,248,41.28310100000001,19.856195,9426.725298724268
2_1,249,41.28326799999999,19.855951,9454.318412919734
2_1,250,41.28324799999999,19.855886,9460.197630202225
2_1,251,41.283154,19.855842,9471.265671808898
2_1,252,41.282996000000004,19.855774,9489.709290010798
2_1,253,41.28268099999999,19.855638,9526.596615710801
2_1,254,41.28263,19.855571,9534.568406555562
2_1,255,41.28252899999999,19.855421,9552.962106402008
2_1,256,41.282517000000006,19.855399,9555.235865301238
2_1,257,41.282483,19.855288,9565.269421076662
2_1,258,41.28248299999999,19.855133,9578.25081308191
2_1,259,41.282501999999994,19.855071,9583.855518751485
2_1,260,41.282499,19.855004,9589.476705880506
2_1,261,41.282456,19.854923,9597.772072529931
2_1,262,41.282378999999985,19.854896,9606.62098230873
2_1,263,41.282333,19.854916,9611.995911140837
2_1,264,41.28229699999999,19.854959,9617.375993475323
2_1,265,41.282277,19.85505,9625.314250083578
2_1,266,41.282154000000006,19.855265,9647.913621550999
2_1,267,41.28178099999999,19.855556,9696.120056658567
2_1,268,41.281704,19.855626,9706.486243211357
2_1,269,41.28158199999999,19.855799,9726.320819035162
2_1,270,41.281532999999996,19.855909000000004,9737.019966640264
2_1,271,41.281476,19.856118,9755.633074195339
2_1,272,41.28145399999999,19.856304,9771.437582381248
2_1,273,41.28146363571711,19.856470219426374,9785.399873055994
2_1,274,41.28132485474772,19.85645524936195,9801.089875955848
2_1,275,41.28095659833542,19.85631673159223,9843.590467973216
2_1,276,41.280858058713314,19.85630129574578,9854.607188452672
2_1,277,41.28063247533259,19.85633008647566,9880.444580907626
2_1,278,41.28056535604751,19.856312642962155,9888.038520747687
2_1,279,41.28044503831769,19.85626729922531,9901.926716540485
2_1,280,41.28037649452514,19.856115431226925,9916.749032900967
2_1,281,41.28035275898989,19.855767119750297,9946.040165947303
2_1,282,41.28034836178922,19.8556783794671,9953.488504566742
2_1,283,41.28036008361356,19.855544949024438,9964.739599335033
2_1,284,41.280390350486144,19.85539657989532,9977.612411985623
2_1,285,41.28044634529714,19.855264705462464,9990.286858441264
2_1,286,41.28051790159464,19.855144561158756,10003.107640734213
2_1,287,41.28066818124917,19.85502515858139,10022.560203737812
2_1,288,41.28158150700984,19.854585715684728,10130.437125782462
2_1,289,41.282359735418005,19.854223322708414,10222.0251094699
2_1,290,41.28244142757101,19.85420127726016,10231.301280336029
2_1,291,41.282614819891776,19.85420488079848,10250.554967388929
2_1,292,41.28299808547106,19.85439925815338,10296.124312230551
2_1,293,41.28302130742476,19.854501064054755,10305.031881631678
2_1,294,41.28304411300078,19.85463596739258,10316.610320201611
2_1,295,41.28298459062677,19.854712978894224,10325.844654682332
2_1,296,41.28297493311706,19.85478078702406,10331.623945035322
2_1,297,41.28299177568009,19.854857027995173,10338.889897938328
2_1,298,41.283025614172736,19.85491786246263,10345.22023005109
2_1,299,41.28306448170156,19.85497027771419,10351.37592804945
2_1,300,41.283188521010246,19.85513629006234,10370.945561669238
2_1,301,41.283347141028926,19.85536284263693,10396.832960877038
2_1,302,41.28342510190846,19.85527618915038,10408.128535718764
2_1,303,41.28344754395109,19.85521931278204,10413.504246568782
2_1,304,41.28345362969015,19.855145777033858,10419.699797069914
2_1,305,41.28334629706022,19.854935273172956,10440.979278642679
2_1,306,41.28319666036582,19.854669590656105,10468.901430122754
2_1,307,41.28315144212871,19.854621240409923,10475.35140905314
2_1,308,41.28313912569537,19.85460380458706,10477.351981542693
2_1,309,41.2830393619154,19.854394017489057,10498.121763810155
2_1,310,41.28299808547106,19.85439925815338,10502.725555358955
2_1,311,41.282614819891776,19.85420488079848,10548.294900200577
2_1,312,41.28244142757101,19.85420127726016,10567.548587253477
2_1,313,41.282359735418005,19.854223322708414,10576.824758119606
2_1,314,41.28158150700984,19.854585715684728,10668.412741807044
2_1,315,41.28092495087526,19.85490304657796,10746.021624607845
2_1,316,41.28066818124917,19.85502515858139,10776.348724732066
2_1,317,41.28058935238412,19.855078076017932,10786.15908601987
2_1,318,41.28051790159464,19.855144561158756,10795.851303786332
2_1,319,41.28044634529714,19.855264705462464,10808.672086079281
2_1,320,41.280390350486144,19.85539657989532,10821.346532534923
2_1,321,41.28036008361356,19.855544949024438,10834.219345185513
2_1,322,41.28034836178922,19.8556783794671,10845.470439953804
2_1,323,41.28035275898989,19.855767119750297,10852.918778573243
2_1,324,41.280339609611296,19.855794460545287,10855.63447958423
2_1,325,41.28026215035585,19.856081680009044,10881.181261496615
2_1,326,41.28018613379316,19.85617111838185,10892.474930354258
2_1,327,41.28013990843877,19.85625361162466,10901.081693870146
2_1,328,41.28013407067697,19.856377195746674,10911.453009898229
2_1,329,41.280180502208374,19.856483417196703,10921.735168013469
2_1,330,41.28022610640104,19.856527806153885,10928.016791875114
2_1,331,41.28026523354663,19.856542090692052,10932.533706467508
2_1,332,41.28028978826744,19.856544133114767,10935.2834180064
2_1,333,41.2803327370384,19.856535664249424,10940.10437445055
2_1,334,41.280378493866614,19.85650963709159,10945.632566236265
2_1,335,41.28041637708954,19.85646303745912,10951.370475225473
2_1,336,41.28047415485355,19.856428304582632,10958.414156589692
2_1,337,41.28063247533259,19.85633008647566,10977.821678209155
2_1,338,41.280858058713314,19.85630129574578,11003.65907066411
2_1,339,41.28095659833542,19.85631673159223,11014.675791143565
2_1,340,41.28132485474772,19.85645524936195,11057.176383160933
2_1,341,41.28146363571711,19.856470219426374,11072.866386060787
2_1,342,41.28148899999999,19.856593,11083.52816761781
2_1,343,41.28157199999999,19.85684,11106.17466541468
2_1,344,41.281619,19.856919,11114.601256336537
2_1,345,41.281943999999996,19.857308,11163.376180185296
2_1,346,41.28201700000001,19.857391,11174.053854359749
2_1,347,41.28226699999999,19.857673,11210.498981003188
2_1,348,41.28252200000001,19.857961,11247.707596208938
2_1,349,41.28329863151414,19.858843222973714,11361.269142214109
2_1,350,41.28332769177514,19.858909367815063,11367.679880864403
2_1,351,41.283376933280294,19.859062899738102,11381.65216216329
2_1,352,41.283404845628446,19.859170862988925,11391.960381303144
2_1,353,41.28344071830957,19.859207894239308,11397.008302430713
2_1,354,41.28347575060906,19.85921745120603,11400.979347630113
2_1,355,41.283505547842076,19.85921467284192,11404.295830968893
2_1,356,41.283554175280415,19.859177299393828,11410.916256664574
2_1,357,41.283571245322825,19.85915139587073,11413.796928550231
2_1,358,41.283585012283304,19.859107474907372,11417.78022507469
2_1,359,41.28358200142986,19.859032968134514,11424.957202921725
2_1,360,41.2835529636295,19.858969081961597,11431.203903027226
2_1,361,41.283424960355184,19.85892198248848,11446.836222070751
2_1,362,41.28329863151414,19.858843222973714,11462.335776074942
2_1,363,41.282947,19.858439,11514.011380318954
3_0,1,41.340793000000005,19.765611,0
3_0,2,41.34081900000001,19.765637,3.6148215324315607
3_0,3,41.340905,19.765727,15.775922806440104
3_0,4,41.340631,19.766156,62.830940954927094
3_0,5,41.34015150227929,19.766865505194904,142.57599923023304
3_0,6,41.33967200000001,19.767575,222.32617364524225
3_0,7,41.33941399999999,19.767932,263.7156502048193
3_0,8,41.33914299999999,19.768299,306.7102276303615
3_0,9,41.33845000000001,19.769313,421.26603484184204
3_0,10,41.33831200000001,19.769535,445.34674785550186
3_0,11,41.338266000000004,19.769612,453.58468033939596
3_0,12,41.337860501533314,19.770193503602425,519.8817696885287
3_0,13,41.33745499999999,19.770775,586.1775799351199
3_0,14,41.33728099999999,19.770961,610.9868684926237
3_0,15,41.33701,19.771354,655.5619374778742
3_0,16,41.336965000000006,19.771419,662.9763126197727
3_0,17,41.336707000000004,19.771774000000004,704.2451173293553
3_0,18,41.33656299999999,19.772085,734.7895022847796
3_0,19,41.33609,19.772773,812.721994653529
3_0,20,41.33603799999999,19.772849,821.3117214967036
3_0,21,41.335941999999996,19.772935,834.2634601392326
3_0,22,41.33558099999999,19.773449,893.0574957166895
3_0,23,41.334979,19.77434,993.2343547723499
3_0,24,41.334520999999995,19.775019,1069.5395572296416
3_0,25,41.33444299999999,19.775134,1083.1536943353535
3_0,26,41.334395999999984,19.775203,1090.936672913938
3_0,27,41.334291,19.775358,1108.3770951139957
3_0,28,41.33424,19.775433,1116.8303944736294
3_0,29,41.33377400215509,19.776123004908758,1194.3637387318502
3_0,30,41.333307999999995,19.776813,1271.9191574455917
3_0,31,41.33296,19.777328,1329.8074568426687
3_0,32,41.332358,19.778218,1429.967132137108
3_0,33,41.33214300000001,19.778536,1465.7176252525585
3_0,34,41.33145699999999,19.779564,1580.6229491306765
3_0,35,41.33095500000001,19.780354,1667.0992149646004
3_0,36,41.33091400000001,19.780418,1674.1285415733462
3_0,37,41.330764,19.780652,1699.8407607486047
3_0,38,41.33073699999999,19.780695,1704.524503141079
3_0,39,41.330261002498894,19.781439005400472,1786.2132463901814
3_0,40,41.329784999999994,19.782183,1867.9296613483634
3_0,41,41.329301,19.782922,1949.8848872023643
3_0,42,41.329212,19.782947,1959.986753740004
3_0,43,41.32910600000002,19.782933,1971.8141176377737
3_0,44,41.32901,19.782996,1983.7058129432721
3_0,45,41.328956,19.783106,1994.7227927590661
3_0,46,41.328945,19.78319,2001.8582792075997
3_0,47,41.328955,19.783273,2008.8929461429914
3_0,48,41.32898699999999,19.783351,2016.3252187615628
3_0,49,41.329031,19.783406,2023.0375083187755
3_0,50,41.32908499999999,19.78344,2029.6741193266614
3_0,51,41.329147,19.78345,2036.6086694551818
3_0,52,41.32932499999999,19.784052,2090.7659750214166
3_0,53,41.32943999999999,19.784441,2125.7365595701604
3_0,54,41.32954900000001,19.78481,2158.9901398582715
3_0,55,41.329575999999996,19.784902000000002,2167.252798030786
3_0,56,41.32958599999999,19.784935,2170.2294534863972
3_0,57,41.329683,19.785264,2199.806217467148
3_0,58,41.329696999999996,19.785313,2204.1918246837017
3_0,59,41.32979600000001,19.785261,2216.014345493288
3_0,60,41.330157,19.785069,2259.200017371331
3_0,61,41.33021999999999,19.785034,2266.7834615570805
3_0,62,41.33083300000001,19.784691,2340.650939945757
3_0,63,41.331512999999994,19.784365,2420.940488324803
3_0,64,41.33181599999999,19.784238,2456.2215986114
3_0,65,41.33198099999999,19.784148,2476.123277465816
3_0,66,41.33241399999999,19.783854,2530.1295839681306
3_0,67,41.33257600000001,19.783773,2549.3693283209404
3_0,68,41.333293,19.783414,2634.4584463498804
3_0,69,41.333662,19.783289,2676.7691946456443
3_0,70,41.33409300000001,19.783223,2724.9418014309604
3_0,71,41.33462399999999,19.783223,2783.899558754633
3_0,72,41.33503,19.783302,2829.4634439860265
3_0,73,41.335052999999995,19.783307,2832.0511895529685
3_0,74,41.33529899999999,19.783378,2860.0278621544503
3_0,75,41.33542400000001,19.783435,2874.703461603226
3_0,76,41.335646000000004,19.783535,2900.7339915452358
3_0,77,41.33585099999999,19.783657,2925.684440994125
3_0,78,41.33612000000001,19.783866,2960.2957152441963
3_0,79,41.336413,19.784095,2998.052587937014
3_0,80,41.33694450101488,19.78458549603847,3069.9630341919737
3_0,81,41.337476,19.785076,3141.8467672655097
3_0,82,41.337917999999995,19.785499,3202.3570124022694
3_0,83,41.338246999999996,19.785813,3247.364181410324
3_0,84,41.338361,19.785958,3264.8980708689264
3_0,85,41.338595999999995,19.786204,3298.144564740852
3_0,86,41.338949,19.786491,3344.111366461104
3_0,87,41.33909499999999,19.786604,3362.8792512502423
3_0,88,41.338976,19.786979,3396.9279561279563
3_0,89,41.33875,19.787699,3462.197241874711
3_0,90,41.338649,19.78802,3491.3088857367816
3_0,91,41.338563,19.788292,3515.9916704952075
3_0,92,41.338526,19.788399,3525.842915374192
3_0,93,41.338412,19.788726,3556.002946437688
3_0,94,41.33835799999999,19.788871,3569.5371095867745
3_0,95,41.338215999999996,19.789291,3608.0573282943337
3_0,96,41.338119,19.789571,3633.845331394799
3_0,97,41.337991,19.789942,3667.9892505074426
3_0,98,41.33794400000001,19.790077,3680.459565354639
3_0,99,41.337627999999995,19.790986,3764.2380592990294
3_0,100,41.33734700000001,19.791832,3841.6600671295596
3_0,101,41.337182000000006,19.792287000000005,3883.9230057817012
3_0,102,41.337052,19.792649,3917.478896716371
3_0,103,41.336763,19.793480000000002,3994.139994712717
3_0,104,41.33656299999999,19.794058,4047.416929015271
3_0,105,41.336419,19.794465,4085.172663443865
3_0,106,41.336228999999996,19.795013,4135.801712713159
3_0,107,41.336045,19.795551,4185.259825759894
3_0,108,41.33592699999999,19.795891,4216.589878459003
3_0,109,41.33583500000001,19.796154,4240.8956927833215
3_0,110,41.335763,19.796363,4260.125949430838
3_0,111,41.335549,19.796986,4317.425546016526
3_0,112,41.335307,19.79769,4382.1969304536215
3_0,113,41.335223,19.797932,4404.492928440009
3_0,114,41.335162000000004,19.798104,4420.404558064763
3_0,115,41.335035000000005,19.798477,4454.656085684202
3_0,116,41.33466399999999,19.799544000000004,4552.997611743064
3_0,117,41.334447000000004,19.80016,4609.904529968634
3_0,118,41.334174,19.800944,4682.27984804493
3_0,119,41.334034,19.801347,4719.415026548122
3_0,120,41.334023,19.801379,4722.358331574252
3_0,121,41.33401599999999,19.801398,4724.12814890138
3_0,122,41.333848,19.801881,4768.735995379041
3_0,123,41.33370399999998,19.802298,4807.128479668864
3_0,124,41.333644,19.802468000000005,4822.837634299467
3_0,125,41.333263999999986,19.803564,4923.835338298772
3_0,126,41.333152999999996,19.803778,4945.57866465372
3_0,127,41.332947999999995,19.804006000000005,4975.279469283694
3_0,128,41.332874999999994,19.804046,4984.048696095421
3_0,129,41.33281699999999,19.804105,4992.163459948047
3_0,130,41.33273899999998,19.804268,5008.321406128535
3_0,131,41.332728,19.80446,5024.435752232078
3_0,132,41.332748,19.804553,5032.924492253701
3_0,133,41.332781,19.804629,5040.264618001483
3_0,134,41.332773999999986,19.804964,5068.310674145236
3_0,135,41.332602999999985,19.805608,5125.688895103542
3_0,136,41.33250399999999,19.805896,5152.17910998916
3_0,137,41.332415999999995,19.806152,5175.734690095939
3_0,138,41.332339999999995,19.806372,5195.987625639503
3_0,139,41.332162000000004,19.806884,5243.187140348351
3_0,140,41.331967999999996,19.807433,5293.942016547131
3_0,141,41.33187100000001,19.807705,5319.1244729837845
3_0,142,41.331617502387886,19.80843950280422,5386.813801667432
3_0,143,41.33136400000001,19.809174,5454.428986483395
3_0,144,41.331185,19.809689,5501.909401027141
3_0,145,41.330881999999995,19.810559,5582.12278088819
3_0,146,41.330475,19.811729,5690.061303140299
3_0,147,41.330356,19.812071,5721.585802754113
3_0,148,41.330186,19.812558,5766.502204360949
3_0,149,41.32978700581857,19.81370450689089,5872.19133010447
3_0,150,41.329387999999994,19.814851,5977.879613751977
3_0,151,41.32923799999999,19.815284,6017.785776640955
3_0,152,41.329116000000006,19.815631,6049.830530896808
3_0,153,41.32899,19.815995,6083.741800104131
3_0,154,41.32866200000001,19.816074,6120.789281652781
3_0,155,41.32840999999999,19.816056,6148.857719952785
3_0,156,41.328326999999994,19.816032,6158.289512107072
3_0,157,41.328292000000005,19.815997,6163.440997806802
3_0,158,41.328261,19.815926,6170.308056084937
3_0,159,41.32822,19.815685,6190.985394040392
3_0,160,41.328248,19.815061,6243.307541311137
3_0,161,41.328247999999995,19.815055,6243.809699552305
3_0,162,41.32826200000001,19.814736,6270.552989394559
3_0,163,41.32830899999999,19.813666,6360.270689542771
3_0,164,41.328332,19.813142,6404.208513102903
3_0,165,41.32836599999999,19.81228,6476.489729073137
3_0,166,41.32836000000001,19.811944,6504.6184477508705
3_0,167,41.32829400000001,19.81149,6543.345872389137
3_0,168,41.32826099999999,19.811359,6554.90569031899
3_0,169,41.328171999999995,19.811074,6580.724099651891
3_0,170,41.327932000000004,19.810307,6650.234284971747
3_0,171,41.327751,19.809719,6703.410543684423
3_0,172,41.327621,19.809301,6741.2689379699395
3_0,173,41.32744000000001,19.808717,6794.122468934065
3_0,174,41.327278,19.808191,6841.681342679084
3_0,175,41.327166999999996,19.807839,6873.6231960884525
3_0,176,41.327149999999996,19.807786,6878.443889132792
3_0,177,41.327127999999995,19.807715,6884.868656782279
3_0,178,41.327108,19.807648,6890.8998678840035
3_0,179,41.327028999999996,19.807396,6913.769570725227
3_0,180,41.326836,19.806776,6969.910864543852
3_0,181,41.326624001992094,19.806094497750813,7031.619594670945
3_0,182,41.32641199999999,19.805413,7093.368621172283
3_0,183,41.326376999999994,19.805299,7103.670930014197
3_0,184,41.326355,19.80523,7109.946248900053
3_0,185,41.326302,19.805058,7125.498192223807
3_0,186,41.326165,19.804619,7165.26903520856
3_0,187,41.325974,19.804004,7220.941526126641
3_0,188,41.325927,19.803855,7235.033759715925
3_0,189,41.325907,19.80379,7240.909760334738
3_0,190,41.32581600000001,19.803499,7267.2779358009275
3_0,191,41.325782999999994,19.803393,7276.876571754143
3_0,192,41.32570100000001,19.80313,7300.713524397436
3_0,193,41.32566099999999,19.803001,7312.38811671745
3_0,194,41.32526500721085,19.801704492003495,7429.477405155837
3_0,195,41.324869,19.800408,7546.561447479894
3_0,196,41.32458450381513,19.79946499582008,7631.588927867578
3_0,197,41.3243,19.798522,7716.608225212534
3_0,198,41.324152,19.798017,7761.95805026967
3_0,199,41.323975000000004,19.797393,7817.7611519761385
3_0,200,41.32385499999999,19.796966000000005,7855.939192345232
3_0,201,41.32376399999999,19.796644,7885.00407602685
3_0,202,41.32338499999999,19.795309,8004.43628185074
3_0,203,41.323131,19.794406,8085.152044651793
3_0,204,41.322832,19.793367,8178.260802248383
3_0,205,41.322719,19.792949,8215.507841207722
3_0,206,41.32264399999999,19.79267,8240.300577224209
3_0,207,41.322540000000004,19.792286,8274.453990919945
3_0,208,41.322476,19.792039,8296.315188228773
3_0,209,41.32246399999999,19.791994,8300.310432667855
3_0,210,41.322333,19.791527,8342.02373142342
3_0,211,41.322272,19.79129,8363.051628018926
3_0,212,41.32209699999999,19.790615,8422.802281722847
3_0,213,41.322063,19.790485,8434.319690605731
3_0,214,41.32197699999999,19.790164,8462.856905767803
3_0,215,41.321913999999985,19.789702,8502.154562355168
3_0,216,41.321881,19.789592,8512.07332055131
3_0,217,41.321889999999996,19.789558,8515.089514803158
3_0,218,41.321895999999995,19.789392,8528.999944116917
3_0,219,41.321875,19.789312,8536.090404861328
3_0,220,41.321793,19.789187,8549.959765016956
3_0,221,41.321764,19.789166,8553.628164515452
3_0,222,41.321736,19.789145,8557.199506583147
3_0,223,41.321587,19.788914,8582.650701525574
3_0,224,41.32148699999999,19.788711,8602.979616959115
3_0,225,41.32141099999999,19.788536,8619.88419570126
3_0,226,41.32128199999999,19.788163,8654.245290564037
3_0,227,41.321104000000005,19.787698,8697.984952984014
3_0,228,41.320909,19.787126,8750.5480788205
3_0,229,41.320907999999996,19.787126,8750.65910859629
3_0,230,41.320694,19.786496,8808.502949600961
3_0,231,41.320406003113355,19.785643496185198,8886.72397472093
3_0,232,41.320117999999994,19.784791,8964.923013530999
3_0,233,41.31983100000001,19.78396,9041.48663453747
3_0,234,41.31987,19.783874,9049.892570321774
3_0,235,41.320029,19.783706,9072.462530944395
3_0,236,41.32022599999999,19.783544,9098.301140379646
3_0,237,41.320367,19.783462,9115.39488345744
3_0,238,41.32058599999999,19.783405,9140.174774789783
3_0,239,41.320681,19.783414,9150.75109662024
3_0,240,41.320816,19.783475,9166.585906463431
3_0,241,41.320975,19.783571,9185.982397552989
3_0,242,41.32107899999999,19.783608,9197.9376090297
3_0,243,41.32113099999999,19.783611,9203.7559070507
3_0,244,41.321239000000006,19.783589,9215.906465582273
3_0,245,41.321369,19.783539,9230.93484625274
3_0,246,41.321673,19.783325,9269.158419268559
3_0,247,41.32204699999999,19.783073,9315.751196123834
3_0,248,41.32241,19.782829,9361.01010330298
3_0,249,41.32264200000001,19.782662,9390.317251281716
3_0,250,41.32272899999999,19.782523,9405.438997066907
3_0,251,41.32276399999999,19.782437,9413.789963848727
3_0,252,41.32284200000001,19.782244,9432.136190368436
3_0,253,41.322928999999995,19.782003,9454.501566407524
3_0,254,41.322979999999994,19.781836,9469.582936337287
3_0,255,41.323026999999996,19.781684,9483.334060395424
3_0,256,41.323094,19.781386,9509.362429457968
3_0,257,41.32320000000001,19.780668,9570.606347521238
3_0,258,41.323257,19.780203,9610.054251767797
3_0,259,41.323286,19.780026,9625.290032257826
3_0,260,41.32330100000001,19.77993,9633.496014678218
3_0,261,41.323401,19.779266,9690.243601091894
3_0,262,41.323431,19.779061,9707.722386806347
3_0,263,41.323435,19.779034,9710.02550853153
3_0,264,41.32344700000001,19.778954,9716.852763159131
3_0,265,41.32350299999999,19.778581,9748.697522027638
3_0,266,41.323568,19.778142,9786.143731425384
3_0,267,41.323623999999995,19.777767,9818.141916234115
3_0,268,41.323637,19.777677,9825.81191764499
3_0,269,41.32375999999999,19.776852,9896.235596506162
3_0,270,41.323769000000006,19.776795,9902.64381980348
3_0,271,41.323786,19.776685,9912.042244634808
3_0,272,41.323807,19.776545,9928.174562540691
3_0,273,41.323834999999995,19.776439,9937.575608257737
3_0,274,41.323949999999996,19.776174,9963.168571748321
3_0,275,41.324242000000005,19.775528,10026.213529890538
3_0,276,41.324626,19.774682,10108.868707465766
3_0,277,41.32481200000001,19.774272,10148.956796297603
3_0,278,41.324872,19.774218,10157.009110805015
3_0,279,41.324917,19.774187,10162.639007359136
3_0,280,41.324959000000014,19.774158,10167.896150712368
3_0,281,41.325047999999995,19.774117,10178.356726790673
3_0,282,41.325103,19.774097,10184.688662518296
3_0,283,41.32525299999999,19.774119,10201.444668495173
3_0,284,41.325303000000005,19.774211,10210.937399120992
3_0,285,41.32538300000001,19.774251,10220.432123112396
3_0,286,41.325467999999994,19.774223,10230.156305564768
3_0,287,41.32550299999998,19.774183,10235.285614138973
3_0,288,41.325537999999995,19.774072,10245.356008906465
3_0,289,41.325656,19.773939,10262.548044319306
3_0,290,41.32575299999999,19.77391,10273.588093696866
3_0,291,41.32581,19.773894,10280.056943814367
3_0,292,41.326028,19.773832,10304.863828505899
3_0,293,41.32605999999999,19.773821,10308.534139879277
3_0,294,41.326282,19.773783,10333.38718448564
3_0,295,41.32652399999999,19.773801,10360.362892923362
3_0,296,41.326553999999994,19.773804,10363.703248966067
3_0,297,41.32692699999999,19.773851,10405.303912063991
3_0,298,41.327172999999995,19.773882,10432.770605364343
3_0,299,41.32739,19.77391,10456.977859857836
3_0,300,41.32741300000001,19.773913,10459.543868497634
3_0,301,41.328293,19.774019,10557.714447807934
3_0,302,41.328371,19.774029,10566.415151864761
3_0,303,41.32840199999999,19.774024,10569.882433944034
3_0,304,41.328666999999996,19.773988,10599.520272094302
3_0,305,41.328860999999996,19.773903,10622.204485579734
3_0,306,41.329403000000006,19.773571,10688.488462634392
3_0,307,41.32991299999999,19.773284,10750.005300848414
3_0,308,41.329933000000004,19.773272,10752.442451997822
3_0,309,41.33045,19.772933,10816.493915606668
3_0,310,41.33084800000001,19.77264,10867.288295536064
3_0,311,41.331419502035715,19.771974005835833,10951.762144352233
3_0,312,41.33199099999999,19.771308,11036.258881767493
3_0,313,41.332171,19.771138,11060.791095736293
3_0,314,41.33236000000001,19.771039000000002,11083.38303765946
3_0,315,41.332684,19.770937,11120.355785679269
3_0,316,41.332878999999984,19.770852,11143.162138729753
3_0,317,41.333009,19.770775,11158.993410457844
3_0,318,41.333214000000005,19.770603000000005,11185.977193717134
3_0,319,41.333513999999994,19.770322000000004,11226.772388250423
3_0,320,41.333593,19.770246,11237.607046624415
3_0,321,41.333833,19.770015,11270.575048412506
3_0,322,41.333885,19.769964,11277.75489745542
3_0,323,41.33401,19.769797,11297.618051569847
3_0,324,41.334123,19.769406,11332.662332019832
3_0,325,41.334253999999994,19.768942,11374.17236195576
3_0,326,41.334316,19.768767,11390.35463652182
3_0,327,41.33438699999999,19.768653,11402.730412164035
3_0,328,41.334923999999994,19.768145,11475.964036637275
3_0,329,41.33503599999999,19.768037,11491.457583318208
3_0,330,41.33572099999999,19.767185,11595.710927137858
3_0,331,41.335854999999995,19.767017,11616.192327060711
3_0,332,41.33595,19.766898,11630.698465283262
3_0,333,41.33618799999999,19.766601,11667.019120252737
3_0,334,41.336691,19.76596,11744.471083287608
3_0,335,41.33685899999999,19.765757,11769.700423325512
3_0,336,41.337418,19.765022,11857.080458659728
3_0,337,41.337565999999995,19.764827,11880.248416409338
3_0,338,41.33759499999999,19.764789,11884.773848551944
3_0,339,41.337763,19.764561,11911.461216617077
3_0,340,41.337889000000004,19.764391,11931.41345676938
3_0,341,41.338263000000005,19.763906,11989.485732347395
3_0,342,41.338264,19.763905,11989.624765916875
3_0,343,41.338714,19.763372,12056.600498660475
3_0,344,41.339039,19.763744,12104.347012902277
3_0,345,41.339589,19.764355,12183.996967197514
3_0,346,41.34015350146385,19.764943994935447,12263.732164452558
3_0,347,41.34071800000001,19.765533,12343.466565945402
3_0,348,41.340793000000005,19.765611,12354.04709600307
4_0,1,41.340661999999995,19.765475,0
4_0,2,41.340562000000006,19.76537,14.158931672464565
4_0,3,41.34007550108676,19.76486249623922,82.87031022788864
4_0,4,41.339589,19.764355,151.58459580870715
4_0,5,41.33904299999999,19.763747,230.73295349879214
4_0,6,41.339039,19.763743,231.28908544395017
4_0,7,41.33889299999999,19.763581,252.42081525461904
4_0,8,41.33870399999999,19.763342,281.5572450101784
4_0,9,41.338532,19.763547,307.2287081600256
4_0,10,41.337906999999994,19.764367,404.8243094813512
4_0,11,41.337889000000004,19.764391,407.65763053370347
4_0,12,41.337763,19.764561,427.6098706860061
4_0,13,41.33759499999999,19.764789,454.2972387511386
4_0,14,41.336859000000004,19.765756,569.3041845280193
4_0,15,41.336691,19.76596,594.5899464407415
4_0,16,41.336541999999994,19.766157,618.0384403549128
4_0,17,41.33618799999999,19.7666,672.070632337014
4_0,18,41.335949,19.766898,708.5293366154486
4_0,19,41.3356,19.767336,761.8726144545179
4_0,20,41.33531299999999,19.76769,805.4037689950113
4_0,21,41.33503599999999,19.768037,847.7060110395256
4_0,22,41.334923,19.768145,863.2888136754319
4_0,23,41.334855999999995,19.76806,873.5814204896146
4_0,24,41.33482899999999,19.76803,877.4916465325779
4_0,25,41.334855999999995,19.76806,881.4018725755411
4_0,26,41.334923,19.768145,891.6944793897238
4_0,27,41.334731,19.768327,917.8942226211523
4_0,28,41.334467,19.768564,953.513384887305
4_0,29,41.33438699999999,19.768653,965.5023264100332
4_0,30,41.334316,19.768767,977.8781020522476
4_0,31,41.33425299999999,19.768942,994.1079197863321
4_0,32,41.334123,19.769406,1035.5791756500691
4_0,33,41.334103,19.769479,1042.0793471365835
4_0,34,41.334042,19.7697,1061.7751617972426
4_0,35,41.33401,19.769797,1070.6362448608252
4_0,36,41.33395,19.769893,1081.1516975019933
4_0,37,41.333904999999994,19.769944,1087.8472837888646
4_0,38,41.333885,19.769964,1090.628017599745
4_0,39,41.333839999999995,19.770007,1096.7853780883
4_0,40,41.333808999999995,19.770039,1101.4881555899901
4_0,41,41.333597000000005,19.770243,1130.5659074084397
4_0,42,41.33349400000001,19.770343,1144.7370160559808
4_0,43,41.333214000000005,19.770603000000005,1182.7064603747383
4_0,44,41.333009,19.770774,1209.645694218568
4_0,45,41.33294899999999,19.770811,1216.9919770276776
4_0,46,41.33287899999999,19.770851,1225.4994694470206
4_0,47,41.33282799999999,19.770878,1231.658671066947
4_0,48,41.332359,19.771039000000002,1285.4468332762594
4_0,49,41.33221400000001,19.771105,1302.5082423235426
4_0,50,41.332171,19.771138,1308.0237786372666
4_0,51,41.33213000000001,19.771169,1313.2633970228794
4_0,52,41.332063999999995,19.771229,1322.1467195839884
4_0,53,41.33199099999999,19.771308,1332.6064284560748
4_0,54,41.33179400000001,19.771542,1362.0782384642375
4_0,55,41.33153199999999,19.771853,1401.112213925704
4_0,56,41.33084800000001,19.77264,1501.653073667884
4_0,57,41.33069100000001,19.772762,1522.4887472760092
4_0,58,41.33045,19.772933,1552.8336808617346
4_0,59,41.33031799999999,19.773026,1570.5207355863013
4_0,60,41.329933000000004,19.773272,1618.1808405404854
4_0,61,41.32991299999999,19.773284,1620.6179916898946
4_0,62,41.329809,19.773341,1633.1117339713253
4_0,63,41.329402,19.773571,1682.2395827639289
4_0,64,41.329094999999995,19.77376,1719.8181375085696
4_0,65,41.328860999999996,19.773902,1748.3883109124642
4_0,66,41.328849,19.77391,1749.87944457977
4_0,67,41.328666999999996,19.773988,1771.115233619129
4_0,68,41.32840199999999,19.774025,1800.7616968923328
4_0,69,41.328371,19.774028,1804.212779501852
4_0,70,41.328345,19.774025,1807.11046369848
4_0,71,41.328293,19.774019,1812.9058320844938
4_0,72,41.32823400000001,19.774012,1819.4827603605745
4_0,73,41.32789299999999,19.773972,1857.5799248875514
4_0,74,41.32741300000001,19.773913,1911.110266448195
4_0,75,41.32739,19.77391,1913.676275087994
4_0,76,41.327172999999995,19.773882,1937.883529581486
4_0,77,41.326963,19.773854000000004,1961.3528235319898
4_0,78,41.326941999999995,19.773852000000005,1963.6904585975992
4_0,79,41.326861,19.773842,1972.7227653990622
4_0,80,41.326551999999985,19.773807,2007.1559272301915
4_0,81,41.32628199999999,19.773782,2037.2645193280034
4_0,82,41.326167000000005,19.773792,2050.0603926338426
4_0,83,41.32605999999999,19.773821,2062.1860328561866
4_0,84,41.326028,19.773832,2065.8563442295645
4_0,85,41.325809,19.773893,2090.754277899512
4_0,86,41.325781000000006,19.7739,2093.917847127607
4_0,87,41.32576500000001,19.773906,2095.7639450421966
4_0,88,41.32575299999999,19.77391,2097.137725097502
4_0,89,41.325656,19.773938,2108.1596756723516
4_0,90,41.325539,19.773917,2121.268572365693
4_0,91,41.325487,19.773908,2127.09107367018
4_0,92,41.325448,19.773875000000004,2132.2271360609716
4_0,93,41.32540399999999,19.773861,2137.251024365605
4_0,94,41.325358,19.773866,2142.375528405875
4_0,95,41.32531600000001,19.773889,2147.4248795450153
4_0,96,41.32528099999999,19.773929,2152.554194594618
4_0,97,41.325257,19.77398,2157.586241373567
4_0,98,41.325103,19.774097,2177.2905361783064
4_0,99,41.325047999999995,19.774117,2183.6224719059296
4_0,100,41.32501899999999,19.774129,2186.9953579215457
4_0,101,41.324959000000014,19.774158,2194.085576298482
4_0,102,41.324932000000004,19.774173,2197.335667667156
4_0,103,41.32486399999999,19.774221000000004,2205.8880716693097
4_0,104,41.32481200000001,19.774272,2213.0705130555248
4_0,105,41.324770999999984,19.774363,2221.9455814837256
4_0,106,41.324341000000004,19.775311,2314.5484795975576
4_0,107,41.323949999999996,19.776174,2398.842886954323
4_0,108,41.323891,19.776301000000004,2411.329095913145
4_0,109,41.323835,19.776438,2424.3731473330618
4_0,110,41.323807,19.776545,2433.853223827972
4_0,111,41.323795,19.776623,2440.5163457184267
4_0,112,41.323769000000006,19.776795,2458.7671699416555
4_0,113,41.32375999999999,19.776852,2465.175393238973
4_0,114,41.323699999999995,19.777254,2499.727076007721
4_0,115,41.323637,19.777677,2535.8700864721086
4_0,116,41.32350299999999,19.778581,2612.983833161297
4_0,117,41.32344700000001,19.778954,2644.828592029804
4_0,118,41.323431,19.779061,2653.958963567494
4_0,119,41.323421999999994,19.779124,2659.32590080388
4_0,120,41.323401,19.779264,2671.2736010806448
4_0,121,41.32330100000001,19.77993,2728.185143552833
4_0,122,41.323266999999994,19.780153,2747.2281670343946
4_0,123,41.323190999999994,19.78066,2790.5753995560744
4_0,124,41.323123,19.781111000000003,2829.080742044755
4_0,125,41.32308599999999,19.781356,2849.994737587032
4_0,126,41.32307800000001,19.78141,2854.6010025678474
4_0,127,41.323066,19.781491,2861.510400958042
4_0,128,41.323051,19.781569,2868.2481014450323
4_0,129,41.323045,19.78159,2870.1278155346467
4_0,130,41.32299499999999,19.781786,2887.446955344591
4_0,131,41.32292499999999,19.781999000000003,2906.895593662409
4_0,132,41.322877999999996,19.782143,2920.0296462609203
4_0,133,41.32284500000001,19.782245,2929.32011893044
4_0,134,41.322747,19.782477,2951.5933836577365
4_0,135,41.32272699999999,19.782524,2956.4130589294923
4_0,136,41.32263199999999,19.782673,2972.7468584120165
4_0,137,41.32235399999998,19.782865,3007.5461840067505
4_0,138,41.321673,19.783325,3092.406848525322
4_0,139,41.32136599999999,19.783517,3130.1037979034413
4_0,140,41.32129499999999,19.783549,3138.429531177832
4_0,141,41.321238,19.783575,3145.1219600870463
4_0,142,41.32121199999999,19.783588,3148.2070067284453
4_0,143,41.32117199999999,19.783605,3152.8705868668917
4_0,144,41.32113099999999,19.783611,3157.499905641318
4_0,145,41.32107899999999,19.783608,3163.318203662319
4_0,146,41.321028000000005,19.783593,3169.118251134788
4_0,147,41.320920999999984,19.78354,3181.7997091365864
4_0,148,41.32081599999999,19.783474,3194.700527422362
4_0,149,41.320757,19.783441,3201.8098344634564
4_0,150,41.32058500000001,19.783405,3221.14412765091
4_0,151,41.32036699999999,19.783461,3245.799028412737
4_0,152,41.320226,19.783543,3262.8927714927077
4_0,153,41.31992,19.783809,3303.579233203789
4_0,154,41.31987,19.783874,3311.352335621433
4_0,155,41.319829999999996,19.783959,3319.7449241704353
4_0,156,41.319804000000005,19.784042,3327.268268510497
4_0,157,41.319863999999995,19.784211,3342.904435781341
4_0,158,41.319903000000004,19.784328,3353.6124238878747
4_0,159,41.319953000000005,19.784478,3367.3406055886226
4_0,160,41.320046000000005,19.784755,3392.7729915814334
4_0,161,41.320087,19.784881000000002,3404.329089018925
4_0,162,41.320305999999995,19.78556,3466.152836743368
4_0,163,41.320496,19.786115000000002,3517.1744721368595
4_0,164,41.32063899999999,19.786534,3555.7138117493705
4_0,165,41.320693999999996,19.786696,3570.585347452233
4_0,166,41.320973,19.787501000000002,3644.776163445726
4_0,167,41.320993,19.787559,3650.1146810446435
4_0,168,41.321011999999996,19.787621,3655.7166390928996
4_0,169,41.321033,19.787686,3661.6358847779434
4_0,170,41.321068,19.787796,3671.6296672967487
4_0,171,41.321089,19.787862,3677.625934522692
4_0,172,41.321135000000005,19.788007,3690.793665999227
4_0,173,41.321253999999996,19.788358,3723.214756261445
4_0,174,41.321299,19.788497000000003,3735.8768326191807
4_0,175,41.32134899999999,19.78865,3749.8347859150936
4_0,176,41.321397999999995,19.788917,3772.863712977944
4_0,177,41.321408999999996,19.789218,3798.087675498071
4_0,178,41.321417,19.789349,3809.088585944958
4_0,179,41.32141099999999,19.789373,3811.2050183827228
4_0,180,41.321402,19.78946,3818.5553545410776
4_0,181,41.321436999999996,19.789629,3833.226463664669
4_0,182,41.321477999999985,19.789698,3840.5802732895727
4_0,183,41.32153100000001,19.789751,3847.949683298767
4_0,184,41.321558,19.789768,3851.2680510351065
4_0,185,41.32161500000001,19.789854,3860.852879435591
4_0,186,41.321724,19.790008,3878.5339053743846
4_0,187,41.32184899999999,19.790252,3903.227818636176
4_0,188,41.321895,19.79041,3917.4503939495758
4_0,189,41.32196100000001,19.790623,3936.7260771750493
4_0,190,41.321968,19.790647,3938.880021184441
4_0,191,41.322026999999984,19.790855,3957.48155643746
4_0,192,41.322078,19.791036,3973.655148867739
4_0,193,41.32215200000001,19.791296,3996.9285864784065
4_0,194,41.322206999999985,19.791493,4014.5121781920193
4_0,195,41.32223200000001,19.791592,4023.251138143255
4_0,196,41.32236799999999,19.792068,4065.8684733880114
4_0,197,41.322376999999996,19.792097,4068.4934410018627
4_0,198,41.322385,19.792126,4071.0781816666668
4_0,199,41.32244999999999,19.792335,4090.0018751894427
4_0,200,41.322561,19.79273,4125.287060006089
4_0,201,41.322650999999986,19.793049,4153.796189460689
4_0,202,41.32277599999999,19.793499,4194.009919962833
4_0,203,41.322795,19.793569,4200.237156136592
4_0,204,41.322886999999994,19.793893,4229.290592652267
4_0,205,41.32298400000001,19.794238000000004,4260.110172715635
4_0,206,41.32304700000001,19.79446,4279.964577356659
4_0,207,41.32307899999999,19.794574,4290.146397371394
4_0,208,41.32332400000001,19.795444,4367.8899697585575
4_0,209,41.323514,19.796118,4428.268533035807
4_0,210,41.32372999999999,19.796885,4496.918197791671
4_0,211,41.323764999999995,19.797012,4508.236044522634
4_0,212,41.323859,19.797343,4537.841094163684
4_0,213,41.32388599999998,19.797439,4546.417201122038
4_0,214,41.323919999999994,19.797556,4556.945954635767
4_0,215,41.32409999999999,19.798178,4612.765072739023
4_0,216,41.32411699999999,19.798239,4618.208415957966
4_0,217,41.324276,19.798787,4667.355288458782
4_0,218,41.324476000000004,19.799466,4728.3819080989615
4_0,219,41.32473199999998,19.800323,4805.626072325022
4_0,220,41.324811000000004,19.800584000000004,4829.166360067026
4_0,221,41.325146505086934,19.801672994310724,4927.632719854644
4_0,222,41.32548200000001,19.802762,5026.119947502879
4_0,223,41.325611,19.803185000000003,5064.342961318168
4_0,224,41.32566199999999,19.80335,5079.268963025026
4_0,225,41.325687999999985,19.803433,5086.792183664743
4_0,226,41.32572099999999,19.803537,5096.236329767112
4_0,227,41.32575299999999,19.80364,5105.560517195955
4_0,228,41.32580600000001,19.803807,5120.726035142482
4_0,229,41.325944,19.80425,5161.041580520585
4_0,230,41.325956999999995,19.80429,5164.687322175336
4_0,231,41.32607399999999,19.804664,5198.5815435494105
4_0,232,41.32626599999999,19.80528,5254.374624437328
4_0,233,41.326285999999996,19.805348,5260.488912858234
4_0,234,41.326311000000004,19.805429,5267.814506611262
4_0,235,41.326322000000005,19.805463,5270.911177976233
4_0,236,41.326582,19.806312,5347.644671710472
4_0,237,41.326694,19.806667,5379.853807796739
4_0,238,41.326757,19.806874,5398.551742837581
4_0,239,41.32703200000001,19.807761,5478.830572797085
4_0,240,41.327040999999994,19.80779,5481.4553721070915
4_0,241,41.32705399999999,19.807833,5485.3329014096835
4_0,242,41.32714199999999,19.808119,5511.186882499591
4_0,243,41.327245999999995,19.808454,5541.517081927224
4_0,244,41.327289999999984,19.808598,5554.521568369929
4_0,245,41.327479,19.809211,5609.967758450838
4_0,246,41.327609,19.809624,5647.439866514726
4_0,247,41.327626,19.809678,5652.337650551821
4_0,248,41.327729,19.810009,5682.307977349796
4_0,249,41.32777500000001,19.810162,5696.094085739028
4_0,250,41.32796499999999,19.810778,5751.81673074457
4_0,251,41.32806099999999,19.811094,5780.346435835689
4_0,252,41.328115,19.811263,5795.70887634654
4_0,253,41.32815900000001,19.811417000000002,5809.492424719318
4_0,254,41.328182999999996,19.811514,5818.036807531771
4_0,255,41.32822199999998,19.81172,5835.879638228643
4_0,256,41.328259999999986,19.812132000000002,5870.618360124813
4_0,257,41.328259999999986,19.812291,5883.925558827338
4_0,258,41.328255999999996,19.812384,5891.721674891326
4_0,259,41.32823299999999,19.812905,5935.465280139464
4_0,260,41.328228,19.813011,5944.354101218678
4_0,261,41.32820400000001,19.813546,5989.217380516637
4_0,262,41.32819899999999,19.813659,5998.690983190377
4_0,263,41.328183,19.814009,6028.052770894576
4_0,264,41.32813000000001,19.815236,6130.914801479274
4_0,265,41.328113,19.815592,6160.778475579166
4_0,266,41.32811100000001,19.815637,6164.55121050961
4_0,267,41.328092999999996,19.816065,6200.467396657075
4_0,268,41.328084999999994,19.816216,6213.1362497958335
4_0,269,41.327989,19.81624,6223.982668717933
4_0,270,41.327881,19.816268,6236.2024709300695
4_0,271,41.327641,19.816331,6263.366138815794
4_0,272,41.32730299999999,19.816419,6301.65908363134
4_0,273,41.32668500018771,19.8165940017194,6371.821350945066
4_0,274,41.326067,19.816769,6441.984131354133
4_0,275,41.32573099999999,19.816865,6480.185952814951
4_0,276,41.325684,19.816878,6485.51654925891
4_0,277,41.325598,19.816902,6495.274057247312
4_0,278,41.325619,19.817038,6506.893113617486
4_0,279,41.32570599999999,19.817597,6554.673489570071
4_0,280,41.325768999999994,19.817999,6589.038772369885
4_0,281,41.32589799999999,19.818808,6658.640599918949
4_0,282,41.325929,19.819015,6676.441966438846
4_0,283,41.32594299999999,19.819105000000004,6684.133309372946
4_0,284,41.326488999999995,19.818957,6746.020025557939
4_0,285,41.32666100000001,19.818911000000003,6765.514554799624
4_0,286,41.326713000000005,19.818909,6771.290496964556
4_0,287,41.326758000000005,19.818925,6776.513022487709
4_0,288,41.326778,19.818944,6779.244273758544
4_0,289,41.326915,19.81911,6799.851782224853
4_0,290,41.327099,19.819265,6824.0519632276555
4_0,291,41.32711199999999,19.819280000000003,6825.964922585878
4_0,292,41.327131,19.819307,6829.056311233269
4_0,293,41.327143,19.819339,6832.047635524978
4_0,294,41.327158000000004,19.819404,6837.736988821199
4_0,295,41.327166,19.819496,6845.487932048474
4_0,296,41.32724800380379,19.820433498736143,6924.529834850222
4_0,297,41.32733,19.821371,7003.52798671813
4_0,298,41.32737500000001,19.821887,7047.642679359971
4_0,299,41.327412312379,19.82234929174017,7086.554886876007
4_0,300,41.32749309780548,19.82273841253875,7121.239207501422
4_0,301,41.327729679762996,19.822403011996236,7159.737502571365
4_0,302,41.32802528689601,19.82220664469397,7196.638442344719
4_0,303,41.328610926480195,19.821894668849936,7266.72357877769
4_0,304,41.328413,19.820883000000002,7354.241988331772
4_0,305,41.328421000000006,19.820924000000005,7357.786487691466
4_0,306,41.328413,19.820883000000002,7361.330987051163
4_0,307,41.32836599999999,19.820617,7384.1966875474745
4_0,308,41.32834199999999,19.820478,7396.131272148759
4_0,309,41.328412,19.820454,7404.1586751297855
4_0,310,41.32921350035902,19.820207503130536,7495.533831132728
4_0,311,41.330015,19.819961,7586.9170765029585
4_0,312,41.33007299999999,19.819921,7594.174917307831
4_0,313,41.330397999999995,19.820313,7642.981191537214
4_0,314,41.33054200000001,19.820536,7667.556102532991
4_0,315,41.33065500000001,19.820707,7686.5880161255955
4_0,316,41.330617000000004,19.82061,7695.736868197681
4_0,317,41.33059799999999,19.820378,7715.267196623326
4_0,318,41.33061099999999,19.820037,7743.843734115404
4_0,319,41.330589,19.819849,7759.76592396863
4_0,320,41.330549,19.819553,7784.93408056201
4_0,321,41.330479999999994,19.819044,7828.2157343609015
4_0,322,41.330344,19.818028,7914.598972051146
4_0,323,41.330332,19.817947,7921.507579333596
4_0,324,41.330302,19.81776,7937.5082105055
4_0,325,41.330284,19.817643,7947.501855961728
4_0,326,41.330173,19.81692,8009.254594299638
4_0,327,41.330156,19.816851,8015.3298894062655
4_0,328,41.33010600000001,19.816703,8029.191094890413
4_0,329,41.33006300000001,19.816622,8037.5414076160005
4_0,330,41.33005,19.816601,8039.81564816238
4_0,331,41.330010999999985,19.816538,8046.638371467115
4_0,332,41.329882,19.816393,8065.410806632388
4_0,333,41.3298,19.816329,8075.973913593953
4_0,334,41.329521,19.816189,8109.111837054037
4_0,335,41.329330000000006,19.816102,8131.533585575915
4_0,336,41.329280999999995,19.816021,8140.225737662632
4_0,337,41.32913399999999,19.815883,8160.228818343621
4_0,338,41.329114,19.815839,8164.528980225566
4_0,339,41.32910999999999,19.815749,8172.074334813554
4_0,340,41.329116000000006,19.815631,8181.972425040998
4_0,341,41.32923799999999,19.815284,8214.01717929685
4_0,342,41.329506,19.814968000000004,8253.851019420965
4_0,343,41.32953899999999,19.81493,8258.702698883328
4_0,344,41.329783,19.814643000000004,8295.109479728037
4_0,345,41.330026000000004,19.814337,8332.362799304721
4_0,346,41.330090999999996,19.814246,8342.854939751804
4_0,347,41.33048299999999,19.813686,8406.820183916034
4_0,348,41.330566000000005,19.813556,8421.078253866177
4_0,349,41.331022999999995,19.812735,8506.494872580839
4_0,350,41.331065,19.812655,8514.65397302995
4_0,351,41.33111000000001,19.812574,8523.075135561892
4_0,352,41.331459,19.811938,8588.919269458022
4_0,353,41.33154,19.811793,8604.023461015424
4_0,354,41.331600999999985,19.811682,8615.519757750813
4_0,355,41.331891,19.811162,8669.759283057743
4_0,356,41.33205199999998,19.810861,8700.650872346454
4_0,357,41.332519,19.809995,8789.808429940063
4_0,358,41.33256699999999,19.809900000000003,8799.379758221223
4_0,359,41.332648999999996,19.809676,8820.219704009893
4_0,360,41.332932,19.808705,8907.369028105672
4_0,361,41.332982,19.80853,8923.03115198866
4_0,362,41.333116999999994,19.808074,8964.030575055554
4_0,363,41.33341241013059,19.807053378083324,9055.530265250487
4_0,364,41.33351875709057,19.806715601738276,9086.164594937309
4_0,365,41.33367868080895,19.80647823081433,9112.826765421642
4_0,366,41.33397257058383,19.806263758891458,9150.570481452747
4_0,367,41.33425646093365,19.806106355582443,9184.732404563803
4_0,368,41.333645643204584,19.805135487831638,9290.576755544376
4_0,369,41.333445981380876,19.804765282218266,9328.672302722349
4_0,370,41.333324,19.80434,9366.86208245731
4_0,371,41.333316,19.804288,9371.303517518998
4_0,372,41.33330699999999,19.80425,9374.636916067999
4_0,373,41.33330600000001,19.804137000000004,9384.094170774959
4_0,374,41.33333499999999,19.803748000000002,9416.807158937063
4_0,375,41.333408,19.803485,9440.264953001257
4_0,376,41.33374100000001,19.802512000000004,9529.736271137077
4_0,377,41.333838,19.802233,9555.45955854769
4_0,378,41.333861,19.802165,9561.696932929863
4_0,379,41.3339,19.802054,9571.945767243848
4_0,380,41.33414799999999,19.801342000000005,9637.6467011657
4_0,381,41.334157999999995,19.801313,9640.315508785015
4_0,382,41.33430500000001,19.800893,9679.20003210657
4_0,383,41.33460699999999,19.800026,9759.128656736395
4_0,384,41.334925999999996,19.79911,9843.575363267619
4_0,385,41.335323,19.797968,9948.837006033455
4_0,386,41.335355,19.797877000000003,9957.252365681137
4_0,387,41.33538499999999,19.797792,9965.106783661473
4_0,388,41.335449,19.797612,9981.76188454283
4_0,389,41.335594,19.797196,10020.154051629146
4_0,390,41.33576300000001,19.796713,10064.716464350357
4_0,391,41.336170999999986,19.795538,10172.985149598539
4_0,392,41.336469,19.794678,10252.235753951707
4_0,393,41.336865,19.793539,10357.205082512632
4_0,394,41.33702399999999,19.793082,10399.413679224626
4_0,395,41.33704,19.793036,10403.65320806732
4_0,396,41.337089,19.792895,10416.66352162737
4_0,397,41.33715399999999,19.79271,10433.744251080658
4_0,398,41.337201,19.792576,10446.112429609784
4_0,399,41.33729499999999,19.792306,10471.000603385695
4_0,400,41.337630004097996,19.791344004854647,10559.704023364524
4_0,401,41.33796499999999,19.790382,10648.385290924265
4_0,402,41.337973,19.790360000000003,10650.429352364448
4_0,403,41.338015999999996,19.790235,10661.927528183252
4_0,404,41.338079,19.790059,10678.23206345582
4_0,405,41.338201,19.789706,10710.749433412406
4_0,406,41.3384350018723,19.789056002293037,10771.028548026914
4_0,407,41.338669,19.788406,10831.312805165098
4_0,408,41.338772,19.788116,10858.139708104976
4_0,409,41.338983,19.787525,10912.864682394125
4_0,410,41.33905,19.78731,10932.335919963849
4_0,411,41.33924700000001,19.786706,10987.413669697993
4_0,412,41.339462999999995,19.786157,11039.242107314589
4_0,413,41.33929100000001,19.785991,11062.856844161903
4_0,414,41.33887399999999,19.785652,11117.155830980659
4_0,415,41.33872900000001,19.785494,11137.988411615557
4_0,416,41.33861399999999,19.785375,11154.180830375079
4_0,417,41.338463,19.785232,11174.778790694916
4_0,418,41.33820999999999,19.785026,11207.75302721601
4_0,419,41.337699500726174,19.784610996788754,11274.231357521185
4_0,420,41.337189,19.784196,11340.706950035761
4_0,421,41.33649,19.783614,11432.33900874785
4_0,422,41.33640099999999,19.783534,11444.275259098778
4_0,423,41.336284,19.783442,11459.375795743299
4_0,424,41.336105999999994,19.783331,11481.217867050565
4_0,425,41.336006999999995,19.783272,11493.26780402673
4_0,426,41.33576599999999,19.783138,11522.280737847079
4_0,427,41.335571,19.783059000000005,11544.939662233812
4_0,428,41.33531599999999,19.782957,11574.511071835634
4_0,429,41.33527999999999,19.782944,11578.653560867244
4_0,430,41.335212,19.782921,11586.445088437655
4_0,431,41.334803,19.78283,11632.531371996905
4_0,432,41.33460099999999,19.782798,11655.258906554882
4_0,433,41.33445799999999,19.782791,11671.147018650165
4_0,434,41.334051,19.782799000000004,11716.403339154771
4_0,435,41.333869,19.782816,11736.660839589897
4_0,436,41.333672,19.782855,11758.77593485043
4_0,437,41.33345,19.78292,11784.030706345637
4_0,438,41.333395,19.782941,11790.423655245282
4_0,439,41.333112,19.783046,11823.058238003967
4_0,440,41.332609,19.783282,11882.308566716607
4_0,441,41.33213200000001,19.783552,11939.903189669265
4_0,442,41.33162299999999,19.783824,12000.840166978194
4_0,443,41.331556000000006,19.783858,12008.804803275618
4_0,444,41.331373000000006,19.783953,12030.640357795592
4_0,445,41.330786999999994,19.784256,12100.472036229366
4_0,446,41.33038299999998,19.784457,12148.378707060885
4_0,447,41.330203,19.784547,12169.736905352791
4_0,448,41.33001,19.784647,12192.74201912536
4_0,449,41.32993900000001,19.784635,12200.688864717196
4_0,450,41.329737,19.784549,12224.28449154081
4_0,451,41.32956300000001,19.784397,12247.536950152817
4_0,452,41.32951299999999,19.784333,12255.251152674891
4_0,453,41.329325999999995,19.783671,12314.447150466314
4_0,454,41.329251,19.783405,12338.215742726938
4_0,455,41.329302999999996,19.783338,12346.264142767735
4_0,456,41.329329,19.783263,12353.17306354395
4_0,457,41.329337,19.783181,12360.09306747706
4_0,458,41.329325,19.783099,12367.083966727016
4_0,459,41.32934100000001,19.783039000000002,12372.41047308194
4_0,460,41.329361000000006,19.782997,12376.713831796491
4_0,461,41.329423999999996,19.782902,12387.30359009113
4_0,462,41.329603,19.782611,12418.73806195404
4_0,463,41.329799,19.78231,12452.581631232793
4_0,464,41.32984,19.782242,12460.992970342828
4_0,465,41.330093,19.781849,12504.246663562044
4_0,466,41.330122,19.781804,12509.201573047772
4_0,467,41.33016099999999,19.781744,12515.832227209434
4_0,468,41.330733,19.780856,12613.600641551924
4_0,469,41.33092099999999,19.780563,12645.816301073466
4_0,470,41.330935000000004,19.780541,12648.225904224044
4_0,471,41.331019000000005,19.780411,12662.556028162671
4_0,472,41.33108399999999,19.780314,12673.418134594918
4_0,473,41.331217999999986,19.780111,12696.406697109172
4_0,474,41.33122199999999,19.780106,12697.016896087569
4_0,475,41.331281000000004,19.780017,12706.936132071258
4_0,476,41.331666501523976,19.779436503415056,12771.790657851452
4_0,477,41.33205199999999,19.778856,12836.586853837485
4_0,478,41.33211999999999,19.778754,12847.982945622403
4_0,479,41.332216,19.778608,12864.483506411181
4_0,480,41.332286,19.778503,12876.214761514528
4_0,481,41.33295999999999,19.777498,12988.86828826908
4_0,482,41.333021,19.777407,12999.059871953901
4_0,483,41.333384,19.776866000000002,13059.680136297598
4_0,484,41.333424,19.776807,13066.321193419151
4_0,485,41.333901502325496,19.776090005225395,13146.412655061094
4_0,486,41.334379000000006,19.775373,13226.482741410136
4_0,487,41.33447399999999,19.775240000000004,13241.81699803323
4_0,488,41.334513999999984,19.77518,13248.520449182057
4_0,489,41.33508500328479,19.77432800742626,13343.930663939242
4_0,490,41.33565600000001,19.773476,13439.346387381558
4_0,491,41.33575299999999,19.77333,13455.633459896975
4_0,492,41.33597899999999,19.77299,13493.570255678744
4_0,493,41.336038,19.772848,13507.225363858717
4_0,494,41.33656299999999,19.772085,13593.685354944442
4_0,495,41.336697,19.77194,13612.884320856192
4_0,496,41.336984,19.771517,13660.512368365988
4_0,497,41.337023,19.77146,13666.95461500451
4_0,498,41.337067,19.771393,13674.419497196948
4_0,499,41.33720700000001,19.771185,13697.756005307212
4_0,500,41.33720999999999,19.771181,13698.22822727504
4_0,501,41.33732700000001,19.771012,13717.43137917576
4_0,502,41.33745499999999,19.770775,13741.830404828044
4_0,503,41.338084,19.769865,13845.161717752451
4_0,504,41.338266000000004,19.769612,13874.428937178944
4_0,505,41.33831200000001,19.769535,13882.666869662839
4_0,506,41.33845000000001,19.769313,13906.747582676498
4_0,507,41.33854,19.769171,13922.312371948303
4_0,508,41.33914299999999,19.768299,14021.344300653253
4_0,509,41.339432,19.767907,14067.231838319914
4_0,510,41.33964,19.767622,14100.43093020595
4_0,511,41.34013550243605,19.76688850554979,14182.862131638934
4_0,512,41.34063099999999,19.766155,14265.28838334061
4_0,513,41.340905,19.765727,14312.279595622087
4_0,514,41.340818,19.765637,14324.528068815202
4_0,515,41.34071800000001,19.765533,14338.63534193949
4_0,516,41.340661999999995,19.765475,14346.522974180782
5_0,1,41.330103,19.816705,0
5_0,2,41.33006300000001,19.816622,8.303946719889733
5_0,3,41.329953999999994,19.816466,26.106077431107067
5_0,4,41.3298,19.816329,46.692973445612296
5_0,5,41.329330000000006,19.816102,102.23863424382014
5_0,6,41.329280999999995,19.816021,110.93078633053732
5_0,7,41.329133999999996,19.815884,130.88566166199246
5_0,8,41.329109,19.815803,138.21096935399993
5_0,9,41.329116000000006,19.815631,152.62694587900563
5_0,10,41.32923799999999,19.815284,184.67170013485875
5_0,11,41.329783,19.814643000000004,265.57563117232803
5_0,12,41.330027,19.814337,302.909440335444
5_0,13,41.330090999999996,19.814246,313.3255221978718
5_0,14,41.33048299999999,19.813686,377.2907663621015
5_0,15,41.33052500000001,19.813624,384.26710421164006
5_0,16,41.330774999999996,19.813197,429.5647093490967
5_0,17,41.331065,19.812655,485.209119233862
5_0,18,41.331459,19.811938,559.4735095730548
5_0,19,41.33154,19.811793,574.5777011304572
5_0,20,41.331600999999985,19.811682,586.0739978658461
5_0,21,41.33189200000001,19.811162,640.3795074692016
5_0,22,41.33203999999999,19.81088,669.1404228511005
5_0,23,41.332058,19.810847,672.5494074239464
5_0,24,41.332221000000004,19.810545,703.6390608027087
5_0,25,41.33256699999999,19.809900000000003,769.9779977588593
5_0,26,41.332648999999996,19.809676,790.8179435475297
5_0,27,41.332883002831,19.808875002811106,862.7130156626467
5_0,28,41.333116999999994,19.808074,934.6578159920513
5_0,29,41.33313999999999,19.807996,942.0224726415421
5_0,30,41.333273,19.807542,982.8731099284981
5_0,31,41.33337900000001,19.807181,1015.3016028382361
5_0,32,41.33346800000001,19.806878,1042.5160358121093
5_0,33,41.333528,19.806723,1057.0980962228498
5_0,34,41.333537,19.8067,1059.266814765251
5_0,35,41.333608999999996,19.806574,1072.5360386871255
5_0,36,41.333711,19.806449,1087.9530409692334
5_0,37,41.33416299999998,19.806134,1144.9721302650662
5_0,38,41.33424399999999,19.806085,1154.8562613802367
5_0,39,41.33412299999999,19.805847,1178.8818751209396
5_0,40,41.333919,19.805529,1213.8279396607634
5_0,41,41.33368,19.805176,1253.7728298080476
5_0,42,41.333492,19.804852000000004,1288.086811133987
5_0,43,41.333383,19.804556,1315.6563151609544
5_0,44,41.333324999999995,19.80434,1335.0618700384894
5_0,45,41.33330699999999,19.80425,1342.8543177884524
5_0,46,41.333308,19.804019,1362.1862761925606
5_0,47,41.33333499999999,19.803748000000002,1385.062653743187
5_0,48,41.333361,19.803631,1395.2781309657535
5_0,49,41.333740999999996,19.802513,1497.9505898370758
5_0,50,41.333838,19.802233,1523.7498611688297
5_0,51,41.334086,19.801521,1589.450843794251
5_0,52,41.33430500000001,19.800893,1647.4462704196592
5_0,53,41.33460699999999,19.800026,1727.3748950494842
5_0,54,41.334925999999996,19.79911,1811.8216015807086
5_0,55,41.335323,19.797968,1917.083244346544
5_0,56,41.33534900000001,19.797895,1923.8548949765352
5_0,57,41.335594,19.797196,1988.387892610875
5_0,58,41.33576299999999,19.796714,2032.874415811247
5_0,59,41.335862,19.79643,2059.067223916942
5_0,60,41.33616550339747,19.79555400400449,2139.750283302692
5_0,61,41.336469,19.794678,2220.471882467846
5_0,62,41.336865,19.793539,2325.441211028771
5_0,63,41.33702499999999,19.79308,2367.847898297068
5_0,64,41.33715399999999,19.79271,2401.969184981078
5_0,65,41.337295,19.792307,2439.1495852141707
5_0,66,41.33763400419655,19.791333504971337,2528.9125873994726
5_0,67,41.337973,19.790360000000003,2618.6536987219356
5_0,68,41.338201,19.789706,2678.9632393327875
5_0,69,41.3384350018723,19.789056002293037,2739.2423539472948
5_0,70,41.338669,19.788406,2799.526611085478
5_0,71,41.338732,19.788224,2816.2859316508766
5_0,72,41.33896200000001,19.787564,2877.1345388499276
5_0,73,41.33905,19.78731,2900.5297280335676
5_0,74,41.339242000000006,19.786718,2954.4656599723407
5_0,75,41.33945299999999,19.786188,3004.6285453835485
5_0,76,41.33973399999999,19.785527,3068.1331255901246
5_0,77,41.339875,19.785286,3093.6630683739877
5_0,78,41.340012,19.78503,3119.9360320913024
5_0,79,41.34010299999999,19.784758,3144.8777190228043
5_0,80,41.34026999999999,19.784156,3198.5562331431897
5_0,81,41.340537,19.783366,3271.0058387582344
5_0,82,41.340595,19.783164,3289.196606571768
5_0,83,41.34064,19.78303,3301.4722306932995
5_0,84,41.340678000000004,19.782842,3317.7596017907895
5_0,85,41.34066,19.782665,3332.766536876918
5_0,86,41.340703,19.782528,3345.1848155313332
5_0,87,41.340733,19.782429,3354.113479206663
5_0,88,41.34095499999999,19.781816,3411.0452320821905
5_0,89,41.340982,19.781743,3417.849643429095
5_0,90,41.341254,19.781003000000002,3486.763835115179
5_0,91,41.341337,19.780897,3499.554388890086
5_0,92,41.341513,19.780575,3532.8402332240007
5_0,93,41.341679,19.780193,3569.740399278343
5_0,94,41.34191750185347,19.77954650232593,3629.9709186448367
5_0,95,41.342155999999996,19.7789,3690.2079046928743
5_0,96,41.34248300000001,19.777989,3774.6517570014785
5_0,97,41.342535999999996,19.777888,3784.9498993547354
5_0,98,41.342758,19.777632,3817.684700907718
5_0,99,41.342806,19.777542,3826.9105044667267
5_0,100,41.34307899999999,19.777075,3876.364749275828
5_0,101,41.343492999999995,19.776357,3952.016644774147
5_0,102,41.34351499999999,19.77632,3955.9601851269767
5_0,103,41.343565999999996,19.776118,3973.826694456992
5_0,104,41.343562999999996,19.775914,3990.89946257814
5_0,105,41.343472999999996,19.775717,4010.17563844174
5_0,106,41.343402,19.775478000000003,4031.6995876109627
5_0,107,41.343410000000006,19.775358,4041.7797179859713
5_0,108,41.343438000000006,19.775228,4053.0929157122087
5_0,109,41.343490999999986,19.775033,4070.4381226528008
5_0,110,41.343706999999995,19.774872,4097.945330207979
5_0,111,41.343751999999995,19.77489,4103.167605971243
5_0,112,41.34379800000001,19.774874,4108.447558534196
5_0,113,41.34383699999999,19.774804,4116.321378378535
5_0,114,41.343832000000006,19.774728,4122.704772294835
5_0,115,41.343795,19.774675,4128.749885316123
5_0,116,41.34378199999999,19.774427,4149.551138925687
5_0,117,41.34404700264239,19.77365450308267,4220.574995247265
5_0,118,41.34431199999999,19.772882,4291.617518898865
5_0,119,41.34459450301372,19.772057003509428,4367.450086840626
5_0,120,41.344877,19.771232000000005,4443.2780128352215
5_0,121,41.34523599999999,19.770182,4539.753424910582
5_0,122,41.345322,19.769934,4562.610705091015
5_0,123,41.345371,19.769793,4575.6030181847345
5_0,124,41.34565050290219,19.76898350340762,4650.121495619538
5_0,125,41.34593,19.768174,4724.6251564638305
5_0,126,41.34627299999999,19.76718,4816.100745224916
5_0,127,41.346385000000005,19.766857,4845.872734237569
5_0,128,41.34639399999998,19.76683,4848.342981449271
5_0,129,41.346529,19.766442,4884.100464431046
5_0,130,41.346825,19.765601,4961.763890818732
5_0,131,41.346962999999995,19.765198,4998.840405545574
5_0,132,41.347221,19.764446,5068.073640423557
5_0,133,41.34753550360436,19.763544004273506,5151.232332393517
5_0,134,41.347849999999994,19.762642,5234.391962323932
5_0,135,41.34792499999999,19.762427,5254.218152458644
5_0,136,41.34833499999999,19.761241,5363.397918120684
5_0,137,41.348692,19.760204,5458.789672811506
5_0,138,41.349059999999994,19.759152,5555.837346311973
5_0,139,41.349377999999994,19.758241,5639.842863413116
5_0,140,41.349418,19.758125,5650.51613659681
5_0,141,41.34954299999999,19.757786,5682.108018180531
5_0,142,41.349854503478625,19.75690000415852,5763.9151980704755
5_0,143,41.35016600000001,19.756014,5845.719428899149
5_0,144,41.35049099999999,19.755105,5929.898904021599
5_0,145,41.350899,19.75385,6044.257395851673
5_0,146,41.351258004709685,19.75281900557567,6139.280173376218
5_0,147,41.35161699999999,19.751788,6234.302974579644
5_0,148,41.351631999999995,19.751744,6238.455901986095
5_0,149,41.351884502348085,19.751016002768818,6305.507860810972
5_0,150,41.35213699999999,19.750288,6372.559980704373
5_0,151,41.35223899999999,19.749992,6399.791131594255
5_0,152,41.35237399999999,19.749604,6435.546112963189
5_0,153,41.352498,19.749246000000003,6468.514801622673
5_0,154,41.352594,19.748969,6494.023229922775
5_0,155,41.352668999999985,19.748752,6513.998134262117
5_0,156,41.352735,19.748668,6524.1514028982865
5_0,157,41.352815,19.748447,6544.663831629132
5_0,158,41.35285100000001,19.748347,6553.935916163739
5_0,159,41.35286,19.748203,6566.0247180594315
5_0,160,41.35294900000001,19.747944,6589.849107734192
5_0,161,41.353093,19.747529,6628.073532313506
5_0,162,41.353239,19.747107,6666.922754573975
5_0,163,41.353336,19.746826,6692.78141307287
5_0,164,41.35363100322744,19.745972503792185,6771.340809776135
5_0,165,41.353926,19.745119,6849.906194076843
5_0,166,41.35432699999999,19.743968,6956.032427044817
5_0,167,41.354420999999995,19.743693,6981.388858824334
5_0,168,41.35466699999999,19.742979,7047.088665870334
5_0,169,41.35471900000001,19.743008,7053.35134011413
5_0,170,41.35466699999999,19.742979,7059.614014357926
5_0,171,41.354796999999984,19.742608,7093.855962408899
5_0,172,41.35521076884146,19.741417522259503,7203.538229002805
5_0,173,41.3556245251223,19.740227029679154,7313.2216648774365
5_0,174,41.356038268842006,19.739036522259227,7422.9054631576055
5_0,175,41.356452000000004,19.737846,7532.5894898213655
5_0,176,41.356717002600014,19.73708000305738,7603.122197180157
5_0,177,41.356982,19.736314,7673.6367411226465
5_0,178,41.357086999999986,19.736012,7701.461477068485
5_0,179,41.35741000372368,19.73509550446079,7786.106200552198
5_0,180,41.357732999999996,19.734179,7870.7509399853325
5_0,181,41.358044503664836,19.733269504266033,7954.328542596462
5_0,182,41.35835599999999,19.73236,8037.906145207592
5_0,183,41.358469,19.73203,8068.235679808615
5_0,184,41.358686,19.731407,8125.655091056927
5_0,185,41.35913300000001,19.730123,8243.983088156634
5_0,186,41.359422503126744,19.729283003662353,8321.257035554409
5_0,187,41.359711999999995,19.728443,8398.53019096023
5_0,188,41.359988,19.727647,8471.834629101182
5_0,189,41.360148,19.727191,8513.918787509612
5_0,190,41.360179,19.727103,8522.045250313024
5_0,191,41.36026499999999,19.72685,8545.26397971212
5_0,192,41.360352999999996,19.726593,8568.87910606115
5_0,193,41.360563,19.725978,8625.363354619461
5_0,194,41.36076899999999,19.725349,8682.737479181971
5_0,195,41.361,19.724527,8756.13217297662
5_0,196,41.36134500809792,19.72317150698184,8875.873772288745
5_0,197,41.36169000000001,19.721816,8995.583495811212
5_0,198,41.361774999999994,19.721483,9024.994899271598
5_0,199,41.36197900274094,19.720694502402704,9094.734904173665
5_0,200,41.362182999999995,19.719906,9164.475993093616
5_0,201,41.362268,19.719572,9193.966449721765
5_0,202,41.36228,19.719532,9197.568016227106
5_0,203,41.362516,19.71861,9279.042630370152
5_0,204,41.362598000000006,19.718279,9308.199203839571
5_0,205,41.362633,19.718141,9320.379573412327
5_0,206,41.36269599999999,19.717892,9342.351798041425
5_0,207,41.362739999999995,19.717718,9357.721893776834
5_0,208,41.362966,19.716828,9436.287966921898
5_0,209,41.363013,19.716641,9452.778086875762
5_0,210,41.363227003099105,19.715802502679008,9526.836749946493
5_0,211,41.363441,19.714964,9600.893382841661
5_0,212,41.363516,19.714668,9627.017463252872
5_0,213,41.363603,19.714352,9655.160493699605
5_0,214,41.363648999999995,19.714184,9670.11578552619
5_0,215,41.36373900000001,19.714018,9687.223500981867
5_0,216,41.363804,19.713962,9695.827559381067
5_0,217,41.363885999999994,19.713922,9705.52756961337
5_0,218,41.36402799999999,19.713909,9721.33161819053
5_0,219,41.364898,19.7141,9819.247509763305
5_0,220,41.365081,19.714109000000004,9839.58037222386
5_0,221,41.365148,19.714079,9847.43138824501
5_0,222,41.365241,19.713988,9860.26571627659
5_0,223,41.365482,19.713643,9899.620974514019
5_0,224,41.365951502747436,19.712862505587633,9983.167429528079
5_0,225,41.366421,19.712082,10066.720069494802
5_0,226,41.366527,19.71193,10084.049436752053
5_0,227,41.36690600179568,19.711299003646598,10151.554444487434
5_0,228,41.367285,19.710668,10219.063929519936
5_0,229,41.367887,19.709716,10323.029212455205
5_0,230,41.36819599999999,19.709224,10376.63687725388
5_0,231,41.368436,19.708805,10420.72389853395
5_0,232,41.368697999999995,19.708225,10477.293090115663
5_0,233,41.368769,19.708067,10492.68136422857
5_0,234,41.368806,19.707985,10500.676332383839
5_0,235,41.368920999999986,19.707718,10526.401589759958
5_0,236,41.36915199999999,19.707214,10575.750296524195
5_0,237,41.369467,19.706542,10641.95596085271
5_0,238,41.369512,19.706441,10651.778345453196
5_0,239,41.369696999999995,19.706021,10692.472662731003
5_0,240,41.369907,19.70559,10735.405749724232
5_0,241,41.370149999999995,19.70516,10780.384083566365
5_0,242,41.37026599999999,19.704958,10801.62904010689
5_0,243,41.370309999999996,19.704877,10809.981719258241
5_0,244,41.37042900000001,19.70466,10832.50306779308
5_0,245,41.370642999999994,19.7043,10870.860387783825
5_0,246,41.370719,19.704076,10891.408562710325
5_0,247,41.370751000000006,19.703768,10917.582790010889
5_0,248,41.37076400000001,19.70309,10974.312982048137
5_0,249,41.370751999999996,19.702912,10989.260511961154
5_0,250,41.370723,19.702786,11000.280162470583
5_0,251,41.37065900000001,19.702546,11021.59853129626
5_0,252,41.37063899999999,19.702471,11028.253044707604
5_0,253,41.370599,19.702332,11040.698556118092
5_0,254,41.370489,19.70195,11074.930453164687
5_0,255,41.37037699999999,19.701571,11108.984381369337
5_0,256,41.370317,19.701428,11122.67524707212
5_0,257,41.370221,19.701263000000004,11140.113128515643
5_0,258,41.370146,19.7012,11149.967731493527
5_0,259,41.370005,19.70112,11167.382318357542
5_0,260,41.369392,19.70102,11236.005927863729
5_0,261,41.36925200000001,19.700926,11253.42578436868
5_0,262,41.369201000000004,19.700841,11262.514929655123
5_0,263,41.369181999999995,19.700701,11274.413414718478
5_0,264,41.36921499999999,19.700454,11295.395955746724
5_0,265,41.369422,19.699379000000004,11388.205952329834
5_0,266,41.369423,19.699372,11388.801884096883
5_0,267,41.369581,19.69855,11459.76168524307
5_0,268,41.36971800231141,19.69782450146712,11522.329179616638
5_0,269,41.369854999999994,19.697099,11584.894637756282
5_0,270,41.36988499999999,19.696943,11598.361231823199
5_0,271,41.370026999999986,19.696205,11662.07344677573
5_0,272,41.37017199999998,19.695453,11727.002045302981
5_0,273,41.370389,19.694341,11823.082178731496
5_0,274,41.37048099999999,19.693864,11864.26746416531
5_0,275,41.370704,19.692641,11969.515608078551
5_0,276,41.37071999999999,19.692554,11977.015215646206
5_0,277,41.370839999999994,19.691908,12032.665722878723
5_0,278,41.37090899999999,19.691531,12065.11623577289
5_0,279,41.37101599999999,19.690954,12114.81945134335
5_0,280,41.370921,19.690896,12126.429658866606
5_0,281,41.370792,19.690874,12140.872629259955
5_0,282,41.37071399999999,19.690876,12149.534821712758
5_0,283,41.370583999999994,19.690918,12164.39044282391
5_0,284,41.370195,19.691112,12210.531040242675
5_0,285,41.37007400000001,19.691114,12223.96707725523
5_0,286,41.369936,19.691074,12239.650643931796
5_0,287,41.369192999999996,19.69083,12324.635787218827
5_0,288,41.36835099999999,19.690584000000005,12420.367359873777
5_0,289,41.368158,19.690531,12442.2522619195
5_0,290,41.368144,19.690164,12472.989172735868
5_0,291,41.368117999999996,19.689509,12527.853134305195
5_0,292,41.36798400000001,19.689521,12542.765377857266
5_0,293,41.367845,19.68953,12558.21731623777
5_0,294,41.367702,19.689542,12574.126732381217
5_0,295,41.367555,19.689492,12591.01715715267
5_0,296,41.36740799999999,19.689454,12607.645621319673
5_0,297,41.36725999999999,19.689352,12626.161333753998
5_0,298,41.36723500000001,19.688814,12671.346444455901
5_0,299,41.3671654950553,19.68881995756674,12679.079860722182
5_1,1,41.3671654950553,19.68881995756674,0
5_1,2,41.367165,19.68882,0.05508196222036118
5_1,3,41.36723500000001,19.688814,7.843580190721007
5_1,4,41.36725999999999,19.689352,53.028690892624475
5_1,5,41.36740799999999,19.689454,71.54440332695009
5_1,6,41.367555,19.689492,88.17286749395254
5_1,7,41.367702,19.689542,105.06329226540544
5_1,8,41.367845,19.68953,120.97270840885379
5_1,9,41.36798400000001,19.689521,136.42464678935755
5_1,10,41.368011,19.690171,190.8770896731474
5_1,11,41.368037,19.690503,218.79684242674594
5_1,12,41.368158,19.690531,232.4344440209301
5_1,13,41.36835099999999,19.690584000000005,254.31934606665467
5_1,14,41.369192999999996,19.69083,350.0509187216047
5_1,15,41.369936,19.691074,435.0360620086355
5_1,16,41.37007400000001,19.691114,450.71962868520114
5_1,17,41.370195,19.691112,464.1556656977576
5_1,18,41.370583999999994,19.690918,510.29626311652316
5_1,19,41.37071399999999,19.690876,525.1518842276747
5_1,20,41.370792,19.690874,533.814076680477
5_1,21,41.370921,19.690896,548.2570470738272
5_1,22,41.37101599999999,19.690954,559.8672545970824
5_1,23,41.370943999999994,19.691342,593.2970764818048
5_1,24,41.370839999999994,19.691908,642.0341715725809
5_1,25,41.37071999999999,19.692554,697.684678805097
5_1,26,41.370704,19.692641,705.1842863727516
5_1,27,41.37048099999999,19.693864,810.4324302859919
5_1,28,41.370389,19.694341,851.6177157198067
5_1,29,41.37017199999998,19.695453,947.6978491483221
5_1,30,41.370026999999986,19.696205,1012.6264476755739
5_1,31,41.36988499999999,19.696943,1076.338662628105
5_1,32,41.369854999999994,19.697099,1089.8052566950219
5_1,33,41.36966099999999,19.698127,1178.4502537083588
5_1,34,41.369581,19.69855,1214.9420394465328
5_1,35,41.369423,19.699372,1285.9018405927184
5_1,36,41.36921499999999,19.700454,1379.3065794492388
5_1,37,41.369181999999995,19.700701,1400.2891204774846
5_1,38,41.369201000000004,19.700841,1412.1876055408404
5_1,39,41.36925200000001,19.700926,1421.2767508272832
5_1,40,41.369392,19.70102,1438.696607332234
5_1,41,41.370005,19.70112,1507.320216838421
5_1,42,41.370146,19.7012,1524.7348037024362
5_1,43,41.370221,19.701263000000004,1534.5894066803212
5_1,44,41.370317,19.701428,1552.0272881238432
5_1,45,41.37037699999999,19.701571,1565.7181538266261
5_1,46,41.370489,19.70195,1599.7720820312773
5_1,47,41.370599,19.702332,1634.0039790778728
5_1,48,41.37063899999999,19.702471,1646.4494904883604
5_1,49,41.37065900000001,19.702546,1653.1040038997044
5_1,50,41.370723,19.702786,1674.4223727253825
5_1,51,41.370751999999996,19.702912,1685.4420232348107
5_1,52,41.37076400000001,19.70309,1700.3895531478277
5_1,53,41.370751000000006,19.703768,1757.119745185075
5_1,54,41.370719,19.704076,1783.2939724856392
5_1,55,41.370642999999994,19.7043,1803.8421474121394
5_1,56,41.37042900000001,19.70466,1842.1994674028826
5_1,57,41.370309999999996,19.704877,1864.7208159377221
5_1,58,41.37026599999999,19.704958,1873.0734950890733
5_1,59,41.370149999999995,19.70516,1894.3184516296
5_1,60,41.369907,19.70559,1939.2967854717335
5_1,61,41.369696999999995,19.706021,1982.2298724649631
5_1,62,41.369467,19.706542,2032.7401639906545
5_1,63,41.369417999999996,19.706648,2043.1495654793375
5_1,64,41.36915199999999,19.707214,2098.9499694118867
5_1,65,41.368920999999986,19.707718,2148.298676176123
5_1,66,41.368806,19.707985,2174.0239335522424
5_1,67,41.368769,19.708067,2182.01890170751
5_1,68,41.368697999999995,19.708225,2197.4071758204173
5_1,69,41.368436,19.708805,2253.97636740213
5_1,70,41.36819599999999,19.709224,2298.0633886821997
5_1,71,41.367887,19.709716,2351.671053480875
5_1,72,41.367285,19.710668,2455.636336416144
5_1,73,41.36690600179568,19.711299003646598,2523.1458214486465
5_1,74,41.366527,19.71193,2590.6508291840264
5_1,75,41.366421,19.712082,2607.9801964412773
5_1,76,41.365951502747436,19.712862505587633,2691.5328364080005
5_1,77,41.365482,19.713643,2775.079291422061
5_1,78,41.365241,19.713988,2814.434549659489
5_1,79,41.365148,19.714079,2827.2688776910695
5_1,80,41.365081,19.714109000000004,2835.11989371222
5_1,81,41.364898,19.7141,2855.452756172775
5_1,82,41.36402799999999,19.713909,2953.3686477455494
5_1,83,41.363885999999994,19.713922,2969.1726963227097
5_1,84,41.363804,19.713962,2978.872706555013
5_1,85,41.36373900000001,19.714018,2987.476764954213
5_1,86,41.363648999999995,19.714184,3004.58448040989
5_1,87,41.363603,19.714352,3019.539772236475
5_1,88,41.363593,19.714387,3022.670977948107
5_1,89,41.363516,19.714668,3047.6830615694375
5_1,90,41.363264504289596,19.715654503704048,3134.8007876622482
5_1,91,41.363013,19.716641,3221.918787521793
5_1,92,41.362966,19.716828,3238.408907475656
5_1,93,41.362739999999995,19.717718,3316.974980620721
5_1,94,41.36269599999999,19.717892,3332.345076356129
5_1,95,41.362682,19.717947,3337.2013667234874
5_1,96,41.362598000000006,19.718279,3366.497675469461
5_1,97,41.362516,19.71861,3395.6542489388808
5_1,98,41.36228,19.719532,3477.1288630819267
5_1,99,41.362268,19.719572,3480.730429587266
5_1,100,41.362182999999995,19.719906,3510.2208862154152
5_1,101,41.361833,19.721259,3629.8910807820816
5_1,102,41.361774999999994,19.721483,3649.7535118077476
5_1,103,41.36151667574186,19.7224976744935,3739.357580803695
5_1,104,41.36125834240845,19.723512341160266,3828.9586080334675
5_1,105,41.361,19.724527,3918.627157595901
5_1,106,41.36076899999999,19.725349,3992.0218513905497
5_1,107,41.360563,19.725978,4049.3959759530585
5_1,108,41.36037,19.726543,4101.291396588675
5_1,109,41.360352999999996,19.726593,4105.880251074426
5_1,110,41.360179,19.727103,4152.714062627222
5_1,111,41.360148,19.727191,4160.840525430633
5_1,112,41.359988,19.727647,4202.924683839062
5_1,113,41.359711999999995,19.728443,4276.229121980014
5_1,114,41.359422503126744,19.729283003662353,4353.5022773858345
5_1,115,41.35913300000001,19.730123,4430.776224783608
5_1,116,41.358686,19.731407,4549.1042218833145
5_1,117,41.358523999999996,19.731874,4592.1161136155615
5_1,118,41.358469,19.73203,4606.524540026201
5_1,119,41.3581010051152,19.733104505954117,4705.266158232787
5_1,120,41.357732999999996,19.734179,4804.005655224231
5_1,121,41.35741000372368,19.73509550446079,4888.650394657366
5_1,122,41.357086999999986,19.736012,4973.295118141079
5_1,123,41.356982,19.736314,5001.119854086917
5_1,124,41.356717002600014,19.73708000305738,5071.634398029408
5_1,125,41.356452000000004,19.737846,5142.167105388199
5_1,126,41.35605026776576,19.739002020987282,5248.672261581577
5_1,127,41.35564852368735,19.740158027983213,5355.177338435991
5_1,128,41.35524676776528,19.741314020987538,5461.682032678499
5_1,129,41.354845,19.74247,5568.185376268153
5_1,130,41.354796999999984,19.742608,5580.901251886912
5_1,131,41.35466699999999,19.742979,5615.1431999378865
5_1,132,41.354420999999995,19.743693,5680.843006983886
5_1,133,41.35432699999999,19.743968,5706.199438763404
5_1,134,41.353926,19.745119,5812.325671731377
5_1,135,41.35363100322744,19.745972503792185,5890.8910560320855
5_1,136,41.353336,19.746826,5969.45045273535
5_1,137,41.353239,19.747107,5995.309111234245
5_1,138,41.353093,19.747529,6034.158333494714
5_1,139,41.35294900000001,19.747944,6072.382758074029
5_1,140,41.35286,19.748203,6096.207147748789
5_1,141,41.352668999999985,19.748752,6146.7974863542695
5_1,142,41.352638000000006,19.74884,6154.930585924339
5_1,143,41.352594,19.748969,6166.777608662045
5_1,144,41.352498,19.749246000000003,6192.286036962148
5_1,145,41.35237399999999,19.749604,6225.25472562163
5_1,146,41.35223899999999,19.749992,6261.009706990565
5_1,147,41.35213699999999,19.750288,6288.240857880447
5_1,148,41.35190000206979,19.750971502439977,6351.191553296223
5_1,149,41.351663,19.751655,6414.142077148927
5_1,150,41.351631999999995,19.751744,6422.345231286518
5_1,151,41.351265504912796,19.75279700581355,6519.392049533879
5_1,152,41.350899,19.75385,6616.434986587609
5_1,153,41.35049099999999,19.755105,6730.793478417683
5_1,154,41.35016600000001,19.756014,6814.972953540134
5_1,155,41.349854503478625,19.75690000415852,6896.777184368807
5_1,156,41.34954299999999,19.757786,6978.5843642587515
5_1,157,41.349418,19.758125,7010.176245842473
5_1,158,41.349377999999994,19.758241,7020.8495190261665
5_1,159,41.349059999999994,19.759152,7104.855036127309
5_1,160,41.348692,19.760204,7201.902709627777
5_1,161,41.34833499999999,19.761241,7297.294464318598
5_1,162,41.348012,19.762174,7383.216471368896
5_1,163,41.34792499999999,19.762427,7406.491246813158
5_1,164,41.347573004514715,19.763436505353116,7499.565480440866
5_1,165,41.347221,19.764446,7592.635318011344
5_1,166,41.34688599999999,19.765425,7682.673964295118
5_1,167,41.346825,19.765601,7698.972709991836
5_1,168,41.346529,19.766442,7776.636136379521
5_1,169,41.34639399999998,19.76683,7812.393619361297
5_1,170,41.346385000000005,19.766857,7814.863866572998
5_1,171,41.34627299999999,19.76718,7844.635855585652
5_1,172,41.34593,19.768174,7936.111444346738
5_1,173,41.34565050290219,19.76898350340762,8010.61510519103
5_1,174,41.345371,19.769793,8085.133582625832
5_1,175,41.345279,19.770057,8109.480823682575
5_1,176,41.34523599999999,19.770182,8120.977993265173
5_1,177,41.344877,19.771232000000005,8217.453405340531
5_1,178,41.34459450301372,19.772057003509428,8293.281331335127
5_1,179,41.34431199999999,19.772882,8369.113899276888
5_1,180,41.34404700264239,19.77365450308267,8440.156422928489
5_1,181,41.34378199999999,19.774427,8511.180279250066
5_1,182,41.34370199999999,19.774683,8534.58239338615
5_1,183,41.343675,19.774729,8539.46109894271
5_1,184,41.34366800000001,19.774786000000002,8544.29342823159
5_1,185,41.343706999999995,19.774872,8552.699497715072
5_1,186,41.343751999999995,19.77489,8557.921773478334
5_1,187,41.34379800000001,19.774874,8563.201726041287
5_1,188,41.343862,19.774941,8572.252880560987
5_1,189,41.34391099999999,19.775032,8581.611121085101
5_1,190,41.34405799999998,19.775401,8616.53518979475
5_1,191,41.34409600000001,19.775497,8625.608491573357
5_1,192,41.344194,19.775738000000004,8648.537151151037
5_1,193,41.344226,19.775859,8659.266945283749
5_1,194,41.344198,19.7761,8679.670442945184
5_1,195,41.34413599999999,19.776136,8687.184531189763
5_1,196,41.344069,19.776067,8696.601125524541
5_1,197,41.34413599999999,19.776136,8706.01771985932
5_1,198,41.34394600000002,19.776268,8729.829946953609
5_1,199,41.343886999999995,19.776304,8737.281188823175
5_1,200,41.343795,19.776322,8747.606430183
5_1,201,41.343725,19.776302,8755.559201044704
5_1,202,41.343628,19.77621,8768.852631599715
5_1,203,41.343565999999996,19.776118,8779.179651598419
5_1,204,41.343562999999996,19.775914,8796.252419719567
5_1,205,41.343472999999996,19.775717,8815.528595583166
5_1,206,41.343343,19.7756,8832.96938894957
5_1,207,41.343129,19.775498,8858.21632298887
5_1,208,41.342959999999984,19.775446,8877.47833879389
5_1,209,41.342897,19.775458,8884.544958249824
5_1,210,41.342876,19.775464,8886.930036438487
5_1,211,41.34285700000001,19.775475,8889.231667409977
5_1,212,41.342789999999994,19.775549,8898.910491527065
5_1,213,41.342737,19.775608,8907.525072770442
5_1,214,41.342678,19.775722,8919.096804335455
5_1,215,41.342422,19.776457,8986.87491049742
5_1,216,41.342348,19.776668,9006.348620328457
5_1,217,41.342271999999994,19.776886000000005,9026.447134082737
5_1,218,41.342239,19.77702,9038.243161867786
5_1,219,41.342227999999984,19.777138,9048.4113709791
5_1,220,41.342244,19.777277,9060.17719223517
5_1,221,41.34217499999998,19.777542,9083.637430896355
5_1,222,41.341972,19.778117,9136.891970573672
5_1,223,41.341733000000005,19.778813,9200.894930473489
5_1,224,41.34154399999999,19.77936,9251.247278039127
5_1,225,41.341342,19.779968,9306.847858369745
5_1,226,41.341288,19.780185,9325.970010193612
5_1,227,41.34122199999999,19.780457,9349.880753557884
5_1,228,41.34118,19.780659,9367.418099257255
5_1,229,41.34115499999999,19.780888,9386.780154355185
5_1,230,41.34110499999999,19.781033,9400.123074051404
5_1,231,41.340712,19.782167,9504.56522053404
5_1,232,41.34060099999999,19.782487,9534.04217176857
5_1,233,41.34057999999999,19.782547,9539.577840905522
5_1,234,41.340454999999984,19.782697,9558.395007311969
5_1,235,41.340354000000005,19.782919,9580.13341508152
5_1,236,41.3400035037358,19.78383650485484,9666.211393826488
5_1,237,41.339653,19.784754,9752.286647092997
5_1,238,41.339382,19.78571,9837.767760476341
5_1,239,41.339276,19.78603,9867.017424974227
5_1,240,41.33909499999999,19.786604,9919.089425988846
5_1,241,41.338976,19.786979,9953.13813086656
5_1,242,41.33875,19.787699,10018.407416613314
5_1,243,41.338649,19.78802,10047.519060475384
5_1,244,41.338563,19.788292,10072.20184523381
5_1,245,41.338526,19.788399,10082.053090112795
5_1,246,41.338412,19.788726,10112.213121176292
5_1,247,41.33835799999999,19.788871,10125.747284325378
5_1,248,41.338215999999996,19.789291,10164.267503032937
5_1,249,41.338119,19.789571,10190.055506133403
5_1,250,41.337991,19.789942,10224.199425246046
5_1,251,41.33794400000001,19.790077,10236.669740093243
5_1,252,41.337627999999995,19.790986,10320.448234037633
5_1,253,41.33734700000001,19.791832,10397.870241868162
5_1,254,41.33695500548664,19.792945006574076,10500.676492661854
5_1,255,41.33656299999999,19.794058,10603.48295355964
5_1,256,41.336419,19.794465,10641.238687988234
5_1,257,41.336228999999996,19.795013,10691.867737257528
5_1,258,41.336045,19.795551,10741.325850304262
5_1,259,41.33592699999999,19.795891,10772.655903003371
5_1,260,41.33583500000001,19.796154,10796.961717327691
5_1,261,41.335763,19.796363,10816.191973975208
5_1,262,41.335549,19.796986,10873.491570560896
5_1,263,41.335307,19.79769,10938.262954997992
5_1,264,41.335223,19.797932,10960.558952984378
5_1,265,41.335162000000004,19.798104,10976.470582609132
5_1,266,41.335035000000005,19.798477,11010.722110228571
5_1,267,41.33466399999999,19.799544000000004,11109.063636287434
5_1,268,41.334447000000004,19.80016,11165.970554513004
5_1,269,41.334174,19.800944,11238.3458725893
5_1,270,41.334034,19.801347,11275.481051092493
5_1,271,41.334023,19.801379,11278.424356118623
5_1,272,41.33401599999999,19.801398,11280.194173445752
5_1,273,41.333848,19.801881,11324.802019923412
5_1,274,41.33370399999998,19.802298,11363.194504213236
5_1,275,41.333644,19.802468000000005,11378.90365884384
5_1,276,41.333263999999986,19.803564,11479.901362843144
5_1,277,41.333152999999996,19.803778,11501.644689198092
5_1,278,41.332947999999995,19.804006000000005,11531.345493828067
5_1,279,41.332874999999994,19.804046,11540.114720639795
5_1,280,41.33281699999999,19.804105,11548.22948449242
5_1,281,41.33273899999998,19.804268,11564.387430672909
5_1,282,41.332728,19.80446,11580.501776776451
5_1,283,41.332748,19.804553,11588.990516798074
5_1,284,41.332781,19.804629,11596.330642545856
5_1,285,41.332773999999986,19.804964,11624.376698689608
5_1,286,41.332602999999985,19.805608,11681.754919647914
5_1,287,41.33250399999999,19.805896,11708.245134533532
5_1,288,41.332415999999995,19.806152,11731.800714640312
5_1,289,41.332339999999995,19.806372,11752.053650183876
5_1,290,41.332162000000004,19.806884,11799.253164892725
5_1,291,41.331967999999996,19.807433,11850.008041091505
5_1,292,41.33187100000001,19.807705,11875.19049752816
5_1,293,41.331617502387886,19.80843950280422,11942.879826211807
5_1,294,41.33136400000001,19.809174,12010.49501102777
5_1,295,41.331185,19.809689,12057.975425571514
5_1,296,41.330881999999995,19.810559,12138.188805432565
5_1,297,41.330475,19.811729,12246.127327684673
5_1,298,41.330356,19.812071,12277.651827298487
5_1,299,41.330186,19.812558,12322.568228905324
5_1,300,41.32987000730975,19.813466675317173,12406.324215080938
5_1,301,41.32955400730965,19.81437534198388,12490.079761884223
5_1,302,41.32923799999999,19.815284,12573.84087470067
5_1,303,41.329116000000006,19.815631,12605.885628956523
5_1,304,41.32899,19.815995,12639.796898163844
5_1,305,41.32866200000001,19.816074,12676.844379712495
5_1,306,41.32819299999999,19.816188,12729.809659499444
5_1,307,41.328084999999994,19.816216,12742.027656265956
5_1,308,41.32781,19.816284,12773.08727483934
5_1,309,41.327641,19.816331,12792.259095459922
5_1,310,41.327564,19.816351,12800.970671322468
5_1,311,41.32730299999999,19.816419,12830.566519308957
5_1,312,41.326768,19.816571000000003,12891.314614481103
5_1,313,41.326663,19.8166,12903.222662353637
5_1,314,41.32606800000001,19.81677,12970.80083340295
5_1,315,41.325598,19.816902,13024.170242145747
5_1,316,41.325667,19.817346,13062.112889207312
5_1,317,41.325769999999984,19.818000000000005,13118.03840932708
5_1,318,41.325929,19.819015,13204.959288469536
5_1,319,41.32594299999999,19.819105000000004,13212.650631403636
5_1,320,41.32666100000001,19.818911000000003,13294.029667172968
5_1,321,41.326758000000005,19.818925,13304.8869480749
5_1,322,41.326915,19.81911,13328.207971393982
5_1,323,41.327113000000004,19.819280000000003,13354.394310248996
5_1,324,41.327158000000004,19.819404,13365.912477911284
5_1,325,41.327264,19.820624,13468.735592841733
5_1,326,41.327375,19.821888,13575.59029513952
5_1,327,41.327427,19.822489,13626.259745292644
5_1,328,41.32749999999999,19.822749,13651.487278223934
5_1,329,41.32756799999999,19.822622,13664.524926268605
5_1,330,41.32763599999999,19.822526,13675.550213149332
5_1,331,41.327685,19.822463,13683.39630808577
5_1,332,41.32783100000001,19.822331,13703.0131492585
5_1,333,41.32826099999999,19.822075,13755.479919841482
5_1,334,41.32860299999999,19.821889,13796.54555722513
5_1,335,41.32941099999999,19.821428,13894.214852115241
5_1,336,41.329989999999995,19.821092,13964.38661768739
5_1,337,41.330465000000004,19.82082,14021.829822859689
5_1,338,41.330617,19.820675,14042.616202480873
5_1,339,41.33059799999999,19.820379,14067.478081348754
5_1,340,41.33061099999999,19.820037,14096.138197024313
5_1,341,41.330549,19.819553,14137.225507048543
5_1,342,41.330481,19.819044,14180.487645946334
5_1,343,41.330332,19.817947,14273.79629012409
5_1,344,41.330302,19.81776,14289.796921295992
5_1,345,41.330173,19.81692,14361.542999394527
5_1,346,41.330132,19.816764,14375.369589379203
5_1,347,41.330103,19.816705,14381.899893128642
6_0,1,41.331856,19.870394,0
6_0,2,41.33181,19.870698,25.948589721712395
6_0,3,41.331929,19.870728,39.397355242565695
6_0,4,41.33204400000001,19.869988,102.62853755258284
6_0,5,41.33207899999999,19.86979,119.64818010391734
6_0,6,41.332140999999986,19.869391,153.7415418967472
6_0,7,41.33244899999998,19.867649,303.49339299747226
6_0,8,41.332451999999996,19.867518,314.46142037344293
6_0,9,41.33242899999999,19.867401,325.3793761783484
6_0,10,41.33230799999999,19.867135,351.3798141438635
6_0,11,41.33217599999999,19.866873,377.75290795672385
6_0,12,41.332139999999995,19.866745,389.1862875445653
6_0,13,41.332135,19.866677,394.9040303777002
6_0,14,41.33215400000001,19.86655,406.1472653242768
6_0,15,41.33222800000001,19.866377,422.82398346746015
6_0,16,41.332349,19.866186,443.7040873011372
6_0,17,41.332457999999995,19.866004000000004,463.1577219661102
6_0,18,41.332727,19.865588,509.1251323833004
6_0,19,41.332876000000006,19.865359,534.4419934181504
6_0,20,41.33309599999999,19.865032,571.123095706485
6_0,21,41.33316799999999,19.864927,583.0128558982955
6_0,22,41.33360999999999,19.864288,655.5948392498817
6_0,23,41.333652,19.86422,662.9520312530072
6_0,24,41.33382,19.86391,694.944121394299
6_0,25,41.333969,19.863592,726.2814387115907
6_0,26,41.334031,19.863439,740.8183909003923
6_0,27,41.334054,19.863358,748.0791613752268
6_0,28,41.334196999999996,19.862849,793.5402313197716
6_0,29,41.33430800000001,19.862323,839.3493535861835
6_0,30,41.33437099999999,19.861921,873.7100001908847
6_0,31,41.33442699999999,19.861522,907.688745497312
6_0,32,41.33453599999999,19.860818,967.9074239703115
6_0,33,41.334549,19.860608,985.5402836651939
6_0,34,41.334527,19.860268,1014.0975767638076
6_0,35,41.33447,19.859689,1062.972561592972
6_0,36,41.33443299999998,19.859314,1094.6219367969652
6_0,37,41.334425,19.859238,1101.0436746898463
6_0,38,41.33442299999999,19.859188,1105.6866267266223
6_0,39,41.334412,19.858907,1129.3184225282196
6_0,40,41.334413000000005,19.858883,1131.3299150136631
6_0,41,41.334431,19.858724,1144.7849845510466
6_0,42,41.334549999999986,19.858015,1205.6444554223215
6_0,43,41.334684999999986,19.857322,1265.5516215118412
6_0,44,41.334883000000005,19.856061000000004,1373.3844073565256
6_0,45,41.334883,19.855745,1399.8474083944134
6_0,46,41.33486599999999,19.855599,1412.2105938056502
6_0,47,41.33484899999999,19.855458,1424.1617084776224
6_0,48,41.33465799999998,19.85471,1490.2557336971927
6_0,49,41.334653,19.854637,1496.3898503456564
6_0,50,41.33465499999999,19.854475,1509.9485053669455
6_0,51,41.334693,19.854037,1546.84418893521
6_0,52,41.334686000000005,19.853884,1559.6714292606816
6_0,53,41.33465600000001,19.853752,1571.2090011585294
6_0,54,41.334635,19.853679000000003,1577.747776581729
6_0,55,41.33440999999999,19.852931,1645.1741715697378
6_0,56,41.334305,19.852587,1676.232647226513
6_0,57,41.33411799999999,19.851995,1729.9697298944525
6_0,58,41.334048999999986,19.851778,1749.7361860684666
6_0,59,41.334008999999995,19.851638,1762.367343441623
6_0,60,41.333988999999995,19.851470000000003,1776.6010699762696
6_0,61,41.33401,19.851193,1799.9007300955964
6_0,62,41.334075999999996,19.850546,1854.5477164978258
6_0,63,41.33407,19.850421,1865.0771242039002
6_0,64,41.33402100000001,19.850199,1884.4354004432719
6_0,65,41.334116,19.850101,1897.976185631521
6_0,66,41.334176,19.849981,1910.0374461467702
6_0,67,41.334197999999994,19.849882,1918.6754061165664
6_0,68,41.33420099999999,19.849778,1927.3872966174226
6_0,69,41.334186,19.849676,1936.2300598753968
6_0,70,41.334137,19.84955,1949.1056239860322
6_0,71,41.33403,19.849427,1964.8246233310986
6_0,72,41.33393999999999,19.849384,1975.4453801500276
6_0,73,41.333849,19.849377,1985.5659516277751
6_0,74,41.333739,19.849411000000003,1998.1061553515144
6_0,75,41.333708,19.84921,2015.2754622820726
6_0,76,41.333661000000006,19.848985,2035.0434002834008
6_0,77,41.333591999999996,19.848705,2059.6959351497194
6_0,78,41.333580999999995,19.848673000000005,2062.640926684147
6_0,79,41.333514999999984,19.848471,2081.0656493335555
6_0,80,41.33319,19.847756,2150.94410493683
6_0,81,41.332944999999995,19.847206,2204.4929468496716
6_0,82,41.332604999999994,19.846306,2288.7431696248996
6_0,83,41.33256299999999,19.846194,2299.2239840391558
6_0,84,41.33250999999999,19.84609,2309.7300593027353
6_0,85,41.332184,19.84564,2361.9634178139554
6_0,86,41.332104,19.845535,2374.457811134568
6_0,87,41.332043,19.845442,2384.775001965483
6_0,88,41.331742999999996,19.844967,2436.675516146022
6_0,89,41.331407000000006,19.844417,2495.932061516072
6_0,90,41.331202999999995,19.844077,2532.314111307824
6_0,91,41.330822,19.843387,2603.9031250183716
6_0,92,41.330785000000006,19.843304,2612.0349156246075
6_0,93,41.330764000000016,19.843256,2616.7860591217404
6_0,94,41.330560999999996,19.842767,2663.5063440676286
6_0,95,41.330475,19.842494,2688.268642506372
6_0,96,41.330466,19.842346,2700.694965645423
6_0,97,41.330479999999994,19.842176,2715.0068815218538
6_0,98,41.33051699999999,19.842046000000003,2726.63629273898
6_0,99,41.330565,19.841947,2736.487590078636
6_0,100,41.33065800000001,19.841798,2752.6775254293493
6_0,101,41.33084099999999,19.841566,2780.798873069957
6_0,102,41.33088899999999,19.841506,2788.121187051093
6_0,103,41.330937,19.841431,2796.355208087549
6_0,104,41.33097399999999,19.841309,2807.3607426225462
6_0,105,41.33096599999999,19.841146,2821.0309552673916
6_0,106,41.33089,19.840831,2848.7105992256415
6_0,107,41.330827,19.840596,2869.680038303312
6_0,108,41.330687000000005,19.840099,2914.0832698212926
6_0,109,41.330598999999985,19.839755,2944.501713012912
6_0,110,41.330553,19.839521,2964.7401269119205
6_0,111,41.33050699999999,19.83929,2984.7357124352525
6_0,112,41.33039899999999,19.838677,3037.4582600295817
6_0,113,41.33038,19.838583,3045.6030452668247
6_0,114,41.330307999999995,19.838254,3074.34371704444
6_0,115,41.330257,19.838128,3086.312820011195
6_0,116,41.330136,19.837964,3105.5197480488987
6_0,117,41.329944999999995,19.837862,3128.3938826462777
6_0,118,41.32956999999999,19.837766,3170.797770130185
6_0,119,41.329394,19.837714,3190.817575996902
6_0,120,41.329287,19.837656,3203.6510681514505
6_0,121,41.328952,19.837353,3248.767549880102
6_0,122,41.328766,19.83714,3276.048640984044
6_0,123,41.32836199999999,19.836697,3334.2434271764373
6_0,124,41.328177999999994,19.836471,3362.0843313930477
6_0,125,41.327991,19.836189,3393.5184279260766
6_0,126,41.327708,19.835637,3449.3986874245807
6_0,127,41.327704999999995,19.83563,3450.072609600576
6_0,128,41.32750599999999,19.835193,3492.8024535680483
6_0,129,41.32748099999999,19.835095,3501.461384534918
6_0,130,41.327460999999985,19.834922,3516.143777888687
6_0,131,41.327472,19.834664,3537.771265786306
6_0,132,41.327473999999995,19.834564,3546.143581162407
6_0,133,41.327407,19.833818,3609.0286666566626
6_0,134,41.327402000000006,19.833761,3613.831405570873
6_0,135,41.327416,19.83349,3636.5656268992534
6_0,136,41.327476999999995,19.833176,3663.7225824006186
6_0,137,41.327539,19.832906,3687.345119436712
6_0,138,41.327556,19.832845,3692.7881726564533
6_0,139,41.327711,19.832265,3744.2907530082593
6_0,140,41.327743,19.831959,3770.146214436516
6_0,141,41.327744,19.831674,3793.999092255814
6_0,142,41.32774599999999,19.831408,3816.262645201158
6_0,143,41.327746000000005,19.831332,3822.6233440400565
6_0,144,41.327746,19.830172,3919.7128568572443
6_0,145,41.32774299999999,19.829645,3963.922458700283
6_0,146,41.327742,19.829441,3980.996281690275
6_0,147,41.327742,19.829097,4009.804188815572
6_0,148,41.327828,19.829013,4021.6615915970483
6_0,149,41.327887000000004,19.828992,4028.4439799597385
6_0,150,41.32802600000001,19.829316,4059.648748684908
6_0,151,41.328224,19.829778,4104.13026264694
6_0,152,41.328593,19.830632,4186.664922494644
6_0,153,41.328882,19.831302,4251.2780983390585
6_0,154,41.32912599999999,19.831874,4306.292872827885
6_0,155,41.329249,19.832168000000003,4334.434000606168
6_0,156,41.32975999999999,19.833385,4451.090757292133
6_0,157,41.329868,19.833637,4475.351377136971
6_0,158,41.330014,19.833977,4508.099600545212
6_0,159,41.330067,19.834101,4520.029501772832
6_0,160,41.330096999999995,19.834169,4526.623554156277
6_0,161,41.33019600000001,19.834398,4548.717016111499
6_0,162,41.330232,19.834481,4556.731204553789
6_0,163,41.330324,19.834463,4567.056344478251
6_0,164,41.33053900000001,19.834420000000005,4591.197285075238
6_0,165,41.330687,19.83439,4607.820257640613
6_0,166,41.330653,19.834307,4615.725996715175
6_0,167,41.33049700000001,19.833942,4650.841579517834
6_0,168,41.33043899999999,19.833808,4663.773446131039
6_0,169,41.33028199999999,19.833444,4698.871352824295
6_0,170,41.330218,19.833297,4713.078515990984
6_0,171,41.330077,19.832973,4744.388902167002
6_0,172,41.33005399999999,19.832925,4749.149008811281
6_0,173,41.329843,19.832426,4797.199602413227
6_0,174,41.329646999999994,19.831971,4841.05852934409
6_0,175,41.32961599999999,19.831898,4848.070799302372
6_0,176,41.329528,19.831694,4867.741845991777
6_0,177,41.329483999999994,19.831592,4877.6280824854
6_0,178,41.329483,19.83159,4877.828941328859
6_0,179,41.32932499999999,19.831224,4913.127673932804
6_0,180,41.32918,19.830887,4945.603070374832
6_0,181,41.32879699999999,19.829998,5031.305818086968
6_0,182,41.328714000000005,19.829803,5050.047882264644
6_0,183,41.32842999999999,19.829133,5114.387316458299
6_0,184,41.328149,19.828468,5178.261733112129
6_0,185,41.32799,19.82815,5210.296486986403
6_0,186,41.32782399999999,19.827888,5238.945498192392
6_0,187,41.327656,19.82769,5263.896204172437
6_0,188,41.32741299999999,19.827411,5299.577726065392
6_0,189,41.327295,19.827272000000004,5317.0987033730635
6_0,190,41.327291,19.827268,5317.654863480317
6_0,191,41.327089000000015,19.827031,5347.5957485284935
6_0,192,41.326698,19.826581,5405.068340934634
6_0,193,41.326240999999996,19.826031,5473.606994152658
6_0,194,41.325588999999994,19.825199,5574.07324796398
6_0,195,41.32552,19.825112,5584.642653330351
6_0,196,41.32641300000001,19.824816,5687.079237056392
6_0,197,41.32658699999999,19.824735,5707.553236180742
6_0,198,41.326648,19.824686,5715.470878325539
6_0,199,41.326737,19.824575,5729.033776748986
6_0,200,41.326889,19.824313,5756.704179741668
6_0,201,41.32702799999999,19.823966,5789.607319861872
6_0,202,41.327059000000006,19.823748,5808.174516660019
6_0,203,41.32712,19.823609,5821.635913111281
6_0,204,41.32716,19.823524,5830.022399636938
6_0,205,41.32738,19.82303,5878.054164675553
6_0,206,41.327513999999994,19.822706,5909.000481221551
6_0,207,41.32756799999999,19.822622,5918.240162628199
6_0,208,41.32763599999999,19.822526,5929.265449508927
6_0,209,41.327685,19.822463,5936.90741298382
6_0,210,41.32783100000001,19.822331,5956.52425415655
6_0,211,41.32826099999999,19.822075,6008.853958105715
6_0,212,41.32860299999999,19.821889,6049.905099060934
6_0,213,41.32941099999999,19.821428,6147.566407491301
6_0,214,41.329454,19.821403,6152.779003283573
6_0,215,41.329454163582284,19.82140290508653,6152.798826782713
6_1,1,41.329454163582284,19.82140290508653,0
6_1,2,41.329989999999995,19.821092,64.93467250568177
6_1,3,41.330465000000004,19.82082,122.37662077057537
6_1,4,41.330617,19.820675,143.16300039175974
6_1,5,41.33059799999999,19.820379,168.02487925964112
6_1,6,41.33061099999999,19.820037,196.68756982658567
6_1,7,41.330549,19.819553,237.7773330898023
6_1,8,41.330481,19.819044,281.08567711277175
6_1,9,41.330332,19.817947,374.37781332098075
6_1,10,41.330302,19.81776,390.3784444928835
6_1,11,41.330173,19.81692,462.1505095497089
6_1,12,41.330132,19.816764,475.98613713230554
6_1,13,41.33006300000001,19.816622,490.20487055565553
6_1,14,41.329953999999994,19.816466,508.0249675772564
6_1,15,41.3298,19.816329,528.6118635917617
6_1,16,41.329409999999996,19.81613,575.0061217795558
6_1,17,41.328987999999995,19.815978,623.5978701787379
6_1,18,41.32866200000001,19.816074,660.6744074282905
6_1,19,41.32819299999999,19.816188,713.6517456297317
6_1,20,41.328084999999994,19.816216,725.8697423962448
6_1,21,41.32781,19.816284,756.9286510365048
6_1,22,41.327687,19.816318,770.8785601391517
6_1,23,41.327641,19.816331,776.1005095370219
6_1,24,41.32730299999999,19.816419,814.6697462762472
6_1,25,41.32689899999999,19.816534,860.5465513642023
6_1,26,41.326826,19.816555,868.8400607829082
6_1,27,41.326663,19.8166,887.5674142960933
6_1,28,41.32606800000001,19.81677,955.1520249879522
6_1,29,41.325598,19.816902,1008.5017784040255
6_1,30,41.325667,19.817346,1046.4444254655905
6_1,31,41.325929,19.819015,1189.1440261463115
6_1,32,41.32558999999999,19.819104,1227.5650103847381
6_1,33,41.325047999999995,19.819251,1289.0059572005803
6_1,34,41.32409,19.81951,1397.568721029892
6_1,35,41.32399600000001,19.819537,1408.2473153711496
6_1,36,41.32391499999999,19.81956,1417.4443981199338
6_1,37,41.323668999999995,19.819629,1445.361444387572
6_1,38,41.323562,19.819657,1457.4705058803256
6_1,39,41.32358,19.819773,1467.3831386608035
6_1,40,41.323611,19.81997,1484.2272309871773
6_1,41,41.323798999999994,19.821156,1585.6697531266025
6_1,42,41.323969999999996,19.822222,1676.8955266019327
6_1,43,41.32404400000001,19.82265,1713.648548008749
6_1,44,41.324166999999996,19.823215,1762.8704691167702
6_1,45,41.32419699999999,19.823325,1773.1105719851325
6_1,46,41.32439500000001,19.823932,1828.5153384276762
6_1,47,41.324592,19.824447,1876.9269808093961
6_1,48,41.324662999999994,19.824635,1894.5263273885362
6_1,49,41.324923000000005,19.825175,1948.4898502348508
6_1,50,41.324991999999995,19.825275,1959.83634424857
6_1,51,41.32511300000001,19.825427,1978.3656090192114
6_1,52,41.32561,19.826033,2053.3173720870013
6_1,53,41.32571499999999,19.826161,2069.1581627792225
6_1,54,41.32670399999999,19.827319,2215.650747463331
6_1,55,41.327502,19.828247,2333.474863140294
6_1,56,41.327527999999994,19.828277,2337.3007647163486
6_1,57,41.327651,19.828471,2358.6412866112637
6_1,58,41.327737,19.828655,2376.774449158612
6_1,59,41.32774,19.828934,2400.127299746466
6_1,60,41.327742,19.829097,2413.771139561759
6_1,61,41.327742,19.829441,2442.579046687056
6_1,62,41.32774299999999,19.829645,2459.6528696770474
6_1,63,41.327746,19.830172,2503.8624715200863
6_1,64,41.327746000000005,19.831332,2600.951984337274
6_1,65,41.32774599999999,19.831408,2607.3126831761724
6_1,66,41.327743000000005,19.831836,2643.1350084546098
6_1,67,41.327743,19.831959,2653.4292967437077
6_1,68,41.327711,19.832265,2679.2847581719634
6_1,69,41.327556,19.832845,2730.7873385237694
6_1,70,41.327539,19.832906,2736.230391743511
6_1,71,41.327476999999995,19.833176,2759.8529287796046
6_1,72,41.327416,19.83349,2787.0098842809693
6_1,73,41.327402000000006,19.833761,2809.7441056093503
6_1,74,41.327407,19.833818,2814.5468445235606
6_1,75,41.327473999999995,19.834564,2877.4319300178163
6_1,76,41.327472,19.834664,2885.804245393917
6_1,77,41.327460999999985,19.834922,2907.4317332915366
6_1,78,41.32748099999999,19.835095,2922.114126645305
6_1,79,41.32750599999999,19.835193,2930.7730576121753
6_1,80,41.327708,19.835637,2974.176591505927
6_1,81,41.327991,19.836189,3030.0568510044304
6_1,82,41.328006,19.836212,3032.6022495335906
6_1,83,41.328177999999994,19.836471,3061.491041744156
6_1,84,41.32836199999999,19.836697,3089.3319459607665
6_1,85,41.328766,19.83714,3147.526732153159
6_1,86,41.328952,19.837353,3174.807823257102
6_1,87,41.329287,19.837656,3219.924304985753
6_1,88,41.329394,19.837714,3232.7577971403007
6_1,89,41.32956999999999,19.837766,3252.7776030070186
6_1,90,41.329944999999995,19.837862,3295.1814904909256
6_1,91,41.330136,19.837964,3318.055625088305
6_1,92,41.330257,19.838128,3337.2625531260082
6_1,93,41.330307999999995,19.838254,3349.231656092764
6_1,94,41.33038,19.838583,3377.972327870379
6_1,95,41.33039899999999,19.838677,3386.117113107622
6_1,96,41.33050699999999,19.83929,3438.8396607019513
6_1,97,41.330598999999985,19.839755,3479.073609720768
6_1,98,41.330641,19.839919,3493.5778731153523
6_1,99,41.330687000000005,19.840099,3509.492089907625
6_1,100,41.330827,19.840596,3553.8953214256057
6_1,101,41.33089,19.840831,3574.8647605032756
6_1,102,41.33096599999999,19.841146,3602.5444044615265
6_1,103,41.33097399999999,19.841309,3616.214617106372
6_1,104,41.330937,19.841431,3627.2201516413684
6_1,105,41.33088899999999,19.841506,3635.4541726778248
6_1,106,41.33084099999999,19.841566,3642.776486658961
6_1,107,41.33065800000001,19.841798,3670.8978342995683
6_1,108,41.330565,19.841947,3687.087769650282
6_1,109,41.33051699999999,19.842046000000003,3696.939066989937
6_1,110,41.330479999999994,19.842176,3708.568478207064
6_1,111,41.330466,19.842346,3722.8803940834946
6_1,112,41.330475,19.842494,3735.3067172225456
6_1,113,41.330560999999996,19.842767,3760.069015661289
6_1,114,41.330764000000016,19.843256,3806.7893006071777
6_1,115,41.330822,19.843387,3819.6603221424266
6_1,116,41.330902999999985,19.843534,3834.9075123534485
6_1,117,41.331202999999995,19.844077,3891.2527798421524
6_1,118,41.331407000000006,19.844417,3927.634829633905
6_1,119,41.331742999999996,19.844967,3986.8913750039546
6_1,120,41.332043,19.845442,4038.791889184494
6_1,121,41.332104,19.845535,4049.109080015408
6_1,122,41.332184,19.84564,4061.603473336021
6_1,123,41.33246599999999,19.846029,4106.771024266171
6_1,124,41.33250999999999,19.84609,4113.836850941173
6_1,125,41.33256299999999,19.846194,4124.342926204752
6_1,126,41.332944999999995,19.847206,4219.065784359008
6_1,127,41.33319,19.847756,4272.614626271849
6_1,128,41.333514999999984,19.848471,4342.493081875124
6_1,129,41.333591999999996,19.848705,4363.861311509978
6_1,130,41.333643,19.848914,4382.245372373494
6_1,131,41.333661000000006,19.848985,4388.514148538164
6_1,132,41.333708,19.84921,4408.2820865394915
6_1,133,41.333739,19.849411000000003,4425.45139347005
6_1,134,41.333609,19.84956,4444.525242941591
6_1,135,41.33355799999999,19.849696,4457.237291778485
6_1,136,41.333552,19.849867,4471.563037422476
6_1,137,41.33358899999999,19.85002,4485.0191166599625
6_1,138,41.333666,19.850144,4498.473527985773
6_1,139,41.33377099999999,19.850222,4511.834546317673
6_1,140,41.33385299999999,19.850244,4521.12317676566
6_1,141,41.33402100000001,19.850199,4540.152327858958
6_1,142,41.33407,19.850421,4559.51060409833
6_1,143,41.334075999999996,19.850546,4570.0400118044045
6_1,144,41.33401,19.851193,4624.686998206634
6_1,145,41.333988999999995,19.851470000000003,4647.986658325961
6_1,146,41.334008999999995,19.851638,4662.220384860607
6_1,147,41.334013999999996,19.851654,4663.875981261334
6_1,148,41.334048999999986,19.851778,4674.985523518737
6_1,149,41.334305,19.852587,4748.472347242516
6_1,150,41.33440999999999,19.852931,4779.530822899291
6_1,151,41.334635,19.853679000000003,4846.9572178872995
6_1,152,41.33465600000001,19.853752,4853.495993310499
6_1,153,41.334686000000005,19.853884,4865.033565208347
6_1,154,41.334693,19.854037,4877.860805533818
6_1,155,41.33465499999999,19.854475,4914.756489102083
6_1,156,41.334653,19.854637,4928.315144123372
6_1,157,41.33465799999998,19.85471,4934.449260771836
6_1,158,41.33484899999999,19.855458,5000.543285991406
6_1,159,41.334883,19.855745,5024.857272120977
6_1,160,41.334883,19.855886,5036.667285669834
6_1,161,41.334883000000005,19.856061000000004,5051.320494129451
6_1,162,41.334684999999986,19.857322,5159.153279974135
6_1,163,41.334549999999986,19.858015,5219.060446063655
6_1,164,41.334431,19.858724,5279.9199169349295
6_1,165,41.334413000000005,19.858883,5293.374986472313
6_1,166,41.334412,19.858907,5295.3864789577565
6_1,167,41.334425,19.859238,5323.41053448888
6_1,168,41.33443299999998,19.859314,5329.832272381762
6_1,169,41.33445,19.859487,5344.4321894363175
6_1,170,41.33447,19.859689,5361.481651306317
6_1,171,41.334527,19.860268,5410.3566361354815
6_1,172,41.334549,19.860608,5438.913929234095
6_1,173,41.33453599999999,19.860818,5456.546788928978
6_1,174,41.33442699999999,19.861522,5516.765467401977
6_1,175,41.33437099999999,19.861921,5550.744212708404
6_1,176,41.33430800000001,19.862323,5585.104859313105
6_1,177,41.334196999999996,19.862849,5630.913981579517
6_1,178,41.334158,19.86299,5643.492886206774
6_1,179,41.334031,19.863439,5683.629107955829
6_1,180,41.333969,19.863592,5698.16606014463
6_1,181,41.33382,19.86391,5729.503377461921
6_1,182,41.333652,19.86422,5761.495467603213
6_1,183,41.33360999999999,19.864288,5768.852659606338
6_1,184,41.333152999999996,19.864949,5843.9171135631805
6_1,185,41.33309599999999,19.865032,5853.327072331482
6_1,186,41.332876000000006,19.865359,5890.008174619817
6_1,187,41.332727,19.865588,5915.325035654667
6_1,188,41.332457999999995,19.866004000000004,5961.292446071857
6_1,189,41.332349,19.866186,5980.74608073683
6_1,190,41.33222800000001,19.866377,6001.626184570507
6_1,191,41.33215400000001,19.86655,6018.30290271369
6_1,192,41.332135,19.866677,6029.546137660266
6_1,193,41.332139999999995,19.866745,6035.263880493401
6_1,194,41.33217599999999,19.866873,6046.697260081242
6_1,195,41.33230799999999,19.867135,6073.0703538941025
6_1,196,41.33242899999999,19.867401,6099.070791859617
6_1,197,41.332451999999996,19.867518,6109.988747664523
6_1,198,41.33244899999998,19.867649,6120.956775040493
6_1,199,41.332140999999986,19.869391,6270.708626141218
6_1,200,41.33202799999999,19.869451,6284.22230124235
6_1,201,41.331987999999996,19.869504,6290.498973641027
6_1,202,41.33194799999999,19.869778,6313.855429241093
6_1,203,41.33192600000002,19.869932,6326.972720259309
6_1,204,41.331857,19.870392,6366.223831336291
6_1,205,41.331856,19.870394,6366.42468359841
7_0,1,41.360661,19.771999,0
7_0,2,41.360551,19.772022,12.364014396239185
7_0,3,41.36017699999999,19.772042,53.93075904303659
7_0,4,41.35995799999999,19.772081,78.4644071931422
7_0,5,41.35974199999999,19.772164000000004,103.45233962989886
7_0,6,41.35947999999999,19.77232,135.33547935693355
7_0,7,41.358974,19.772703,200.05686412944
7_0,8,41.358478,19.773077,263.49381725425815
7_0,9,41.358247999999996,19.773254,293.01332431325466
7_0,10,41.358231999999994,19.773266,295.0538317674546
7_0,11,41.358131,19.773344,308.0281731767554
7_0,12,41.358083,19.773378,314.0691429102163
7_0,13,41.357538,19.773747,382.0093537932859
7_0,14,41.35702199999999,19.773986,443.0316354726112
7_0,15,41.356504,19.774165,502.51108233042504
7_0,16,41.355717000000006,19.774387,591.8643451155206
7_0,17,41.35548899999999,19.774449,617.8091952506157
7_0,18,41.355151000000006,19.774541,656.1186952011559
7_0,19,41.355092,19.774543,662.6716439101882
7_0,20,41.355007,19.774528,672.2478722766181
7_0,21,41.354853,19.774465,690.1404769231558
7_0,22,41.35477199999999,19.774398,700.7376989053298
7_0,23,41.35461,19.774171,726.8945644079079
7_0,24,41.354396999999985,19.773809,765.5210304660047
7_0,25,41.353793,19.772805,873.0374581684888
7_0,26,41.353530000000006,19.772358000000004,920.4862934365261
7_0,27,41.353288000000006,19.771999,960.8026312233458
7_0,28,41.352919,19.771597,1013.8487482384412
7_0,29,41.35264699999999,19.7713,1052.961215828396
7_0,30,41.352144,19.770755000000005,1125.0617084532537
7_0,31,41.35204199999999,19.770648,1139.4976533471931
7_0,32,41.35199000000001,19.770576,1147.8415237470904
7_0,33,41.351979,19.770547,1150.5578271804873
7_0,34,41.351963999999995,19.770522,1153.2314938372801
7_0,35,41.35193499999999,19.770497000000002,1157.071082126894
7_0,36,41.3519,19.770486,1161.0646442449531
7_0,37,41.351881,19.770487,1163.175886847476
7_0,38,41.351829,19.770518000000003,1169.5052673300906
7_0,39,41.351815,19.770537,1171.7285781441724
7_0,40,41.351746,19.770563,1179.7182039841418
7_0,41,41.351511,19.770672,1207.3581561517658
7_0,42,41.351476999999996,19.770697,1211.6739134850316
7_0,43,41.35078599999999,19.771216,1299.8463856375492
7_0,44,41.35066299999999,19.771317,1315.908493202904
7_0,45,41.349840501797225,19.771930007803416,1420.6484300211487
7_0,46,41.349018,19.772543,1525.3906806399407
7_0,47,41.3481760018719,19.773168508151308,1632.5484362381455
7_0,48,41.347334000000004,19.773794,1739.6888011098902
7_0,49,41.347159,19.773924,1761.9564521935104
7_0,50,41.34703699999999,19.774014,1777.4545720971223
7_0,51,41.346353,19.774523,1864.5257744995663
7_0,52,41.345721335438036,19.774992009169296,1944.8923189591962
7_0,53,41.34508966877134,19.775461009169167,2025.5029185615163
7_0,54,41.34445800000001,19.77593,2106.0197631866113
7_0,55,41.344198,19.776099,2138.198623066109
7_0,56,41.34413599999999,19.776136,2145.7466434519533
7_0,57,41.344059,19.776188,2155.3394886270994
7_0,58,41.34398,19.776241,2165.1682278406356
7_0,59,41.343936,19.77627,2170.623007477344
7_0,60,41.343892999999994,19.776298,2176.263702429879
7_0,61,41.343795,19.776321,2187.3135678207395
7_0,62,41.343725,19.776302,2195.24915306335
7_0,63,41.343628,19.77621,2208.542583618362
7_0,64,41.343565999999996,19.776118,2218.869603617065
7_0,65,41.343573000000006,19.776052,2224.4465171670995
7_0,66,41.343562999999996,19.775914,2236.046801707824
7_0,67,41.34352299999999,19.775805,2246.1911401593393
7_0,68,41.343473,19.775716,2255.479696420321
7_0,69,41.343437999999985,19.775673,2260.775644456614
7_0,70,41.343343,19.7756,2272.9645128869506
7_0,71,41.343265,19.775562,2282.255485024581
7_0,72,41.343129,19.775498,2298.3183216967054
7_0,73,41.34303799999999,19.775463,2308.837970362539
7_0,74,41.342959,19.775446,2317.723970840587
7_0,75,41.342897,19.775458,2324.6807042744804
7_0,76,41.342867,19.775475,2328.3026405235046
7_0,77,41.342837,19.775492,2331.9245769988843
7_0,78,41.342737,19.775608,2347.1790892941403
7_0,79,41.342678,19.775722,2358.750820859153
7_0,80,41.34252599999999,19.776158,2399.1572785756757
7_0,81,41.342488999999986,19.776265,2409.0080562457965
7_0,82,41.34246999999999,19.776319,2416.802095783369
7_0,83,41.342348,19.776668,2448.9935319478504
7_0,84,41.342271999999994,19.776886000000005,2469.0920457021293
7_0,85,41.342239,19.77702,2480.8880734871786
7_0,86,41.342227999999984,19.777138,2491.056282598493
7_0,87,41.342231,19.777211,2497.1736910310105
7_0,88,41.342244,19.777277,2502.881801292251
7_0,89,41.34223800000001,19.777316,2506.2124601196806
7_0,90,41.34217499999998,19.777542,2526.375415953308
7_0,91,41.341972,19.778117,2579.6299556306244
7_0,92,41.341733000000005,19.778813,2643.632915530442
7_0,93,41.341543999999985,19.779359,2693.909211951673
7_0,94,41.34140699999998,19.779762,2730.9029091350067
7_0,95,41.341342,19.779968,2749.592576984528
7_0,96,41.341288,19.780185,2768.714728808395
7_0,97,41.34122199999999,19.780457,2792.625472172667
7_0,98,41.34118,19.780659,2810.1628178720375
7_0,99,41.341159,19.78089,2829.6323468919886
7_0,100,41.341104,19.781032,2842.9918735267825
7_0,101,41.34091699999999,19.781584,2893.6621965231516
7_0,102,41.34086799999999,19.781714,2905.824893083947
7_0,103,41.34071,19.782166,2947.5481762326904
7_0,104,41.34060099999999,19.782478,2976.3242872339397
7_0,105,41.340527215481444,19.782619940868237,2990.888104570833
7_0,106,41.340447158605414,19.782714377233734,3002.781590344287
7_0,107,41.340244026205795,19.783188196518715,3048.414688149293
7_0,108,41.34010588596823,19.783562547466726,3083.295422483339
7_0,109,41.339772821222475,19.78443047283806,3164.795072485036
7_0,110,41.33958849642505,19.78498027920794,3215.165389441367
7_0,111,41.3394235495842,19.78556490833649,3267.4028131422797
7_0,112,41.33933171039995,19.785870673439106,3294.9488363487035
7_0,113,41.339093,19.786609,3362.180722904292
7_0,114,41.33887,19.78732,3426.6248862570883
7_0,115,41.338563,19.788292,3514.8166814158794
7_0,116,41.338412,19.788726,3554.8252432142967
7_0,117,41.33840299999999,19.788751,3557.143660128967
7_0,118,41.33815799999999,19.789459,3622.3363058675272
7_0,119,41.338119,19.789571,3632.660524637382
7_0,120,41.338006,19.789903,3663.1442097911204
7_0,121,41.33799199999999,19.789943,3666.834770244847
7_0,122,41.337974,19.789991000000004,3671.3211887997127
7_0,123,41.33794400000001,19.790077,3679.292488196657
7_0,124,41.33785099999999,19.790345,3703.98199311579
7_0,125,41.337627999999995,19.790986,3763.0754012996617
7_0,126,41.33717899999999,19.79228,3882.3022936783254
7_0,127,41.337142,19.792388,3892.229822467717
7_0,128,41.337095999999995,19.79252,3904.3994639671496
7_0,129,41.337052,19.792649,3916.2484404394395
7_0,130,41.336763,19.793480000000002,3992.909538435785
7_0,131,41.336444,19.794399,4077.5812232696057
7_0,132,41.336187,19.795141,4145.9650869964225
7_0,133,41.335761999999995,19.796363,4258.607160966839
7_0,134,41.33554699999999,19.796994,4316.562199100846
7_0,135,41.33542099999998,19.79736,4350.27668823576
7_0,136,41.335355,19.797552000000003,4367.9362293486065
7_0,137,41.335162,19.798103,4418.784373101636
7_0,138,41.335035000000005,19.798477,4453.112182007816
7_0,139,41.334783,19.799196,4519.46900258485
7_0,140,41.334663000000006,19.799544000000004,4551.5196482265865
7_0,141,41.334318999999994,19.800524,4641.991698052667
7_0,142,41.33405200000001,19.801292,4712.874383692098
7_0,143,41.334034,19.801347,4717.892270902744
7_0,144,41.334022999999995,19.801378,4720.759645128351
7_0,145,41.33401599999999,19.801398,4722.605013154722
7_0,146,41.333848,19.80188,4767.137043639255
7_0,147,41.333704,19.802297,4805.529527936995
7_0,148,41.33365,19.802452,4819.819520441994
7_0,149,41.333644,19.802468000000005,4821.315068714482
7_0,150,41.333263999999986,19.803564,4922.312772713786
7_0,151,41.33312200000001,19.803815,4948.579724718071
7_0,152,41.332947000000004,19.804006000000005,4973.739769406664
7_0,153,41.332874999999994,19.804046,4982.406478163077
7_0,154,41.33281600000001,19.804104,4990.559532871905
7_0,155,41.332739,19.804267,5006.658242566402
7_0,156,41.332727,19.80446,5022.864786692729
7_0,157,41.332748,19.804553,5031.383245387087
7_0,158,41.33276300000001,19.804592000000003,5035.047418281876
7_0,159,41.332781,19.804629,5038.7328004829815
7_0,160,41.332784,19.804747,5048.613531285151
7_0,161,41.33278,19.804906,5061.927239319742
7_0,162,41.33274999999999,19.805085,5077.273141534149
7_0,163,41.332602999999985,19.805608,5124.275474596263
7_0,164,41.33250399999999,19.805896,5150.765689481881
7_0,165,41.33242299999999,19.806130000000003,5172.324503868154
7_0,166,41.332415999999995,19.806152,5174.322958382764
7_0,167,41.332339999999995,19.806372,5194.575893926328
7_0,168,41.33218800000001,19.806809,5234.856463474178
7_0,169,41.332162000000004,19.806884,5241.794682392734
7_0,170,41.332139,19.806949,5247.804005303721
7_0,171,41.33213,19.806976000000002,5250.2746814691345
7_0,172,41.33207199999999,19.807142,5265.586914287135
7_0,173,41.331967999999996,19.807433,5292.560695319612
7_0,174,41.33187100000001,19.807705,5317.743151756265
7_0,175,41.331757,19.808034,5348.046702248016
7_0,176,41.33174000000001,19.808084,5353.254748859141
7_0,177,41.33136400000001,19.809173,5453.498687138737
7_0,178,41.331331,19.809268,5462.252811252387
7_0,179,41.330881999999995,19.810559,5581.242873116661
7_0,180,41.330856,19.810634,5588.1516196394305
7_0,181,41.330583,19.811419,5660.516715643662
7_0,182,41.33039899999999,19.811947,5709.303548210603
7_0,183,41.330356,19.812071,5720.726695178584
7_0,184,41.330312000000006,19.812196,5732.272470812628
7_0,185,41.330186,19.812558,5765.643416665037
7_0,186,41.330000000000005,19.813094,5815.112712281514
7_0,187,41.329753002225196,19.813803002638046,5880.510353121731
7_0,188,41.32950600000001,19.814512,5945.88384184165
7_0,189,41.329302999999996,19.815097000000005,5999.8087831245975
7_0,190,41.32923799999999,19.815284,6017.098134204994
7_0,191,41.329116000000006,19.815631,6049.142888460847
7_0,192,41.32907899999999,19.815739,6059.071381947376
7_0,193,41.32903,19.815878,6072.166532672044
7_0,194,41.32899,19.815995,6083.219146410425
7_0,195,41.32866200000001,19.816073000000003,6120.251783351109
7_0,196,41.328453999999994,19.816125,6143.810206814594
7_0,197,41.328269,19.816171,6164.708293229843
7_0,198,41.32819299999999,19.816188,6173.26562411899
7_0,199,41.328138,19.816202,6179.4836268
7_0,200,41.328084999999994,19.816216,6185.483695149641
7_0,201,41.327989,19.81624,6196.33011407174
7_0,202,41.327881,19.816268,6208.549916283877
7_0,203,41.327641,19.816331,6235.713584169602
7_0,204,41.32730299999999,19.816419,6274.006528985147
7_0,205,41.32675520656494,19.816574836509016,6336.210795198312
7_1,1,41.32675520656494,19.816574836509016,0
7_1,2,41.32674814376731,19.816576845718416,0.8020103854469257
7_1,3,41.326347,19.81669,46.33642854760741
7_1,4,41.326067,19.816769,78.12199395170765
7_1,5,41.32573099999999,19.816865,116.32381541252518
7_1,6,41.325684,19.816878,121.65441185648501
7_1,7,41.325598,19.816902,131.41191984488685
7_1,8,41.325619,19.817038,143.03097621506103
7_1,9,41.32570599999999,19.817597,190.8113521676458
7_1,10,41.325768999999994,19.817999,225.1766349674596
7_1,11,41.32589799999999,19.818808,294.77846251652386
7_1,12,41.325929,19.819015,312.5798290364212
7_1,13,41.32594299999999,19.819105000000004,320.27117197052155
7_1,14,41.326488999999995,19.818957,382.1578881555145
7_1,15,41.32666100000001,19.818911000000003,401.65241739719994
7_1,16,41.326713000000005,19.818909,407.4283595621314
7_1,17,41.326758000000005,19.818925,412.65088508528515
7_1,18,41.326778,19.818944,415.3821363561203
7_1,19,41.326915,19.81911,435.98964482242883
7_1,20,41.327099,19.819265,460.18982582523086
7_1,21,41.32711199999999,19.819280000000003,462.10278518345405
7_1,22,41.327131,19.819307,465.1941738308448
7_1,23,41.327143,19.819339,468.18549812255407
7_1,24,41.327158000000004,19.819404,473.8748514187741
7_1,25,41.327166,19.819496,481.62579464604994
7_1,26,41.32724800380379,19.820433498736143,560.6676974477974
7_1,27,41.32733,19.821371,639.6658493157051
7_1,28,41.32737500000001,19.821887,683.7805419575469
7_1,29,41.32743539583756,19.822530205689134,738.0655276204169
7_1,30,41.32748930975984,19.822713761523445,757.276424844082
7_1,31,41.327507966838745,19.82272786252643,759.6605007931877
7_1,32,41.327538926193036,19.822672876418537,765.4045438799801
7_1,33,41.32760189964697,19.82256819518188,776.6136708900344
7_1,34,41.32767204802042,19.822480144650537,787.5282801883432
7_1,35,41.327835617724936,19.822329178959436,809.652053440282
7_1,36,41.32816681766379,19.822130720510113,850.1796385147478
7_1,37,41.32860299999999,19.821889,902.6850269133222
7_1,38,41.328663999999996,19.821852,910.1321444341932
7_1,39,41.328799999999994,19.821772,926.6499231541057
7_1,40,41.32975799999999,19.821227,1042.3857499174692
7_1,41,41.329989999999995,19.821092,1070.5134027283425
7_1,42,41.330465000000004,19.82082,1127.9566079006404
7_1,43,41.33065500000001,19.820707,1151.0749187056492
7_1,44,41.330617000000004,19.82061,1160.2237707777347
7_1,45,41.33059799999999,19.820378,1179.7540992033803
7_1,46,41.33061099999999,19.820037,1208.3306366954573
7_1,47,41.330589,19.819849,1224.2528265486828
7_1,48,41.330549,19.819553,1249.4209831420644
7_1,49,41.330479999999994,19.819044,1292.7026369409543
7_1,50,41.33045700000001,19.818871,1307.4045108947519
7_1,51,41.330344,19.818028,1379.090731231299
7_1,52,41.330332,19.817947,1385.9993385137504
7_1,53,41.330302,19.81776,1401.9999696856532
7_1,54,41.330284,19.817643,1411.9936151418813
7_1,55,41.330173,19.81692,1473.746353479791
7_1,56,41.330156,19.816851,1479.8216485864177
7_1,57,41.33010600000001,19.816703,1493.6828540705658
7_1,58,41.33006300000001,19.816622,1502.033166796155
7_1,59,41.33005,19.816601,1504.3074073425337
7_1,60,41.330010999999985,19.816538,1511.1301306472674
7_1,61,41.329882,19.816393,1529.902565812543
7_1,62,41.3298,19.816329,1540.4656727741062
7_1,63,41.329521,19.816189,1573.603596234192
7_1,64,41.329330000000006,19.816102,1596.0253447560704
7_1,65,41.329280999999995,19.816021,1604.7174968427876
7_1,66,41.32913399999999,19.815883,1624.720577523776
7_1,67,41.329114,19.815839,1629.0207394057218
7_1,68,41.32910999999999,19.815749,1636.566093993711
7_1,69,41.329116000000006,19.815631,1646.4641842211533
7_1,70,41.32923799999999,19.815284,1678.5089384770065
7_1,71,41.329506,19.814968000000004,1718.3427786011207
7_1,72,41.32953899999999,19.81493,1723.1944580634838
7_1,73,41.329783,19.814643000000004,1759.6012389081925
7_1,74,41.330026000000004,19.814337,1796.8545584848766
7_1,75,41.330090999999996,19.814246,1807.34669893196
7_1,76,41.33048299999999,19.813686,1871.3119430961897
7_1,77,41.330566000000005,19.813556,1885.5700130463324
7_1,78,41.331022999999995,19.812735,1970.9866317609935
7_1,79,41.331065,19.812655,1979.145732210104
7_1,80,41.33111000000001,19.812574,1987.5668947420465
7_1,81,41.331459,19.811938,2053.4110286381765
7_1,82,41.33154,19.811793,2068.515220195579
7_1,83,41.331600999999985,19.811682,2080.011516930968
7_1,84,41.331891,19.811162,2134.2510422378973
7_1,85,41.33205199999998,19.810861,2165.1426315266076
7_1,86,41.332519,19.809995,2254.300189120217
7_1,87,41.33256699999999,19.809900000000003,2263.871517401376
7_1,88,41.332648999999996,19.809676,2284.7114631900463
7_1,89,41.332932,19.808705,2371.8607872858256
7_1,90,41.332982,19.80853,2387.5229111688136
7_1,91,41.333116999999994,19.808074,2428.5223342357085
7_1,92,41.33314,19.807995,2435.9612667528377
7_1,93,41.33343624214586,19.806978252886715,2527.2455598369565
7_1,94,41.33350924308503,19.80678042847717,2545.678436579769
7_1,95,41.33359961246638,19.806592907807513,2564.331122386948
7_1,96,41.33365182692154,19.806513623139317,2573.1420822710147
7_1,97,41.333711,19.806449,2581.6515818885823
7_1,98,41.334070999999994,19.8062,2627.1440700511
7_1,99,41.33416299999998,19.806134,2638.7564293995683
7_1,100,41.33424399999999,19.806085,2648.640560514739
7_1,101,41.33420799999999,19.806001000000002,2656.727068070862
7_1,102,41.334044999999996,19.805722,2686.268951397324
7_1,103,41.333918000000004,19.805528,2707.77263680713
7_1,104,41.33368,19.805176,2747.5818899941214
7_1,105,41.33361299999999,19.804964,2766.989433617898
7_1,106,41.33353,19.804709,2790.2342531319946
7_1,107,41.33346399999999,19.804418,2815.8293408316804
7_1,108,41.33345400000001,19.804349,2821.7094880608493
7_1,109,41.333443,19.804214,2833.0729981682393
7_1,110,41.333426999999986,19.803941,2855.9883996891763
7_1,111,41.33343499999999,19.803813,2866.7370477264108
7_1,112,41.33350599999999,19.803493,2894.655635829278
7_1,113,41.33356299999999,19.803327,2909.921241326848
7_1,114,41.33372800000001,19.802854,2953.6278412782053
7_1,115,41.33374200000001,19.802812,2957.4710400557965
7_1,116,41.333755999999994,19.802664000000004,2970.0616836607637
7_1,117,41.33374100000001,19.802512000000004,2982.9955878344717
7_1,118,41.333838,19.802233,3008.7188752450847
7_1,119,41.333861,19.802165,3014.9562496272565
7_1,120,41.3339,19.802054,3025.2050839412404
7_1,121,41.33414799999999,19.801342000000005,3090.9060178630934
7_1,122,41.334157999999995,19.801313,3093.5748254824084
7_1,123,41.33430500000001,19.800893,3132.4593488039623
7_1,124,41.33460699999999,19.800026,3212.387973433787
7_1,125,41.334925999999996,19.79911,3296.8346799650117
7_1,126,41.335323,19.797968,3402.096322730847
7_1,127,41.335355,19.797877000000003,3410.51168237853
7_1,128,41.33538499999999,19.797792,3418.3661003588654
7_1,129,41.335449,19.797612,3435.021201240221
7_1,130,41.335594,19.797196,3473.413368326538
7_1,131,41.33576300000001,19.796713,3517.9757810477486
7_1,132,41.336170999999986,19.795538,3626.244466295931
7_1,133,41.336469,19.794678,3705.4950706490995
7_1,134,41.336865,19.793539,3810.464399210024
7_1,135,41.33702399999999,19.793082,3852.6729959220183
7_1,136,41.33704,19.793036,3856.9125247647135
7_1,137,41.337089,19.792895,3869.9228383247632
7_1,138,41.33715399999999,19.79271,3887.003567778051
7_1,139,41.337201,19.792576,3899.3717463071766
7_1,140,41.33729499999999,19.792306,3924.259920083089
7_1,141,41.337630004097996,19.791344004854647,4012.9633400619177
7_1,142,41.33796499999999,19.790382,4101.64460762166
7_1,143,41.337973,19.790360000000003,4103.688669061842
7_1,144,41.338015999999996,19.790235,4115.186844880647
7_1,145,41.338079,19.790059,4131.491380153215
7_1,146,41.338201,19.789706,4164.0087501098005
7_1,147,41.3384350018723,19.789056002293037,4224.287864724308
7_1,148,41.338669,19.788406,4284.572121862491
7_1,149,41.338772,19.788116,4311.399024802369
7_1,150,41.338983,19.787525,4366.123999091518
7_1,151,41.33905,19.78731,4385.595236661243
7_1,152,41.33924700000001,19.786706,4440.672986395388
7_1,153,41.339462999999995,19.786157,4492.501424011984
7_1,154,41.33955400000001,19.785927,4514.274442308755
7_1,155,41.339733,19.785526,4553.288997364492
7_1,156,41.33992399999999,19.785186,4588.773825274228
7_1,157,41.340012,19.78503,4605.079310266508
7_1,158,41.34016811626745,19.784527352670818,4650.593254091594
7_1,159,41.34030704034641,19.784037471295516,4694.391692071513
7_1,160,41.34043884240468,19.783631371163995,4731.390452106993
7_1,161,41.34058052160049,19.783213135389115,4769.78463755998
7_1,162,41.34072,19.78272,4813.920633676108
7_1,163,41.34071099999999,19.782596,4824.344668009424
7_1,164,41.340758999999984,19.782456,4837.214833572185
7_1,165,41.340972,19.781827,4894.939194127425
7_1,166,41.341021,19.781855,4900.862735625585
7_1,167,41.340972,19.781827,4906.786277123744
7_1,168,41.340996999999994,19.781753,4913.572085135389
7_1,169,41.34104399999999,19.781619,4925.939695691225
7_1,170,41.34112699999999,19.781381,4947.9342363752685
7_1,171,41.341254,19.781003000000002,4982.5655858270065
7_1,172,41.341323,19.78092,4992.906181610844
7_1,173,41.34145900000001,19.780684,5017.765514005169
7_1,174,41.341513,19.780575,5028.685441333364
7_1,175,41.341617,19.780345,5051.129382484563
7_1,176,41.341679,19.780193,5065.598313054692
7_1,177,41.34191750185631,19.779546002327685,5125.866412517672
7_1,178,41.342156,19.778899,5186.140974630861
7_1,179,41.342483,19.777988,5270.58482695646
7_1,180,41.342535999999996,19.777888,5280.814412430201
7_1,181,41.342698,19.777724,5303.551962693104
7_1,182,41.342758,19.777631,5313.795797321009
7_1,183,41.342806,19.777542,5322.953426888126
7_1,184,41.34284199999999,19.777492,5328.73966444583
7_1,185,41.34300499999999,19.777206,5358.743497311515
7_1,186,41.34307899999999,19.777075,5372.442363590718
7_1,187,41.343412,19.776842,5414.251411852051
7_1,188,41.34356799999998,19.77673,5433.944901735587
7_1,189,41.343647999999995,19.776670000000003,5444.147965478273
7_1,190,41.343715,19.776619,5452.724082185378
7_1,191,41.34377700000001,19.776573,5460.613486476699
7_1,192,41.34384,19.776526,5468.638121382574
7_1,193,41.344497999999994,19.77603,5552.662285933463
7_1,194,41.34513200214793,19.775556009299795,5633.460178241924
7_1,195,41.34576600214798,19.775082009299926,5714.263333511345
7_1,196,41.3464,19.774608,5795.0605822360985
7_1,197,41.34710699999999,19.77408,5885.156325368426
7_1,198,41.347196,19.774014,5896.609298967416
7_1,199,41.34793499999999,19.773461,5990.8881093965565
7_1,200,41.348536,19.773012,6067.543604282716
7_1,201,41.34906399999999,19.772618000000005,6134.816517796699
7_1,202,41.349197999999994,19.772517,6151.930527975009
7_1,203,41.34989200128542,19.771998505568966,6240.374334281761
7_1,204,41.350586,19.77148,6328.8030500598725
7_1,205,41.35067500000001,19.771417,6340.002651354464
7_1,206,41.35078099999999,19.771343,6353.303961881379
7_1,207,41.35101600000001,19.771178,6382.82299568859
7_1,208,41.35124799999999,19.770996,6412.812201398118
7_1,209,41.351458,19.770832,6439.868770012426
7_1,210,41.351517,19.770786,6447.4664319479225
7_1,211,41.35153799999999,19.770769,6450.197635719317
7_1,212,41.35156599999999,19.770748,6453.768611065958
7_1,213,41.35162599999999,19.770703,6461.42069994497
7_1,214,41.351735999999995,19.770670000000003,6473.942252982392
7_1,215,41.35180000000001,19.770671,6481.05591414498
7_1,216,41.351818,19.770711,6484.966922328632
7_1,217,41.35184499999999,19.77074,6488.823559406317
7_1,218,41.351913,19.770755000000005,6496.4772366844545
7_1,219,41.35194599999999,19.770739,6500.378120599633
7_1,220,41.35198900000001,19.770756,6505.3597897387
7_1,221,41.352168999999996,19.770927,6529.9381409265325
7_1,222,41.35235699999999,19.77114,6557.391464008988
7_1,223,41.35246200000001,19.771246,6572.039344080694
7_1,224,41.352543999999995,19.771327,6583.389045755951
7_1,225,41.35286200000001,19.771672,6628.993256525206
7_1,226,41.353113,19.771945,6665.056256587316
7_1,227,41.353132,19.771967,6667.855902283529
7_1,228,41.353243000000006,19.772100000000002,6684.460174709383
7_1,229,41.35335599999999,19.772247,6702.028939002491
7_1,230,41.353612999999996,19.772665,6747.192374757775
7_1,231,41.353730999999996,19.772864,6768.377934642815
7_1,232,41.354329,19.773861,6875.0215042810905
7_1,233,41.354672,19.774433,6936.306463375777
7_1,234,41.35475900000001,19.77452,6948.401275344522
7_1,235,41.35484099999999,19.774589,6959.181547573158
7_1,236,41.354997,19.774649,6977.2669791685985
7_1,237,41.35508,19.774658,6986.520635544264
7_1,238,41.355160999999995,19.774656,6995.5710951071715
7_1,239,41.35522499999999,19.774647,7002.716839141208
7_1,240,41.355227000000006,19.774647,7002.938900573564
7_1,241,41.355537,19.77455,7038.303284534105
7_1,242,41.355739,19.774487,7061.458953235005
7_1,243,41.356512,19.77426,7149.382086923924
7_1,244,41.3567,19.774198,7170.9237968053685
7_1,245,41.356988,19.774102,7203.915399103045
7_1,246,41.35757199999998,19.773867,7271.978395612913
7_1,247,41.357657999999994,19.773826,7282.124374664426
7_1,248,41.357794000000005,19.773734,7299.111107374562
7_1,249,41.358021,19.773565,7328.0095371690495
7_1,250,41.358126999999996,19.773487,7341.466615856003
7_1,251,41.358171999999996,19.773453,7347.215862472124
7_1,252,41.35843299999999,19.773259,7380.432262827177
7_1,253,41.35851399999999,19.773186,7391.303151166229
7_1,254,41.358672999999996,19.773038,7412.867743385915
7_1,255,41.35910599999999,19.772719,7467.967640469914
7_1,256,41.359297,19.772577000000002,7492.274844706028
7_1,257,41.35962899999999,19.772336,7534.360792175427
7_1,258,41.35977400000001,19.772256,7551.7958054489345
7_1,259,41.35987900000001,19.772211,7564.046735166606
7_1,260,41.360115,19.772158,7590.641643258027
7_1,261,41.360256,19.772138,7606.386140136501
7_1,262,41.360385,19.772129,7620.72889593998
7_1,263,41.36044499999999,19.772126,7627.3954735459265
7_1,264,41.360724999999995,19.772116,7658.50540354314
7_1,265,41.360908999999985,19.772106,7678.952204714426
7_1,266,41.36092299999999,19.772107,7680.508886319754
7_1,267,41.360965,19.772091,7685.3604568789615
7_1,268,41.360976999999984,19.772079,7687.028650925447
7_1,269,41.36098700000001,19.772066,7688.582802219211
7_1,270,41.361006999999994,19.771998,7694.6910505729165
7_1,271,41.36098599999999,19.771913,7702.1755001900065
7_1,272,41.360976,19.7719,7703.729651547309
7_1,273,41.36096700000001,19.771892,7704.9323175065965
7_1,274,41.36093699999999,19.771876,7708.522090352717
7_1,275,41.360926000000006,19.771874,7709.754835840701
7_1,276,41.360917,19.771874,7710.754113837428
7_1,277,41.360868,19.771897,7716.524811114713
7_1,278,41.360861,19.771904000000003,7717.497924910714
7_1,279,41.360775,19.771951,7727.824332357797
7_1,280,41.36068800000001,19.771993,7738.1031199382505
7_1,281,41.360661,19.771999,7741.142679890064
10_0,1,41.329403000000006,19.821433,0
10_0,2,41.32941099999999,19.821428,0.9818679612845592
10_0,3,41.329989999999995,19.821092,71.1536335334344
10_0,4,41.330465000000004,19.82082,128.5968387057323
10_0,5,41.330617,19.820675,149.38321832691668
10_0,6,41.33059799999999,19.820379,174.24509719479806
10_0,7,41.33061099999999,19.820037,202.90521287035688
10_0,8,41.330549,19.819553,243.99252289458684
10_0,9,41.330481,19.819044,287.2546617923791
10_0,10,41.330332,19.817947,380.5633059701348
10_0,11,41.330302,19.81776,396.56393714203756
10_0,12,41.330173,19.81692,468.31001524057325
10_0,13,41.330132,19.816764,482.13660522524805
10_0,14,41.33006300000001,19.816622,496.39264886169536
10_0,15,41.329953999999994,19.816466,514.1947795729127
10_0,16,41.3298,19.816329,534.7816755874179
10_0,17,41.329330000000006,19.816102,590.3273363856258
10_0,18,41.32909699999999,19.816009,617.342663352355
10_0,19,41.32899,19.815995,630.1110335947395
10_0,20,41.32866200000001,19.816074,667.1585151433895
10_0,21,41.32819299999999,19.816188,720.1237949303395
10_0,22,41.328084999999994,19.816216,732.3417916968525
10_0,23,41.327881,19.816268,755.4070340487411
10_0,24,41.32771499999998,19.816312,774.202174204494
10_0,25,41.327641,19.816331,782.5708070428129
10_0,26,41.32730299999999,19.816419,820.8637518583583
10_0,27,41.326768,19.816571000000003,881.6118470305055
10_0,28,41.326663,19.8166,893.5198949030396
10_0,29,41.32606800000001,19.81677,961.0980659523523
10_0,30,41.325598,19.816902,1014.4674746951499
10_0,31,41.325667,19.817346,1052.410121756715
10_0,32,41.325769999999984,19.818000000000005,1108.3356418764836
10_0,33,41.325929,19.819015,1195.2565210189389
10_0,34,41.32594299999999,19.819105000000004,1202.9478639530394
10_0,35,41.32666100000001,19.818911000000003,1284.3268997223722
10_0,36,41.326758000000005,19.818925,1295.1841806243035
10_0,37,41.326915,19.81911,1318.5052039433858
10_0,38,41.327113000000004,19.819280000000003,1344.6915427983988
10_0,39,41.327158000000004,19.819404,1356.209710460687
10_0,40,41.327264,19.820624,1459.0328253911357
10_0,41,41.327375,19.821888,1565.8875276889237
10_0,42,41.327427,19.822489,1616.5569778420477
10_0,43,41.32749999999999,19.822749,1641.784510773339
10_0,44,41.32738,19.82303,1670.5565663164152
10_0,45,41.32716,19.823524,1719.27974409378
10_0,46,41.32712,19.823609,1727.6662306194364
10_0,47,41.327059000000006,19.823748,1741.1276270706985
10_0,48,41.326958000000005,19.823907,1758.5299199628125
10_0,49,41.326818,19.824238,1790.3605775316862
10_0,50,41.326682,19.824469,1814.8920393967132
10_0,51,41.326557,19.824604,1832.7883983501079
10_0,52,41.326384,19.824695,1853.518674936337
10_0,53,41.32543999999999,19.825008,1961.6983174919283
10_0,54,41.32533899999999,19.825043,1973.2974757918707
10_0,55,41.325006,19.825155,2011.4426821146515
10_0,56,41.324923000000005,19.825175,2020.8088862294449
10_0,57,41.324737,19.825129,2041.8362347849627
10_0,58,41.32444399999999,19.825019000000005,2075.6454311567836
10_0,59,41.323904000000006,19.824826,2137.798635770792
10_0,60,41.32384700000001,19.824815,2144.1939062503966
10_0,61,41.32373599999998,19.824809,2156.528349236955
10_0,62,41.323691000000004,19.824808,2161.6582278184756
10_0,63,41.323263,19.824792,2209.197490036225
10_0,64,41.322962999999994,19.824795,2242.5469812709703
10_0,65,41.32280299999999,19.824841,2260.724057609318
10_0,66,41.322660000000006,19.824912,2277.6769093704042
10_0,67,41.32195000000001,19.825317,2363.5249048348055
10_0,68,41.32183499999999,19.825378,2377.27622985805
10_0,69,41.32127799999999,19.825708,2445.1225082047004
10_0,70,41.321018,19.825861,2476.7106900073313
10_0,71,41.320460999999995,19.826187,2544.31527693899
10_0,72,41.31977899999998,19.826586,2627.0865124878133
10_0,73,41.319571999999994,19.826793,2655.8689924337564
10_0,74,41.319403,19.827025,2682.898787534041
10_0,75,41.31925,19.827429,2720.742267762035
10_0,76,41.318931000000006,19.828452,2813.4081686728537
10_0,77,41.31875,19.829031,2865.8844934524127
10_0,78,41.31866500000001,19.829191,2882.369181145457
10_0,79,41.3186,19.829336,2896.4899394572303
10_0,80,41.318543000000005,19.829465,2909.0058413799693
10_0,81,41.31825099999999,19.830344,2989.4092455223536
10_0,82,41.318172,19.830445,3001.5916028995503
10_0,83,41.31813099999999,19.830456000000005,3006.235968273175
10_0,84,41.318093,19.83048,3010.9089296804104
10_0,85,41.318035,19.83056,3020.3608896036712
10_0,86,41.318017999999995,19.830612,3025.1052178139253
10_0,87,41.318015,19.830723,3034.4025378701695
10_0,88,41.31802799999999,19.830776,3039.067842437873
10_0,89,41.317986,19.831127,3068.816367155228
10_0,90,41.317777,19.831755,3126.3628618756757
10_0,91,41.31761699999999,19.832218,3169.317088315581
10_0,92,41.31748699999999,19.832498,3196.842768741588
10_0,93,41.317383,19.832635,3213.1167747710797
10_0,94,41.317268,19.832747,3229.0012103674844
10_0,95,41.317164,19.832818000000003,3241.9879052996516
10_0,96,41.31693,19.832953,3270.31981984543
10_0,97,41.316897000000004,19.832972,3274.3140643709858
10_0,98,41.31652899999999,19.833181,3318.9085459767357
10_0,99,41.316516,19.833188,3320.4663219740596
10_0,100,41.315532001651185,19.83376650883969,3440.7065030803024
10_0,101,41.314548,19.834345,3560.2268660000245
10_0,102,41.31431700000001,19.834451,3587.3660429422275
10_0,103,41.31417499999999,19.834471,3603.2207439783097
10_0,104,41.314061,19.834466,3616.4313055774815
10_0,105,41.31361299999999,19.834447,3666.1975246779157
10_0,106,41.313449,19.834471,3685.409933284116
10_0,107,41.31332799999999,19.834519,3699.4324229398208
10_0,108,41.31311999999999,19.834655,3725.1801254628745
10_0,109,41.31306599999999,19.834693,3731.9672941592507
10_0,110,41.3124280020537,19.835156342470892,3814.606037404623
10_0,111,41.31179000205367,19.835619675804093,3897.2110075035316
10_0,112,41.311152,19.836083,3978.609044243827
10_0,113,41.310956,19.836221,4003.2470145563125
10_0,114,41.310807000000004,19.836295,4021.155092833436
10_0,115,41.310211999999986,19.836532,4090.4021733478444
10_0,116,41.30979000000001,19.8367,4139.33550353365
10_0,117,41.308779,19.837111,4256.754114774228
10_0,118,41.30869800000001,19.837148,4266.521545032614
10_0,119,41.308512,19.837234,4289.816008293255
10_0,120,41.30823699999999,19.837438,4324.800680483517
10_0,121,41.308061,19.837616,4349.678244953571
10_0,122,41.307804999999995,19.837928,4388.280683441276
10_0,123,41.307724999999984,19.838052,4401.943141624047
10_0,124,41.307641,19.838215,4418.747333324935
10_0,125,41.307562999999995,19.838448,4440.30389562862
10_0,126,41.307524,19.838736,4464.820337470988
10_0,127,41.30749,19.839712,4546.620662835043
10_0,128,41.307465,19.839834,4557.204853645427
10_0,129,41.30740900000001,19.83994,4568.040467343492
10_0,130,41.30733800000001,19.840028,4578.830230210949
10_0,131,41.30731078626606,19.840170240035285,4591.207056755672
10_0,132,41.30732355049726,19.840346900544652,4606.064711997625
10_0,133,41.30729800840047,19.84043995854111,4614.355565274237
10_0,134,41.30723976368154,19.84057729725736,4627.547300928389
10_0,135,41.307199,19.840643,4634.670544213601
10_0,136,41.307112999999994,19.840812,4651.889972349234
10_0,137,41.307069,19.840875,4659.079150179356
10_0,138,41.30701199999999,19.840958,4668.47788974866
10_0,139,41.306963,19.841028,4676.474259704191
10_0,140,41.306847999999995,19.841187,4694.919405483639
10_0,141,41.30663,19.84149,4729.981296867296
10_0,142,41.306364,19.841886,4774.4127959301695
10_0,143,41.30633699999999,19.841926,4778.9073712075815
10_0,144,41.306270999999995,19.842021,4789.721953069594
10_0,145,41.30604199999999,19.84235,4827.212896084813
10_0,146,41.30579,19.842715,4868.645199342993
10_0,147,41.30551400000001,19.843122,4914.4939865474225
10_0,148,41.30517400000001,19.843815,4983.8643110053135
10_0,149,41.30512799999999,19.84391,4993.316519250912
10_0,150,41.305001999999995,19.844187,5020.467238632935
10_0,151,41.304922,19.84429,5032.992673595
10_0,152,41.304297500931156,19.844730504252666,5111.529967528094
10_0,153,41.303673,19.845171,5190.0668412775185
10_0,154,41.303194999999995,19.845505,5250.0809338075105
10_0,155,41.30258500103807,19.845972504400844,5328.367361765235
10_0,156,41.301974999999985,19.84644,5406.659911234361
10_0,157,41.301647,19.846683000000002,5448.45048869789
10_0,158,41.301594,19.846722,5455.18024445692
10_0,159,41.301356000000006,19.84698,5489.310708318578
10_0,160,41.301261999999994,19.84714,5506.292600117934
10_0,161,41.30106299999999,19.847589,5549.898531009219
10_0,162,41.30070599999999,19.848431,5630.782140243801
10_0,163,41.300538,19.848772,5664.929645659456
10_0,164,41.30034200000001,19.849076,5698.417466944906
10_0,165,41.299697,19.849912,5798.612491723322
10_0,166,41.29955300000001,19.850099,5821.6587333180405
10_0,167,41.29952899999999,19.85013,5825.37863029632
10_0,168,41.299339999999994,19.850371,5854.493758876092
10_0,169,41.29903800000001,19.850746,5900.454750338724
10_0,170,41.298964999999995,19.850838,5911.636437256757
10_0,171,41.29883099999999,19.850947,5929.090417757997
10_0,172,41.298389,19.851123,5980.618648525021
10_0,173,41.29791099999999,19.851293,6035.583046441365
10_0,174,41.297419999999995,19.851470000000003,6092.081777752456
10_0,175,41.29723,19.85154,6113.97619793856
10_0,176,41.29678899999999,19.851704,6166.02815858421
10_0,177,41.296656,19.851753,6181.354260680132
10_0,178,41.296198999999994,19.851922,6234.041192086292
10_0,179,41.29555250029392,19.852151502334117,6308.4829102666845
10_0,180,41.294906000000005,19.852381,6382.79563196212
10_0,181,41.294597,19.852491,6418.804813075757
10_0,182,41.294073,19.852677,6479.168079581402
10_0,183,41.293728,19.852796,6518.748931714733
10_0,184,41.293555000000005,19.852856000000003,6538.602958106835
10_0,185,41.293321,19.852947,6565.677883909329
10_0,186,41.29279,19.853154,6627.129010488532
10_0,187,41.29236499999999,19.853344,6676.92962000651
10_0,188,41.29175350087759,19.853771504039834,6753.744569351042
10_0,189,41.291142,19.854199,6831.000572630242
10_0,190,41.290807,19.854429,6872.9126248961165
10_0,191,41.28999000229403,19.85491167889798,6973.133413726381
10_0,192,41.28917300229399,19.855394345564413,7072.897977143238
10_0,193,41.28835599999999,19.855877,7172.862121283827
10_0,194,41.287819,19.856213000000004,7239.582171125398
10_0,195,41.287572,19.856327,7268.620210894404
10_0,196,41.28734099999999,19.856389,7294.787865817282
10_0,197,41.287222,19.8564,7308.146030929081
10_0,198,41.28697199999999,19.856369,7336.02406548985
10_0,199,41.286617,19.856263,7376.432723040737
10_0,200,41.28621099999999,19.856219,7421.660269398967
10_0,201,41.28597800000001,19.856237,7447.591348687128
10_0,202,41.285757999999994,19.856282,7472.306420594555
10_0,203,41.28574027253261,19.856283943347595,7474.281375041523
10_0,204,41.28543227253407,19.85632694336433,7508.676962688459
10_0,205,41.28534299999999,19.856383,7519.644237776465
10_0,206,41.285325,19.856406,7522.419878321523
10_0,207,41.28503799999999,19.856777,7567.794773880126
10_0,208,41.284939,19.857001,7589.663899286472
10_0,209,41.284874,19.857293,7615.160907429444
10_0,210,41.284785430088256,19.858006840491342,7675.780575184947
10_0,211,41.28473425757347,19.858319074983253,7702.53969133952
10_0,212,41.284702,19.858385,7710.98323912869
10_0,213,41.284537,19.858463,7730.705558564032
10_0,214,41.28418099999998,19.858611,7772.1291953254795
10_0,215,41.284078,19.858655,7784.144061357541
10_0,216,41.283885,19.858742,7807.174644153293
10_0,217,41.28374800000001,19.858837,7824.340537632149
10_0,218,41.283505000000005,19.858944,7853.237559286529
10_0,219,41.283469000000004,19.858942,7857.238055476905
10_0,220,41.283297,19.858844,7878.0238035665525
10_0,221,41.283256,19.858797,7884.041764185984
10_0,222,41.283097999999995,19.858609,7907.613748063967
10_0,223,41.28304065744215,19.85852415957194,7917.154199289721
10_0,224,41.28296511702252,19.858442049155094,7928.005386009824
10_0,225,41.282953320913045,19.858424540316204,7929.971481903079
10_0,226,41.28252200000001,19.857961,7991.642570191242
10_0,227,41.28226699999999,19.857673,8028.851185396994
10_0,228,41.28201700000001,19.857391,8065.296312040433
10_0,229,41.281943999999996,19.857308,8075.973986214886
10_0,230,41.28162415109476,19.85690036664127,8125.39227568088
10_0,231,41.281584364153375,19.856813263639374,8133.920556957179
10_0,232,41.28150136409601,19.856566263628288,8156.5670547540485
10_0,233,41.28147114470615,19.856417055572923,8169.506131948328
10_0,234,41.281430243792244,19.85645117342309,8174.871465939104
10_0,235,41.28133927544577,19.85643245707807,8185.179834457373
10_0,236,41.281193723117084,19.856390319215958,8201.7751942076
10_0,237,41.28102603317244,19.856324506644945,8221.192167035118
10_0,238,41.28089002626493,19.85627926050238,8236.760898256034
10_0,239,41.280781838749725,19.856303940216506,8250.28910418539
10_0,240,41.28065462681457,19.856325894662096,8264.53230865896
10_0,241,41.28053609787029,19.856322450002107,8277.695437023835
10_0,242,41.28048902152746,19.856319857131446,8282.92671260537
10_0,243,41.28044645631285,19.85629982693082,8287.941544234578
10_0,244,41.280443196428585,19.856256463059598,8291.592519836517
10_0,245,41.280436390718094,19.856218426616497,8294.866593129249
10_0,246,41.28042187186666,19.85618280518566,8298.25765677246
10_0,247,41.280404726580336,19.856147635360365,8301.764824922257
10_0,248,41.280387389581534,19.856124844891443,8304.475659973552
10_0,249,41.28038194500854,19.85608439343608,8307.917120658334
10_0,250,41.280378315292964,19.85601315057441,8313.897559852865
10_0,251,41.280356083280616,19.85564787997005,8344.589710136928
10_0,252,41.28038375986627,19.855469169062793,8359.869776953507
10_0,253,41.280430265578026,19.85532728709251,8372.826218842803
10_0,254,41.280516017486484,19.8551582362343,8389.888219956509
10_0,255,41.280603130421,19.85507431455825,8401.844355307312
10_0,256,41.28067527073186,19.855039296880488,8410.373984913067
10_0,257,41.280784388471915,19.854987374116895,8423.269202864976
10_0,258,41.28090167282485,19.854930621328784,8437.15302894298
10_0,259,41.2810498092402,19.854861189726297,8454.597975930574
10_0,260,41.28155015941372,19.854611837316586,8513.971568189618
10_0,261,41.282280485448005,19.854268304216422,8600.019085953429
10_0,262,41.282437012186854,19.854212155181376,8618.03318876082
10_0,263,41.28250960417019,19.854207325156853,8626.10304256199
10_0,264,41.28255860371329,19.85420913641605,8631.545455413798
10_0,265,41.28264072323544,19.854230267773303,8640.83315668504
10_0,266,41.28271237936544,19.85426632131879,8649.342695087587
10_0,267,41.28278363817952,19.85430271814111,8657.821298009418
10_0,268,41.28288549324228,19.854355848410826,8669.973942747587
10_0,269,41.28298893608319,19.854415016211206,8682.51398450927
10_0,270,41.28301207459094,19.854485051566748,8688.917395515724
10_0,271,41.283025231777984,19.85457259576118,8696.393353907892
10_0,272,41.283035666786496,19.854647461141248,8702.769488941465
10_0,273,41.283006176540724,19.854688516349672,8707.517441930808
10_0,274,41.28298485281626,19.854722326521312,8711.20840032781
10_0,275,41.28297804737082,19.854763985482805,8714.778230964992
10_0,276,41.282979408459965,19.85481168197494,8719.728587120362
10_0,277,41.28298938977949,19.85486541599773,8724.36326786988
10_0,278,41.28306198114839,19.854972884043313,8736.444919953628
10_0,279,41.28313071602636,19.85506646576839,8747.384086272043
10_0,280,41.2831709185326,19.85512111973616,8753.777443750554
10_1,1,41.2831709185326,19.85512111973616,0
10_1,2,41.283193779646105,19.855152198703625,3.6355779049575436
10_1,3,41.28325956537154,19.85524819544097,14.497711750584855
10_1,4,41.28339068292995,19.855432943878874,35.74220150704805
10_1,5,41.2834984350515,19.85557844836755,53.51236960558086
10_1,6,41.28354561908239,19.855593542194175,59.22491965040971
10_1,7,41.283591607367256,19.855598389030035,64.34699470731714
10_1,8,41.283599608460506,19.855584184021676,65.83173266199809
10_1,9,41.28360119638272,19.855557015133748,68.1139329484573
10_1,10,41.283601196382726,19.85551143177734,73.6144361656895
10_1,11,41.28362365413553,19.855483961012876,77.00710942320634
10_1,12,41.28364906087689,19.85546947093932,80.07791547003185
10_1,13,41.28366675485163,19.855451660223885,82.5445554109878
10_1,14,41.283646792418246,19.855422680076774,85.83134847524857
10_1,15,41.28362002460025,19.855396114941904,89.54381080712122
10_1,16,41.28358372923628,19.85535747474574,94.71212614011664
10_1,17,41.28353246200029,19.855300721957622,102.12771171530851
10_1,18,41.28345873692215,19.855154613715886,116.87960652091701
10_1,19,41.28343199487411,19.85510800240274,121.7841264564236
10_1,20,41.283379113744225,19.854994015400585,132.99149511323427
10_1,21,41.283309471739706,19.854862397232402,146.4560072450729
10_1,22,41.28327975477055,19.854807455703483,152.11802487141915
10_1,23,41.2832434592173,19.854743457878588,159.43193847417132
10_1,24,41.28318046842254,19.854651427691334,169.83953169943962
10_1,25,41.283156122959625,19.854629348549295,173.1145245908853
10_1,26,41.28311846625143,19.854613047216542,177.5127132100715
10_1,27,41.28308670756497,19.85461606598187,181.04785397074696
10_1,28,41.28305268038375,19.854628141043165,184.9588181691875
10_1,29,41.283043152769835,19.854563539465207,190.4716556033944
10_1,30,41.28302931504238,19.854499541640312,196.04733736463865
10_1,31,41.28301797264063,19.85443856258074,201.3073223825883
10_1,32,41.28299301934987,19.85439207359473,206.0858944662024
10_1,33,41.28294674231262,19.854357659670026,211.99387836751066
10_1,34,41.28263754734424,19.8542061176507,248.59673118658836
10_1,35,41.2825576963147,19.85418528816998,257.6323943169301
10_1,36,41.282445178789025,19.85418559004651,270.1249631517061
10_1,37,41.28236351272144,19.854210343922173,279.4461159461023
10_1,38,41.28221469873556,19.854279171771594,296.94525253209065
10_1,39,41.28206656496441,19.854354037151662,314.5468218571683
10_1,40,41.281829278008544,19.85445727892578,342.2999541175797
10_1,41,41.28168613412177,19.854529125540523,359.29384481541933
10_1,42,41.28156567523524,19.854582255810246,373.3889146552142
10_1,43,41.28142048908784,19.854652291165795,390.54259441674117
10_1,44,41.2807034008987,19.85499341164487,475.1301344514441
10_1,45,41.28058452818954,19.85505922073163,489.432929715161
10_1,46,41.28050467464793,19.85513951988928,500.5610412936627
10_1,47,41.280431626720315,19.85527717558811,514.6570902746536
10_1,48,41.28038239872298,19.85539551118886,525.9753026482966
10_1,49,41.28035018499034,19.85553799691221,538.4334408414608
10_1,50,41.28033929583769,19.85566901132733,549.4730678443093
10_1,51,41.280346555272985,19.85584651472845,564.3614571607295
10_1,52,41.28035903242554,19.856017376845863,578.7386751587703
10_1,53,41.28036674557318,19.85610914731175,586.472343708527
10_1,54,41.28032455010724,19.856113373583206,591.1705516305911
10_1,55,41.28027691003222,19.856119411113855,596.4840235841571
10_1,56,41.280228816206964,19.856144164989523,602.229765368872
10_1,57,41.28019183838324,19.856184616444878,607.5527216746013
10_1,58,41.28016143942043,19.85623653920847,613.0575280394689
10_1,59,41.28013425528461,19.856345073190237,622.6360578239683
10_1,60,41.28015826340857,19.856450871546567,631.889324675712
10_1,61,41.280213078575244,19.85653634083177,641.2851562708966
10_1,62,41.28028394261692,19.856548075790016,649.2391488968424
10_1,63,41.28032899477538,19.85653222757219,654.4142924522032
10_1,64,41.280410075297475,19.856462342854805,665.1519679807204
10_1,65,41.28046043755867,19.856356686068423,675.6196786630819
10_1,66,41.28081750941306,19.856325290909034,715.7828367826347
10_1,67,41.28089146433055,19.85631321584773,724.0559090570418
10_1,68,41.28102139654326,19.856355356227745,738.9074146855083
10_1,69,41.28121382512403,19.856437588979126,761.3549255219398
10_1,70,41.281453371213544,19.856480811501093,788.3298073978542
10_1,71,41.28150205511663,19.85669058907118,806.7118104453118
10_1,72,41.28155342516654,19.85683002847141,819.7084822541599
10_1,73,41.28163033316353,19.856966179212275,833.9541462637196
10_1,74,41.281721296278356,19.857073340956624,847.811815561488
10_1,75,41.281802509445015,19.857178997743013,860.4454288255248
10_1,76,41.28214035181961,19.857566718922723,910.0656835725489
10_1,77,41.28256150058405,19.858037690133997,971.2489305770829
10_1,78,41.28281993398849,19.8583279398258,1008.8548766273683
10_1,79,41.282960353209326,19.858475859326735,1028.8403810079274
10_1,80,41.28309714256366,19.85864430643188,1049.5718226158028
10_1,81,41.28323869542446,19.858800074722662,1069.9970045002112
10_1,82,41.28328088900625,19.85885320499239,1076.4580659054668
10_1,83,41.28334969830774,19.85899094409222,1090.2941015115523
10_1,84,41.283373215727174,19.859144817722804,1103.997709685482
10_1,85,41.2834298640415,19.859224910608027,1113.1929247924309
10_1,86,41.28349344443086,19.859219079349806,1120.2689655090153
10_1,87,41.283541082157825,19.85918828794349,1126.5545568276052
10_1,88,41.28374800000001,19.858837,1164.048425522402
10_1,89,41.283885,19.858742,1181.2143190012578
10_1,90,41.284078,19.858655,1204.2449017970093
10_1,91,41.284702,19.858385,1277.1960884123175
10_1,92,41.284734,19.858319,1285.6316591650411
10_1,93,41.284785430088256,19.858006840491342,1312.3907268086693
10_1,94,41.284874,19.857293,1373.0103945641729
10_1,95,41.284939,19.857001,1398.5074027071453
10_1,96,41.28503799999999,19.856777,1420.3765281134908
10_1,97,41.285325,19.856406,1465.7514236720933
10_1,98,41.28534299999999,19.856383,1468.5270642171515
10_1,99,41.285423,19.856329,1478.4942687539951
10_1,100,41.285683325942834,19.856290572038045,1507.5880742559095
10_1,101,41.285757999999994,19.856282,1515.9099731300364
10_1,102,41.28597800000001,19.856237,1540.6250450374637
10_1,103,41.28621099999999,19.856219,1566.556124325624
10_1,104,41.286617,19.856263,1611.7836706838539
10_1,105,41.28697199999999,19.856369,1652.1923282347407
10_1,106,41.287222,19.8564,1680.0703627955102
10_1,107,41.28734099999999,19.856389,1693.4285279073085
10_1,108,41.287572,19.856327,1719.5961828301863
10_1,109,41.287819,19.856213000000004,1748.6342225991918
10_1,110,41.28835599999999,19.855877,1815.3542724407635
10_1,111,41.28917300229399,19.855394345564413,1915.3184165813527
10_1,112,41.28999000229403,19.85491167889798,2015.0829799982089
10_1,113,41.290807,19.854429,2115.3037688284735
10_1,114,41.291142,19.854199,2157.215821094349
10_1,115,41.29175350087759,19.853771504039834,2234.4718243735483
10_1,116,41.29236499999999,19.853344,2311.2867737180804
10_1,117,41.29279,19.853154,2361.0873832360585
10_1,118,41.293321,19.852947,2422.538509815262
10_1,119,41.293555000000005,19.852856000000003,2449.6134356177554
10_1,120,41.293783,19.852777,2475.779924552483
10_1,121,41.294073,19.852677,2509.049017733729
10_1,122,41.294597,19.852491,2569.4122842393735
10_1,123,41.294906000000005,19.852381,2605.4214653530103
10_1,124,41.29555250029392,19.852151502334117,2679.7341870484456
10_1,125,41.296198999999994,19.851922,2754.1759052288385
10_1,126,41.296656,19.851753,2806.8628366349985
10_1,127,41.29678899999999,19.851704,2822.1889387309207
10_1,128,41.29723,19.85154,2874.2408993765716
10_1,129,41.297419999999995,19.851470000000003,2896.1353195626743
10_1,130,41.29791099999999,19.851293,2952.634050873766
10_1,131,41.298389,19.851123,3007.59844879011
10_1,132,41.29883099999999,19.850947,3059.1266795571337
10_1,133,41.298964999999995,19.850838,3076.5806600583733
10_1,134,41.299064,19.850715,3091.643314667935
10_1,135,41.299339999999994,19.850371,3133.725363821282
10_1,136,41.29952899999999,19.85013,3162.8404924010547
10_1,137,41.29955300000001,19.850099,3166.560389379334
10_1,138,41.299697,19.849912,3189.6066309740527
10_1,139,41.30034200000001,19.849076,3289.8016557524684
10_1,140,41.300538,19.848772,3323.2894770379185
10_1,141,41.30070599999999,19.848431,3357.436982453573
10_1,142,41.301,19.847737,3424.0924315669113
10_1,143,41.30106299999999,19.847589,3438.3219629344153
10_1,144,41.301261999999994,19.84714,3481.9278938257007
10_1,145,41.301356000000006,19.84698,3498.9097856250573
10_1,146,41.301594,19.846722,3533.040249486715
10_1,147,41.301974999999985,19.84644,3581.5500933961825
10_1,148,41.30258500103807,19.845972504400844,3659.8426428653083
10_1,149,41.303194999999995,19.845505,3738.1290708230326
10_1,150,41.303673,19.845171,3798.1431633530246
10_1,151,41.304297500931156,19.844730504252666,3876.6800371024497
10_1,152,41.304922,19.84429,3955.217331035543
10_1,153,41.305001999999995,19.844187,3967.742765997609
10_1,154,41.30512799999999,19.84391,3994.8934853796304
10_1,155,41.305497,19.843157,4070.2183666843484
10_1,156,41.30551400000001,19.843122,4073.703907341227
10_1,157,41.30579,19.842715,4119.552694545658
10_1,158,41.30604199999999,19.84235,4160.984997803837
10_1,159,41.306270999999995,19.842021,4198.475940819057
10_1,160,41.30633699999999,19.841926,4209.290522681069
10_1,161,41.306364,19.841886,4213.785097958481
10_1,162,41.30663,19.84149,4258.216597021355
10_1,163,41.306963,19.841028,4311.723592248398
10_1,164,41.30701199999999,19.840958,4319.719962203929
10_1,165,41.307069,19.840875,4329.118701773234
10_1,166,41.307112999999994,19.840812,4336.307879603355
10_1,167,41.307224,19.840688,4352.580778768016
10_1,168,41.307444000000004,19.840428,4385.2984263113685
10_1,169,41.307455999999995,19.840433,4386.694976287396
10_1,170,41.30749599999999,19.840442,4391.199571507643
10_1,171,41.307559999999995,19.840432,4398.354531455754
10_1,172,41.30761799999999,19.840397,4405.429477931596
10_1,173,41.30768299999999,19.840302,4422.1227760963175
10_1,174,41.307708,19.840179,4432.787744429124
10_1,175,41.30768599999999,19.840054000000002,4443.533897028811
10_1,176,41.307624,19.839957,4461.345435944954
10_1,177,41.30758300000001,19.839849,4471.468366314966
10_1,178,41.307574,19.839715,4482.731137585412
10_1,179,41.307582,19.839514,4499.582097764696
10_1,180,41.30761799999999,19.838656,4571.527873132996
10_1,181,41.307653,19.838464,4589.501122217316
10_1,182,41.307718,19.838273,4607.044588353606
10_1,183,41.307801,19.838101,4624.140568592083
10_1,184,41.30786,19.838015,4633.874461116768
10_1,185,41.30810600000001,19.837709,4671.321430137018
10_1,186,41.30826600000001,19.837547,4694.003884058461
10_1,187,41.308542,19.837339,4729.24973041756
10_1,188,41.308744,19.837238000000003,4753.220069554782
10_1,189,41.30932500028969,19.837006002114272,4821.504534166405
10_1,190,41.309905999999984,19.836774,4888.913147913434
10_1,191,41.310191999999994,19.83666,4922.070435504732
10_1,192,41.310233000000004,19.836644,4926.8155750978585
10_1,193,41.31084,19.836402,4997.453749460583
10_1,194,41.311108,19.836262,5029.569183709577
10_1,195,41.31123100000001,19.836168,5045.330650557598
10_1,196,41.31152899999999,19.835939,5084.243507509286
10_1,197,41.311926,19.835659,5137.10549404051
10_1,198,41.31228200000001,19.835409,5185.081335427714
10_1,199,41.31313399999999,19.834768,5295.239323453979
10_1,200,41.313187,19.834732,5301.85063743338
10_1,201,41.313435999999996,19.834604,5331.500611798299
10_1,202,41.31359299999999,19.834568,5350.11411725588
10_1,203,41.31419299999999,19.834586,5416.85429263953
10_1,204,41.314344999999996,19.834565,5433.821945048695
10_1,205,41.31445999999998,19.834522,5447.087911727038
10_1,206,41.314595999999995,19.834443,5463.572444144902
10_1,207,41.315246000714836,19.834062503841,5542.482885554377
10_1,208,41.31589600000001,19.833682,5622.049020080581
10_1,209,41.31620199999998,19.833506,5659.08057087921
10_1,210,41.317157,19.832945,5775.230199833473
10_1,211,41.317238999999994,19.832896,5785.21582051077
10_1,212,41.31740599999999,19.832756,5807.171092147365
10_1,213,41.317578999999995,19.832515,5835.02713995902
10_1,214,41.317686,19.832278,5858.150681662331
10_1,215,41.31791599999999,19.831619,5919.029995198045
10_1,216,41.31794300000001,19.831544,5925.986954250727
10_1,217,41.31811700000001,19.831015,5974.5572816753265
10_1,218,41.31818199999999,19.830909,5985.994493490452
10_1,219,41.31821299999999,19.830906,5989.445532444716
10_1,220,41.31831499999999,19.830833,6002.313800298029
10_1,221,41.318353,19.830742,6011.021407637545
10_1,222,41.318356,19.830631,6020.318679676781
10_1,223,41.31832099999999,19.83053,6029.784566176634
10_1,224,41.31832099999999,19.830395,6041.0848064760585
10_1,225,41.31869100000001,19.829325,6139.621526023393
10_1,226,41.318819999999995,19.829058,6166.228671205189
10_1,227,41.318856,19.828939,6176.961581509669
10_1,228,41.318936,19.828676,6200.72221231008
10_1,229,41.31908299999999,19.828194,6244.249083431981
10_1,230,41.31930700000001,19.82746,6310.537401644188
10_1,231,41.319395,19.827205,6334.011947480667
10_1,232,41.319458,19.82707,6347.571255862084
10_1,233,41.319626,19.826854,6373.591770626684
10_1,234,41.319816,19.826658,6400.315805758551
10_1,235,41.320477999999994,19.826243,6481.615968542666
10_1,236,41.32103300000001,19.82592,6548.918297507639
10_1,237,41.32135600000001,19.825732,6588.081127137245
10_1,238,41.321391,19.825711,6592.346184884899
10_1,239,41.32185599999999,19.825443,6648.775711158053
10_1,240,41.321961,19.825381,6661.536601295949
10_1,241,41.322056999999994,19.825331,6672.987544415399
10_1,242,41.322677999999996,19.824985,6747.815104536535
10_1,243,41.322912,19.824879,6775.268997664342
10_1,244,41.323266000000004,19.824868,6814.617804698929
10_1,245,41.32371899999999,19.824909,6865.03419381881
10_1,246,41.32381,19.82493,6875.305964079293
10_1,247,41.323869,19.824946,6881.9921574392465
10_1,248,41.32407899999999,19.825020000000002,6906.116862157582
10_1,249,41.324273,19.825087,6928.540080940932
10_1,250,41.32456700000001,19.825187,6962.238554930794
10_1,251,41.324749,19.825244,6983.001358503402
10_1,252,41.324895,19.825286,6999.613860014408
10_1,253,41.324991999999995,19.825275,7010.422951522805
10_1,254,41.325068,19.825252,7019.077950444288
10_1,255,41.32540000000001,19.825149,7056.945151949012
10_1,256,41.32552,19.825112,7070.623787461401
10_1,257,41.32611699999999,19.824908,7139.298874125764
10_1,258,41.32641300000001,19.824816,7173.053441451553
10_1,259,41.326531,19.824767,7187.14072758525
10_1,260,41.326648,19.824686,7201.79368701817
10_1,261,41.326797000000006,19.824487,7225.316012032326
10_1,262,41.326889,19.824313,7243.104120837068
10_1,263,41.32702799999999,19.823966,7276.076628017594
10_1,264,41.327059000000006,19.823748,7295.155750034634
10_1,265,41.32712,19.823609,7308.617146485896
10_1,266,41.32716,19.823524,7317.003633011553
10_1,267,41.32738,19.82303,7365.726810788918
10_1,268,41.32749999999999,19.822749,7394.498866331994
10_1,269,41.32756799999999,19.822622,7407.536514376663
10_1,270,41.32763599999999,19.822526,7418.561801257391
10_1,271,41.327685,19.822463,7426.407896193829
10_1,272,41.32783100000001,19.822331,7446.02473736656
10_1,273,41.32826099999999,19.822075,7498.491507949541
10_1,274,41.32860299999999,19.821889,7539.5571453331895
10_1,275,41.329403000000006,19.821433,7636.245282346069
11_0,1,41.329454,19.821403,0
11_0,2,41.329989999999995,19.821092,64.95954626719963
11_0,3,41.330465000000004,19.82082,122.40275143949751
11_0,4,41.330617,19.820675,143.1891310606819
11_0,5,41.33059799999999,19.820379,168.05100992856327
11_0,6,41.33061099999999,19.820037,196.71112560412215
11_0,7,41.330549,19.819553,237.79843562835208
11_0,8,41.330481,19.819044,281.06057452614436
11_0,9,41.330332,19.817947,374.36921870390006
11_0,10,41.330302,19.81776,390.3698498758028
11_0,11,41.330173,19.81692,462.1159279743385
11_0,12,41.330132,19.816764,475.9425179590133
11_0,13,41.33006300000001,19.816622,490.19856159546066
11_0,14,41.330026,19.81657,496.1831693059267
11_0,15,41.329953999999994,19.816466,508.0010632585215
11_0,16,41.3298,19.816329,528.5879592730267
11_0,17,41.329330000000006,19.816102,584.1336200712346
11_0,18,41.32909699999999,19.816009,611.1489470379638
11_0,19,41.32899,19.815995,623.9173172803484
11_0,20,41.32866200000001,19.816074,660.9647988289984
11_0,21,41.32819299999999,19.816188,713.9300786159483
11_0,22,41.328084999999994,19.816216,726.1480753824613
11_0,23,41.32781,19.816284,757.2076939558441
11_0,24,41.327687,19.816318,771.1576030584911
11_0,25,41.327641,19.816331,776.3795524563612
11_0,26,41.32730299999999,19.816419,814.6724972719066
11_0,27,41.326768,19.816571000000003,875.4205924440538
11_0,28,41.326663,19.8166,887.3286403165879
11_0,29,41.32606800000001,19.81677,954.9068113659005
11_0,30,41.325598,19.816902,1008.2762201086981
11_0,31,41.325667,19.817346,1046.2188671702631
11_0,32,41.325769999999984,19.818000000000005,1102.1443872900318
11_0,33,41.325929,19.819015,1189.065266432487
11_0,34,41.32594299999999,19.819105000000004,1196.7566093665876
11_0,35,41.32666100000001,19.818911000000003,1278.1356451359204
11_0,36,41.326758000000005,19.818925,1288.9929260378517
11_0,37,41.326915,19.81911,1312.313949356934
11_0,38,41.327113000000004,19.819280000000003,1338.500288211947
11_0,39,41.327158000000004,19.819404,1350.018455874235
11_0,40,41.327264,19.820624,1452.841570804684
11_0,41,41.327375,19.821888,1559.6962731024719
11_0,42,41.327427,19.822489,1610.3657232555959
11_0,43,41.32749999999999,19.822749,1635.5932561868872
11_0,44,41.32738,19.82303,1664.3653117299634
11_0,45,41.32716,19.823524,1713.0884895073282
11_0,46,41.32712,19.823609,1721.4749760329844
11_0,47,41.327059000000006,19.823748,1734.9363724842467
11_0,48,41.326958000000005,19.823907,1752.3386653763607
11_0,49,41.326818,19.824238,1784.1693229452344
11_0,50,41.326682,19.824469,1808.7007848102614
11_0,51,41.326557,19.824604,1826.597143763656
11_0,52,41.326384,19.824695,1847.327420349885
11_0,53,41.32543999999999,19.825008,1955.5070629054765
11_0,54,41.32533899999999,19.825043,1967.106221205419
11_0,55,41.325006,19.825155,2005.2514275281999
11_0,56,41.324923000000005,19.825175,2014.617631642993
11_0,57,41.324737,19.825129,2035.644980198511
11_0,58,41.32444399999999,19.825019000000005,2069.4541765703316
11_0,59,41.323904000000006,19.824826,2131.60738118434
11_0,60,41.32384700000001,19.824815,2138.0026516639446
11_0,61,41.32373599999998,19.824809,2150.337094650503
11_0,62,41.323691000000004,19.824808,2155.4669732320235
11_0,63,41.323263,19.824792,2203.006235449773
11_0,64,41.322962999999994,19.824795,2236.3557266845182
11_0,65,41.32280299999999,19.824841,2254.532803022866
11_0,66,41.322660000000006,19.824912,2271.485654783952
11_0,67,41.32195000000001,19.825317,2357.3336502483535
11_0,68,41.32183499999999,19.825378,2371.084975271598
11_0,69,41.32127799999999,19.825708,2438.9312536182483
11_0,70,41.321018,19.825861,2470.5194354208793
11_0,71,41.320460999999995,19.826187,2538.124022352538
11_0,72,41.31977899999998,19.826586,2620.895257901361
11_0,73,41.319571999999994,19.826793,2649.6777378473043
11_0,74,41.319403,19.827025,2676.707532947589
11_0,75,41.31925,19.827429,2714.551013175583
11_0,76,41.318931000000006,19.828452,2807.216914086401
11_0,77,41.31875,19.829031,2859.6932388659607
11_0,78,41.31866500000001,19.829191,2876.1779265590053
11_0,79,41.3186,19.829336,2890.2986848707783
11_0,80,41.318543000000005,19.829465,2902.8145867935173
11_0,81,41.31825099999999,19.830344,2983.2179909359015
11_0,82,41.318172,19.830445,2995.4003483130978
11_0,83,41.31813099999999,19.830456000000005,3000.0447136867224
11_0,84,41.318093,19.83048,3004.7176750939584
11_0,85,41.318035,19.83056,3014.169635017219
11_0,86,41.318017999999995,19.830612,3018.9139632274732
11_0,87,41.318015,19.830723,3028.2112832837174
11_0,88,41.31802799999999,19.830776,3032.876587851421
11_0,89,41.317986,19.831127,3062.6251125687763
11_0,90,41.317777,19.831755,3120.1716072892236
11_0,91,41.31761699999999,19.832218,3163.125833729129
11_0,92,41.31748699999999,19.832498,3190.651514155136
11_0,93,41.317383,19.832635,3206.9255201846277
11_0,94,41.317268,19.832747,3222.8099557810324
11_0,95,41.317164,19.832818000000003,3235.7966507131996
11_0,96,41.31693,19.832953,3264.1285652589786
11_0,97,41.316770999999996,19.833042,3283.630532228139
11_0,98,41.316658999999994,19.833107,3297.2039900215723
11_0,99,41.31651699999999,19.83319,3314.433032798326
11_0,100,41.31553250164611,19.833767508829354,3434.689982663652
11_0,101,41.314548,19.834345,3554.227215319052
11_0,102,41.31431700000001,19.834451,3581.3663922612554
11_0,103,41.31417499999999,19.834471,3597.221093297337
11_0,104,41.314061,19.834466,3610.4316548965094
11_0,105,41.31361299999999,19.834447,3660.1978739969436
11_0,106,41.313449,19.834471,3679.410282603144
11_0,107,41.31332799999999,19.834519,3693.4327722588487
11_0,108,41.31311999999999,19.834655,3719.180474781903
11_0,109,41.31306599999999,19.834693,3725.9676434782787
11_0,110,41.3124280020537,19.835156342470892,3808.6063867236508
11_0,111,41.31179000205367,19.835619675804093,3891.2113568225595
11_0,112,41.311152,19.836083,3972.609393562855
11_0,113,41.31086799999999,19.836268,4007.7702746393215
11_0,114,41.310447999999994,19.836438,4058.3440883750436
11_0,115,41.310293,19.836502,4078.401749590782
11_0,116,41.30979000000001,19.8367,4136.668777543509
11_0,117,41.308779,19.837111,4254.087388784087
11_0,118,41.30869800000001,19.837148,4263.8548190424735
11_0,119,41.308512,19.837234,4287.149282303115
11_0,120,41.30823699999999,19.837438,4322.133954493376
11_0,121,41.308061,19.837616,4347.011518963431
11_0,122,41.307804999999995,19.837928,4385.613957451135
11_0,123,41.307724999999984,19.838052,4399.276415633906
11_0,124,41.307641,19.838215,4416.080607334795
11_0,125,41.307562999999995,19.838448,4437.6371696384795
11_0,126,41.307524,19.838736,4462.153611480848
11_0,127,41.30749,19.839712,4543.953936844902
11_0,128,41.307465,19.839834,4554.538127655285
11_0,129,41.30740900000001,19.83994,4565.373741353352
11_0,130,41.30733800000001,19.840028,4576.163504220808
11_0,131,41.307306000000004,19.840156,4587.552427325255
11_0,132,41.307325,19.840289,4598.88517895313
11_0,133,41.307332,19.840305,4600.433831409956
11_0,134,41.307404,19.840404,4611.949001335737
11_0,135,41.307444000000004,19.840428,4616.823505568167
11_0,136,41.307455999999995,19.840433,4618.220055544194
11_0,137,41.307478,19.840705,4641.12230919923
11_0,138,41.307472000000004,19.840806,4650.887922226799
11_0,139,41.307483000000005,19.840937,4661.922928538817
11_0,140,41.30752499999999,19.841092,4675.711838778246
11_0,141,41.307568999999994,19.841163,4683.405824349054
11_0,142,41.307648,19.841291,4697.253854488531
11_0,143,41.30777199999999,19.841407,4714.797157569067
11_0,144,41.307929,19.841505,4734.269619835732
11_0,145,41.30815400000001,19.841593,4760.314670434453
11_0,146,41.308764999999994,19.841751,4829.514575569697
11_0,147,41.308844,19.841799,4839.162499279917
11_0,148,41.308934000000015,19.841908,4852.694688360381
11_0,149,41.309543,19.842781,4952.260987840611
11_0,150,41.309591,19.842915,4965.365115501096
11_0,151,41.309597,19.842992,4971.845612224143
11_0,152,41.30942000000001,19.843648000000005,5030.280660005717
11_0,153,41.309354,19.843924,5054.520625689385
11_0,154,41.30933699999999,19.844043,5064.660144918373
11_0,155,41.30934,19.844188,5076.803642424738
11_0,156,41.309384,19.844415,5097.02295013346
11_0,157,41.309386,19.844422,5097.649627699959
11_0,158,41.309463,19.844638,5117.651522298409
11_0,159,41.30951,19.844717,5126.07593621143
11_0,160,41.309575,19.844772,5134.636501938634
11_0,161,41.30964399999999,19.844781,5142.3344127506825
11_0,162,41.309948999999996,19.844691,5177.29651043118
11_0,163,41.310419,19.844522,5231.445750078239
11_0,164,41.310678999999986,19.844447,5260.988013823455
11_0,165,41.310893,19.84437,5285.606942127654
11_0,166,41.311007,19.844329,5299.770576553817
11_0,167,41.311113999999996,19.84426,5314.444799843618
11_0,168,41.311628,19.843835,5381.907125559257
11_0,169,41.311784,19.843705,5402.362732351218
11_0,170,41.311885,19.843657,5414.2747852978155
11_0,171,41.31203599999999,19.843631,5431.8517011834365
11_0,172,41.312180999999995,19.84363,5447.951026222727
11_0,173,41.31240499999999,19.843648000000005,5472.866978044296
11_0,174,41.31251799999999,19.84368,5485.695976008231
11_0,175,41.312644000000006,19.843741,5500.734333525148
11_0,176,41.31270938397788,19.84379350531499,5509.220738503646
11_1,1,41.31270938397788,19.84379350531499,0
11_1,2,41.31271000000001,19.843794,0.07995558406082959
11_1,3,41.312644000000006,19.843741,8.646316146620196
11_1,4,41.31251799999999,19.84368,23.684673663536998
11_1,5,41.31240499999999,19.843648000000005,36.51367162747152
11_1,6,41.312180999999995,19.84363,61.42962344904103
11_1,7,41.31203599999999,19.843631,77.52894848833105
11_1,8,41.311885,19.843657,95.10586437395251
11_1,9,41.311784,19.843705,107.01791732054939
11_1,10,41.311628,19.843835,127.47352411251074
11_1,11,41.311113999999996,19.84426,194.9358498281495
11_1,12,41.311007,19.844329,209.61007311795112
11_1,13,41.310893,19.84437,223.7737075441137
11_1,14,41.310678999999986,19.844447,248.3926358483128
11_1,15,41.310419,19.844522,277.9348995935288
11_1,16,41.309948999999996,19.844691,332.08413924058794
11_1,17,41.30964399999999,19.844781,367.0462369210849
11_1,18,41.309575,19.844772,374.7441477331333
11_1,19,41.30951,19.844717,383.3047134603366
11_1,20,41.309463,19.844638,391.7291273733582
11_1,21,41.309384,19.844415,412.35578367045224
11_1,22,41.30934,19.844188,432.5750913791733
11_1,23,41.309338,19.844102,439.7781552601723
11_1,24,41.30933699999999,19.844043,444.7186912665083
11_1,25,41.309354,19.843924,454.85821049549554
11_1,26,41.30942000000001,19.843648000000005,479.0981761791632
11_1,27,41.309597,19.842992,537.5332239607376
11_1,28,41.309591,19.842915,544.013720683785
11_1,29,41.309543,19.842781,557.1178483442693
11_1,30,41.308934000000015,19.841908,656.6841478244993
11_1,31,41.308844,19.841799,670.216336904964
11_1,32,41.308764999999994,19.841751,679.8642606151842
11_1,33,41.30815400000001,19.841593,749.0641657504282
11_1,34,41.307929,19.841505,775.1092163491495
11_1,35,41.30777199999999,19.841407,794.581678615814
11_1,36,41.307648,19.841291,812.1249816963503
11_1,37,41.30752499999999,19.841092,833.6669874657489
11_1,38,41.307483000000005,19.840937,847.4558977051776
11_1,39,41.307472000000004,19.840806,858.4909040171962
11_1,40,41.307478,19.840705,868.2565170447648
11_1,41,41.307561,19.840487000000003,888.7018911510723
11_1,42,41.30761799999999,19.840397,898.5417728545733
11_1,43,41.30768299999999,19.840302,915.235071019295
11_1,44,41.307708,19.840179,925.9000393521014
11_1,45,41.30768599999999,19.840054000000002,936.6461919517885
11_1,46,41.307624,19.839957,954.4577308679314
11_1,47,41.30758300000001,19.839849,964.5806612379434
11_1,48,41.307574,19.839715,975.8434325083892
11_1,49,41.307582,19.839514,992.6943926876734
11_1,50,41.30761799999999,19.838656,1064.6401680559732
11_1,51,41.307653,19.838464,1082.613417140293
11_1,52,41.307718,19.838273,1100.156883276583
11_1,53,41.307801,19.838101,1117.2528635150595
11_1,54,41.30786,19.838015,1126.9867560397445
11_1,55,41.30810600000001,19.837709,1164.4337250599947
11_1,56,41.30826600000001,19.837547,1187.1161789814373
11_1,57,41.308542,19.837339,1222.3620253405365
11_1,58,41.308744,19.837238000000003,1246.3323644777574
11_1,59,41.30932500028969,19.837006002114272,1314.6168290893813
11_1,60,41.309905999999984,19.836774,1382.02544283641
11_1,61,41.310191999999994,19.83666,1415.1827304277076
11_1,62,41.310317999999995,19.836608,1429.8339748640835
11_1,63,41.31047,19.836551,1449.455908032641
11_1,64,41.310964999999996,19.836347,1508.238867369154
11_1,65,41.311206999999996,19.836193,1538.0405843597123
11_1,66,41.311232,19.836173,1541.282161411847
11_1,67,41.31152899999999,19.835939,1580.3090671940133
11_1,68,41.311926,19.835659,1633.1710537252375
11_1,69,41.31228200000001,19.835409,1681.1468951124416
11_1,70,41.31313399999999,19.834768,1791.304883138706
11_1,71,41.313187,19.834732,1797.9161971181077
11_1,72,41.313435999999996,19.834604,1827.5661714830273
11_1,73,41.31359299999999,19.834568,1846.1796769406083
11_1,74,41.31419299999999,19.834586,1912.919852324258
11_1,75,41.314344999999996,19.834565,1929.8875047334222
11_1,76,41.31445999999998,19.834522,1943.1534714117654
11_1,77,41.314595999999995,19.834443,1959.6380038296293
11_1,78,41.315246000714836,19.834062503841,2038.5484452391047
11_1,79,41.31589600000001,19.833682,2118.114579765308
11_1,80,41.31620199999998,19.833506,2155.1461305639373
11_1,81,41.316686999999995,19.833213,2214.3884884568733
11_1,82,41.316799999999986,19.833146,2228.6025347551536
11_1,83,41.317019999999985,19.833027,2254.9818648481173
11_1,84,41.31715500000001,19.832943,2271.5380307554215
11_1,85,41.317291,19.832859,2288.1947759344716
11_1,86,41.31745099999999,19.832702,2310.3125014743773
11_1,87,41.317498,19.832646,2317.330857657553
11_1,88,41.31763,19.832418,2341.3939348260888
11_1,89,41.317789,19.831983,2381.8599389096403
11_1,90,41.31791599999999,19.831619,2415.6012802394935
11_1,91,41.31794300000001,19.831544,2422.5582392921747
11_1,92,41.31811700000001,19.831015,2471.128566716774
11_1,93,41.31818199999999,19.830909,2482.5657785319004
11_1,94,41.318285,19.830867000000005,2494.5299267367636
11_1,95,41.318353,19.830742,2507.4326412487344
11_1,96,41.318356,19.830631,2516.72991328797
11_1,97,41.31832099999999,19.83053,2526.1957997878226
11_1,98,41.31832099999999,19.830395,2537.496040087247
11_1,99,41.31869100000001,19.829325,2636.0327596345815
11_1,100,41.318819999999995,19.829058,2662.6399048163776
11_1,101,41.318856,19.828939,2673.372815120857
11_1,102,41.318936,19.828676,2697.1334459212685
11_1,103,41.31908299999999,19.828194,2740.660317043169
11_1,104,41.31930700000001,19.82746,2806.9486352553763
11_1,105,41.319395,19.827205,2830.4231810918545
11_1,106,41.319458,19.82707,2843.982489473272
11_1,107,41.319626,19.826854,2870.0030042378717
11_1,108,41.319816,19.826658,2896.727039369739
11_1,109,41.320477999999994,19.826243,2978.027202153855
11_1,110,41.32103300000001,19.82592,3045.3295311188276
11_1,111,41.32135600000001,19.825732,3084.492360748433
11_1,112,41.321391,19.825711,3088.757418496087
11_1,113,41.321501000000005,19.825648,3102.060364667503
11_1,114,41.321754,19.825503,3132.7567811790655
11_1,115,41.32185599999999,19.825443,3145.238208657764
11_1,116,41.321961,19.825381,3157.9990987956603
11_1,117,41.322048,19.825336,3168.366985093562
11_1,118,41.322677999999996,19.824985,3244.277283387249
11_1,119,41.322912,19.824879,3271.7311765150566
11_1,120,41.323266000000004,19.824868,3311.079983549643
11_1,121,41.32371899999999,19.824909,3361.4963726695246
11_1,122,41.32381,19.82493,3371.768142930007
11_1,123,41.323869,19.824946,3378.4543362899612
11_1,124,41.32407899999999,19.825020000000002,3402.579041008296
11_1,125,41.324273,19.825087,3425.002259791647
11_1,126,41.32456700000001,19.825187,3458.7007337815085
11_1,127,41.324749,19.825244,3479.463537354117
11_1,128,41.324895,19.825286,3496.076038865122
11_1,129,41.324991999999995,19.825275,3506.88513037352
11_1,130,41.325068,19.825252,3515.540129295003
11_1,131,41.32540000000001,19.825149,3553.407330799727
11_1,132,41.32552,19.825112,3567.0859663121155
11_1,133,41.32611699999999,19.824908,3635.761052976479
11_1,134,41.32641300000001,19.824816,3669.515620302268
11_1,135,41.32658699999999,19.824735,3690.2320447076486
11_1,136,41.326648,19.824686,3698.149686852446
11_1,137,41.326737,19.824575,3711.79418441171
11_1,138,41.326889,19.824313,3739.464587404391
11_1,139,41.32702799999999,19.823966,3772.4370945849164
11_1,140,41.327059000000006,19.823748,3791.5162166019563
11_1,141,41.32712,19.823609,3804.9776130532186
11_1,142,41.32716,19.823524,3813.364099578875
11_1,143,41.32738,19.82303,3862.0872773562396
11_1,144,41.32749999999999,19.822749,3890.8593328993156
11_1,145,41.32756799999999,19.822622,3903.8969809439855
11_1,146,41.32763599999999,19.822526,3914.922267824714
11_1,147,41.327685,19.822463,3922.768362761152
11_1,148,41.32783100000001,19.822331,3942.3852039338826
11_1,149,41.32826099999999,19.822075,3994.8519745168637
11_1,150,41.32860299999999,19.821889,4035.9176119005124
11_1,151,41.32941099999999,19.821428,4133.586906790622
11_1,152,41.329454,19.821403,4138.799502582894
12_0,1,41.329403000000006,19.821433,0
12_0,2,41.32941099999999,19.821428,0.9818679612845591
12_0,3,41.329989999999995,19.821092,71.1536335334344
12_0,4,41.330465000000004,19.82082,128.5968387057323
12_0,5,41.330617,19.820675,149.38321832691668
12_0,6,41.33059799999999,19.820379,174.24509719479806
12_0,7,41.33061099999999,19.820037,202.90521287035688
12_0,8,41.330549,19.819553,243.99252289458684
12_0,9,41.330481,19.819044,287.2546617923791
12_0,10,41.330332,19.817947,380.5633059701348
12_0,11,41.330302,19.81776,396.56393714203756
12_0,12,41.330173,19.81692,468.3100152405733
12_0,13,41.330132,19.816764,482.13660522524805
12_0,14,41.33006300000001,19.816622,496.39264886169536
12_0,15,41.329953999999994,19.816466,514.1947795729127
12_0,16,41.3298,19.816329,534.7816755874179
12_0,17,41.329330000000006,19.816102,590.3273363856258
12_0,18,41.32909699999999,19.816009,617.342663352355
12_0,19,41.32899,19.815995,630.1110335947395
12_0,20,41.32866200000001,19.816074,667.1585151433895
12_0,21,41.32819299999999,19.816188,720.1237949303395
12_0,22,41.328084999999994,19.816216,732.3417916968525
12_0,23,41.327881,19.816268,755.4070340487413
12_0,24,41.32771499999998,19.816312,774.2021742044939
12_0,25,41.327641,19.816331,782.5708070428129
12_0,26,41.32730299999999,19.816419,820.8637518583583
12_0,27,41.326768,19.816571000000003,881.6118470305055
12_0,28,41.326663,19.8166,893.5198949030396
12_0,29,41.32606800000001,19.81677,961.0980659523522
12_0,30,41.325598,19.816902,1014.4674746951499
12_0,31,41.325667,19.817346,1052.410121756715
12_0,32,41.325769999999984,19.818000000000005,1108.3356418764836
12_0,33,41.325929,19.819015,1195.2565210189389
12_0,34,41.32594299999999,19.819105000000004,1202.9478639530394
12_0,35,41.32666100000001,19.818911000000003,1284.3268997223722
12_0,36,41.326758000000005,19.818925,1295.1841806243035
12_0,37,41.326915,19.81911,1318.5052039433858
12_0,38,41.327113000000004,19.819280000000003,1344.6915427983988
12_0,39,41.327158000000004,19.819404,1356.209710460687
12_0,40,41.327264,19.820624,1459.0328253911357
12_0,41,41.327375,19.821888,1565.8875276889237
12_0,42,41.327427,19.822489,1616.5569778420477
12_0,43,41.32749999999999,19.822749,1641.784510773339
12_0,44,41.32738,19.82303,1670.5565663164152
12_0,45,41.32716,19.823524,1719.2797440937798
12_0,46,41.32712,19.823609,1727.6662306194366
12_0,47,41.327059000000006,19.823748,1741.1276270706985
12_0,48,41.326958000000005,19.823907,1758.5299199628125
12_0,49,41.326818,19.824238,1790.360577531686
12_0,50,41.326682,19.824469,1814.8920393967135
12_0,51,41.326557,19.824604,1832.7883983501079
12_0,52,41.326384,19.824695,1853.5186749363368
12_0,53,41.32543999999999,19.825008,1961.6983174919285
12_0,54,41.32533899999999,19.825043,1973.2974757918705
12_0,55,41.325006,19.825155,2011.4426821146512
12_0,56,41.324923000000005,19.825175,2020.8088862294449
12_0,57,41.324737,19.825129,2041.8362347849627
12_0,58,41.32444399999999,19.825019000000005,2075.6454311567836
12_0,59,41.323904000000006,19.824826,2137.798635770792
12_0,60,41.32384700000001,19.824815,2144.1939062503966
12_0,61,41.32373599999998,19.824809,2156.528349236955
12_0,62,41.323691000000004,19.824808,2161.6582278184756
12_0,63,41.323263,19.824792,2209.197490036225
12_0,64,41.322962999999994,19.824795,2242.5469812709703
12_0,65,41.32280299999999,19.824841,2260.724057609318
12_0,66,41.322660000000006,19.824912,2277.6769093704042
12_0,67,41.32195000000001,19.825317,2363.5249048348055
12_0,68,41.32183499999999,19.825378,2377.27622985805
12_0,69,41.32127799999999,19.825708,2445.1225082047004
12_0,70,41.321018,19.825861,2476.7106900073313
12_0,71,41.320460999999995,19.826187,2544.31527693899
12_0,72,41.31977899999998,19.826586,2627.0865124878133
12_0,73,41.319571999999994,19.826793,2655.8689924337564
12_0,74,41.319403,19.827025,2682.898787534041
12_0,75,41.31925,19.827429,2720.742267762035
12_0,76,41.318931000000006,19.828452,2813.4081686728537
12_0,77,41.31875,19.829031,2865.8844934524127
12_0,78,41.31866500000001,19.829191,2882.369181145457
12_0,79,41.3186,19.829336,2896.4899394572303
12_0,80,41.318543000000005,19.829465,2909.0058413799693
12_0,81,41.31825099999999,19.830344,2989.4092455223536
12_0,82,41.318172,19.830445,3001.5916028995507
12_0,83,41.31813099999999,19.830456000000005,3006.235968273175
12_0,84,41.318093,19.83048,3010.9089296804104
12_0,85,41.318035,19.83056,3020.3608896036717
12_0,86,41.318017999999995,19.830612,3025.1052178139253
12_0,87,41.318015,19.830723,3034.4025378701695
12_0,88,41.31802799999999,19.830776,3039.067842437873
12_0,89,41.317986,19.831127,3068.816367155228
12_0,90,41.317777,19.831755,3126.3628618756757
12_0,91,41.31761699999999,19.832218,3169.317088315581
12_0,92,41.31748699999999,19.832498,3196.842768741588
12_0,93,41.317383,19.832635,3213.1167747710797
12_0,94,41.317268,19.832747,3229.0012103674844
12_0,95,41.317164,19.832818000000003,3241.9879052996516
12_0,96,41.31693,19.832953,3270.3198198454306
12_0,97,41.316897000000004,19.832972,3274.3140643709858
12_0,98,41.31652899999999,19.833181,3318.9085459767357
12_0,99,41.316516,19.833188,3320.46632197406
12_0,100,41.315532001651185,19.83376650883969,3440.706503080303
12_0,101,41.314548,19.834345,3560.2268660000245
12_0,102,41.31431700000001,19.834451,3587.366042942228
12_0,103,41.31417499999999,19.834471,3603.2207439783097
12_0,104,41.314061,19.834466,3616.4313055774815
12_0,105,41.31361299999999,19.834447,3666.197524677915
12_0,106,41.313449,19.834471,3685.409933284116
12_0,107,41.31332799999999,19.834519,3699.4324229398203
12_0,108,41.31311999999999,19.834655,3725.1801254628754
12_0,109,41.31306599999999,19.834693,3731.9672941592507
12_0,110,41.3124280020537,19.835156342470892,3814.6060374046233
12_0,111,41.31179000205367,19.835619675804093,3897.2110075035316
12_0,112,41.311152,19.836083,3978.609044243827
12_0,113,41.310956,19.836221,4003.247014556313
12_0,114,41.310807000000004,19.836295,4021.1550928334364
12_0,115,41.310211999999986,19.836532,4090.4021733478444
12_0,116,41.30979000000001,19.8367,4139.33550353365
12_0,117,41.308779,19.837111,4256.754114774228
12_0,118,41.30869800000001,19.837148,4266.521545032614
12_0,119,41.308512,19.837234,4289.816008293255
12_0,120,41.30823699999999,19.837438,4324.800680483517
12_0,121,41.308061,19.837616,4349.678244953571
12_0,122,41.307804999999995,19.837928,4388.280683441276
12_0,123,41.307724999999984,19.838052,4401.943141624047
12_0,124,41.307641,19.838215,4418.747333324935
12_0,125,41.307562999999995,19.838448,4440.30389562862
12_0,126,41.307524,19.838736,4464.820337470988
12_0,127,41.30749,19.839712,4546.620662835043
12_0,128,41.307465,19.839834,4557.204853645426
12_0,129,41.30740900000001,19.83994,4568.040467343492
12_0,130,41.30733800000001,19.840028,4578.830230210949
12_0,131,41.30722799999999,19.840084,4591.998002319515
12_0,132,41.30713300000001,19.840098,4602.610613411853
12_0,133,41.307044,19.840111,4613.021043184684
12_0,134,41.306760999999995,19.840074000000005,4644.594374910725
12_0,135,41.306608999999995,19.840006,4662.846487995823
12_0,136,41.306543000000005,19.839951,4673.005354514508
12_0,137,41.306394,19.839769,4695.496422786337
12_0,138,41.306322,19.839617,4710.524527344247
12_0,139,41.30590150504755,19.83853099293437,4813.032363349748
12_0,140,41.30548099999999,19.837445,4915.244842248388
12_0,141,41.30532300000001,19.837088,4949.957302658936
12_0,142,41.305064,19.836707,4992.904002267597
12_0,143,41.304949,19.836575,5009.7907129343885
12_0,144,41.30474099999999,19.836396,5037.484010585067
12_0,145,41.304443,19.836218,5073.771791427739
12_0,146,41.303819000000004,19.835913,5147.732393877627
12_0,147,41.303666,19.835755,5169.26287794949
12_0,148,41.303658999999996,19.835708,5173.273930004591
12_0,149,41.303603,19.835583,5185.447080207131
12_0,150,41.30351,19.835507,5197.575852371628
12_0,151,41.30340199999999,19.835497,5209.596107116899
12_0,152,41.303384,19.835502,5211.637990478334
12_0,153,41.303366,19.835509,5213.720662519221
12_0,154,41.303311,19.835361,5227.534887131303
12_0,155,41.303284999999995,19.835222,5239.5420961505915
12_0,156,41.30330899999999,19.835131,5247.638515766121
12_0,157,41.30331199999999,19.835052,5254.458785124733
12_0,158,41.303315,19.834976,5260.830567427547
12_0,159,41.303309000000006,19.834883,5268.645401808408
12_0,160,41.30305399999999,19.834395,5318.354918750746
12_0,161,41.30302799999998,19.834347,5324.387040618962
12_0,162,41.302846999999986,19.834009,5359.095725788693
12_0,163,41.302679000000005,19.83369,5391.751754403728
12_0,164,41.30249299999999,19.833413,5422.879969011187
12_0,165,41.30247200000001,19.833381,5426.43166884335
12_0,166,41.30177299999998,19.832405000000005,5539.190354345348
12_0,167,41.30152199999999,19.83203,5581.206569113197
12_0,168,41.30114300000001,19.831325,5653.77192652522
12_0,169,41.30117499999999,19.831324000000002,5657.325821529474
12_0,170,41.30114300000001,19.831325,5660.879716533727
12_0,171,41.300928,19.831297,5684.8713003591865
12_0,172,41.300542,19.831294,5727.7302638882775
12_0,173,41.300505,19.831284,5731.935738626841
12_0,174,41.30047,19.831275,5735.894120733402
12_0,175,41.30028600000001,19.831103,5760.88912563945
12_0,176,41.299882500977816,19.830622497043358,5821.184189459131
12_0,177,41.29947899999999,19.830142,5881.428039942102
12_0,178,41.29946,19.830116,5884.459434687203
12_0,179,41.299460283149365,19.83011638746738,5884.504610337804
12_1,1,41.299460283149365,19.83011638746738,0
12_1,2,41.29947899999999,19.830142,2.986219094499673
12_1,3,41.299882500977816,19.830622497043358,63.230069577471596
12_1,4,41.30028600000001,19.831103,123.52513339715281
12_1,5,41.30047,19.831275,148.52013830320078
12_1,6,41.300505,19.831284,152.4785204097616
12_1,7,41.300542,19.831294,156.6839951483256
12_1,8,41.300928,19.831297,199.54295867741624
12_1,9,41.30114300000001,19.831325,223.53454250287515
12_1,10,41.301309,19.831634,255.46880190379557
12_1,11,41.30152199999999,19.83203,296.194628727128
12_1,12,41.30177299999998,19.832405000000005,338.2108434949768
12_1,13,41.30247200000001,19.833381,450.96952899697504
12_1,14,41.30249299999999,19.833413,454.5212288291373
12_1,15,41.302679000000005,19.83369,485.64944343659647
12_1,16,41.302846999999986,19.834009,518.3054720516316
12_1,17,41.30302799999998,19.834347,553.0141572213626
12_1,18,41.30305399999999,19.834395,559.0462790895779
12_1,19,41.303309000000006,19.834883,608.7557960319165
12_1,20,41.303315,19.834976,616.5706304127774
12_1,21,41.303311,19.835062,623.7846302799683
12_1,22,41.30330899999999,19.835131,629.7912864450169
12_1,23,41.303284999999995,19.835222,637.8877060605463
12_1,24,41.30325499999999,19.835319,646.6884545895979
12_1,25,41.30322,19.835531,664.8584993152472
12_1,26,41.303222,19.835714,680.181731713572
12_1,27,41.30321500000001,19.835835,690.44513445577
12_1,28,41.30323599999999,19.835928,698.5731308768414
12_1,29,41.303266,19.835989,704.6705159591965
12_1,30,41.30335399999999,19.836075,716.809522235892
12_1,31,41.303478999999996,19.836093,730.7696467641956
12_1,32,41.303532,19.836072,736.9111991384945
12_1,33,41.303593,19.83602,744.9625483400935
12_1,34,41.30376,19.83601,763.5231734418004
12_1,35,41.304473,19.836349,847.728370502528
12_1,36,41.304798,19.836572,888.4352227600333
12_1,37,41.304951,19.836722,909.5658548747998
12_1,38,41.305203,19.837071,950.020615438293
12_1,39,41.305289,19.837222,965.9866469545892
12_1,40,41.30539699999999,19.83747,989.9635057692128
12_1,41,41.305843005635175,19.83861749208216,1098.0493949868298
12_1,42,41.30628900000001,19.839765,1206.4147259182362
12_1,43,41.306368000000006,19.839903,1220.9204780819284
12_1,44,41.30647899999999,19.840034,1237.4179973178834
12_1,45,41.306587,19.840118000000004,1254.1487411085075
12_1,46,41.30678899999999,19.840204,1277.7038166607413
12_1,47,41.30703599999999,19.840218,1305.152843209965
12_1,48,41.307191,19.840222,1322.6406466458714
12_1,49,41.307251,19.840238,1329.4356831650568
12_1,50,41.307325,19.840289,1338.6949746991395
12_1,51,41.307332,19.840305,1340.2436271559652
12_1,52,41.307404,19.840404,1351.7587970817465
12_1,53,41.307444000000004,19.840428,1356.6333013141762
12_1,54,41.307455999999995,19.840433,1358.0298512902027
12_1,55,41.30749599999999,19.840442,1362.53444651045
12_1,56,41.307559999999995,19.840432,1369.6894064585617
12_1,57,41.30761799999999,19.840397,1376.7643529344032
12_1,58,41.30768299999999,19.840302,1393.4576510991249
12_1,59,41.307708,19.840179,1404.1226194319313
12_1,60,41.30768599999999,19.840054000000002,1414.8687720316184
12_1,61,41.307624,19.839957,1432.6803109477612
12_1,62,41.30758300000001,19.839849,1442.8032413177732
12_1,63,41.307574,19.839715,1454.0660125882189
12_1,64,41.307582,19.839514,1470.9169727675032
12_1,65,41.30761799999999,19.838656,1542.8627481358028
12_1,66,41.307653,19.838464,1560.8359972201226
12_1,67,41.307718,19.838273,1578.3794633564125
12_1,68,41.307801,19.838101,1595.4754435948892
12_1,69,41.30786,19.838015,1605.2093361195741
12_1,70,41.30810600000001,19.837709,1642.6563051398243
12_1,71,41.30826600000001,19.837547,1665.338759061267
12_1,72,41.308542,19.837339,1700.5846054203662
12_1,73,41.308744,19.837238000000003,1724.554944557587
12_1,74,41.30932500028969,19.837006002114272,1792.839409169211
12_1,75,41.309905999999984,19.836774,1860.2480229162397
12_1,76,41.310191999999994,19.83666,1893.4053105075373
12_1,77,41.310233000000004,19.836644,1898.150450100664
12_1,78,41.31084,19.836402,1968.7886244633885
12_1,79,41.311108,19.836262,2000.9040587123832
12_1,80,41.31123100000001,19.836168,2016.6655255604046
12_1,81,41.31152899999999,19.835939,2055.578382512092
12_1,82,41.311926,19.835659,2108.440369043316
12_1,83,41.31228200000001,19.835409,2156.41621043052
12_1,84,41.31313399999999,19.834768,2266.5741984567844
12_1,85,41.313187,19.834732,2273.185512436186
12_1,86,41.313435999999996,19.834604,2302.8354868011056
12_1,87,41.31359299999999,19.834568,2321.4489922586863
12_1,88,41.31419299999999,19.834586,2388.1891676423365
12_1,89,41.314344999999996,19.834565,2405.1568200515007
12_1,90,41.31445999999998,19.834522,2418.422786729843
12_1,91,41.314595999999995,19.834443,2434.9073191477073
12_1,92,41.315246000714836,19.834062503841,2513.817760557183
12_1,93,41.31589600000001,19.833682,2593.3838950833856
12_1,94,41.31620199999998,19.833506,2630.4154458820153
12_1,95,41.317019999999985,19.833027,2729.908452622417
12_1,96,41.317157,19.832945,2746.596365441215
12_1,97,41.317238999999994,19.832896,2756.581986118512
12_1,98,41.31740599999999,19.832756,2778.5372577551075
12_1,99,41.317578999999995,19.832515,2806.3933055667617
12_1,100,41.317686,19.832278,2829.516847270073
12_1,101,41.31791599999999,19.831619,2890.396160805786
12_1,102,41.31794300000001,19.831544,2897.353119858468
12_1,103,41.31811700000001,19.831015,2945.923447283067
12_1,104,41.31818199999999,19.830909,2957.3606590981935
12_1,105,41.31821299999999,19.830906,2960.8116980524564
12_1,106,41.31831499999999,19.830833,2973.6799659057683
12_1,107,41.318353,19.830742,2982.387573245285
12_1,108,41.318356,19.830631,2991.6848452845197
12_1,109,41.31832099999999,19.83053,3001.1507317843725
12_1,110,41.31832099999999,19.830395,3012.450972083797
12_1,111,41.31869100000001,19.829325,3110.9876916311314
12_1,112,41.318819999999995,19.829058,3137.5948368129275
12_1,113,41.318856,19.828939,3148.327747117407
12_1,114,41.318936,19.828676,3172.0883779178184
12_1,115,41.31908299999999,19.828194,3215.615249039719
12_1,116,41.31930700000001,19.82746,3281.9035672519262
12_1,117,41.319395,19.827205,3305.3781130884045
12_1,118,41.319458,19.82707,3318.937421469822
12_1,119,41.319626,19.826854,3344.9579362344216
12_1,120,41.319816,19.826658,3371.681971366289
12_1,121,41.320477999999994,19.826243,3452.982134150405
12_1,122,41.32103300000001,19.82592,3520.2844631153775
12_1,123,41.32135600000001,19.825732,3559.447292744983
12_1,124,41.321391,19.825711,3563.7123504926367
12_1,125,41.32185599999999,19.825443,3620.141876765791
12_1,126,41.321961,19.825381,3632.9027669036873
12_1,127,41.322056999999994,19.825331,3644.3537100231374
12_1,128,41.322677999999996,19.824985,3719.1812701442736
12_1,129,41.322912,19.824879,3746.635163272081
12_1,130,41.323266000000004,19.824868,3785.9839703066677
12_1,131,41.32371899999999,19.824909,3836.400359426549
12_1,132,41.32381,19.82493,3846.6721296870314
12_1,133,41.323869,19.824946,3853.358323046986
12_1,134,41.32407899999999,19.825020000000002,3877.4830277653205
12_1,135,41.324273,19.825087,3899.9062465486713
12_1,136,41.32456700000001,19.825187,3933.604720538533
12_1,137,41.324749,19.825244,3954.3675241111414
12_1,138,41.324895,19.825286,3970.9800256221465
12_1,139,41.324991999999995,19.825275,3981.7891171305446
12_1,140,41.325068,19.825252,3990.4441160520278
12_1,141,41.32540000000001,19.825149,4028.3113175567514
12_1,142,41.32552,19.825112,4041.98995306914
12_1,143,41.32611699999999,19.824908,4110.665039733503
12_1,144,41.32641300000001,19.824816,4144.4196070592925
12_1,145,41.326531,19.824767,4158.506893192989
12_1,146,41.326648,19.824686,4173.1598526259095
12_1,147,41.326797000000006,19.824487,4196.682177640066
12_1,148,41.326889,19.824313,4214.470286444807
12_1,149,41.32702799999999,19.823966,4247.442793625333
12_1,150,41.327059000000006,19.823748,4266.521915642374
12_1,151,41.32712,19.823609,4279.9833120936355
12_1,152,41.32716,19.823524,4288.369798619292
12_1,153,41.32738,19.82303,4337.092976396657
12_1,154,41.32749999999999,19.822749,4365.865031939733
12_1,155,41.32756799999999,19.822622,4378.902679984402
12_1,156,41.32763599999999,19.822526,4389.927966865131
12_1,157,41.327685,19.822463,4397.774061801569
12_1,158,41.32783100000001,19.822331,4417.390902974299
12_1,159,41.32826099999999,19.822075,4469.857673557281
12_1,160,41.32860299999999,19.821889,4510.923310940929
12_1,161,41.329403000000006,19.821433,4607.611447953808
13_0,1,41.32234799999999,19.849836,0
13_0,2,41.322304,19.84932,43.46463337091307
13_0,3,41.322241,19.84884,84.80810299723515
13_0,4,41.322050000000004,19.848005,157.9143844479051
13_0,5,41.32193500000002,19.847603,193.90312689494107
13_0,6,41.321851999999986,19.847249,224.933129495489
13_0,7,41.321683,19.846509,289.775009405569
13_0,8,41.321628,19.846258,314.72827810645816
13_0,9,41.321319,19.845052,421.36149655642686
13_0,10,41.32126499999999,19.844838,440.6692690083962
13_0,11,41.32124700000001,19.844764,447.1776154891193
13_0,12,41.321225,19.844676,454.93779912268656
13_0,13,41.321189,19.844438,475.2558021844515
13_0,14,41.321172000000004,19.844134,500.77099522958196
13_0,15,41.32112500000001,19.84392,519.427795455142
13_0,16,41.32103899999998,19.843696,540.4683493022823
13_0,17,41.321022,19.843654,544.4584826890226
13_0,18,41.320972999999995,19.843487,559.6650004813634
13_0,19,41.320855,19.843082,596.0938017533063
13_0,20,41.320686,19.842574,643.0947565655138
13_0,21,41.320544999999996,19.842154000000004,681.6946621252308
13_0,22,41.320449,19.841828,710.9895418801892
13_0,23,41.320394,19.841553,734.8293928523841
13_0,24,41.320362,19.841257,759.8750082123951
13_0,25,41.32035599999999,19.841164,767.6878117296282
13_0,26,41.320356999999994,19.840753,802.1478886913377
13_0,27,41.320378,19.840532,820.7925470287214
13_0,28,41.32048499999999,19.839736,888.4706891930663
13_0,29,41.320523999999985,19.839453,912.5510254625962
13_0,30,41.320532,19.839398,917.2395681641028
13_0,31,41.320651,19.838758,972.4144267840114
13_0,32,41.32073100000001,19.838489,996.6190089500237
13_0,33,41.320904999999996,19.838084,1035.751992932421
13_0,34,41.321037999999994,19.837797,1063.961519047421
13_0,35,41.32107899999999,19.837673,1075.2953867600284
13_0,36,41.32113599999999,19.837357,1102.6912228619765
13_0,37,41.321208,19.836866,1144.5590306036256
13_0,38,41.321268,19.836518,1174.5061331139668
13_0,39,41.321342,19.836164,1205.2545077453403
13_0,40,41.32135,19.836128,1208.3959492392546
13_0,41,41.32139,19.835968,1222.5053724842098
13_0,42,41.321445000000004,19.835732,1243.2876372620115
13_0,43,41.321451999999994,19.835638,1251.2449218924678
13_0,44,41.321401,19.835598,1257.8231412175005
13_0,45,41.32133,19.835585,1265.7809214448584
13_0,46,41.321116999999994,19.835546,1289.6542626548048
13_0,47,41.321026,19.835528,1299.8695879936645
13_0,48,41.32096099999999,19.835488,1308.4825293537579
13_0,49,41.32063399999999,19.83542,1345.8381043940212
13_0,50,41.320253,19.835338,1388.6932317018377
13_0,51,41.31984899999999,19.835228,1434.4840424501404
13_0,52,41.319874,19.83492,1460.4907131554578
13_0,53,41.319877000000005,19.834877000000002,1464.6217572793955
13_0,54,41.319862999999984,19.834839,1468.6878621052201
13_0,55,41.319984,19.832995,1623.6236742616402
13_0,56,41.319983,19.832909,1630.8230154731143
13_0,57,41.31983499999999,19.832851,1647.9574221056023
13_0,58,41.319751999999994,19.83274,1661.0496998724002
13_0,59,41.319369,19.83184,1747.558565161369
13_0,60,41.31920800000001,19.831537,1778.6004450481785
13_0,61,41.319104,19.831461,1791.9500536139376
13_0,62,41.318841,19.831307,1823.869292440697
13_0,63,41.318765,19.831263,1833.07622066475
13_0,64,41.318501,19.831102,1865.3374274515304
13_0,65,41.318458,19.831076,1870.5843089186174
13_0,66,41.318378,19.830959,1883.8243380721376
13_0,67,41.318349000000005,19.830837,1894.536178488053
13_0,68,41.318353,19.830742,1903.0468664113391
13_0,69,41.318356,19.830631,1912.3704530265618
13_0,70,41.31832099999999,19.83053,1921.9550973719765
13_0,71,41.31832099999999,19.830395,1933.2553376714009
13_0,72,41.31869100000001,19.829325,2031.993025507151
13_0,73,41.318819999999995,19.829058,2058.5380396289247
13_0,74,41.318856,19.828939,2069.3086182393804
13_0,75,41.318936,19.828676,2093.0644001889073
13_0,76,41.31908299999999,19.828194,2136.6321968931534
13_0,77,41.31930700000001,19.82746,2202.9442978356124
13_0,78,41.319395,19.827205,2226.4190566677903
13_0,79,41.319458,19.82707,2239.7088551531842
13_0,80,41.319626,19.826854,2265.686291297168
13_0,81,41.319816,19.826658,2292.4222979871965
13_0,82,41.320477999999994,19.826243,2373.743023320433
13_0,83,41.32103300000001,19.82592,2441.0638268220955
13_0,84,41.32135600000001,19.825732,2480.226656451701
13_0,85,41.321391,19.825711,2484.491714199355
13_0,86,41.321501000000005,19.825648,2497.794660370771
13_0,87,41.321754,19.825503,2528.5414502300605
13_0,88,41.32185599999999,19.825443,2540.929978468153
13_0,89,41.321961,19.825381,2553.690868606049
13_0,90,41.322048,19.825336,2564.058754903951
13_0,91,41.322677999999996,19.824985,2639.9855017527166
13_0,92,41.322912,19.824879,2667.439394880524
13_0,93,41.323266000000004,19.824868,2706.7544265483875
13_0,94,41.32371899999999,19.824909,2757.256663052203
13_0,95,41.32381,19.82493,2767.512045262736
13_0,96,41.323869,19.824946,2774.1982386226905
13_0,97,41.32407899999999,19.825020000000002,2798.6523053140786
13_0,98,41.324273,19.825087,2820.9604280635617
13_0,99,41.32456700000001,19.825187,2854.6922698342887
13_0,100,41.324749,19.825244,2875.455073406897
13_0,101,41.324895,19.825286,2892.0420805647045
13_0,102,41.324991999999995,19.825275,2902.8511720731026
13_0,103,41.325068,19.825252,2911.563749552292
13_0,104,41.32540000000001,19.825149,2949.4200152133335
13_0,105,41.32552,19.825112,2963.098650725722
13_0,106,41.32641300000001,19.824816,3065.535234451763
13_0,107,41.32658699999999,19.824735,3086.009233576112
13_0,108,41.326648,19.824686,3093.9268757209093
13_0,109,41.326737,19.824575,3107.489774144357
13_0,110,41.326889,19.824313,3135.160177137038
13_0,111,41.32702799999999,19.823966,3168.0633172572425
13_0,112,41.327059000000006,19.823748,3186.630514055389
13_0,113,41.32712,19.823609,3200.0919105066514
13_0,114,41.32716,19.823524,3208.478397032308
13_0,115,41.32738,19.82303,3256.5101620709224
13_0,116,41.327513999999994,19.822706,3287.4564786169203
13_0,117,41.32756799999999,19.822622,3296.696160023568
13_0,118,41.32763599999999,19.822526,3307.721446904297
13_0,119,41.327685,19.822463,3315.36341037919
13_0,120,41.32783100000001,19.822331,3334.980251551921
13_0,121,41.32826099999999,19.822075,3387.3099555010854
13_0,122,41.32860299999999,19.821889,3428.3610964563054
13_0,123,41.328487,19.821277,3481.175397599397
13_0,124,41.328437,19.821018,3503.551388595804
13_0,125,41.32841899999999,19.820923,3511.7647580646503
13_0,126,41.328331,19.82048,3550.1097246404074
13_0,127,41.32984700000001,19.820014,3722.889874450202
13_0,128,41.32992299999999,19.819991,3731.559288157207
13_0,129,41.330015,19.819961,3742.0780112649495
13_0,130,41.33007299999999,19.819921,3749.3358520698207
13_0,131,41.33039899999999,19.820313,3798.1931051544902
13_0,132,41.330487,19.820443,3812.817478241819
13_0,133,41.330617,19.820675,3837.010836331093
13_0,134,41.330666,19.820672,3842.457056919863
13_0,135,41.330617,19.820675,3847.903277508634
13_0,136,41.33059799999999,19.820379,3872.765156376515
13_0,137,41.33061099999999,19.820037,3901.4278469434594
13_0,138,41.330549,19.819553,3942.517610206676
13_0,139,41.330481,19.819044,3985.825954229646
13_0,140,41.33035299999999,19.818101,4066.01677831046
13_0,141,41.330332,19.817947,4079.123833483074
13_0,142,41.33197299999999,19.817493,4265.253091948132
13_0,143,41.333180999999996,19.817157,4402.306962989802
13_0,144,41.33336,19.817107,4422.641523753149
13_0,145,41.334615,19.816747,4565.206489597456
13_0,146,41.334708000000006,19.816724,4575.710077925526
13_0,147,41.33472099999999,19.816721,4577.175130418744
13_0,148,41.335224000000004,19.816587,4634.216525421387
13_0,149,41.33565700000001,19.816465,4683.364335052696
13_0,150,41.33591100000001,19.816387,4712.380334802119
13_0,151,41.33598800000001,19.816358,4721.267365351593
13_0,152,41.335964999999995,19.816214,4733.585347403959
13_0,153,41.335888999999995,19.815747000000005,4774.797654446895
13_0,154,41.33573599999999,19.814779,4857.571224748915
13_0,155,41.33557499999999,19.813766,4944.21268181211
13_0,156,41.335378,19.812565,5047.1132512948625
13_0,157,41.335352,19.812408,5060.5650374202005
13_0,158,41.335432999999995,19.812381,5069.8379117235845
13_0,159,41.33586100000001,19.81226,5118.466494399678
13_0,160,41.336937,19.811954,5240.647724344787
13_0,161,41.33699,19.811937,5246.701802622413
13_0,162,41.337103,19.811903,5259.566699738386
13_0,163,41.337473,19.811791,5301.703176625285
13_0,164,41.337789,19.81167,5338.227064188307
13_0,165,41.33814,19.811465,5380.826777370531
13_0,166,41.338229000000005,19.811422,5391.34314786381
13_0,167,41.338317,19.811376,5401.844656212713
13_0,168,41.33877199999999,19.811151,5455.757608789229
13_0,169,41.33922499999999,19.810916,5509.763864118048
13_0,170,41.339367,19.810843,5526.679467122139
13_0,171,41.33959600000001,19.810732,5553.748697936434
13_0,172,41.33988999999999,19.810672,5586.775252313377
13_0,173,41.340140999999996,19.810642,5614.76795007508
13_0,174,41.340419,19.810581,5646.05402379352
13_0,175,41.34069,19.810464,5677.699693299023
13_0,176,41.340898,19.810337,5703.122381599593
13_0,177,41.34096799999999,19.810294,5711.692182803318
13_0,178,41.341244,19.809962,5753.102692017515
13_0,179,41.341404,19.809768,5777.167261094858
13_0,180,41.341521000000014,19.809645,5793.748308298443
13_0,181,41.341764999999995,19.809472,5824.501162155759
13_0,182,41.341975999999995,19.809354,5849.924124515288
13_0,183,41.342060000000004,19.80931,5859.951014826507
13_0,184,41.342388,19.80916,5898.522843980825
13_0,185,41.342685,19.809074,5932.3338969140295
13_0,186,41.34302000000001,19.808994,5970.126395932773
13_0,187,41.343287999999994,19.808912,6000.663162454778
13_0,188,41.343542,19.808792,6030.598855451941
13_0,189,41.343747,19.808677,6055.310364607922
13_0,190,41.343809,19.808643000000004,6062.7589006295975
13_0,191,41.344009,19.808533,6086.796751951974
13_0,192,41.34444700000001,19.808321,6138.561937877512
13_0,193,41.34474199999999,19.808195,6172.970630955203
13_0,194,41.34502500000001,19.808077,6205.906738242604
13_0,195,41.34554099999999,19.807853,6266.185890925282
13_0,196,41.34570099999999,19.80779,6284.823837738717
13_0,197,41.34624899999999,19.807572,6348.374876551414
13_0,198,41.347046,19.80723,6441.38257019098
13_0,199,41.347083,19.807207,6445.919064678293
13_0,200,41.347136000000006,19.807175,6452.384109066828
13_0,201,41.34717,19.80715,6456.699898456995
13_0,202,41.347346,19.806985,6480.625789809388
13_0,203,41.34741700000001,19.806951,6489.006485202188
13_0,204,41.34749099999999,19.806968,6497.3449010484155
13_0,205,41.34745999999999,19.806578,6530.156668685168
13_0,206,41.34742000000001,19.806649,6537.573770535922
13_0,207,41.347405169744626,19.806713264441044,6543.197163727727
13_1,1,41.347405169744626,19.806713264441044,0
13_1,2,41.347404999999995,19.806714,0.06436433707950821
13_1,3,41.34737599999999,19.806839,11.007376605162063
13_1,4,41.347346,19.806985,23.668992532617544
13_1,5,41.34717,19.80715,47.59488388501127
13_1,6,41.347136000000006,19.807175,51.91067327517743
13_1,7,41.347083,19.807207,58.37571766371316
13_1,8,41.347046,19.80723,62.91221215102555
13_1,9,41.34624899999999,19.807572,155.919905790592
13_1,10,41.34554099999999,19.807853,238.06718155334258
13_1,11,41.345431,19.807901,250.92385388280204
13_1,12,41.34502500000001,19.808077,298.3463534230633
13_1,13,41.34474199999999,19.808195,331.2824607104642
13_1,14,41.34444700000001,19.808321,365.6911537881556
13_1,15,41.344009,19.808533,417.45633971369267
13_1,16,41.343809,19.808643000000004,441.49419103606954
13_1,17,41.343681000000004,19.808714,456.8977137478137
13_1,18,41.343542,19.808792,473.65411831659014
13_1,19,41.343287999999994,19.808912,503.58981131375305
13_1,20,41.34302000000001,19.808994,534.1265778357576
13_1,21,41.342685,19.809074,571.9190768545019
13_1,22,41.342388,19.80916,605.7301297877058
13_1,23,41.342060000000004,19.80931,644.3019589420239
13_1,24,41.341975999999995,19.809354,654.3288492532434
13_1,25,41.341764999999995,19.809472,679.7518116127726
13_1,26,41.341521000000014,19.809645,710.5046654700891
13_1,27,41.341404,19.809768,727.085712673674
13_1,28,41.341244,19.809962,751.150281751017
13_1,29,41.34096799999999,19.810294,792.5607909652144
13_1,30,41.340853,19.810365,806.6468977000097
13_1,31,41.34069,19.810464,826.5515840114921
13_1,32,41.340419,19.810581,858.1972535169951
13_1,33,41.340140999999996,19.810642,889.4833272354349
13_1,34,41.33988999999999,19.810672,917.4760249971386
13_1,35,41.33959600000001,19.810732,950.5025793740813
13_1,36,41.339367,19.810843,977.5718101883764
13_1,37,41.33917099999999,19.810945,1000.952923147156
13_1,38,41.33877199999999,19.811151,1048.4919351035903
13_1,39,41.338317,19.811376,1102.404887680107
13_1,40,41.338229000000005,19.811422,1112.9063960290098
13_1,41,41.33814,19.811465,1123.422766522289
13_1,42,41.337789,19.81167,1166.022479704513
13_1,43,41.337473,19.811791,1202.5463672675348
13_1,44,41.337103,19.811903,1244.6828441544333
13_1,45,41.336937,19.811954,1263.601404675039
13_1,46,41.336872,19.811972,1270.9738380053334
13_1,47,41.33586100000001,19.81226,1385.7827484911174
13_1,48,41.335432999999995,19.812381,1434.411331167211
13_1,49,41.335352,19.812408,1443.6842054705946
13_1,50,41.33527899999999,19.812436,1452.1212571139247
13_1,51,41.335774,19.815497,1714.297565502418
13_1,52,41.335817,19.815767,1737.3909728766862
13_1,53,41.335776,19.816023,1759.4126660990332
13_1,54,41.335644,19.816302,1786.9880053207437
13_1,55,41.335597,19.816316,1792.3362833237884
13_1,56,41.335255999999994,19.816412,1831.0692952056245
13_1,57,41.33453,19.816617,1913.4955965335291
13_1,58,41.33329499999999,19.816956,2053.520845949156
13_1,59,41.333133999999994,19.816981,2071.5188615763263
13_1,60,41.331191999999994,19.817515,2291.740680943377
13_1,61,41.330302,19.81776,2392.666517240813
13_1,62,41.330173,19.81692,2464.4385822976383
13_1,63,41.330132,19.816764,2478.274209880235
13_1,64,41.33006300000001,19.816622,2492.492943303585
13_1,65,41.330026,19.81657,2498.490903744282
13_1,66,41.329953999999994,19.816466,2510.3155651548586
13_1,67,41.3298,19.816329,2530.902461169364
13_1,68,41.329409999999996,19.81613,2577.296719357158
13_1,69,41.328987999999995,19.815978,2625.88846775634
13_1,70,41.32866200000001,19.816074,2662.9650050058926
13_1,71,41.32819299999999,19.816188,2715.942343207334
13_1,72,41.328084999999994,19.816216,2728.160339973847
13_1,73,41.32781,19.816284,2759.219248614107
13_1,74,41.327687,19.816318,2773.169157716754
13_1,75,41.327641,19.816331,2778.3911071146244
13_1,76,41.32730299999999,19.816419,2816.9603438538497
13_1,77,41.32689899999999,19.816534,2862.837148941805
13_1,78,41.326826,19.816555,2871.130658360511
13_1,79,41.326663,19.8166,2889.8580118736963
13_1,80,41.32606800000001,19.81677,2957.4426225655557
13_1,81,41.325598,19.816902,3010.792375981629
13_1,82,41.325667,19.817346,3048.735023043194
13_1,83,41.325929,19.819015,3191.434623723915
13_1,84,41.32594299999999,19.819105000000004,3199.1259666580154
13_1,85,41.32666100000001,19.818911000000003,3280.483172624951
13_1,86,41.326758000000005,19.818925,3291.32808611393
13_1,87,41.326915,19.81911,3314.669245653447
13_1,88,41.327113000000004,19.819280000000003,3340.8710460234515
13_1,89,41.327158000000004,19.819404,3352.38921368574
13_1,90,41.327264,19.820624,3455.2500714694484
13_1,91,41.327375,19.821888,3561.7548967270336
13_1,92,41.327427,19.822489,3612.3856490305493
13_1,93,41.327474,19.822671,3628.4873318612754
13_1,94,41.327513999999994,19.822706,3633.853396262184
13_1,95,41.32738,19.82303,3664.799712808181
13_1,96,41.32716,19.823524,3712.831477846796
13_1,97,41.32712,19.823609,3721.2179643724526
13_1,98,41.327059000000006,19.823748,3734.6793608237153
13_1,99,41.326958000000005,19.823907,3752.0816537158294
13_1,100,41.326818,19.824238,3783.860260690756
13_1,101,41.326682,19.824469,3808.3917225557834
13_1,102,41.326557,19.824604,3826.288081509177
13_1,103,41.326384,19.824695,3846.951224235819
13_1,104,41.32543999999999,19.825008,3955.2133998257063
13_1,105,41.32533899999999,19.825043,3966.8036305510677
13_1,106,41.325006,19.825155,4004.946123133587
13_1,107,41.324923000000005,19.825175,4014.365559396972
13_1,108,41.324737,19.825129,4035.3727721410573
13_1,109,41.32444399999999,19.825019000000005,4069.1819685128776
13_1,110,41.323904000000006,19.824826,4131.283678986832
13_1,111,41.32384700000001,19.824815,4137.678949466436
13_1,112,41.32373599999998,19.824809,4150.013392452995
13_1,113,41.323691000000004,19.824808,4155.230676637429
13_1,114,41.323263,19.824792,4202.793597618041
13_1,115,41.322962999999994,19.824795,4236.103230843526
13_1,116,41.32280299999999,19.824841,4254.280307181874
13_1,117,41.322660000000006,19.824912,4271.2331589429605
13_1,118,41.32195000000001,19.825317,4357.095699234149
13_1,119,41.32183499999999,19.825378,4370.847024257394
13_1,120,41.32127799999999,19.825708,4438.594828542781
13_1,121,41.321018,19.825861,4470.211076416242
13_1,122,41.320460999999995,19.826187,4537.836131493485
13_1,123,41.31977899999998,19.826586,4620.620025061489
13_1,124,41.319571999999994,19.826793,4649.416572629533
13_1,125,41.319403,19.827025,4676.420345017171
13_1,126,41.31925,19.827429,4714.264353734095
13_1,127,41.318931000000006,19.828452,4807.016181703217
13_1,128,41.31875,19.829031,4859.484974927092
13_1,129,41.31866500000001,19.829191,4875.937407219528
13_1,130,41.3186,19.829336,4890.109062567422
13_1,131,41.318543000000005,19.829465,4902.673210009236
13_1,132,41.31825099999999,19.830344,4983.161428387353
13_1,133,41.318172,19.830445,4995.34378576455
13_1,134,41.31813099999999,19.830456000000005,4999.9881511381745
13_1,135,41.318093,19.83048,5004.66111254541
13_1,136,41.318035,19.83056,5013.951534838876
13_1,137,41.318017999999995,19.830612,5018.69586304913
13_1,138,41.318015,19.830723,5027.993183105375
13_1,139,41.31802799999999,19.830776,5032.6584876730785
13_1,140,41.31807499999999,19.830856,5042.362292688277
13_1,141,41.31818199999999,19.830909,5055.11014827559
13_1,142,41.318203,19.830906,5057.455235343339
13_1,143,41.318355999999994,19.831044,5078.00993247192
13_1,144,41.318458,19.831076,5089.6511861403405
13_1,145,41.318501,19.831102,5094.898067607428
13_1,146,41.318765,19.831263,5127.159274394208
13_1,147,41.31885999999999,19.831319,5138.701673487941
13_1,148,41.319104,19.831461,5168.285472433289
13_1,149,41.31920800000001,19.831537,5181.635080999049
13_1,150,41.319369,19.83184,5212.6769608858585
13_1,151,41.319751999999994,19.83274,5299.1858261748275
13_1,152,41.31983499999999,19.832851,5312.278103941626
13_1,153,41.319984,19.832995,5332.746662197232
13_1,154,41.319862999999984,19.834839,5487.682474353652
13_1,155,41.319835000000005,19.835074,5507.821635264049
13_1,156,41.319818,19.835223000000003,5520.787315275424
13_1,157,41.319815,19.835267,5524.4853002608625
13_1,158,41.31983900000001,19.835285,5527.546442725726
13_1,159,41.320247,19.835392,5573.7230227417995
13_1,160,41.320629,19.83547,5616.635535511864
13_1,161,41.32095799999999,19.835533,5654.145847365456
13_1,162,41.321026,19.835528,5662.396113681791
13_1,163,41.321116999999994,19.835546,5672.61143902065
13_1,164,41.32133,19.835585,5696.484780230597
13_1,165,41.321401,19.835598,5704.442560457955
13_1,166,41.321451999999994,19.835638,5711.020779782987
13_1,167,41.321445000000004,19.835732,5718.9780644134435
13_1,168,41.32139,19.835968,5739.760329191246
13_1,169,41.321342,19.836164,5757.009747590699
13_1,170,41.32129,19.83615,5762.900958092449
13_1,171,41.321342,19.836164,5768.7921685942
13_1,172,41.321268,19.836518,5799.540543225574
13_1,173,41.321208,19.836866,5829.487645735915
13_1,174,41.32113599999999,19.837357,5871.355453477564
13_1,175,41.32107899999999,19.837673,5898.751289579512
13_1,176,41.321037999999994,19.837797,5910.085157292119
13_1,177,41.320904999999996,19.838084,5938.294683407119
13_1,178,41.32073100000001,19.838489,5977.4276673895165
13_1,179,41.320651,19.838758,6001.632249555529
13_1,180,41.320532,19.839398,6056.807108175437
13_1,181,41.320523999999985,19.839453,6061.495650876944
13_1,182,41.32044900000001,19.840005,6108.443850844
13_1,183,41.320378,19.840532,6153.253985720165
13_1,184,41.320356999999994,19.840753,6171.898644057548
13_1,185,41.32035599999999,19.841164,6206.358721019258
13_1,186,41.320362,19.841257,6214.171524536491
13_1,187,41.320394,19.841553,6239.217139896502
13_1,188,41.320449,19.841828,6263.056990868697
13_1,189,41.320544999999996,19.842154000000004,6292.3518706236555
13_1,190,41.320686,19.842574,6330.951776183372
13_1,191,41.320855,19.843082,6377.95273099558
13_1,192,41.321022,19.843654,6429.538111988046
13_1,193,41.32103899999998,19.843696,6433.528245374786
13_1,194,41.321075,19.843791,6442.427977131973
13_1,195,41.32112500000001,19.84392,6454.56901271509
13_1,196,41.321172000000004,19.844134,6473.22581294065
13_1,197,41.321189,19.844438,6498.74100598578
13_1,198,41.321225,19.844676,6519.059009047545
13_1,199,41.32126499999999,19.844838,6533.327423180481
13_1,200,41.321291,19.844942,6542.714086659627
13_1,201,41.321319,19.845052,6552.635595984613
13_1,202,41.321628,19.846258,6659.268814434582
13_1,203,41.321683,19.846509,6684.222083135472
13_1,204,41.321851999999986,19.847249,6749.063963045552
13_1,205,41.32193500000002,19.847603,6780.0939656461
13_1,206,41.322050000000004,19.848005,6816.082708093136
13_1,207,41.322241,19.84884,6889.188989543806
13_1,208,41.322304,19.84932,6930.532459170128
13_1,209,41.322352,19.849878,6977.540156434653
14_0,1,41.321045,19.853337,0
14_0,2,41.321051,19.853321,1.917630768180685
14_0,3,41.32112899999999,19.853199,15.325305651912466
14_0,4,41.321269,19.853038,35.903579893229015
14_0,5,41.321348999999984,19.852913,49.628443094887444
14_0,6,41.321575,19.852332,104.40341821801124
14_0,7,41.321727,19.85195,140.55765670746317
14_0,8,41.321797,19.851689,163.74486375364867
14_0,9,41.321940999999995,19.851125,213.63015474928278
14_0,10,41.322278999999995,19.850222,298.06517617334015
14_0,11,41.322307,19.850125,306.7589240137331
14_0,12,41.322322,19.85008,310.87719790435295
14_0,13,41.322335,19.850043,314.29393752142636
14_0,14,41.32236199999999,19.849992,326.4680248836941
14_0,15,41.322352,19.849878,336.0742031604764
14_0,16,41.32236199999999,19.849992,345.68038143725863
14_0,17,41.322335,19.850043,357.8544687995264
14_0,18,41.322322,19.85008,361.2712084165998
14_0,19,41.322307,19.850125,365.3894823072196
14_0,20,41.322278999999995,19.850222,374.0832301476126
14_0,21,41.322042999999994,19.850339,402.05612210719084
14_0,22,41.321838,19.850236,426.41159359873956
14_0,23,41.321329,19.850056,484.8991835568039
14_0,24,41.320793,19.849912,545.6305471100337
14_0,25,41.320429000000004,19.849694,590.0229271976169
14_0,26,41.32031599999999,19.84955,607.4208012908025
14_0,27,41.320261,19.849437,618.6791928908888
14_0,28,41.32018,19.849216,639.3263880681949
14_0,29,41.320088,19.849102,654.2404881760182
14_0,30,41.31993,19.849044,672.4434399321619
14_0,31,41.319702,19.849045,697.7588329297473
14_0,32,41.319539000000006,19.84902,715.9773073629542
14_0,33,41.31925600000001,19.848918,748.5382417492383
14_0,34,41.31913600000001,19.84882,766.2495995045899
14_0,35,41.319019000000004,19.848583,789.9622651775261
14_0,36,41.318951,19.848424,805.2635916091492
14_0,37,41.318768999999996,19.847981000000004,847.505001584544
14_0,38,41.31862600000001,19.847544,887.3855876231066
14_0,39,41.318541,19.84722,916.8497951170791
14_0,40,41.318465999999994,19.846955,940.54312926737
14_0,41,41.31839999999998,19.846901,949.1529365898285
14_0,42,41.318335999999995,19.846741,964.3140827396035
14_0,43,41.318315999999996,19.846661,977.3820937896636
14_0,44,41.318311,19.846547,987.4003517280315
14_0,45,41.318307,19.846344,1004.3983163960602
14_0,46,41.318234999999994,19.846011,1033.3958471088881
14_0,47,41.318183,19.845833,1049.3902143115401
14_0,48,41.318155,19.845764,1055.9501698906809
14_0,49,41.31811100000001,19.845656,1066.2259038111738
14_0,50,41.31807,19.845634,1071.1364435628057
14_0,51,41.317969,19.845649,1082.4221568147373
14_0,52,41.31786399999999,19.845157,1125.2236394715026
14_0,53,41.317809999999994,19.844871,1150.621751061902
14_0,54,41.31777499999999,19.844695,1165.8578891008308
14_0,55,41.317686,19.844266,1203.1025369098727
14_0,56,41.317474999999995,19.843357,1283.9378719155359
14_0,57,41.31739199999999,19.842956,1318.7497560327943
14_0,58,41.31737700000001,19.842881,1325.264105384182
14_0,59,41.31735,19.842676,1342.8918244592037
14_0,60,41.317367,19.84228,1376.0946537435643
14_0,61,41.317277000000004,19.841427,1448.1924674821307
14_0,62,41.317197,19.841014,1483.8874171980187
14_0,63,41.317141,19.840908,1494.7237992562323
14_0,64,41.317086,19.840875,1501.4268284749726
14_0,65,41.31676399999999,19.840937,1537.552866193751
14_0,66,41.31665499999999,19.840923,1549.7119891064176
14_0,67,41.31661,19.840886,1555.7547805187728
14_0,68,41.316579,19.840818,1562.40659883597
14_0,69,41.31656900000001,19.840329,1603.3547677390613
14_0,70,41.316552,19.840158,1617.7926708106386
14_0,71,41.31651500000001,19.839979,1633.3835732648693
14_0,72,41.316491,19.839869,1643.0709303420392
14_0,73,41.316323999999994,19.839086,1711.1936645182718
14_0,74,41.316307,19.838949000000003,1722.986765716906
14_0,75,41.31630999999999,19.838837,1732.36796752191
14_0,76,41.316337,19.838733,1741.5752728554162
14_0,77,41.316476,19.838376,1775.2087523556665
14_0,78,41.31656099999999,19.838256,1789.5602465777813
14_0,79,41.316583,19.838199,1795.2814392652044
14_0,80,41.316666,19.837799,1830.0094546756022
14_0,81,41.31669800000001,19.8375,1855.2896947378752
14_0,82,41.316695,19.837383,1865.0891282902423
14_0,83,41.316657,19.837173,1883.166926453852
14_0,84,41.316587999999996,19.836915,1906.0959759670036
14_0,85,41.31657199999999,19.836832,1913.2783688121247
14_0,86,41.316574,19.836599,1932.7858141819536
14_0,87,41.316623,19.836417,1949.0233168836637
14_0,88,41.316779,19.835839,2000.4349354658536
14_0,89,41.31684599999999,19.835608,2021.2491980997263
14_0,90,41.317015999999995,19.834983000000005,2076.9028384891562
14_0,91,41.31705,19.834777,2094.5548643925486
14_0,92,41.31707900000001,19.834539,2114.735651947838
14_0,93,41.317093,19.834429,2124.073702208473
14_0,94,41.316941,19.834267,2145.7418745818854
14_0,95,41.31683099999999,19.834094,2165.3602503371267
14_0,96,41.316802,19.833937,2178.8909888741273
14_0,97,41.316810000000004,19.833516,2214.1429824970564
14_0,98,41.316836,19.833486,2218.2526690013806
14_0,99,41.316962,19.833149,2249.7760939771565
14_0,100,41.317019999999985,19.833027,2261.8491934109416
14_0,101,41.317291,19.832859,2295.0620711837873
14_0,102,41.31745099999999,19.832702,2317.1593851169014
14_0,103,41.317498,19.832646,2324.1739715989347
14_0,104,41.31763,19.832418,2349.5637664547207
14_0,105,41.317789,19.831983,2390.1335518434803
14_0,106,41.31791599999999,19.831619,2423.840947393087
14_0,107,41.31794300000001,19.831544,2430.797906445768
14_0,108,41.31811700000001,19.831015,2479.1091536469407
14_0,109,41.31818199999999,19.830909,2490.5463654620667
14_0,110,41.318203,19.830906,2492.8914525298155
14_0,111,41.318285,19.830867000000005,2502.81044265335
14_0,112,41.318353,19.830742,2515.73793435814
14_0,113,41.318356,19.830631,2525.061520973363
14_0,114,41.31832099999999,19.83053,2534.6461653187775
14_0,115,41.31832099999999,19.830395,2545.946405618202
14_0,116,41.31869100000001,19.829325,2644.684093453952
14_0,117,41.318819999999995,19.829058,2671.2291075757257
14_0,118,41.318856,19.828939,2681.9996861861814
14_0,119,41.318936,19.828676,2705.7554681357083
14_0,120,41.31908299999999,19.828194,2749.3232648399544
14_0,121,41.31930700000001,19.82746,2815.6353657824134
14_0,122,41.319395,19.827205,2839.1101246145913
14_0,123,41.319458,19.82707,2852.3999230999852
14_0,124,41.319626,19.826854,2878.377359243969
14_0,125,41.319816,19.826658,2905.1133659339976
14_0,126,41.320477999999994,19.826243,2986.434091267234
14_0,127,41.32103300000001,19.82592,3053.7548947688965
14_0,128,41.32135600000001,19.825732,3092.917724398502
14_0,129,41.321391,19.825711,3097.182782146156
14_0,130,41.321501000000005,19.825648,3110.485728317572
14_0,131,41.321754,19.825503,3141.2325181768615
14_0,132,41.32185599999999,19.825443,3153.621046414954
14_0,133,41.321961,19.825381,3166.38193655285
14_0,134,41.322048,19.825336,3176.749822850752
14_0,135,41.322677999999996,19.824985,3252.6765696995176
14_0,136,41.322912,19.824879,3280.130462827325
14_0,137,41.323266000000004,19.824868,3319.4454944951885
14_0,138,41.32371899999999,19.824909,3369.947730999004
14_0,139,41.32381,19.82493,3380.203113209537
14_0,140,41.323869,19.824946,3386.8893065694915
14_0,141,41.32407899999999,19.825020000000002,3411.3433732608796
14_0,142,41.324273,19.825087,3433.6514960103627
14_0,143,41.32456700000001,19.825187,3467.3833377810897
14_0,144,41.324749,19.825244,3488.146141353698
14_0,145,41.324895,19.825286,3504.7331485115055
14_0,146,41.324991999999995,19.825275,3515.5422400199036
14_0,147,41.325068,19.825252,3524.254817499093
14_0,148,41.32540000000001,19.825149,3562.1110831601345
14_0,149,41.32552,19.825112,3575.789718672523
14_0,150,41.32641300000001,19.824816,3678.226302398564
14_0,151,41.32658699999999,19.824735,3698.7003015229134
14_0,152,41.326648,19.824686,3706.6179436677103
14_0,153,41.326737,19.824575,3720.180842091158
14_0,154,41.326889,19.824313,3747.851245083839
14_0,155,41.32702799999999,19.823966,3780.754385204044
14_0,156,41.327059000000006,19.823748,3799.3215820021896
14_0,157,41.32712,19.823609,3812.782978453453
14_0,158,41.32716,19.823524,3821.1694649791093
14_0,159,41.32738,19.82303,3869.2012300177234
14_0,160,41.327513999999994,19.822706,3900.147546563721
14_0,161,41.32756799999999,19.822622,3909.3872279703696
14_0,162,41.32763599999999,19.822526,3920.412514851098
14_0,163,41.327685,19.822463,3928.054478325991
14_0,164,41.32783100000001,19.822331,3947.671319498722
14_0,165,41.32826099999999,19.822075,4000.0010234478864
14_0,166,41.32860299999999,19.821889,4041.0521644031055
14_0,167,41.328487,19.821277,4093.866465546198
14_0,168,41.328437,19.821018,4116.2424565426045
14_0,169,41.32841899999999,19.820923,4124.455826011451
14_0,170,41.328331,19.82048,4162.800792587208
14_0,171,41.329511999999994,19.820117,4297.400536326839
14_0,172,41.32992299999999,19.819991,4344.238757464084
14_0,173,41.330015,19.819961,4354.757480571827
14_0,174,41.33007299999999,19.819921,4362.015321376698
14_0,175,41.33039899999999,19.820313,4410.872574461368
14_0,176,41.330487,19.820443,4425.496947548696
14_0,177,41.330549,19.820442,4432.381266309971
14_0,178,41.33059799999999,19.820379,4439.957360728882
14_0,179,41.33061099999999,19.820037,4468.620051295827
14_0,180,41.33056299999999,19.819662,4500.453704152062
14_0,181,41.330549,19.819553,4509.712263386288
14_0,182,41.330481,19.819044,4553.0206074092575
14_0,183,41.330345,19.818046,4637.898886391117
14_0,184,41.330332,19.817947,4646.323862567677
14_0,185,41.33197299999999,19.817493,4832.453121032735
14_0,186,41.333180999999996,19.817157,4969.5069920744045
14_0,187,41.33336,19.817107,4989.841552837752
14_0,188,41.334615,19.816747,5132.406518682059
14_0,189,41.334708000000006,19.816724,5142.910107010129
14_0,190,41.33472099999999,19.816721,5144.375159503346
14_0,191,41.335224000000004,19.816587,5201.41655450599
14_0,192,41.33565700000001,19.816465,5250.564364137299
14_0,193,41.33591100000001,19.816387,5279.580363886722
14_0,194,41.33598800000001,19.816358,5288.467394436196
14_0,195,41.335964999999995,19.816214,5300.785376488561
14_0,196,41.335888999999995,19.815747000000005,5341.997683531497
14_0,197,41.33573599999999,19.814779,5424.771253833517
14_0,198,41.33557499999999,19.813766,5511.412710896712
14_0,199,41.335378,19.812565,5614.313280379465
14_0,200,41.335352,19.812408,5627.765066504803
14_0,201,41.335432999999995,19.812381,5637.037940808187
14_0,202,41.33586100000001,19.81226,5685.66652348428
14_0,203,41.336937,19.811954,5807.84775342939
14_0,204,41.33699,19.811937,5813.901831707016
14_0,205,41.337103,19.811903,5826.766728822989
14_0,206,41.337473,19.811791,5868.9032057098875
14_0,207,41.337789,19.81167,5905.42709327291
14_0,208,41.33814,19.811465,5948.026806455134
14_0,209,41.338229000000005,19.811422,5958.543176948413
14_0,210,41.338317,19.811376,5969.0446852973155
14_0,211,41.33877199999999,19.811151,6022.957637873832
14_0,212,41.33922499999999,19.810916,6076.963893202651
14_0,213,41.339367,19.810843,6093.879496206741
14_0,214,41.33959600000001,19.810732,6120.948727021037
14_0,215,41.33988999999999,19.810672,6153.975281397979
14_0,216,41.340140999999996,19.810642,6181.967979159683
14_0,217,41.340419,19.810581,6213.254052878123
14_0,218,41.34069,19.810464,6244.899722383626
14_0,219,41.340898,19.810337,6270.322410684195
14_0,220,41.34096799999999,19.810294,6278.892211887921
14_0,221,41.341244,19.809962,6320.302721102118
14_0,222,41.341404,19.809768,6344.367290179461
14_0,223,41.341521000000014,19.809645,6360.948337383045
14_0,224,41.341764999999995,19.809472,6391.701191240361
14_0,225,41.341975999999995,19.809354,6417.124153599891
14_0,226,41.342060000000004,19.80931,6427.15104391111
14_0,227,41.342388,19.80916,6465.722873065428
14_0,228,41.342685,19.809074,6499.533925998632
14_0,229,41.34302000000001,19.808994,6537.326425017376
14_0,230,41.343287999999994,19.808912,6567.863191539381
14_0,231,41.343542,19.808792,6597.7988845365435
14_0,232,41.343747,19.808677,6622.510393692524
14_0,233,41.343809,19.808643000000004,6629.9589297142
14_0,234,41.344009,19.808533,6653.996781036577
14_0,235,41.34444700000001,19.808321,6705.7619669621145
14_0,236,41.34474199999999,19.808195,6740.170660039806
14_0,237,41.34502500000001,19.808077,6773.106767327206
14_0,238,41.34554099999999,19.807853,6833.385920009885
14_0,239,41.34570099999999,19.80779,6852.02386682332
14_0,240,41.34624899999999,19.807572,6915.574905636016
14_0,241,41.347046,19.80723,7008.582599275583
14_0,242,41.347083,19.807207,7013.119093762895
14_0,243,41.347136000000006,19.807175,7019.584138151431
14_0,244,41.34717,19.80715,7023.899927541597
14_0,245,41.347346,19.806985,7047.825818893991
14_0,246,41.34741700000001,19.806951,7056.2065142867905
14_0,247,41.34749099999999,19.806968,7064.544930133018
14_0,248,41.34745999999999,19.806578,7097.356697769771
14_0,249,41.34742000000001,19.806649,7104.773799620525
14_0,250,41.347405169744626,19.806713264441044,7110.397192812329
14_1,1,41.347405169744626,19.806713264441044,0
14_1,2,41.347404999999995,19.806714,0.06436433707950821
14_1,3,41.34737599999999,19.806839,11.007376605162063
14_1,4,41.347346,19.806985,23.668992532617544
14_1,5,41.34717,19.80715,47.59488388501127
14_1,6,41.347136000000006,19.807175,51.91067327517743
14_1,7,41.347083,19.807207,58.37571766371317
14_1,8,41.347046,19.80723,62.912212151025564
14_1,9,41.34624899999999,19.807572,155.919905790592
14_1,10,41.34554099999999,19.807853,238.06718155334252
14_1,11,41.345431,19.807901,250.92385388280204
14_1,12,41.34502500000001,19.808077,298.3463534230633
14_1,13,41.34474199999999,19.808195,331.2824607104642
14_1,14,41.34444700000001,19.808321,365.6911537881556
14_1,15,41.344009,19.808533,417.45633971369267
14_1,16,41.343809,19.808643000000004,441.49419103606954
14_1,17,41.343681000000004,19.808714,456.89771374781367
14_1,18,41.343542,19.808792,473.65411831659014
14_1,19,41.343287999999994,19.808912,503.58981131375305
14_1,20,41.34302000000001,19.808994,534.1265778357576
14_1,21,41.342685,19.809074,571.9190768545019
14_1,22,41.342388,19.80916,605.7301297877058
14_1,23,41.342060000000004,19.80931,644.3019589420239
14_1,24,41.341975999999995,19.809354,654.3288492532434
14_1,25,41.341764999999995,19.809472,679.7518116127726
14_1,26,41.341521000000014,19.809645,710.5046654700891
14_1,27,41.341404,19.809768,727.085712673674
14_1,28,41.341244,19.809962,751.150281751017
14_1,29,41.34096799999999,19.810294,792.5607909652144
14_1,30,41.340853,19.810365,806.6468977000097
14_1,31,41.34069,19.810464,826.5515840114921
14_1,32,41.340419,19.810581,858.1972535169951
14_1,33,41.340140999999996,19.810642,889.4833272354349
14_1,34,41.33988999999999,19.810672,917.4760249971387
14_1,35,41.33959600000001,19.810732,950.5025793740812
14_1,36,41.339367,19.810843,977.5718101883763
14_1,37,41.33917099999999,19.810945,1000.9529231471558
14_1,38,41.33877199999999,19.811151,1048.4919351035903
14_1,39,41.338317,19.811376,1102.404887680107
14_1,40,41.338229000000005,19.811422,1112.9063960290098
14_1,41,41.33814,19.811465,1123.422766522289
14_1,42,41.337789,19.81167,1166.022479704513
14_1,43,41.337473,19.811791,1202.5463672675348
14_1,44,41.337103,19.811903,1244.6828441544333
14_1,45,41.336937,19.811954,1263.601404675039
14_1,46,41.336872,19.811972,1270.9738380053334
14_1,47,41.33586100000001,19.81226,1385.7827484911174
14_1,48,41.335432999999995,19.812381,1434.411331167211
14_1,49,41.335352,19.812408,1443.6842054705946
14_1,50,41.33527899999999,19.812436,1452.1212571139247
14_1,51,41.335774,19.815497,1714.297565502418
14_1,52,41.335817,19.815767,1737.3909728766862
14_1,53,41.335776,19.816023,1759.4126660990332
14_1,54,41.335644,19.816302,1786.988005320744
14_1,55,41.335597,19.816316,1792.3362833237884
14_1,56,41.335255999999994,19.816412,1831.0692952056245
14_1,57,41.33453,19.816617,1913.495596533529
14_1,58,41.33329499999999,19.816956,2053.520845949156
14_1,59,41.333133999999994,19.816981,2071.5188615763263
14_1,60,41.331191999999994,19.817515,2291.740680943377
14_1,61,41.330302,19.81776,2392.666517240813
14_1,62,41.330173,19.81692,2464.4385822976383
14_1,63,41.330132,19.816764,2478.274209880235
14_1,64,41.33006300000001,19.816622,2492.492943303585
14_1,65,41.330026,19.81657,2498.490903744282
14_1,66,41.329953999999994,19.816466,2510.3155651548586
14_1,67,41.3298,19.816329,2530.902461169364
14_1,68,41.329409999999996,19.81613,2577.296719357158
14_1,69,41.328987999999995,19.815978,2625.88846775634
14_1,70,41.32866200000001,19.816074,2662.9650050058926
14_1,71,41.32819299999999,19.816188,2715.942343207334
14_1,72,41.328084999999994,19.816216,2728.160339973847
14_1,73,41.32781,19.816284,2759.219248614107
14_1,74,41.327687,19.816318,2773.169157716754
14_1,75,41.327641,19.816331,2778.3911071146244
14_1,76,41.32730299999999,19.816419,2816.9603438538497
14_1,77,41.32689899999999,19.816534,2862.837148941805
14_1,78,41.326826,19.816555,2871.130658360511
14_1,79,41.326663,19.8166,2889.8580118736963
14_1,80,41.32606800000001,19.81677,2957.4426225655557
14_1,81,41.325598,19.816902,3010.792375981629
14_1,82,41.325667,19.817346,3048.735023043194
14_1,83,41.325929,19.819015,3191.434623723915
14_1,84,41.32594299999999,19.819105000000004,3199.1259666580154
14_1,85,41.32666100000001,19.818911000000003,3280.483172624951
14_1,86,41.326758000000005,19.818925,3291.32808611393
14_1,87,41.326915,19.81911,3314.669245653447
14_1,88,41.327113000000004,19.819280000000003,3340.8710460234515
14_1,89,41.327158000000004,19.819404,3352.38921368574
14_1,90,41.327264,19.820624,3455.2500714694484
14_1,91,41.327375,19.821888,3561.754896727034
14_1,92,41.327427,19.822489,3612.3856490305493
14_1,93,41.327474,19.822671,3628.487331861275
14_1,94,41.327513999999994,19.822706,3633.8533962621837
14_1,95,41.32738,19.82303,3664.7997128081815
14_1,96,41.32716,19.823524,3712.831477846796
14_1,97,41.32712,19.823609,3721.2179643724526
14_1,98,41.327059000000006,19.823748,3734.679360823715
14_1,99,41.326958000000005,19.823907,3752.081653715829
14_1,100,41.326818,19.824238,3783.860260690756
14_1,101,41.326682,19.824469,3808.3917225557825
14_1,102,41.326557,19.824604,3826.2880815091776
14_1,103,41.326384,19.824695,3846.9512242358196
14_1,104,41.32543999999999,19.825008,3955.2133998257063
14_1,105,41.32533899999999,19.825043,3966.803630551068
14_1,106,41.325006,19.825155,4004.9461231335868
14_1,107,41.324923000000005,19.825175,4014.3655593969715
14_1,108,41.324737,19.825129,4035.3727721410564
14_1,109,41.32444399999999,19.825019000000005,4069.181968512877
14_1,110,41.323904000000006,19.824826,4131.283678986832
14_1,111,41.32384700000001,19.824815,4137.678949466436
14_1,112,41.32373599999998,19.824809,4150.013392452995
14_1,113,41.323691000000004,19.824808,4155.230676637429
14_1,114,41.323263,19.824792,4202.793597618041
14_1,115,41.322962999999994,19.824795,4236.103230843526
14_1,116,41.32280299999999,19.824841,4254.280307181874
14_1,117,41.322660000000006,19.824912,4271.2331589429605
14_1,118,41.32195000000001,19.825317,4357.095699234149
14_1,119,41.32183499999999,19.825378,4370.847024257394
14_1,120,41.32127799999999,19.825708,4438.594828542781
14_1,121,41.321018,19.825861,4470.211076416242
14_1,122,41.320460999999995,19.826187,4537.836131493485
14_1,123,41.31977899999998,19.826586,4620.620025061489
14_1,124,41.319571999999994,19.826793,4649.416572629533
14_1,125,41.319403,19.827025,4676.420345017171
14_1,126,41.31925,19.827429,4714.264353734095
14_1,127,41.318931000000006,19.828452,4807.016181703217
14_1,128,41.31875,19.829031,4859.484974927092
14_1,129,41.31866500000001,19.829191,4875.937407219528
14_1,130,41.3186,19.829336,4890.109062567422
14_1,131,41.318543000000005,19.829465,4902.673210009236
14_1,132,41.31825099999999,19.830344,4983.161428387353
14_1,133,41.318172,19.830445,4995.34378576455
14_1,134,41.31813099999999,19.830456000000005,4999.9881511381745
14_1,135,41.318093,19.83048,5004.66111254541
14_1,136,41.318035,19.83056,5013.951534838876
14_1,137,41.318017999999995,19.830612,5018.69586304913
14_1,138,41.318015,19.830723,5027.993183105375
14_1,139,41.31802799999999,19.830776,5032.6584876730785
14_1,140,41.317986,19.831127,5062.688218322205
14_1,141,41.317777,19.831755,5120.160056248363
14_1,142,41.31761699999999,19.832218,5163.316723972489
14_1,143,41.31748699999999,19.832498,5190.914968172341
14_1,144,41.317383,19.832635,5207.189281437359
14_1,145,41.317268,19.832747,5223.037716508883
14_1,146,41.317164,19.832818000000003,5236.344265470248
14_1,147,41.317073,19.832804,5246.515609769581
14_1,148,41.316974,19.832733,5259.011295872407
14_1,149,41.31675899999999,19.832522,5288.706197549823
14_1,150,41.31666,19.832712,5309.8254134164945
14_1,151,41.31665499999999,19.832825,5319.403514960696
14_1,152,41.316697,19.832974,5334.493804603982
14_1,153,41.316784000000006,19.833251000000004,5359.612348076807
14_1,154,41.31680600000001,19.833345,5368.139929716519
14_1,155,41.316810000000004,19.833516,5382.483105642084
14_1,156,41.316802,19.833937,5417.735099265014
14_1,157,41.31683099999999,19.834094,5431.265837802014
14_1,158,41.316941,19.834267,5450.884213557256
14_1,159,41.317093,19.834429,5472.552385930668
14_1,160,41.317060999999995,19.834689,5494.604305290324
14_1,161,41.31705,19.834777,5502.071084278211
14_1,162,41.317015999999995,19.834983000000005,5519.723110181603
14_1,163,41.31684599999999,19.835608,5575.376750571033
14_1,164,41.316779,19.835839,5596.191013204905
14_1,165,41.316671,19.836238,5631.709277503884
14_1,166,41.316574,19.836599,5663.820044762045
14_1,167,41.31657199999999,19.836832,5683.327490131874
14_1,168,41.316587999999996,19.836915,5690.509882976995
14_1,169,41.316657,19.837173,5713.438932490147
14_1,170,41.316695,19.837383,5731.516730653757
14_1,171,41.31669800000001,19.8375,5741.316164206124
14_1,172,41.316666,19.837799,5766.596404268397
14_1,173,41.316583,19.838199,5801.324419678795
14_1,174,41.31656099999999,19.838256,5807.045612366218
14_1,175,41.316476,19.838376,5821.3971065883325
14_1,176,41.316337,19.838733,5855.030586088583
14_1,177,41.31630999999999,19.838837,5864.237891422089
14_1,178,41.316307,19.838949000000003,5873.619093227093
14_1,179,41.316323999999994,19.839086,5885.412194425727
14_1,180,41.31646599999999,19.839748,5943.028094503074
14_1,181,41.316491,19.839869,5953.5420719113345
14_1,182,41.316552,19.840158,5978.808429772626
14_1,183,41.31656900000001,19.840329,5993.246332844204
14_1,184,41.316579,19.840818,6034.194501747294
14_1,185,41.31661,19.840886,6040.846320064492
14_1,186,41.31665499999999,19.840923,6046.889111476847
14_1,187,41.31676399999999,19.840937,6059.048234389514
14_1,188,41.317086,19.840875,6095.174272108292
14_1,189,41.317141,19.840908,6101.877301327032
14_1,190,41.317197,19.841014,6112.7136833852455
14_1,191,41.317277000000004,19.841427,6148.408633101133
14_1,192,41.317367,19.84228,6220.5064468396995
14_1,193,41.317351,19.842646,6251.194654053061
14_1,194,41.31735,19.842676,6253.7162469572295
14_1,195,41.31737700000001,19.842881,6271.343966032251
14_1,196,41.317474999999995,19.843357,6312.659291555641
14_1,197,41.317686,19.844266,6393.494626561304
14_1,198,41.31777499999999,19.844695,6430.739274370347
14_1,199,41.317809999999994,19.844871,6445.975412409276
14_1,200,41.31786399999999,19.845157,6471.373523999675
14_1,201,41.317942,19.845525,6503.371471995342
14_1,202,41.317969,19.845649,6514.175210256183
14_1,203,41.31807,19.845634,6525.460923508114
14_1,204,41.31811100000001,19.845656,6530.371463259746
14_1,205,41.318183,19.845833,6547.206682041426
14_1,206,41.318234999999994,19.846011,6563.201049244078
14_1,207,41.318307,19.846344,6592.198579956906
14_1,208,41.318311,19.846547,6609.196544624934
14_1,209,41.318315999999996,19.846661,6619.214802563302
14_1,210,41.318335999999995,19.846741,6632.282813613362
14_1,211,41.31839999999998,19.846901,6647.443959763137
14_1,212,41.318465999999994,19.846955,6656.053767085596
14_1,213,41.318541,19.84722,6679.7471012358865
14_1,214,41.31862600000001,19.847544,6709.211308729859
14_1,215,41.318768999999996,19.847981000000004,6749.091894768422
14_1,216,41.318951,19.848424,6791.333304743817
14_1,217,41.319019000000004,19.848583,6806.6346311754405
14_1,218,41.31913600000001,19.84882,6830.347296848377
14_1,219,41.31925600000001,19.848918,6848.058654603728
14_1,220,41.319539000000006,19.84902,6880.619588990013
14_1,221,41.319702,19.849045,6898.83806342322
14_1,222,41.31993,19.849044,6924.153456420805
14_1,223,41.320088,19.849102,6942.356408176949
14_1,224,41.32018,19.849216,6957.270508284772
14_1,225,41.320261,19.849437,6977.917703462079
14_1,226,41.32031599999999,19.84955,6989.176095062166
14_1,227,41.320429000000004,19.849694,7006.573969155351
14_1,228,41.320793,19.849912,7050.9663492429345
14_1,229,41.321329,19.850056,7111.6977127961645
14_1,230,41.321838,19.850236,7170.185302754229
14_1,231,41.322042999999994,19.850339,7194.540774245778
14_1,232,41.322278999999995,19.850222,7222.5136662053565
14_1,233,41.322307,19.850125,7231.20741404575
14_1,234,41.322322,19.85008,7235.32568793637
14_1,235,41.322335,19.850043,7238.742427553443
14_1,236,41.32236199999999,19.849992,7250.916514915711
14_1,237,41.322352,19.849878,7260.522693192493
14_1,238,41.32236199999999,19.849992,7270.128871469275
14_1,239,41.322335,19.850043,7282.302958831542
14_1,240,41.322322,19.85008,7285.719698448615
14_1,241,41.322307,19.850125,7289.837972339235
14_1,242,41.322278999999995,19.850222,7298.531720179629
14_1,243,41.321940999999995,19.851125,7382.966741603686
14_1,244,41.321797,19.851689,7432.85203259932
14_1,245,41.321727,19.85195,7456.039239645506
14_1,246,41.321575,19.852332,7492.193478134958
14_1,247,41.321348999999984,19.852913,7546.968453258082
14_1,248,41.321269,19.853038,7560.69331645974
14_1,249,41.32112899999999,19.853199,7581.271590701057
14_1,250,41.321051,19.853321,7594.6792655847885
14_1,251,41.321045,19.853337,7596.596896352969
15_0,1,41.32439200000001,19.84983,0
15_0,2,41.324932,19.849853,60.385219694407525
15_0,3,41.324983999999986,19.849851,66.16112436440851
15_0,4,41.32503499999999,19.849842,71.87345807345984
15_0,5,41.32509799999999,19.849821,80.02553512107997
15_0,6,41.32531100000001,19.84973,104.89051221579084
15_0,7,41.325589,19.849603,137.5900605691055
15_0,8,41.325706,19.84956,151.20156165116188
15_0,9,41.325801999999996,19.849548,161.90750743156246
15_0,10,41.326388,19.849507,227.07565430770018
15_0,11,41.32665699999999,19.849403,258.1848362540007
15_0,12,41.326862,19.849298,282.6849584233008
15_0,13,41.327085,19.849175,309.4991272269109
15_0,14,41.327341000000004,19.849012,341.04592123564163
15_0,15,41.32754000000001,19.848863,366.41684336112553
15_0,16,41.327563999999995,19.848845,369.47789299796966
15_0,17,41.32763000000001,19.848788,378.2217875020683
15_0,18,41.32769199999999,19.848688,389.0583835023419
15_0,19,41.327766000000004,19.848382,416.0566099793185
15_0,20,41.327769999999994,19.848365,417.5470956662897
15_0,21,41.327813000000006,19.848251,428.25639050724004
15_0,22,41.32789400000001,19.848097,443.9725839617548
15_0,23,41.328390999999996,19.847369,526.1834621131065
15_0,24,41.328405999999994,19.847328,529.9976527850159
15_0,25,41.32843200000001,19.847174,543.2055887366103
15_0,26,41.328446,19.847088,550.569056207142
15_0,27,41.328447,19.847084,550.9217566660418
15_0,28,41.328502,19.846861,570.5587456786357
15_0,29,41.32859800000001,19.846573,597.855841405242
15_0,30,41.328744999999984,19.846169,635.4005203568646
15_0,31,41.328876,19.845771,672.5066165629269
15_0,32,41.328888,19.845737,675.6486082789972
15_0,33,41.3289,19.845712,678.1290973089108
15_0,34,41.328914,19.845696,680.1807455892467
15_0,35,41.329054,19.845601,697.6401185636153
15_0,36,41.32933,19.845452,730.7545538113668
15_0,37,41.32944400000001,19.845391,744.7198856671205
15_0,38,41.329533999999995,19.845344,755.4587769775113
15_0,39,41.32963300000001,19.845308,766.856047933666
15_0,40,41.329814,19.845243,787.6754838858832
15_0,41,41.32983399999999,19.845237,789.9521239735734
15_0,42,41.32992699999999,19.845216,800.428197126425
15_0,43,41.330007,19.845196,809.4668204841776
15_0,44,41.330621856288076,19.845095522451437,878.253736501226
15_0,45,41.330895,19.844844,915.1699273851124
15_0,46,41.331328,19.844482,972.0073693998679
15_0,47,41.331366,19.844451000000003,976.9602824247254
15_0,48,41.331407000000006,19.844417,982.3285839055322
15_0,49,41.331458999999995,19.844503,991.5553387283292
15_0,50,41.331742999999996,19.844967,1041.5830672396846
15_0,51,41.331797,19.844921,1048.7081214702512
15_0,52,41.331849,19.844881,1055.3818818436878
15_0,53,41.332072999999994,19.844707,1084.2056697119924
15_0,54,41.332409,19.844478,1126.1683036734848
15_0,55,41.33273,19.844257,1166.3491892219226
15_0,56,41.33277599999999,19.844223,1172.1956190397232
15_0,57,41.332817,19.844169,1178.610011303699
15_0,58,41.33285999999999,19.844098,1186.2321995054413
15_0,59,41.33307700000001,19.8438,1221.012260741848
15_0,60,41.333127,19.84371,1230.4915230628142
15_0,61,41.33307899999999,19.843588,1242.1083790269765
15_0,62,41.333040999999994,19.84345,1254.4036521491507
15_0,63,41.333001,19.843307,1267.168321665199
15_0,64,41.33296800000001,19.843002,1292.989132242908
15_0,65,41.332965999999985,19.842812,1308.8911232737523
15_0,66,41.333059002624886,19.842037001044055,1374.5751625824562
15_0,67,41.33315199999999,19.841262,1440.286807820571
15_0,68,41.333209,19.840785,1480.7037285552026
15_0,69,41.33321699999998,19.840687,1488.9529404263849
15_0,70,41.333194000000006,19.840388,1514.1051037893365
15_0,71,41.33319300000001,19.84037,1515.6155431139675
15_0,72,41.33307700000001,19.839981,1550.6840695559233
15_0,73,41.332629999999995,19.83893,1651.7338910728636
15_0,74,41.33233100211593,19.83822649674873,1719.3411256349639
15_0,75,41.33203199999999,19.837523,1787.1648041335634
15_0,76,41.33186599999999,19.837132,1825.605171562907
15_0,77,41.331839999999985,19.837069,1831.6160759522963
15_0,78,41.331803,19.836979,1840.1954794026774
15_0,79,41.331774,19.836915,1846.444841031724
15_0,80,41.331706999999994,19.836758,1861.5435924065164
15_0,81,41.331385,19.836006,1934.0039565130248
15_0,82,41.33113199999998,19.835417000000003,1990.7387592558987
15_0,83,41.330886,19.834852,2045.3506449343772
15_0,84,41.330743,19.834524,2077.2756980475347
15_0,85,41.330687,19.83439,2090.0983942556804
15_0,86,41.330653,19.834306,2098.0777657968524
15_0,87,41.33055399999999,19.834074000000005,2120.3892527181383
15_0,88,41.33049700000001,19.833942,2133.1206773430654
15_0,89,41.33043899999999,19.833808,2147.201091900234
15_0,90,41.33028199999999,19.833444,2182.708942500468
15_0,91,41.330218,19.833297,2196.9161056671564
15_0,92,41.330074999999994,19.832967,2228.7935559653947
15_0,93,41.330056,19.832919,2233.3309130296166
15_0,94,41.329843,19.832425,2281.1311153146344
15_0,95,41.329646999999994,19.831971,2325.265224510809
15_0,96,41.329615,19.831898,2332.3326538911133
15_0,97,41.329527000000006,19.831693,2352.306016205976
15_0,98,41.329483999999994,19.831592,2362.0139167583084
15_0,99,41.329483,19.83159,2362.2147756017675
15_0,100,41.32932499999999,19.831224,2397.513508205712
15_0,101,41.32918,19.830887,2430.3609780331863
15_0,102,41.329086999999994,19.830671,2451.17952927237
15_0,103,41.32879599999999,19.829998,2516.114178576339
15_0,104,41.328714000000005,19.829803,2534.8019004326898
15_0,105,41.32842999999999,19.829133,2599.205350591511
15_0,106,41.32815299999999,19.828487,2661.406383275268
15_0,107,41.328143000000004,19.828465,2663.5564821488115
15_0,108,41.32806,19.828283,2681.4096877495285
15_0,109,41.327874,19.827958,2715.5614571215433
15_0,110,41.327823,19.827888,2723.7092216345623
15_0,111,41.327755,19.827804,2734.025539671492
15_0,112,41.32741299999999,19.827411,2784.2681232386617
15_0,113,41.327295,19.827272000000004,2801.7891005463334
15_0,114,41.327291,19.827268,2802.3452606535866
15_0,115,41.327089000000015,19.827031,2832.286145701763
15_0,116,41.326698,19.826581,2889.7599290980415
15_0,117,41.32647000000001,19.826304,2924.0863688722625
15_0,118,41.326356000000004,19.826165,2941.3814798324206
15_0,119,41.326240999999996,19.826031,2958.3875795073773
15_0,120,41.326134999999994,19.825898,2974.587004574745
15_0,121,41.32586499999999,19.825557,3015.9898530702194
15_0,122,41.32562599999999,19.825251,3052.892356759335
15_0,123,41.32552,19.825112,3069.4409527859093
15_0,124,41.325644,19.825071,3083.62975839701
15_0,125,41.326116,19.824908,3138.0687947842503
15_0,126,41.32641199999999,19.824816,3171.8233621299833
15_0,127,41.326481,19.824788,3180.4354690006026
15_0,128,41.326586999999996,19.824734,3193.042504396359
15_0,129,41.326671,19.824659,3204.2845992583893
15_0,130,41.326796,19.824487,3224.3362101279254
15_0,131,41.326873,19.824345,3238.9763686407646
15_0,132,41.326889,19.824313,3242.1902032539942
15_0,133,41.326924,19.824231,3250.076983667396
15_0,134,41.327026999999994,19.823966,3275.142130917965
15_0,135,41.32704599999999,19.823834,3287.215789689408
15_0,136,41.32705899999999,19.823747,3294.6388846624973
15_0,137,41.32712,19.823609,3308.0280175365338
15_0,138,41.327177999999996,19.82348,3320.5992293033355
15_0,139,41.32738,19.82303,3365.201478798443
15_0,140,41.327454,19.822858,3381.7765088179995
15_0,141,41.32749999999999,19.822749,3396.1475547500368
15_0,142,41.32756799999999,19.822622,3409.1852027947066
15_0,143,41.327591,19.822583,3413.329511339702
15_0,144,41.32762799999999,19.822531,3419.3142284758223
15_0,145,41.327685,19.822463,3428.0665383323208
15_0,146,41.32775899999999,19.82239,3438.3053260871084
15_0,147,41.327963000000004,19.822247,3463.9228286484517
15_0,148,41.32826099999999,19.822075,3500.203874341665
15_0,149,41.32847599999999,19.821956,3526.0694403366347
15_0,150,41.32860299999999,19.821889,3541.3161792501633
15_0,151,41.328576999999996,19.821749,3553.3835005335704
15_0,152,41.328517,19.821439,3580.3532129213995
15_0,153,41.32845,19.821088,3610.656580612595
15_0,154,41.328437,19.821018,3616.7015889476543
15_0,155,41.328421000000006,19.820924000000005,3624.7667810332923
15_0,156,41.328413,19.820883000000002,3628.311280392989
15_0,157,41.32836599999999,19.820617,3651.1769808893
15_0,158,41.32834199999999,19.820478,3663.1115654905843
15_0,159,41.328412,19.820454,3671.1389684716096
15_0,160,41.32921350035902,19.820207503130536,3762.514124474553
15_0,161,41.330015,19.819961,3853.897369844784
15_0,162,41.33007299999999,19.819921,3861.1552106496547
15_0,163,41.330397999999995,19.820313,3909.961484879039
15_0,164,41.33054200000001,19.820536,3934.536395874816
15_0,165,41.33065500000001,19.820707,3953.56830946742
15_0,166,41.330617000000004,19.82061,3962.7171615395055
15_0,167,41.33059799999999,19.820378,3982.247489965151
15_0,168,41.33061099999999,19.820037,4010.824027457228
15_0,169,41.330589,19.819849,4026.746217310453
15_0,170,41.330549,19.819553,4051.914373903835
15_0,171,41.330479999999994,19.819044,4095.196027702725
15_0,172,41.33045700000001,19.818871,4109.897901656523
15_0,173,41.330344,19.818028,4181.58412199307
15_0,174,41.330332,19.817947,4188.492729275521
15_0,175,41.330302,19.81776,4204.493360447424
15_0,176,41.330284,19.817643,4214.487005903651
15_0,177,41.330173,19.81692,4276.239744241561
15_0,178,41.330156,19.816851,4282.315039348188
15_0,179,41.33010600000001,19.816703,4296.176244832336
15_0,180,41.33006300000001,19.816622,4304.526557557925
15_0,181,41.330010999999985,19.816538,4313.6235214090375
15_0,182,41.329882,19.816393,4332.395956574313
15_0,183,41.3298,19.816329,4342.959063535875
15_0,184,41.329521,19.816189,4376.096986995961
15_0,185,41.329330000000006,19.816102,4398.518735517839
15_0,186,41.32909699999999,19.816008000000004,4425.558293543498
15_0,187,41.32899,19.815995,4438.3192559357485
15_0,188,41.32866200000001,19.816073000000003,4475.351892876432
15_0,189,41.328453999999994,19.816125,4498.910316339917
15_0,190,41.328269,19.816171,4519.808402755166
15_0,191,41.32819299999999,19.816188,4528.365733644313
15_0,192,41.328138,19.816202,4534.583736325323
15_0,193,41.328084999999994,19.816216,4540.583804674964
15_0,194,41.327989,19.81624,4551.430223597064
15_0,195,41.327881,19.816268,4563.6500258092
15_0,196,41.32771499999998,19.816312,4582.445165964953
15_0,197,41.32768668458448,19.816319270179697,4585.647345973597
15_1,1,41.32768668458448,19.816319270179697,0
15_1,2,41.327641,19.816331,5.16645282967486
15_1,3,41.32730299999999,19.816419,43.459397645220314
15_1,4,41.32668500018771,19.8165940017194,113.62166495894658
15_1,5,41.326067,19.816769,183.7844453680135
15_1,6,41.32573099999999,19.816865,221.98626682883105
15_1,7,41.325684,19.816878,227.31686327279087
15_1,8,41.325598,19.816902,237.07437126119274
15_1,9,41.325619,19.817038,248.69342763136692
15_1,10,41.32570599999999,19.817597,296.4738035839517
15_1,11,41.325768999999994,19.817999,330.83908638376545
15_1,12,41.32589799999999,19.818808,400.4409139328297
15_1,13,41.325929,19.819015,418.242280452727
15_1,14,41.32594299999999,19.819105000000004,425.9336233868274
15_1,15,41.326488999999995,19.818957,487.82033957182034
15_1,16,41.32666100000001,19.818911000000003,507.31486881350577
15_1,17,41.326713000000005,19.818909,513.0908109784373
15_1,18,41.326758000000005,19.818925,518.313336501591
15_1,19,41.326778,19.818944,521.0445877724262
15_1,20,41.326915,19.81911,541.6520962387348
15_1,21,41.327099,19.819265,565.8522772415369
15_1,22,41.32711199999999,19.819280000000003,567.76523659976
15_1,23,41.327131,19.819307,570.8566252471508
15_1,24,41.327143,19.819339,573.84794953886
15_1,25,41.327158000000004,19.819404,579.53730283508
15_1,26,41.327166,19.819496,587.2882460623559
15_1,27,41.32724800380379,19.820433498736143,666.3301488641034
15_1,28,41.32733,19.821371,745.3283007320111
15_1,29,41.32737500000001,19.821887,789.4429933738529
15_1,30,41.327389,19.822053,803.4228875816507
15_1,31,41.327427,19.822489,840.2104321096862
15_1,32,41.327450999999996,19.822609,850.6011955089547
15_1,33,41.32749999999999,19.822749,866.8526364955487
15_1,34,41.327454,19.822858,881.2236824275859
15_1,35,41.32738,19.82303,897.7987124471423
15_1,36,41.327177999999996,19.82348,942.4009619422499
15_1,37,41.32712,19.823609,954.9721737090517
15_1,38,41.32705899999999,19.823747,968.3613065830883
15_1,39,41.326958000000005,19.823907,985.8276833718503
15_1,40,41.326818,19.824238,1017.6583409407239
15_1,41,41.32675299999999,19.824365,1030.5060674230922
15_1,42,41.32666,19.824497,1045.6279790968395
15_1,43,41.326557,19.824604,1060.1531428513772
15_1,44,41.326438,19.824674,1074.6828679629127
15_1,45,41.326384,19.824695,1081.6844093783393
15_1,46,41.325578,19.824963,1174.1106595186463
15_1,47,41.32543999999999,19.825008,1189.8887781277688
15_1,48,41.325365,19.825033,1198.4748149122067
15_1,49,41.325006,19.825155,1239.6314073966032
15_1,50,41.324972999999986,19.825162,1243.341910244049
15_1,51,41.324923000000005,19.825175,1248.9989825075381
15_1,52,41.324991999999995,19.825275,1260.3454765212573
15_1,53,41.32511300000001,19.825427,1279.6824373202176
15_1,54,41.325578,19.825992,1349.7771425650853
15_1,55,41.325610999999995,19.826032,1354.740274101627
15_1,56,41.32571499999999,19.826161,1370.684894250539
15_1,57,41.32623699999998,19.826781,1448.479198696997
15_1,58,41.32670400000001,19.827318,1517.0982014482624
15_1,59,41.327103999999984,19.827783,1576.1533907764822
15_1,60,41.327459000000005,19.828196,1628.5780825872998
15_1,61,41.327502,19.828246,1635.5702173533823
15_1,62,41.327527999999994,19.828277,1639.4515581248431
15_1,63,41.327571,19.828338,1646.6571235043752
15_1,64,41.327651,19.82847,1660.8325992038904
15_1,65,41.32768099999999,19.828533,1667.0692641343485
15_1,66,41.327737,19.828655,1679.0239834562421
15_1,67,41.327887000000004,19.828992,1711.8897742508161
15_1,68,41.32803,19.829328,1744.1832549205287
15_1,69,41.328224,19.829778,1787.6299156659766
15_1,70,41.328553002481605,19.830539996126483,1861.1363788234294
15_1,71,41.328882,19.831302,1934.7298359097624
15_1,72,41.328962,19.831486,1952.5071874757639
15_1,73,41.32916600000001,19.831971,1999.0961079671827
15_1,74,41.329249,19.832167,2018.0843480971137
15_1,75,41.32930799999998,19.832307,2031.50802670419
15_1,76,41.32931,19.832313,2032.0570828234509
15_1,77,41.329759999999986,19.833384,2134.6753741804573
15_1,78,41.329868,19.833637,2159.0087825854293
15_1,79,41.330014,19.833977,2191.8000700928765
15_1,80,41.330067,19.834101,2203.7299713204975
15_1,81,41.330131999999985,19.834252,2218.28274447061
15_1,82,41.33019600000001,19.834398,2232.41751065162
15_1,83,41.330232,19.834481,2240.43169909391
15_1,84,41.33027800000001,19.834594,2251.179693494317
15_1,85,41.33029400000001,19.834632,2256.294157343854
15_1,86,41.33052,19.835169,2307.9107496422243
15_1,87,41.330741999999994,19.835688,2357.959022589059
15_1,88,41.331176,19.836716,2456.5825288706446
15_1,89,41.331251,19.836889,2473.61137531694
15_1,90,41.33139399999999,19.837212,2504.9607439731008
15_1,91,41.331436832189155,19.837309957658338,2515.10958292029
15_1,92,41.331541957680066,19.83757206181436,2539.964274060163
15_1,93,41.331568849642785,19.837640280325793,2546.4070002723142
15_1,94,41.331640642400316,19.837808491714938,2562.584430709185
15_1,95,41.33167659168881,19.837897846228582,2571.060910767051
15_1,96,41.33177580001485,19.83809406896432,2590.8345404754896
15_1,97,41.33183675544785,19.838252724619334,2606.122631615824
15_1,98,41.33194805366344,19.838526728289928,2632.171150091212
15_1,99,41.332409306860605,19.839646465802428,2738.9790433720627
15_1,100,41.33271467131193,19.84033100764409,2805.5639891415944
15_1,101,41.33276423644579,19.840762104576182,2842.058445982564
15_1,102,41.33267611331032,19.84144162855506,2899.778965300328
15_1,103,41.33261505408626,19.842114671780283,2956.5402540479226
15_1,104,41.3325674344264,19.84277547659816,3012.1053180788695
15_1,105,41.33254085039286,19.8432799175256,3054.5376768669075
15_1,106,41.332573766163975,19.84340532785886,3065.7910595683466
15_1,107,41.33268191703135,19.84381739129098,3102.3062303204756
15_1,108,41.33277975849019,19.844103645263374,3128.747111489454
15_1,109,41.332731408893814,19.844242492349835,3141.5468818515124
15_1,110,41.33260806470253,19.844343666994824,3157.647688987655
15_1,111,41.332325295266735,19.84455565219585,3193.739543074978
15_1,112,41.33175056182508,19.844964780500703,3266.1804825385916
15_1,113,41.331406866177524,19.844419179225163,3325.6925826547026
15_1,114,41.3308977588734,19.844842388030628,3392.40837213442
15_1,115,41.3306220797765,19.845092863315045,3429.5065741418452
15_1,116,41.32992699999999,19.845216,3507.3691547717017
15_1,117,41.32983399999999,19.845237,3517.8452279245535
15_1,118,41.329814,19.845243,3520.121868012244
15_1,119,41.32963300000001,19.845308,3540.941303964461
15_1,120,41.329627,19.84531,3541.628181937147
15_1,121,41.329533999999995,19.845344,3552.3387417667714
15_1,122,41.32944400000001,19.845391,3563.0776330771623
15_1,123,41.32933,19.845452,3577.0429649329158
15_1,124,41.329054,19.845601,3610.1574001806675
15_1,125,41.328914,19.845696,3627.616773155036
15_1,126,41.3289,19.845712,3629.668421435372
15_1,127,41.328888,19.845737,3632.1489104652856
15_1,128,41.328876,19.845771,3635.2909021813557
15_1,129,41.328744999999984,19.846169,3672.396998387418
15_1,130,41.32859800000001,19.846573,3709.941677339041
15_1,131,41.328502,19.846861,3737.2387730656474
15_1,132,41.328447,19.847084,3756.875762078241
15_1,133,41.328446,19.847088,3757.2284625371412
15_1,134,41.328405999999994,19.847328,3777.799727904502
15_1,135,41.328390999999996,19.847369,3781.613918576411
15_1,136,41.32837299999999,19.847396,3784.6305838292224
15_1,137,41.32789400000001,19.848097,3863.825342739126
15_1,138,41.32783899999999,19.848201,3874.4578871253166
15_1,139,41.327813000000006,19.848251,3879.5416437658114
15_1,140,41.327769999999994,19.848365,3890.250938606762
15_1,141,41.32769199999999,19.848688,3918.7342455217595
15_1,142,41.32763000000001,19.848788,3929.570841522033
15_1,143,41.327563999999995,19.848845,3938.3147360261314
15_1,144,41.32754000000001,19.848863,3941.3757856629754
15_1,145,41.327341000000004,19.849012,3966.7467077884594
15_1,146,41.327085,19.849175,3998.29350179719
15_1,147,41.326862,19.849298,4025.1076706008002
15_1,148,41.32665699999999,19.849403,4049.6077927701003
15_1,149,41.326388,19.849507,4080.7169747164007
15_1,150,41.325801999999996,19.849548,4145.885121592539
15_1,151,41.325706,19.84956,4156.5910673729395
15_1,152,41.325589,19.849603,4170.202568454996
15_1,153,41.32531100000001,19.84973,4202.902116808311
15_1,154,41.32509799999999,19.849821,4227.767093903021
15_1,155,41.32503499999999,19.849842,4235.919170950641
15_1,156,41.324983999999986,19.849851,4241.631504659693
15_1,157,41.324932,19.849853,4247.407409329694
15_1,158,41.32439200000001,19.84983,4307.792629024101
16_0,1,41.320633,19.854767,0
16_0,2,41.320645999999996,19.854704,5.467201752642312
16_0,3,41.320921,19.853633,100.2725837179827
16_0,4,41.32097,19.853433,117.87477225229041
16_0,5,41.32101699999999,19.853316,129.3594272669112
16_0,6,41.32102299999999,19.8533,130.85519105607926
16_0,7,41.32112500000001,19.85315,147.7633842894291
16_0,8,41.32124699999999,19.853015,165.4031786527501
16_0,9,41.321322,19.852899,178.7727182784526
16_0,10,41.321572,19.85232,234.70714742601018
16_0,11,41.321727,19.85195,270.3092793116704
16_0,12,41.321797,19.851689,293.49648635785593
16_0,13,41.321940999999995,19.851125,343.8101689672525
16_0,14,41.322298999999994,19.850159,433.9308094771128
16_0,15,41.322335,19.850043,444.43056368648473
16_0,16,41.322324,19.849832,462.13344859523033
16_0,17,41.322297999999996,19.849299,507.5039572807068
16_0,18,41.322227999999996,19.848777,551.937791870691
16_0,19,41.322043,19.847986,621.2610185657162
16_0,20,41.321847000000005,19.847232,688.094438285699
16_0,21,41.321683,19.846509,752.2403880271316
16_0,22,41.321628,19.846258,774.1188161895653
16_0,23,41.321319,19.845052,880.7507446959877
16_0,24,41.32126499999999,19.844838,899.6396323566473
16_0,25,41.32124700000001,19.844764,907.1460412126277
16_0,26,41.321225,19.844676,914.906224846195
16_0,27,41.321189,19.844438,935.9270085713059
16_0,28,41.32116400000001,19.844083,965.7712503510918
16_0,29,41.321109,19.843869,984.6957164496656
16_0,30,41.32103899999998,19.843696,1001.1300067413079
16_0,31,41.321022,19.843654,1005.1201401280482
16_0,32,41.320972999999995,19.843487,1020.119746235169
16_0,33,41.321022,19.843654,1035.1193523422899
16_0,34,41.32103899999998,19.843696,1039.1094857290302
16_0,35,41.321134999999984,19.843631,1051.0764779988801
16_0,36,41.32120700000001,19.843514,1063.7224926494325
16_0,37,41.32125899999998,19.843286,1084.2988750082354
16_0,38,41.32136899999999,19.843066,1106.395204104449
16_0,39,41.321470999999995,19.842809,1130.7054251038007
16_0,40,41.321561,19.842525,1157.6280178665756
16_0,41,41.321574000000005,19.842483,1161.4282401535493
16_0,42,41.321603999999994,19.842293,1177.6765220619345
16_0,43,41.32159399999999,19.84203,1199.7178911316828
16_0,44,41.32160699999999,19.841824,1218.3125315721447
16_0,45,41.321691,19.841391,1255.735840860266
16_0,46,41.32182699999999,19.840744,1312.3260032118014
16_0,47,41.32185599999999,19.840635,1322.000893578679
16_0,48,41.321965000000006,19.840281,1354.0441923032743
16_0,49,41.32201899999999,19.84003,1375.8918143628935
16_0,50,41.32203899999999,19.83994,1383.7453366684513
16_0,51,41.32244,19.839028,1472.6169310192604
16_0,52,41.32253,19.8388,1494.1584138783774
16_0,53,41.32265199999999,19.838397,1530.507613369813
16_0,54,41.32274099999999,19.838185,1550.8607283186718
16_0,55,41.322782999999994,19.838083,1561.5006621168982
16_0,56,41.322987,19.837592,1608.443445106164
16_0,57,41.32306899999999,19.837453000000004,1623.2165290754788
16_0,58,41.323194,19.837345,1639.7793768991821
16_0,59,41.32339499999999,19.837272,1662.9727037913333
16_0,60,41.323403,19.837266,1663.9930711765428
16_0,61,41.323515999999984,19.837192000000005,1677.984862467953
16_0,62,41.32362499999999,19.83698,1699.4631092665759
16_0,63,41.323686999999985,19.836786,1717.1784222820586
16_0,64,41.323765999999985,19.836085,1776.5561290081973
16_0,65,41.32383899999999,19.835769,1804.5464582570053
16_0,66,41.323955,19.835428,1836.069808264339
16_0,67,41.32405899999999,19.835224,1856.6821511274031
16_0,68,41.324078,19.835191,1860.1576403341921
16_0,69,41.324169,19.835039,1876.4037074402652
16_0,70,41.324508,19.834656,1925.8435326069991
16_0,71,41.324836999999995,19.834316,1972.1483272424489
16_0,72,41.32511399999999,19.834023,2011.5495166135631
16_0,73,41.32514199999999,19.833951,2018.423832531292
16_0,74,41.325174,19.833837000000003,2028.605284545981
16_0,75,41.325201,19.833699,2040.5381098157154
16_0,76,41.32524999999999,19.833486,2059.177137656747
16_0,77,41.32536999999999,19.833275,2081.348719928301
16_0,78,41.325424,19.833202,2090.3598800702193
16_0,79,41.325511999999996,19.83316,2101.1183432939006
16_0,80,41.325623,19.833158,2113.443678491394
16_0,81,41.32565,19.833165,2116.4981702303435
16_0,82,41.325709,19.83318,2123.1680880169856
16_0,83,41.325753000000006,19.833194,2128.191913808951
16_0,84,41.325823,19.832987,2147.180371755184
16_0,85,41.325962999999994,19.832439,2195.7090982504965
16_0,86,41.326021999999995,19.832225,2214.7803016977346
16_0,87,41.326064,19.832043,2230.7106961962927
16_0,88,41.326069999999994,19.831951000000004,2238.4394498915894
16_0,89,41.32605,19.831801000000002,2251.2962709112926
16_0,90,41.325992,19.831495,2277.7043257604264
16_0,91,41.32593399999999,19.831205,2302.816211995506
16_0,92,41.32565400000001,19.830003,2408.259824575557
16_0,93,41.325606,19.829798,2426.2261631759693
16_0,94,41.325513,19.829323,2467.311231279982
16_0,95,41.32548100000001,19.829062,2489.4430168549175
16_0,96,41.32546800000001,19.828891,2503.9398739737426
16_0,97,41.32539,19.827571,2614.7690442947887
16_0,98,41.32537799999999,19.827382,2630.645506180024
16_0,99,41.325374,19.827317,2636.1038767020596
16_0,100,41.32537200000001,19.827131,2651.6730117974025
16_0,101,41.325381,19.827034,2659.852838420633
16_0,102,41.325394,19.82691,2670.331092718559
16_0,103,41.325276,19.826829,2685.2070488431477
16_0,104,41.32501799999999,19.826574,2720.937299417833
16_0,105,41.324928,19.826458,2734.8697816008676
16_0,106,41.32477299999999,19.826089,2770.2315302977554
16_0,107,41.324612,19.825713,2806.4242694798163
16_0,108,41.32453099999999,19.825523,2824.6936694864244
16_0,109,41.32451900000001,19.825433,2832.34337686558
16_0,110,41.32456700000001,19.825187,2853.980726697033
16_0,111,41.324749,19.825244,2874.7435302696413
16_0,112,41.324895,19.825286,2891.3560317806464
16_0,113,41.324991999999995,19.825275,2902.1651232890445
16_0,114,41.325068,19.825252,2910.8201222105276
16_0,115,41.32540000000001,19.825149,2948.6873237152513
16_0,116,41.32552,19.825112,2962.36595922764
16_0,117,41.32611699999999,19.824908,3031.0410458920032
16_0,118,41.32641300000001,19.824816,3064.7956132177924
16_0,119,41.32658699999999,19.824735,3085.512037623173
16_0,120,41.326648,19.824686,3093.4296797679704
16_0,121,41.326737,19.824575,3107.0741773272343
16_0,122,41.326889,19.824313,3134.7445803199153
16_0,123,41.32702799999999,19.823966,3167.717087500441
16_0,124,41.327059000000006,19.823748,3186.7962095174807
16_0,125,41.32712,19.823609,3200.257605968743
16_0,126,41.32716,19.823524,3208.6440924943995
16_0,127,41.32738,19.82303,3257.367270271764
16_0,128,41.32749999999999,19.822749,3286.13932581484
16_0,129,41.32756799999999,19.822622,3299.17697385951
16_0,130,41.32763599999999,19.822526,3310.202260740238
16_0,131,41.327685,19.822463,3318.0483556766762
16_0,132,41.32783100000001,19.822331,3337.665196849407
16_0,133,41.32826099999999,19.822075,3390.131967432388
16_0,134,41.32860299999999,19.821889,3431.197604816037
16_0,135,41.328456,19.821117,3497.9117845005935
16_0,136,41.328437,19.821018,3506.469697861824
16_0,137,41.32841899999999,19.820923,3514.6678341153747
16_0,138,41.32833304483176,19.82048078924068,3552.888349338022
16_0,139,41.32887947794902,19.82031520737622,3615.121037468633
16_0,140,41.329425910740255,19.820149622642795,3677.394996488117
16_0,141,41.330018908747775,19.819960023372285,3745.1652257100413
16_0,142,41.330072040592455,19.81992420311763,3751.782424836476
16_0,143,41.330617,19.820675,3839.0341990119646
16_0,144,41.33059799999999,19.820379,3863.896077879846
16_0,145,41.33061099999999,19.820037,3892.5561935554047
16_0,146,41.330549,19.819553,3933.6435035796344
16_0,147,41.330481,19.819044,3976.9056424774267
16_0,148,41.330332,19.817947,4070.214286655182
16_0,149,41.330302,19.81776,4086.2149178270847
16_0,150,41.330173,19.81692,4157.96099592562
16_0,151,41.330132,19.816764,4171.787585910295
16_0,152,41.33006300000001,19.816622,4186.0436295467425
16_0,153,41.329953999999994,19.816466,4203.84576025796
16_0,154,41.3298,19.816329,4224.4326562724655
16_0,155,41.329330000000006,19.816102,4279.978317070673
16_0,156,41.32909699999999,19.816009,4306.993644037402
16_0,157,41.32899,19.815995,4319.762014279787
16_0,158,41.32866200000001,19.816074,4356.809495828437
16_0,159,41.32819299999999,19.816188,4409.774775615388
16_0,160,41.328084999999994,19.816216,4421.992772381901
16_0,161,41.32781,19.816284,4453.052390955284
16_0,162,41.327715,19.816310000000005,4463.82229044839
16_0,163,41.32768744563058,19.816317819489168,4466.950845871018
16_1,1,41.32768744563058,19.816317819489168,0
16_1,2,41.327641,19.816331,5.273491179918414
16_1,3,41.32730299999999,19.816419,43.56643599546387
16_1,4,41.326768,19.816571000000003,104.31453116761104
16_1,5,41.326663,19.8166,116.2225790401451
16_1,6,41.32606800000001,19.81677,183.80075008945772
16_1,7,41.325598,19.816902,237.17015883225537
16_1,8,41.325667,19.817346,275.1128058938204
16_1,9,41.325769999999984,19.818000000000005,331.03832601358897
16_1,10,41.325929,19.819015,417.9592051560443
16_1,11,41.32594299999999,19.819105000000004,425.65054809014464
16_1,12,41.32666100000001,19.818911000000003,507.0295838594775
16_1,13,41.326758000000005,19.818925,517.8868647614088
16_1,14,41.326915,19.81911,541.2078880804912
16_1,15,41.327113000000004,19.819280000000003,567.3942269355042
16_1,16,41.327158000000004,19.819404,578.9123945977924
16_1,17,41.327264,19.820624,681.7355095282412
16_1,18,41.327375,19.821888,788.5902118260292
16_1,19,41.327427,19.822489,839.2596619791532
16_1,20,41.32749999999999,19.822749,864.4871949104445
16_1,21,41.32738,19.82303,893.2592504535207
16_1,22,41.32716,19.823524,941.9824282308854
16_1,23,41.32712,19.823609,950.3689147565419
16_1,24,41.327059000000006,19.823748,963.8303112078041
16_1,25,41.326958000000005,19.823907,981.2326040999181
16_1,26,41.326818,19.824238,1013.0632616687917
16_1,27,41.326682,19.824469,1037.5947235338188
16_1,28,41.326557,19.824604,1055.4910824872134
16_1,29,41.326384,19.824695,1076.2213590734423
16_1,30,41.32543999999999,19.825008,1184.4010016290338
16_1,31,41.32533899999999,19.825043,1196.0001599289762
16_1,32,41.325006,19.825155,1234.145366251757
16_1,33,41.324923000000005,19.825175,1243.5115703665504
16_1,34,41.324991999999995,19.825275,1254.8580643802695
16_1,35,41.32511300000001,19.825427,1274.1950251792298
16_1,36,41.32561,19.826033,1349.2221988363128
16_1,37,41.32571499999999,19.826161,1365.1911389938423
16_1,38,41.325593000000005,19.826401,1389.4186504703728
16_1,39,41.325573,19.826451,1394.1561214694063
16_1,40,41.325394,19.82691,1437.4773196459364
16_1,41,41.32537200000001,19.827131,1456.1348327632836
16_1,42,41.325374,19.827317,1471.7039678586266
16_1,43,41.32537799999999,19.827382,1477.1623383806623
16_1,44,41.32539,19.827571,1493.0388002658976
16_1,45,41.32546800000001,19.828891,1603.8679705869438
16_1,46,41.32548100000001,19.829062,1618.364827705769
16_1,47,41.325513,19.829323,1640.4966132807042
16_1,48,41.325606,19.829798,1681.581681384717
16_1,49,41.325631,19.829902,1690.7179396212657
16_1,50,41.32593399999999,19.831205,1804.9806186514593
16_1,51,41.325992,19.831495,1830.0925048865386
16_1,52,41.32605,19.831801000000002,1856.5005597356721
16_1,53,41.326069999999994,19.831951000000004,1869.3573807553753
16_1,54,41.326064,19.832043,1877.086134450672
16_1,55,41.326021999999995,19.832225,1893.0165289492302
16_1,56,41.325962999999994,19.832439,1912.0877323964683
16_1,57,41.325823,19.832987,1960.6164588917811
16_1,58,41.325753000000006,19.833194,1979.6049168380137
16_1,59,41.325709,19.83318,1984.6287426299791
16_1,60,41.32572199999999,19.833115,1990.2571992332223
16_1,61,41.325709,19.83318,1995.8856558364655
16_1,62,41.325623,19.833158,2005.610051412277
16_1,63,41.325511999999996,19.83316,2017.9353866097706
16_1,64,41.325424,19.833202,2028.693849833452
16_1,65,41.32536999999999,19.833275,2037.7050099753703
16_1,66,41.32524999999999,19.833486,2059.8765922469242
16_1,67,41.325201,19.833699,2078.515620087956
16_1,68,41.325174,19.833837000000003,2090.44844535769
16_1,69,41.32514199999999,19.833951,2100.629897372379
16_1,70,41.32511399999999,19.834023,2107.504213290108
16_1,71,41.324836999999995,19.834316,2146.905402661222
16_1,72,41.324508,19.834656,2193.210197296672
16_1,73,41.32424699999999,19.834951,2231.2813075987374
16_1,74,41.324169,19.835039,2242.650085187679
16_1,75,41.32405899999999,19.835224,2262.3711285511445
16_1,76,41.323955,19.835428,2282.983471414209
16_1,77,41.32383899999999,19.835769,2314.5068214215426
16_1,78,41.323765999999985,19.836085,2342.4971506703505
16_1,79,41.323686999999985,19.836786,2401.874857396489
16_1,80,41.32362499999999,19.83698,2419.5901704119715
16_1,81,41.323585999999985,19.837057,2427.354530462812
16_1,82,41.323515999999984,19.837192000000005,2441.0687121298984
16_1,83,41.32339499999999,19.837272,2456.0793794597184
16_1,84,41.323194,19.837345,2479.2727063518696
16_1,85,41.32306899999999,19.837453000000004,2495.835554175573
16_1,86,41.322987,19.837592,2510.608638144888
16_1,87,41.322782999999994,19.838083,2557.5514211341538
16_1,88,41.32274099999999,19.838185,2568.19135493238
16_1,89,41.32265199999999,19.838397,2588.5444698812385
16_1,90,41.32253,19.8388,2624.893669372674
16_1,91,41.32244,19.839028,2646.435152231791
16_1,92,41.32203899999999,19.83994,2735.3067465826
16_1,93,41.321986,19.840185,2756.6409930733685
16_1,94,41.321965000000006,19.840281,2765.0077003441365
16_1,95,41.32185599999999,19.840635,2797.0509990687315
16_1,96,41.32182699999999,19.840744,2806.7258894356096
16_1,97,41.321691,19.841391,2863.3160517871447
16_1,98,41.32160699999999,19.841824,2900.739361075266
16_1,99,41.32159399999999,19.84203,2919.334001515728
16_1,100,41.321603999999994,19.842293,2941.375370585476
16_1,101,41.321574000000005,19.842483,2957.6236524938613
16_1,102,41.321561,19.842525,2961.423874780835
16_1,103,41.321470999999995,19.842809,2988.34646754361
16_1,104,41.32136899999999,19.843066,3012.6566885429615
16_1,105,41.32125899999998,19.843286,3034.753017639175
16_1,106,41.32120700000001,19.843514,3055.329399997978
16_1,107,41.321134999999984,19.843631,3067.97541464853
16_1,108,41.32103899999998,19.843696,3079.94240691838
16_1,109,41.321076,19.843789,3088.744160670719
16_1,110,41.321109,19.843869,3096.3771619753766
16_1,111,41.32116400000001,19.844083,3115.3016280739503
16_1,112,41.321189,19.844438,3145.1458698537363
16_1,113,41.321225,19.844676,3166.166653578847
16_1,114,41.32126499999999,19.844838,3180.9170855002844
16_1,115,41.321291,19.844942,3190.0882060027498
16_1,116,41.321319,19.845052,3199.806042556519
16_1,117,41.321628,19.846258,3306.4379710629414
16_1,118,41.321683,19.846509,3328.3163992253753
16_1,119,41.321847000000005,19.847232,3392.462348966808
16_1,120,41.322043,19.847986,3459.2957686867903
16_1,121,41.322227999999996,19.848777,3528.6189953818157
16_1,122,41.322297999999996,19.849299,3573.0528299718
16_1,123,41.322327,19.84989,3623.2248589619694
16_1,124,41.322335,19.850043,3636.061729432069
16_1,125,41.322298999999994,19.850159,3646.561483641441
16_1,126,41.321940999999995,19.851125,3736.6821241513017
16_1,127,41.321797,19.851689,3786.995806760698
16_1,128,41.321727,19.85195,3810.1830138068835
16_1,129,41.321572,19.85232,3845.7851456925437
16_1,130,41.321322,19.852899,3901.7195748401014
16_1,131,41.32124699999999,19.853015,3915.089114465804
16_1,132,41.32112500000001,19.85315,3932.728908829125
16_1,133,41.32102299999999,19.8533,3949.6371020624747
16_1,134,41.320988,19.853388,3957.9650753888086
16_1,135,41.32097,19.853433,3963.1557146887853
16_1,136,41.320921,19.853633,3980.757903223093
16_1,137,41.320645999999996,19.854704,4075.5632851884334
16_1,138,41.320633,19.854767,4081.0304869410757
17_0,1,41.334351,19.84836,0
17_0,2,41.33429,19.847554,67.79354378887817
17_0,3,41.33417200000001,19.846305,173.38507054216973
17_0,4,41.334129999999995,19.845977,201.22923126155843
17_0,5,41.334054,19.845642,230.50610690756002
17_0,6,41.33396099999999,19.845345,257.42013957869955
17_0,7,41.333849,19.845062,284.238808104356
17_0,8,41.33348800194811,19.844385996244405,353.5787764558645
17_0,9,41.333127,19.84371,422.91783623394565
17_0,10,41.333037999999995,19.843462,445.95461547042265
17_0,11,41.33303499999999,19.843448,447.17265343277757
17_0,12,41.333002,19.843307,459.52820134545533
17_0,13,41.33296800000001,19.843002,485.3650003606145
17_0,14,41.332967,19.842813,501.18214393328014
17_0,15,41.33308850449345,19.841799001784477,587.1414994414786
17_0,16,41.333209999999994,19.840785,673.2667135159586
17_0,17,41.333209,19.84059,689.5859110967333
17_0,18,41.333209,19.840486,698.2892820262521
17_0,19,41.33319300000001,19.840371,708.0757865833465
17_0,20,41.333127999999995,19.840119,730.458566322579
17_0,21,41.33263099999999,19.83893,844.2910034948269
17_0,22,41.33233150211589,19.838226496743406,911.9255145600929
17_0,23,41.33203199999999,19.837523,979.7763825503964
17_0,24,41.331839999999985,19.837069,1024.107480370291
17_0,25,41.331803,19.836979,1032.686883820672
17_0,26,41.331739999999996,19.836832,1046.8385833732177
17_0,27,41.33138500000001,19.836007,1126.4136302480902
17_0,28,41.33103600279398,19.835198495640057,1204.3903365666727
17_0,29,41.330687,19.83439,1282.4502035169467
17_0,30,41.330653,19.834307,1290.355942591509
17_0,31,41.33049700000001,19.833942,1325.471525394168
17_0,32,41.33043899999999,19.833808,1339.5519399513369
17_0,33,41.33028199999999,19.833444,1375.0597905515704
17_0,34,41.330218,19.833297,1389.266953718259
17_0,35,41.330077,19.832973,1420.598820603132
17_0,36,41.33005399999999,19.832925,1425.3589272474112
17_0,37,41.329843,19.832426,1473.4128672055383
17_0,38,41.329646999999994,19.831971,1517.6190474468442
17_0,39,41.32961599999999,19.831898,1524.6313174051259
17_0,40,41.329528,19.831694,1544.5328368912549
17_0,41,41.329483999999994,19.831592,1554.3683679906846
17_0,42,41.329483,19.83159,1554.5692268341438
17_0,43,41.32932499999999,19.831224,1589.8679594380883
17_0,44,41.32918,19.830887,1622.7154292655628
17_0,45,41.32879699999999,19.829998,1708.413185160394
17_0,46,41.328714000000005,19.829803,1727.1552493380689
17_0,47,41.32842999999999,19.829133,1791.5586994968903
17_0,48,41.328149,19.828468,1855.3627589513405
17_0,49,41.32799,19.82815,1887.3242663592407
17_0,50,41.32782399999999,19.827888,1915.9689140806022
17_0,51,41.327656,19.82769,1940.919620060647
17_0,52,41.32741299999999,19.827411,1976.6094492084233
17_0,53,41.327295,19.827272000000004,1994.1304265160943
17_0,54,41.327291,19.827268,1994.6865866233472
17_0,55,41.327089000000015,19.827031,2024.6274716715238
17_0,56,41.326698,19.826581,2082.101255067803
17_0,57,41.326240999999996,19.826031,2150.65705267049
17_0,58,41.325588999999994,19.825199,2251.1297263428914
17_0,59,41.32552,19.825112,2261.6991317092625
17_0,60,41.32611699999999,19.824908,2330.374218373626
17_0,61,41.32641300000001,19.824816,2364.128785699415
17_0,62,41.32658699999999,19.824735,2384.8452101047956
17_0,63,41.326648,19.824686,2392.762852249593
17_0,64,41.326737,19.824575,2406.407349808857
17_0,65,41.326889,19.824313,2434.077752801538
17_0,66,41.32702799999999,19.823966,2467.0502599820634
17_0,67,41.327059000000006,19.823748,2486.1293819991033
17_0,68,41.32712,19.823609,2499.5907784503656
17_0,69,41.32716,19.823524,2507.977264976022
17_0,70,41.32738,19.82303,2556.7004427533866
17_0,71,41.32749999999999,19.822749,2585.4724982964626
17_0,72,41.32756799999999,19.822622,2598.5101463411324
17_0,73,41.32763599999999,19.822526,2609.535433221861
17_0,74,41.327685,19.822463,2617.381528158299
17_0,75,41.32783100000001,19.822331,2636.9983693310296
17_0,76,41.32826099999999,19.822075,2689.4651399140107
17_0,77,41.32860299999999,19.821889,2730.5307772976594
17_0,78,41.328456,19.821117,2797.244956982216
17_0,79,41.328437,19.821018,2805.8028703434466
17_0,80,41.32841899999999,19.820923,2814.0010065969973
17_0,81,41.328331,19.82048,2852.342713153904
17_0,82,41.32912700035338,19.820235503083964,2943.0853679052925
17_0,83,41.32992299999999,19.819991,3033.8361684058655
17_0,84,41.330015,19.819961,3044.354891513608
17_0,85,41.33007299999999,19.819921,3051.6127323184787
17_0,86,41.33045099999998,19.820383,3108.709711340382
17_0,87,41.330617,19.820675,3139.3183181159866
17_0,88,41.33059799999999,19.820379,3164.180196983868
17_0,89,41.33061099999999,19.820037,3192.8403126594267
17_0,90,41.330549,19.819553,3233.9276226836564
17_0,91,41.330481,19.819044,3277.1897615814487
17_0,92,41.330332,19.817947,3370.498405759204
17_0,93,41.330302,19.81776,3386.4990369311067
17_0,94,41.330173,19.81692,3458.245115029643
17_0,95,41.330132,19.816764,3472.0717050143176
17_0,96,41.330103,19.816705,3478.6020087637557
17_0,97,41.33006300000001,19.816622,3486.9059554836454
17_0,98,41.329953999999994,19.816466,3504.708086194863
17_0,99,41.3298,19.816329,3525.294982209368
17_0,100,41.329330000000006,19.816102,3580.8406430075756
17_0,101,41.32909699999999,19.816009,3607.8559699743046
17_0,102,41.32899,19.815995,3620.6243402166892
17_0,103,41.32866200000001,19.816074,3657.6718217653397
17_0,104,41.32840999999999,19.816056,3685.740260065344
17_0,105,41.328326999999994,19.816032,3695.17205221963
17_0,106,41.328292000000005,19.815997,3700.32353791936
17_0,107,41.328261,19.815926,3707.1905961974944
17_0,108,41.32822,19.815685,3727.86793415295
17_0,109,41.328248,19.815061,3780.190081423695
17_0,110,41.328247999999995,19.815055,3780.692239664862
17_0,111,41.32826200000001,19.814736,3807.4355295071155
17_0,112,41.32830899999999,19.813666,3897.1532296553282
17_0,113,41.328332,19.813142,3941.091053215462
17_0,114,41.32836599999999,19.81228,4013.372269185695
17_0,115,41.32836000000001,19.811944,4041.500987863429
17_0,116,41.32829400000001,19.81149,4080.228412501696
17_0,117,41.32826099999999,19.811359,4091.7882304315494
17_0,118,41.328171999999995,19.811074,4117.60663976445
17_0,119,41.327932000000004,19.810307,4187.116825084306
17_0,120,41.327751,19.809719,4240.293083796982
17_0,121,41.327621,19.809301,4278.151478082498
17_0,122,41.32744000000001,19.808717,4331.005009046624
17_0,123,41.327278,19.808191,4378.563882791643
17_0,124,41.327166999999996,19.807839,4410.505736201011
17_0,125,41.327149999999996,19.807786,4415.3264292453505
17_0,126,41.327127999999995,19.807715,4421.751196894838
17_0,127,41.327108,19.807648,4427.782407996562
17_0,128,41.327028999999996,19.807396,4450.6521108377865
17_0,129,41.326836,19.806776,4506.7934046564105
17_0,130,41.326624001992094,19.806094497750813,4568.5021347835045
17_0,131,41.32641199999999,19.805413,4630.251161284841
17_0,132,41.326376999999994,19.805299,4640.553470126756
17_0,133,41.326355,19.80523,4646.828789012612
17_0,134,41.326302,19.805058,4662.380732336366
17_0,135,41.326165,19.804619,4702.15157532112
17_0,136,41.325974,19.804004,4757.8240662392
17_0,137,41.325927,19.803855,4771.916299828485
17_0,138,41.325907,19.80379,4777.792300447297
17_0,139,41.32592699999999,19.803584,4795.176132663686
17_0,140,41.32596999999999,19.803488,4804.522371731725
17_0,141,41.326032,19.803412,4813.89510919347
17_0,142,41.32662800034653,19.803156002391113,4883.465258593258
17_0,143,41.327224,19.8029,4953.023137280787
17_0,144,41.327656,19.80271,5003.618492655917
17_0,145,41.327743,19.802677,5013.665153522939
17_0,146,41.32804099999999,19.802598,5047.427449912851
17_0,147,41.328036,19.802502,5055.48118424172
17_0,148,41.32804099999999,19.802210000000002,5079.950288247763
17_0,149,41.32807400000001,19.801816,5113.128463640481
17_0,150,41.328113,19.801337,5153.500383894811
17_0,151,41.32812199999999,19.801228,5162.677534746747
17_0,152,41.32815900000001,19.800675,5209.146094965303
17_0,153,41.328161,19.800644,5211.750075910236
17_0,154,41.328177999999994,19.800447,5228.345362988675
17_0,155,41.328752,19.800481,5292.146062219979
17_0,156,41.329338,19.800509,5357.252166864312
17_0,157,41.329464,19.800515,5371.255798000726
17_0,158,41.32950300437941,19.79951200049445,5455.321677382213
17_0,159,41.329542,19.798509,5539.492197020463
17_0,160,41.329596,19.798286,5559.09483937046
17_0,161,41.329649,19.798164,5570.879570633489
17_0,162,41.32973499999999,19.798028,5585.736684877776
17_0,163,41.32986999999999,19.797817,5608.899288569591
17_0,164,41.330037,19.797634,5633.000422558223
17_0,165,41.33018899999999,19.797424,5657.366401779665
17_0,166,41.330346,19.797206000000003,5682.628386608672
17_0,167,41.33014,19.796993,5711.626752830667
17_0,168,41.330191,19.796787,5729.773182187625
17_0,169,41.330450000000006,19.796295000000004,5780.002027343398
17_0,170,41.330669,19.795899,5821.113483361037
17_0,171,41.33114700000001,19.795033,5910.958634068663
17_0,172,41.33125999999999,19.794827,5932.28070997047
17_0,173,41.33143599999998,19.79451,5965.230324805078
17_0,174,41.3315,19.794395,5977.195642509743
17_0,175,41.331658000000004,19.794108,6006.947888921374
17_0,176,41.331789,19.793881,6030.8739257259185
17_0,177,41.33223300000001,19.793101,6112.675759082819
17_0,178,41.332542999999994,19.792552,6170.089002119723
17_0,179,41.332626,19.7924,6185.817245716398
17_0,180,41.332798000000004,19.792088,6218.168916847341
17_0,181,41.332907,19.791886,6238.959293179811
17_0,182,41.3333,19.79118,6312.40888998786
17_0,183,41.33335799999998,19.791077,6323.168554464433
17_0,184,41.33361299999999,19.790621,6370.694413900314
17_0,185,41.33394200000001,19.790026,6432.450676451253
17_0,186,41.33415899999999,19.789631,6473.3708531895745
17_0,187,41.334497,19.789027,6536.33148420677
17_0,188,41.334612,19.788822000000003,6557.717106622665
17_0,189,41.33487199999999,19.788352,6606.509719319955
17_0,190,41.33497199999999,19.788171,6625.290229879432
17_0,191,41.33514499999999,19.787863,6657.567580569669
17_0,192,41.335328999999994,19.787551,6690.784456604121
17_0,193,41.33537399999999,19.787602,6697.35549519743
17_0,194,41.335396,19.787651,6702.128437216609
17_1,1,41.335396,19.787651,0
17_1,2,41.33537399999999,19.787602,4.772942019179387
17_1,3,41.335328999999994,19.787551,11.343980612488721
17_1,4,41.33514499999999,19.787863,44.56085664694088
17_1,5,41.33497199999999,19.788171,76.83820733717785
17_1,6,41.33487199999999,19.788352,95.61871789665469
17_1,7,41.334612,19.788822000000003,144.41133059394508
17_1,8,41.334497,19.789027,165.7969530098399
17_1,9,41.33415899999999,19.789631,228.757584027036
17_1,10,41.33394200000001,19.790026,269.67776076535796
17_1,11,41.33361299999999,19.790621,331.4340233162959
17_1,12,41.33335799999998,19.791077,378.95988275217667
17_1,13,41.33326399999999,19.791244,396.4025866135765
17_1,14,41.332907,19.791886,463.1692551647491
17_1,15,41.332798000000004,19.792088,483.95963149721877
17_1,16,41.332626,19.7924,516.3113026281617
17_1,17,41.332542999999994,19.792552,532.0395462248372
17_1,18,41.33223300000001,19.793101,589.4527892617405
17_1,19,41.331789,19.793881,671.2546226186415
17_1,20,41.331658000000004,19.794108,695.1806594231855
17_1,21,41.3315,19.794395,724.9329058348167
17_1,22,41.33141799999999,19.794542,740.2393260238061
17_1,23,41.33125999999999,19.794827,769.8474352431087
17_1,24,41.33114700000001,19.795033,791.1695111449152
17_1,25,41.330669,19.795899,881.0146618525412
17_1,26,41.330450000000006,19.796295000000004,922.1261178701799
17_1,27,41.330191,19.796787,972.3549630259533
17_1,28,41.33014,19.796993,990.501392382911
17_1,29,41.330077,19.797269,1014.6359838472547
17_1,30,41.33004599999999,19.797351,1022.4066323639031
17_1,31,41.32986999999999,19.797817,1066.057084825815
17_1,32,41.32973499999999,19.798028,1089.21968851763
17_1,33,41.329649,19.798164,1104.0768027619167
17_1,34,41.329596,19.798286,1115.8615340249448
17_1,35,41.329542,19.798509,1135.4641763749414
17_1,36,41.329522999999995,19.798957,1173.1322563284232
17_1,37,41.329516999999996,19.799174,1191.3055666094458
17_1,38,41.329504,19.799434,1213.1132265772721
17_1,39,41.329485999999996,19.799802,1244.0120157029442
17_1,40,41.329464,19.800515,1303.7503633425824
17_1,41,41.329319000000005,19.800508,1319.8645632913772
17_1,42,41.328752,19.800481,1382.8594788610662
17_1,43,41.328177999999994,19.800447,1446.66017809237
17_1,44,41.328172,19.800520000000002,1452.8060070261602
17_1,45,41.32815900000001,19.800675,1465.858535423168
17_1,46,41.32812199999999,19.801228,1512.327095641723
17_1,47,41.328113,19.801337,1521.5042464936594
17_1,48,41.32807400000001,19.801816,1561.8761667479903
17_1,49,41.32804099999999,19.802210000000002,1595.0543421407087
17_1,50,41.328036,19.802502,1619.523446146751
17_1,51,41.327890000000004,19.80252,1635.8036121717391
17_1,52,41.327656,19.802609,1662.8578512256722
17_1,53,41.327450999999996,19.802696,1686.755221997198
17_1,54,41.326917999999985,19.80292,1748.8840921285214
17_1,55,41.32639499999999,19.803139,1809.783766799187
17_1,56,41.32600499999999,19.803297,1855.0595411980785
17_1,57,41.325782999999994,19.803393,1880.9846174902823
17_1,58,41.325687999999985,19.803433,1892.0509752734865
17_1,59,41.32572099999999,19.803537,1901.495121375856
17_1,60,41.32580600000001,19.803807,1925.9846617769163
17_1,61,41.325944,19.80425,1966.3002071550193
17_1,62,41.326073999999984,19.804665,2003.916800195992
17_1,63,41.32626599999999,19.80528,2059.6325494985404
17_1,64,41.326285999999996,19.805348,2065.746837919446
17_1,65,41.326311000000004,19.805429,2073.072431672474
17_1,66,41.326322000000005,19.805463,2076.169103037445
17_1,67,41.326582,19.806312,2152.902596771683
17_1,68,41.32675699999999,19.806875,2203.877059639104
17_1,69,41.327011,19.807694,2278.0061929315193
17_1,70,41.32703200000001,19.807761,2284.07916815844
17_1,71,41.327040999999994,19.80779,2286.7039674684474
17_1,72,41.32705399999999,19.807833,2290.58149677104
17_1,73,41.32707199999999,19.80789,2295.7537993239516
17_1,74,41.32714199999999,19.808119,2316.435749790486
17_1,75,41.327245999999995,19.808454,2346.765949218119
17_1,76,41.327405999999996,19.808973,2393.714405817268
17_1,77,41.327479,19.809211,2415.2194853543547
17_1,78,41.327608999999995,19.809622,2452.537244543715
17_1,79,41.327609,19.809624,2452.7046324461394
17_1,80,41.327635,19.809705,2460.0728802844537
17_1,81,41.32777500000001,19.810162,2501.3588931471204
17_1,82,41.328062,19.811094,2585.6523881452
17_1,83,41.32815900000001,19.811417000000002,2614.751682220201
17_1,84,41.328182999999996,19.811514,2623.2960650326545
17_1,85,41.328251,19.811967,2661.9841628915387
17_1,86,41.32826,19.812283,2688.450047615374
17_1,87,41.328255999999996,19.812384,2696.9147069318897
17_1,88,41.32823299999999,19.812905,2740.658312180028
17_1,89,41.328204,19.813568,2796.2468375127446
17_1,90,41.32819899999999,19.813659,2803.8831177466454
17_1,91,41.328183,19.814009,2833.2449054508443
17_1,92,41.32813000000001,19.815236,2936.106936035542
17_1,93,41.32811400000001,19.815589,2965.7132449985224
17_1,94,41.328084999999994,19.816216,3018.3147372128647
17_1,95,41.32781,19.816284,3049.374355786247
17_1,96,41.327687,19.816318,3063.324264888894
17_1,97,41.327641,19.816331,3068.5462142867646
17_1,98,41.32730299999999,19.816419,3106.83915910231
17_1,99,41.326768,19.816571000000003,3167.5872542744573
17_1,100,41.326663,19.8166,3179.4953021469914
17_1,101,41.32606800000001,19.81677,3247.073473196304
17_1,102,41.325598,19.816902,3300.4428819391014
17_1,103,41.325667,19.817346,3338.3855290006663
17_1,104,41.325769999999984,19.818000000000005,3394.3110491204347
17_1,105,41.325929,19.819015,3481.23192826289
17_1,106,41.32594299999999,19.819105000000004,3488.9232711969903
17_1,107,41.32666100000001,19.818911000000003,3570.302306966323
17_1,108,41.326758000000005,19.818925,3581.1595878682547
17_1,109,41.326915,19.81911,3604.480611187337
17_1,110,41.327113000000004,19.819280000000003,3630.6669500423504
17_1,111,41.327158000000004,19.819404,3642.1851177046387
17_1,112,41.327264,19.820624,3745.0082326350876
17_1,113,41.327375,19.821888,3851.8629349328753
17_1,114,41.327427,19.822489,3902.532385085999
17_1,115,41.32749999999999,19.822749,3927.7599180172915
17_1,116,41.32738,19.82303,3956.531973560367
17_1,117,41.32716,19.823524,4005.2551513377316
17_1,118,41.32712,19.823609,4013.641637863388
17_1,119,41.327059000000006,19.823748,4027.1030343146504
17_1,120,41.326958000000005,19.823907,4044.5053272067644
17_1,121,41.326818,19.824238,4076.3359847756374
17_1,122,41.326682,19.824469,4100.867446640665
17_1,123,41.326557,19.824604,4118.76380559406
17_1,124,41.326384,19.824695,4139.494082180288
17_1,125,41.32543999999999,19.825008,4247.67372473588
17_1,126,41.32533899999999,19.825043,4259.272883035822
17_1,127,41.325006,19.825155,4297.418089358603
17_1,128,41.324923000000005,19.825175,4306.784293473396
17_1,129,41.324991999999995,19.825275,4318.130787487115
17_1,130,41.32511300000001,19.825427,4337.467748286076
17_1,131,41.32561,19.826033,4412.494921943159
17_1,132,41.32571499999999,19.826161,4428.463862100689
17_1,133,41.32620950141956,19.826739995631055,4501.6962384233275
17_1,134,41.32670399999999,19.827319,4574.927869170258
17_1,135,41.327502,19.828247,4692.808506829962
17_1,136,41.327527999999994,19.828277,4696.634408406017
17_1,137,41.327651,19.828471,4717.922676882983
17_1,138,41.327737,19.828655,4736.04232323628
17_1,139,41.327887000000004,19.828992,4768.908114030854
17_1,140,41.32802600000001,19.829316,4800.1088767008805
17_1,141,41.328224,19.829778,4844.646492087814
17_1,142,41.328593,19.830632,4927.040458348557
17_1,143,41.328882,19.831302,4991.758731600408
17_1,144,41.32912599999999,19.831874,5046.854538265311
17_1,145,41.329249,19.832168000000003,5075.111867803569
17_1,146,41.32931,19.832313,5089.009162029478
17_1,147,41.32975999999999,19.833385,5191.700562432752
17_1,148,41.329868,19.833637,5215.96118227759
17_1,149,41.330014,19.833977,5248.752469785037
17_1,150,41.330067,19.834101,5260.682371012657
17_1,151,41.330096999999995,19.834169,5267.2764233961025
17_1,152,41.33019600000001,19.834398,5289.369885351324
17_1,153,41.330232,19.834481,5297.384073793614
17_1,154,41.330521,19.835169,5363.30052047372
17_1,155,41.330741999999994,19.835688,5413.294205620255
17_1,156,41.33114599999999,19.836637,5504.523589018466
17_1,157,41.331421000000006,19.837272,5565.813622950209
17_1,158,41.331458,19.837359,5574.173515865138
17_1,159,41.331599999999995,19.83769,5606.05267182179
17_1,160,41.33196199999999,19.838534,5687.364440236165
17_1,161,41.332244999999986,19.839212,5752.233372088457
17_1,162,41.332674,19.840206000000002,5848.092491205627
17_1,163,41.332716999999995,19.840341,5860.470740233706
17_1,164,41.33276099999999,19.840608,5883.3429436025635
17_1,165,41.33274999999998,19.84083,5901.961521622532
17_1,166,41.332731,19.840999,5916.261061627931
17_1,167,41.332598999999995,19.842165,6014.988669568273
17_1,168,41.33257500000001,19.842439,6038.0732252150665
17_1,169,41.33253500000001,19.842931,6079.514337098044
17_1,170,41.332531,19.843102,6093.83171798916
17_1,171,41.33254999999999,19.843288,6109.648961255895
17_1,172,41.332626,19.843665,6142.319876478135
17_1,173,41.33278700000001,19.844125,6184.8488323492675
17_1,174,41.332823999999995,19.844205,6192.703662634221
17_1,175,41.332919,19.844388,6211.299176642128
17_1,176,41.333516,19.845538,6328.157950998816
17_1,177,41.333619000000006,19.845878,6358.823279804673
17_1,178,41.333715999999995,19.846353,6400.039684060366
17_1,179,41.3338240055446,19.84748499800462,6495.549192466467
17_1,180,41.333932,19.848617,6591.11170078419
17_1,181,41.33393900000001,19.849071,6629.145974817102
17_1,182,41.333923000000006,19.849165,6637.210475908517
17_1,183,41.333849,19.849377,6656.76187817516
17_1,184,41.333739,19.849411000000003,6669.302081898899
17_1,185,41.333645,19.849502,6682.248409119765
17_1,186,41.333609,19.84956,6688.536116573615
17_1,187,41.33355799999999,19.849696,6701.252192447546
17_1,188,41.333552,19.849867,6715.577938091536
17_1,189,41.33358899999999,19.85002,6729.024724638721
17_1,190,41.333666,19.850144,6742.46984212144
17_1,191,41.33377099999999,19.850222,6756.017329374262
17_1,192,41.33385299999999,19.850244,6765.305959822249
17_1,193,41.33402100000001,19.850199,6784.335110915547
17_1,194,41.334116,19.850101,6797.695981527686
17_1,195,41.334176,19.849981,6809.746873827292
17_1,196,41.334197999999994,19.849882,6818.384254937316
17_1,197,41.33420099999999,19.849778,6827.093849422647
17_1,198,41.334186,19.849676,6835.790656999947
17_1,199,41.33429099999999,19.849522,6853.2179842509395
17_1,200,41.334376999999996,19.849175,6883.786142747417
17_1,201,41.33438799999998,19.849072,6892.491753148958
17_1,202,41.334377,19.848706,6923.1492450803935
17_1,203,41.334351,19.84836,6952.247678515286
18_0,1,41.350507,19.867342,0
18_0,2,41.350678,19.867299,19.32383974579264
18_0,3,41.351335,19.867124,94.36704799475774
18_0,4,41.351462,19.867077,109.00567479431514
18_0,5,41.351516,19.867038,115.83155307662344
18_0,6,41.351537,19.866973,121.74837560354383
18_0,7,41.35153999999999,19.866823,134.30214852245052
18_0,8,41.351500999999985,19.866371,172.38171995485254
18_0,9,41.35146600000001,19.86622,185.59892043264193
18_0,10,41.35141499999999,19.866158,193.27805887305772
18_0,11,41.351203999999996,19.865979,221.08264174993553
18_0,12,41.35109299999999,19.865801,242.52068087950036
18_0,13,41.350925000000004,19.865236,293.33745599490965
18_0,14,41.350738,19.864809,334.9267361561129
18_0,15,41.35067899999999,19.864646,350.05562146098026
18_0,16,41.350674000000005,19.864629,351.58240321584447
18_0,17,41.350550000000005,19.864146,394.5577156698196
18_0,18,41.35054099999999,19.863913,414.0769461995794
18_0,19,41.350561,19.863593,440.95985890529306
18_0,20,41.350543,19.863206,473.3993217842607
18_0,21,41.35047000000001,19.862822,506.9493078684406
18_0,22,41.350438000000004,19.862427,540.1869533315754
18_0,23,41.350153999999996,19.861538,620.9869095514741
18_0,24,41.349828,19.860719000000003,698.494232713692
18_0,25,41.349761,19.860552,714.3231436649303
18_0,26,41.349553,19.860019,764.5518264431803
18_0,27,41.349365999999996,19.859438,817.6400297523643
18_0,28,41.349351,19.85938,823.3692308721359
18_0,29,41.34924800000001,19.858977,858.9729709234955
18_0,30,41.34924099999999,19.85889,866.2932378326351
18_0,31,41.34925500000001,19.858597,890.9521049035071
18_0,32,41.349188999999996,19.858313,915.8173962984097
18_0,33,41.34916,19.858252,921.8517996082048
18_0,34,41.349124999999994,19.858176,929.303820217369
18_0,35,41.34907499999999,19.858117,936.7324953066724
18_0,36,41.348642,19.857826,992.038613052826
18_0,37,41.348488999999994,19.857743,1010.3905842978174
18_0,38,41.348363,19.857709,1024.7558714661172
18_0,39,41.34820199999999,19.857666000000002,1042.9899342238075
18_0,40,41.348146,19.857594,1051.647147778247
18_0,41,41.347998000000004,19.857286,1082.2098998572426
18_0,42,41.347602,19.856477,1163.137840407973
18_0,43,41.347496,19.856258,1184.9151339804537
18_0,44,41.347474,19.856213000000004,1189.4031215658035
18_0,45,41.347401,19.856061000000004,1204.4838203685
18_0,46,41.347294,19.855841,1226.3916163618915
18_0,47,41.347256,19.855793,1233.8324766905232
18_0,48,41.34713200000001,19.85574,1248.2965614223751
18_0,49,41.34695399999999,19.855742,1268.0603824812854
18_0,50,41.34684799999999,19.855738,1279.8341843694968
18_0,51,41.34676900000001,19.855729,1288.637717222396
18_0,52,41.34622099999999,19.855542000000003,1351.5034216485562
18_0,53,41.346202999999996,19.855215,1378.9361982672024
18_0,54,41.34619400000001,19.855051,1393.4084422712224
18_0,55,41.346187,19.854936000000002,1403.0617607415818
18_0,56,41.34614100000001,19.854364,1451.2078846397194
18_0,57,41.346124,19.854171,1467.4660309023452
18_0,58,41.346054,19.8535,1524.151495416313
18_0,59,41.34597300000001,19.853045,1563.2690294004537
18_0,60,41.345907,19.852786,1586.1458124848778
18_0,61,41.345679,19.852111,1648.0540873099217
18_0,62,41.34564699999999,19.852013,1656.9904102787618
18_0,63,41.345338999999996,19.851129,1738.4786322976531
18_0,64,41.34531700000001,19.851079,1743.3230484383284
18_0,65,41.34531900000001,19.850886,1759.4729975365904
18_0,66,41.345338000000005,19.85083,1764.7004430424206
18_0,67,41.345328,19.850769,1769.9237160569594
18_0,68,41.345292,19.85073,1775.083606775017
18_0,69,41.34522499999999,19.850743,1782.6016387022842
18_0,70,41.345126,19.850703,1794.0917241369239
18_0,71,41.345073,19.8506,1804.5272062135068
18_0,72,41.344877999999994,19.850222,1842.856012486435
18_0,73,41.34487499999998,19.850218,1843.3281992764812
18_0,74,41.34459600000001,19.849664,1899.1187864715607
18_0,75,41.34437299999999,19.849213,1944.3885259449612
18_0,76,41.343679,19.848134,2063.115389567858
18_0,77,41.343614999999986,19.848044,2073.4692393014716
18_0,78,41.34348600000001,19.847648,2109.5901918508434
18_0,79,41.343484999999994,19.847636,2110.6003876901846
18_0,80,41.343457,19.847541,2119.1356238476587
18_0,81,41.343393000000006,19.847485,2127.68576096904
18_0,82,41.343377999999994,19.84748,2129.4029375004598
18_0,83,41.34324699999999,19.847386,2145.9381485019517
18_0,84,41.343092,19.847235,2167.3159649916174
18_0,85,41.343025999999995,19.847132,2178.62854831598
18_0,86,41.342932999999995,19.84699,2194.370005688464
18_0,87,41.342873,19.846898,2204.5502616316453
18_0,88,41.342816,19.846811,2214.2409546425206
18_0,89,41.34245599999999,19.846270000000004,2274.6297177630745
18_0,90,41.342229999999994,19.845998,2308.512224474816
18_0,91,41.34206399999999,19.845807,2332.99826789726
18_0,92,41.341611,19.845289,2399.5394751650506
18_0,93,41.34148499999999,19.845144,2418.1620212683392
18_0,94,41.340824000000005,19.844419,2513.3884589998197
18_0,95,41.34059,19.844153,2547.619816267207
18_0,96,41.34051399999999,19.844066,2558.764311592206
18_0,97,41.340307,19.843827,2589.2301780191015
18_0,98,41.340276,19.84379,2593.859669259281
18_0,99,41.34014299999999,19.84364,2613.2531200296307
18_0,100,41.339837999999986,19.843287,2658.189489837544
18_0,101,41.33952099999999,19.842933,2704.2066244989264
18_0,102,41.339464,19.842868,2712.5514046569538
18_0,103,41.339178,19.842537,2754.6879324239526
18_0,104,41.33895499999999,19.842267,2788.2445260111895
18_0,105,41.338816,19.842115,2808.243425660909
18_0,106,41.33838700000001,19.841646,2870.0405854855157
18_0,107,41.338054,19.841283,2917.890998467834
18_0,108,41.337897000000005,19.841114000000005,2940.501866074209
18_0,109,41.33765399999999,19.840844,2975.7105492612573
18_0,110,41.337562,19.840733,2989.51693728316
18_0,111,41.33749199999999,19.840649,2999.996140573094
18_0,112,41.33723399999999,19.840347,3038.2131564836163
18_0,113,41.33699,19.840061,3074.3672064538955
18_0,114,41.336721999999995,19.839709,3116.239238578446
18_0,115,41.336634999999994,19.839567,3131.5528795979326
18_0,116,41.33630899999999,19.83898,3192.6048736525972
18_0,117,41.336234999999995,19.838848,3206.429063738969
18_0,118,41.336176,19.838737,3217.8067940790365
18_0,119,41.336105,19.838609,3231.1062615293977
18_0,120,41.33597199999999,19.838367,3256.169601542798
18_0,121,41.335794,19.838054,3288.995857385139
18_0,122,41.335709,19.837904,3304.8841506893077
18_0,123,41.335672999999986,19.83784,3311.566969710592
18_0,124,41.33558599999999,19.837666,3329.040532329486
18_0,125,41.33553,19.837548,3340.7095978527627
18_0,126,41.335361000000006,19.837192000000005,3375.9398110436014
18_0,127,41.335241999999994,19.836944,3400.5422114211497
18_0,128,41.33512999999999,19.836701,3424.3792064657555
18_0,129,41.33482899999999,19.836046000000003,3488.6177652981023
18_0,130,41.33473699999999,19.835838,3508.819110197048
18_0,131,41.334586,19.835504000000004,3541.44451530704
18_0,132,41.334362,19.835013,3589.4750363044786
18_0,133,41.33415599999999,19.834561,3633.67802911547
18_0,134,41.334006,19.834241,3665.3102560162824
18_0,135,41.33372099999998,19.833632,3725.315543553069
18_0,136,41.333673,19.83353,3735.378583984267
18_0,137,41.33363700000001,19.833451,3743.1041281828825
18_0,138,41.333484,19.833125,3775.2772420389288
18_0,139,41.333362,19.832869,3800.6239191001414
18_0,140,41.333321,19.83278,3809.3529632534705
18_0,141,41.333242999999996,19.832614,3825.7232316799386
18_0,142,41.33311299999999,19.832339,3853.005416329999
18_0,143,41.333059000000006,19.832227,3864.1318686675772
18_0,144,41.332797,19.831703,3916.7668832895047
18_0,145,41.332789,19.831687,3918.373697800016
18_0,146,41.33256899999999,19.831243,3962.8404898755884
18_0,147,41.332418,19.830949,3992.618146790204
18_0,148,41.332286999999994,19.830689,4018.790547789298
18_0,149,41.332171,19.830456000000005,4042.159286962246
18_0,150,41.331951,19.830029,4085.4783749421363
18_0,151,41.331852999999995,19.829837,4104.892937183209
18_0,152,41.331615,19.829372,4151.931894011255
18_0,153,41.33158,19.829301,4159.031690108938
18_0,154,41.33153599999999,19.829216,4167.661186365948
18_0,155,41.331073999999994,19.828324,4258.247164722363
18_0,156,41.33099799999998,19.828171,4273.582006969966
18_0,157,41.33090599999999,19.82799,4291.852150613361
18_0,158,41.33064300000001,19.827468000000003,4344.447718060013
18_0,159,41.33048800000001,19.827167,4374.974790520739
18_0,160,41.33003999999999,19.826289,4463.715302502831
18_0,161,41.330009999999994,19.82623,4469.6714775184055
18_0,162,41.32979099999999,19.825799000000004,4513.219770252755
18_0,163,41.329713,19.825648,4528.539768751825
18_0,164,41.329607,19.825439,4549.665201205857
18_0,165,41.329528999999994,19.825148,4575.866882249686
18_0,166,41.32952,19.824982,4589.795517930901
18_0,167,41.329519,19.824868,4599.336965842121
18_0,168,41.329494999999994,19.824799,4605.6968196968655
18_0,169,41.32942,19.824721,4616.277732922199
18_0,170,41.329357,19.824706,4623.384323473622
18_0,171,41.329336,19.824708,4625.72193443843
18_0,172,41.329234,19.824605,4639.954404617215
18_0,173,41.329106,19.824374,4663.973062406876
18_0,174,41.329009,19.82389,4705.891631817152
18_0,175,41.328830999999994,19.823006,4782.474973432735
18_0,176,41.32877899999998,19.822762,4803.696340590166
18_0,177,41.32869099999999,19.822326,4841.532760440077
18_0,178,41.32860299999999,19.821889,4879.388946980683
18_0,179,41.328456,19.821117,4946.103126665239
18_0,180,41.328437,19.821018,4954.66104002647
18_0,181,41.32842115471895,19.820924908971453,4962.648242418809
18_1,1,41.32842115471895,19.820924908971453,0
18_1,2,41.328421000000006,19.820924000000005,0.07798969329913341
18_1,3,41.328437,19.821018,8.143181778937347
18_1,4,41.328456,19.821117,16.701095140168047
18_1,5,41.32860299999999,19.821889,83.41527482472458
18_1,6,41.32869099999999,19.822326,121.27146136532973
18_1,7,41.32877899999998,19.822762,159.10788121524075
18_1,8,41.328830999999994,19.823006,180.32924837267188
18_1,9,41.329106,19.824374,298.82167558584797
18_1,10,41.32911299999999,19.824466,306.5604452962895
18_1,11,41.329122,19.824591,317.0800362628814
18_1,12,41.32919299999998,19.824915,345.32536254398497
18_1,13,41.329209999999996,19.825024,354.64097485163336
18_1,14,41.329252,19.825095,362.19440010008424
18_1,15,41.329269,19.825112,364.55805633115034
18_1,16,41.329339000000004,19.825147,372.8637623570704
18_1,17,41.32947600000001,19.82527,391.2306139260797
18_1,18,41.329607,19.825439,411.96712787829244
18_1,19,41.329713,19.825648,433.0925603323234
18_1,20,41.32979099999999,19.825799000000004,448.4125588313943
18_1,21,41.330009999999994,19.82623,491.96085156574367
18_1,22,41.33003999999999,19.826289,497.9170265813177
18_1,23,41.33048800000001,19.827167,586.6575385634102
18_1,24,41.33064300000001,19.827468000000003,617.1846110241357
18_1,25,41.33090599999999,19.82799,669.7801784707876
18_1,26,41.33099799999998,19.828171,688.0503221141834
18_1,27,41.331073999999994,19.828324,703.3851643617866
18_1,28,41.33158,19.829301,802.5997243961388
18_1,29,41.331615,19.829372,809.6995204938214
18_1,30,41.331642,19.829425,815.0530489323771
18_1,31,41.331852999999995,19.829837,856.7384983669364
18_1,32,41.331951,19.830029,876.1530606080088
18_1,33,41.332171,19.830456000000005,919.4721485878997
18_1,34,41.332286999999994,19.830689,942.8408877608473
18_1,35,41.332418,19.830949,969.0132887599416
18_1,36,41.33256899999999,19.831243,998.790945674557
18_1,37,41.332789,19.831687,1043.257737750129
18_1,38,41.332797,19.831703,1044.8645522606407
18_1,39,41.333059000000006,19.832227,1097.4995668825686
18_1,40,41.33311299999999,19.832339,1108.6260192201462
18_1,41,41.333242999999996,19.832614,1135.9082038702068
18_1,42,41.333362,19.832869,1161.0072939287068
18_1,43,41.333474,19.833105,1184.3459913111456
18_1,44,41.333484,19.833125,1186.3544943099064
18_1,45,41.33363700000001,19.833451,1218.5276081659536
18_1,46,41.333673,19.83353,1226.2531523645685
18_1,47,41.33372099999998,19.833632,1236.316192795767
18_1,48,41.334006,19.834241,1296.3214803325538
18_1,49,41.33415599999999,19.834561,1327.953707233366
18_1,50,41.334362,19.835013,1372.1567000443567
18_1,51,41.334586,19.835504000000004,1420.1872210417955
18_1,52,41.33473699999999,19.835838,1452.812626151788
18_1,53,41.33482899999999,19.836046000000003,1473.0139710507335
18_1,54,41.33512999999999,19.836701,1537.2525298830806
18_1,55,41.335241999999994,19.836944,1561.0895249276866
18_1,56,41.335361000000006,19.837192000000005,1585.6919253052345
18_1,57,41.33553,19.837548,1620.922138496073
18_1,58,41.33558599999999,19.837666,1632.5912040193498
18_1,59,41.335672999999986,19.83784,1650.0647666382442
18_1,60,41.335709,19.837904,1656.7475856595286
18_1,61,41.335849,19.838152,1682.8948097298037
18_1,62,41.33597199999999,19.838367,1705.482565625111
18_1,63,41.336105,19.838609,1730.5459056385112
18_1,64,41.336176,19.838737,1743.8453730888725
18_1,65,41.336234999999995,19.838848,1755.2231034289398
18_1,66,41.33630899999999,19.83898,1769.0472935153118
18_1,67,41.336634999999994,19.839567,1830.0992875699762
18_1,68,41.336721999999995,19.839709,1845.4129285894626
18_1,69,41.33699,19.840061,1887.2849607140133
18_1,70,41.33723399999999,19.840347,1923.4390106842925
18_1,71,41.33749199999999,19.840649,1961.6560265948146
18_1,72,41.337562,19.840733,1972.1352298847485
18_1,73,41.33765399999999,19.840844,1985.9416179066518
18_1,74,41.337897000000005,19.841114000000005,2021.1503010937
18_1,75,41.338054,19.841283,2043.761168700075
18_1,76,41.33814699999999,19.841385,2057.1578888882887
18_1,77,41.33838700000001,19.841646,2091.611665550212
18_1,78,41.33895499999999,19.842267,2173.3880808699614
18_1,79,41.339178,19.842537,2206.9446744571983
18_1,80,41.339464,19.842868,2249.081202224197
18_1,81,41.33952099999999,19.842933,2257.4259823822244
18_1,82,41.339650000000006,19.843077,2276.1791106407704
18_1,83,41.339837999999986,19.843287,2303.4644057276405
18_1,84,41.34014299999999,19.84364,2348.4007755355537
18_1,85,41.340276,19.84379,2367.7942263059035
18_1,86,41.340307,19.843827,2372.423717546083
18_1,87,41.34051399999999,19.844066,2402.8895839729785
18_1,88,41.34059,19.844153,2414.0340792979778
18_1,89,41.340824000000005,19.844419,2448.2654365653652
18_1,90,41.34148499999999,19.845144,2543.4918742968453
18_1,91,41.341611,19.845289,2562.114420400134
18_1,92,41.34219900000001,19.845962,2648.3614985687495
18_1,93,41.342229999999994,19.845998,2652.9353928424525
18_1,94,41.34245599999999,19.846270000000004,2686.817899554194
18_1,95,41.342816,19.846811,2747.206662674748
18_1,96,41.342873,19.846898,2756.897355685623
18_1,97,41.342932999999995,19.84699,2767.0776116288043
18_1,98,41.343025999999995,19.847132,2782.819069001289
18_1,99,41.343092,19.847235,2794.131652325651
18_1,100,41.343183,19.847463,2815.7475229843362
18_1,101,41.343227,19.847654,2832.4591258206187
18_1,102,41.343249,19.847746,2840.535312893265
18_1,103,41.343305,19.847808000000004,2848.6329291077805
18_1,104,41.34333999999999,19.847821,2852.6683062381735
18_1,105,41.343469999999996,19.847907,2868.8166785967073
18_1,106,41.343614999999986,19.848044,2888.622694708424
18_1,107,41.343679,19.848134,2898.9765444420377
18_1,108,41.34437299999999,19.849213,3017.7034080649346
18_1,109,41.34459600000001,19.849664,3062.973147538335
18_1,110,41.34487499999998,19.850218,3118.7637347334144
18_1,111,41.345073,19.8506,3157.5569557128406
18_1,112,41.345126,19.850703,3167.9924377894235
18_1,113,41.345189,19.850814,3179.61931608686
18_1,114,41.345195,19.850825,3180.755486063206
18_1,115,41.345212999999994,19.850882,3186.014882024787
18_1,116,41.345253,19.850914,3191.2006927446864
18_1,117,41.34531700000001,19.851079,3206.727735519731
18_1,118,41.345338999999996,19.851129,3211.5721516604062
18_1,119,41.34564699999999,19.852013,3293.0603736792978
18_1,120,41.345679,19.852111,3301.996696648138
18_1,121,41.345907,19.852786,3363.904971473182
18_1,122,41.34597300000001,19.853045,3386.781754557606
18_1,123,41.346054,19.8535,3425.8992885417465
18_1,124,41.346124,19.854171,3482.5847530557144
18_1,125,41.34614100000001,19.854364,3498.84289931834
18_1,126,41.346187,19.854936000000002,3546.9890232164776
18_1,127,41.34619400000001,19.855051,3556.642341686837
18_1,128,41.34620099999999,19.855182,3568.5125086101602
18_1,129,41.34622099999999,19.855542000000003,3598.715222114694
18_1,130,41.346194999999994,19.855717,3613.6392142452446
18_1,131,41.346153,19.855817,3623.2573265331507
18_1,132,41.346055,19.855972,3641.3838685485207
18_1,133,41.34597300000001,19.856043,3652.2548983187303
18_1,134,41.345973,19.856275,3671.666259019164
18_1,135,41.34593199999999,19.856523,3692.9098029709285
18_1,136,41.34594499999999,19.856692,3707.129661333836
18_1,137,41.345980999999995,19.856907,3725.557345986588
18_1,138,41.346068,19.8572,3751.9069226929028
18_1,139,41.346288999999985,19.85785,3811.6401293772606
18_1,140,41.346335,19.857976,3823.354444675284
18_1,141,41.346399,19.858162000000004,3840.507302714569
18_1,142,41.346528,19.858532,3874.617538161146
18_1,143,41.34654999999999,19.858566,3878.367071770355
18_1,144,41.34661400000001,19.858604,3886.1517720202214
18_1,145,41.346849999999996,19.858723,3914.1947194848553
18_1,146,41.34683100000001,19.858764,3918.2218625741607
18_1,147,41.346849999999996,19.858723,3922.249005663466
18_1,148,41.347012,19.858836,3942.5691283731608
18_1,149,41.347086,19.858896,3952.1975228520528
18_1,150,41.347156999999996,19.858954,3961.454489786947
18_1,151,41.347305,19.85911,3982.4396916690644
18_1,152,41.34743199999999,19.859305,4004.003889182133
18_1,153,41.34752,19.859604,4031.19346012787
18_1,154,41.347684,19.8603,4092.504735021284
18_1,155,41.347705,19.860394000000003,4100.707808138463
18_1,156,41.347764999999995,19.860649,4123.058824457493
18_1,157,41.347971,19.860876,4153.436023803253
18_1,158,41.34814899999999,19.861064,4178.69455306222
18_1,159,41.34829799999999,19.861267,4202.4042008316255
18_1,160,41.34854299999999,19.862072,4275.051871660182
18_1,161,41.34869299999999,19.862568,4320.562587013505
18_1,162,41.34876499999999,19.862767,4339.031807794999
18_1,163,41.348901000000005,19.863149,4375.544740745063
18_1,164,41.349206,19.864005,4455.6928458555
18_1,165,41.34931,19.864371,4488.4191237964005
18_1,166,41.349384999999984,19.86482,4527.023761970982
18_1,167,41.349470999999994,19.865144,4558.57545576363
18_1,168,41.349531999999996,19.865358,4580.713402453621
18_1,169,41.349616,19.865652,4607.01963132013
18_1,170,41.349757999999994,19.866026,4642.323078818286
18_1,171,41.34988400000001,19.866425,4678.518072146868
18_1,172,41.34997400000001,19.867015,4728.946365770001
18_1,173,41.350021999999996,19.867326,4755.659688363456
18_1,174,41.350042,19.867458,4766.924407646228
18_1,175,41.350507,19.867342,4819.490553733343
20_0,1,41.33038299999998,19.784457,0
20_0,2,41.32949362978433,19.784948946657867,106.99333145842262
20_0,3,41.32891148297525,19.7852599230804,176.7029821532562
20_0,4,41.32832933519221,19.78557089386066,246.38719916020636
20_0,5,41.32737429291907,19.78607915953203,360.64153240635073
20_0,6,41.326419248042384,19.78658741007412,474.9059532280554
20_0,7,41.32546420056239,19.787095645487945,589.1589473486517
20_0,8,41.325310626133664,19.78722231068149,609.237310574351
20_0,9,41.32515997618871,19.787348272790073,629.009235438186
20_0,10,41.32498256733604,19.787439076522144,650.12236459493
20_0,11,41.32465224653219,19.78762671084714,690.0188290597462
20_0,12,41.32371400000001,19.788161,803.387221941642
20_0,13,41.323354,19.788387,847.6080057019497
20_0,14,41.32299162975475,19.788637622508734,892.99792540359
20_0,15,41.322661,19.788831,933.1175703077193
20_0,16,41.322443,19.788933,958.7908628009836
20_0,17,41.322095000000004,19.789072,999.1449364662714
20_0,18,41.32187499999999,19.789153,1024.4949282241246
20_0,19,41.321834,19.789170000000002,1029.2643546501845
20_0,20,41.321793,19.789187,1034.0337812957425
20_0,21,41.32177200000001,19.789169,1036.8098239109179
20_0,22,41.32172400000001,19.789143,1042.571460033822
20_0,23,41.32162799999999,19.78913,1053.2884004932193
20_0,24,41.32155800000002,19.789153,1061.2953627676252
20_0,25,41.321495999999996,19.789201,1069.2658848355982
20_0,26,41.32142999999999,19.789309,1080.9027934626192
20_0,27,41.321417,19.789349,1084.5487588055107
20_0,28,41.32141099999999,19.789373,1086.6651912432746
20_0,29,41.321402,19.78946,1094.0155274016295
20_0,30,41.321436999999996,19.789629,1108.6866365252213
20_0,31,41.321477999999985,19.789698,1116.0404461501246
20_0,32,41.32153100000001,19.789751,1123.4098561593187
20_0,33,41.321558,19.789768,1126.7282238956589
20_0,34,41.32161500000001,19.789854,1136.3130522961437
20_0,35,41.321724,19.790008,1153.9940782349374
20_0,36,41.32184899999999,19.790252,1178.687991496728
20_0,37,41.321895,19.79041,1192.910566810128
20_0,38,41.32196100000001,19.790623,1212.1862500356017
20_0,39,41.321968,19.790647,1214.3401940449937
20_0,40,41.322026999999984,19.790855,1232.941729298012
20_0,41,41.322078,19.791036,1249.1153217282913
20_0,42,41.32215200000001,19.791296,1272.3887593389588
20_0,43,41.322206999999985,19.791493,1289.9723510525723
20_0,44,41.322113,19.791622,1304.989399790536
20_0,45,41.322007000000006,19.791765,1321.8555330611305
20_0,46,41.321823,19.792009,1350.7427115621495
20_0,47,41.321692,19.792171,1370.7525003330643
20_0,48,41.32158700000001,19.792302,1386.756929053683
20_0,49,41.321425999999995,19.792519,1412.4364177422365
20_0,50,41.321295,19.792715,1434.3612596504684
20_0,51,41.32116299999999,19.792977,1460.867607067925
20_0,52,41.321071,19.793203,1482.3660963865073
20_0,53,41.320952000000005,19.793554,1514.5865334483274
20_0,54,41.320859999999996,19.793825,1539.463832175143
20_0,55,41.320833,19.793905,1546.8004733470173
20_0,56,41.32048700000001,19.794931,1640.890611158991
20_0,57,41.320401,19.795225,1667.286961748199
20_0,58,41.32034800000001,19.795419,1684.6220841808142
20_0,59,41.320302000000005,19.79561,1701.4054446751052
20_0,60,41.320237999999996,19.795945,1730.332501023116
20_0,61,41.320186,19.796298,1760.439411074573
20_0,62,41.320155,19.796658,1790.9553308300146
20_0,63,41.320144,19.796891,1810.525774172927
20_0,64,41.320144,19.79752,1863.1754141636725
20_0,65,41.320193999999994,19.798158000000004,1916.9018985863215
20_0,66,41.320237,19.798481,1944.6237114849102
20_0,67,41.32029399999999,19.798897,1980.0148321075992
20_0,68,41.32030999999999,19.799014,1989.9925440085506
20_0,69,41.320335,19.799211,2006.7141172032425
20_0,70,41.32035799999999,19.799369,2020.1835503676846
20_0,71,41.320373,19.799482,2029.7875400212365
20_0,72,41.32040299999999,19.799684,2047.0405647395892
20_0,73,41.320421999999986,19.799802,2057.1403290391772
20_0,74,41.32054899999999,19.800594,2124.9177018006767
20_0,75,41.32066950247879,19.801351998546686,2189.7818560732753
20_0,76,41.32079000000001,19.80211,2254.675696378156
20_0,77,41.32083200000001,19.802371,2277.014274469169
20_0,78,41.32092300000001,19.802953,2326.7760266754044
20_0,79,41.320929,19.802985,2329.536111216981
20_0,80,41.321011,19.803474,2371.510489427299
20_0,81,41.32103499999999,19.803621,2384.099993057083
20_0,82,41.321126,19.804195,2433.214615517259
20_0,83,41.321146,19.804328,2444.566335873783
20_0,84,41.32123700000001,19.804907,2494.101122418172
20_0,85,41.321209,19.805147,2514.4287826617337
20_0,86,41.32115899999999,19.805282,2527.0186343490773
20_0,87,41.32104999999999,19.805445,2545.384820014896
20_0,88,41.320971,19.80551,2555.7064876497325
20_0,89,41.32079199999998,19.805582,2576.4839427779334
20_0,90,41.320703,19.805621,2586.8907972800957
20_0,91,41.320423999999996,19.805741,2619.455737342243
20_0,92,41.320307000000014,19.805797,2633.265983546972
20_0,93,41.32019400000001,19.805859,2646.8488473968073
20_0,94,41.320113,19.805926,2657.4475275497043
20_0,95,41.32003,19.806013,2669.1929492381546
20_0,96,41.31998,19.806076,2676.8497663335615
20_0,97,41.31991099999999,19.806189,2689.0668688753617
20_0,98,41.319793,19.806431,2713.190882808912
20_0,99,41.31931800000001,19.807408,2810.5152771847565
20_0,100,41.31907199999999,19.807921,2861.415211216025
20_0,101,41.31898499999999,19.808057000000005,2876.3450278554874
20_0,102,41.318892999999996,19.808205,2892.4015267899
20_0,103,41.318885,19.808219,2893.8719836653713
20_0,104,41.318803,19.808385,2910.487798877012
20_0,105,41.31879899999999,19.808393,2911.2913287508695
20_0,106,41.31856899999999,19.808877,2959.3106066125915
20_0,107,41.31822700216357,19.80957300361057,3028.878081761132
20_0,108,41.317885,19.810269,3098.4569722281044
20_0,109,41.317807,19.810478,3118.0368949996405
20_0,110,41.31777799999999,19.810592,3128.108016917962
20_0,111,41.31776,19.81071,3138.18554367975
20_0,112,41.317762,19.810912,3155.0957217974606
20_0,113,41.317934,19.811975,3246.1227731491117
20_0,114,41.318045502132286,19.81267799875326,3306.3065974620727
20_0,115,41.318157000000014,19.813381,3366.4796272088374
20_0,116,41.318127999999994,19.81339,3369.7864293980497
20_0,117,41.318157000000014,19.813381,3373.093231587261
20_0,118,41.318171,19.813469,3380.6215774686193
20_0,119,41.318199,19.813647000000003,3395.8483227996694
20_0,120,41.318205999999996,19.813691000000002,3399.637545088097
20_0,121,41.318287,19.814201,3443.2748927013026
20_0,122,41.31832299999999,19.814409,3461.138610582867
20_0,123,41.318331,19.814438,3463.7234804329805
20_0,124,41.318341999999994,19.814463,3466.146449514801
20_0,125,41.318369000000004,19.814503,3470.6405960028583
20_0,126,41.318369000000004,19.814541,3473.8214123466873
20_0,127,41.318372999999994,19.814566,3475.9606624421126
20_0,128,41.318383,19.814606,3479.488178791095
20_0,129,41.318449,19.814697,3490.0579631568085
20_0,130,41.318543000000005,19.814717,3500.6281138158915
20_0,131,41.31857399999999,19.814706,3504.191046367245
20_0,132,41.318616999999996,19.814756,3510.5400588466196
20_0,133,41.31869799999999,19.81494,3528.57551421904
20_0,134,41.318729000000005,19.815046,3538.09247203325
20_0,135,41.318746000000004,19.815151,3547.0819095637457
20_0,136,41.31877699999999,19.815346,3563.774884562942
20_0,137,41.31884099999999,19.815751,3598.4128745821413
20_0,138,41.318895999999995,19.816092,3627.602206676409
20_0,139,41.318949999999994,19.816432,3656.6865822130276
20_0,140,41.318967,19.816542,3666.0855938118025
20_0,141,41.318979,19.816623,3672.995358696485
20_0,142,41.31915,19.817764,3770.4618582262474
20_0,143,41.31915699999999,19.817813,3774.6363724472685
20_0,144,41.319217,19.818214,3808.856603818205
20_0,145,41.319224000000006,19.818263,3813.0311135305847
20_0,146,41.319275,19.818604,3842.3250858024057
20_0,147,41.319282,19.818647,3846.0073331898957
20_0,148,41.31929599999999,19.818754,3855.0975940283242
20_0,149,41.319393,19.819485,3917.226942157979
20_0,150,41.31943699999999,19.819816,3945.4766888176487
20_0,151,41.319551,19.82067,4018.095043692253
20_0,152,41.319562999999995,19.820763,4025.992717535569
20_0,153,41.31948,19.820786,4035.407071863199
20_0,154,41.31918199999999,19.820869,4069.2446350172945
20_0,155,41.318375,19.821086,4160.670835447176
20_0,156,41.31831700000001,19.821099000000004,4167.201806779457
20_0,157,41.31826,19.821108,4173.765666088335
20_0,158,41.3182,19.821115,4180.453121736175
20_0,159,41.318194,19.8211,4181.8744894287
20_0,160,41.318099999999994,19.820973,4196.77199787497
20_0,161,41.318037999999994,19.820938,4204.253296127182
20_0,162,41.317970999999986,19.820926,4211.759745657512
20_0,163,41.317848,19.820952,4225.588634975592
20_0,164,41.317728,19.821003,4239.580131867726
20_0,165,41.31767500000001,19.821058,4247.051624947068
20_0,166,41.317634,19.82113,4254.604474391407
20_0,167,41.31759999999999,19.821303,4269.580504313269
20_0,168,41.31761000000001,19.821392,4277.112668958123
20_0,169,41.317633,19.821468,4283.96776838249
20_0,170,41.31767,19.821534,4290.852371602499
20_0,171,41.317773,19.821623,4304.517329850453
20_0,172,41.31783399999999,19.82164,4311.437972036808
20_0,173,41.31797099999999,19.821619,4326.750168691359
20_0,174,41.318004,19.821607,4330.549317221886
20_0,175,41.318073000000005,19.82158,4338.53672882017
20_0,176,41.318131,19.821533000000002,4346.083066439092
20_0,177,41.318177999999996,19.821468,4353.621929619831
20_0,178,41.31822499999999,19.821301,4368.543055777635
20_0,179,41.318226,19.821292,4369.304545395767
20_0,180,41.31829,19.821256,4377.023596707839
20_0,181,41.318333,19.821237,4382.055773917036
20_0,182,41.318390999999984,19.821217,4388.7095032702655
20_0,183,41.31866899999999,19.82113,4420.459404276562
20_0,184,41.3195,19.8209,4514.736855568144
20_0,185,41.319579999999995,19.820878,4523.808055039431
20_0,186,41.31966599999999,19.820851,4533.620360369548
20_0,187,41.320463999999994,19.820639,4624.027552059989
20_0,188,41.32061199999999,19.820594,4640.886012925379
20_0,189,41.32072000000001,19.820566,4653.104035158411
20_0,190,41.321106,19.820459,4696.9647710660265
20_0,191,41.321115,19.820457,4697.977957615235
20_0,192,41.321189999999994,19.820436,4706.497559930228
20_0,193,41.321287999999996,19.82041,4717.593902874515
20_0,194,41.322016999999995,19.820207,4800.299038610638
20_0,195,41.322793999999995,19.819991,4888.44686478083
20_0,196,41.322801999999996,19.819989,4889.350734035592
20_0,197,41.322827,19.819982,4892.187622382837
20_0,198,41.32286400000001,19.819972000000003,4896.380097631116
20_0,199,41.323485999999995,19.8198,4966.970824961508
20_0,200,41.32358,19.819773,4977.649421572312
20_0,201,41.323691999999994,19.819741,4990.369910781132
20_0,202,41.323933999999994,19.819673,5017.838193861084
20_0,203,41.323951,19.819669,5019.755150398827
20_0,204,41.323964999999994,19.819664,5021.364907398142
20_0,205,41.324013999999984,19.81965,5026.930093013037
20_0,206,41.324132999999996,19.819618,5040.411290365448
20_0,207,41.32483100023542,19.819422502170124,5119.67535330248
20_0,208,41.32552900000001,19.819227,5198.889071642726
20_0,209,41.32594299999999,19.819105000000004,5246.434523985625
20_0,210,41.326488999999995,19.818957,5308.321240170618
20_0,211,41.32666100000001,19.818911000000003,5327.815769412303
20_0,212,41.326713000000005,19.818909,5333.5917115772345
20_0,213,41.326758000000005,19.818925,5338.814237100388
20_0,214,41.326778,19.818944,5341.545488371223
20_0,215,41.326915,19.81911,5362.152996837532
20_0,216,41.327099,19.819265,5386.353177840334
20_0,217,41.32711199999999,19.819280000000003,5388.266137198557
20_0,218,41.327131,19.819307,5391.357525845948
20_0,219,41.327143,19.819339,5394.348850137657
20_0,220,41.327158000000004,19.819404,5400.038203433877
20_0,221,41.327166,19.819496,5407.789146661153
20_0,222,41.32724800380379,19.820433498736143,5486.8310494629
20_0,223,41.32733,19.821371,5565.829201330808
20_0,224,41.32737500000001,19.821887,5609.94389397265
20_0,225,41.327389,19.822053,5623.923788180447
20_0,226,41.327427,19.822489,5660.711332708483
20_0,227,41.327450999999996,19.822609,5671.102096107751
20_0,228,41.32749999999999,19.822749,5687.3535370943455
20_0,229,41.32756799999999,19.822622,5700.391185139015
20_0,230,41.327591,19.822583,5704.53549368401
20_0,231,41.32762799999999,19.822531,5710.520210820131
20_0,232,41.327685,19.822463,5719.272520676629
20_0,233,41.32775899999999,19.82239,5729.511308431416
20_0,234,41.327963000000004,19.822247,5755.128810992759
20_0,235,41.32826099999999,19.822075,5791.409856685972
20_0,236,41.32847599999999,19.821956,5817.275422680941
20_0,237,41.32860299999999,19.821889,5832.52216159447
20_0,238,41.328663999999996,19.821852,5839.969279115341
20_0,239,41.328799999999994,19.821772,5856.487057835254
20_0,240,41.32975799999999,19.821227,5972.222884598617
20_0,241,41.329989999999995,19.821092,6000.35053740949
20_0,242,41.330465000000004,19.82082,6057.793742581788
20_0,243,41.33065500000001,19.820707,6080.912053386797
20_0,244,41.330617000000004,19.82061,6090.060905458883
20_0,245,41.33059799999999,19.820378,6109.591233884528
20_0,246,41.33061099999999,19.820037,6138.167771376606
20_0,247,41.330589,19.819849,6154.089961229832
20_0,248,41.330549,19.819553,6179.258117823213
20_0,249,41.330479999999994,19.819044,6222.539771622103
20_0,250,41.33045700000001,19.818871,6237.241645575901
20_0,251,41.330344,19.818028,6308.927865912448
20_0,252,41.330332,19.817947,6315.8364731949
20_0,253,41.330431,19.817919,6327.0753766818225
20_0,254,41.3310260001685,19.817754001562363,6394.681631751686
20_0,255,41.331620999999984,19.817589,6462.183017104654
20_0,256,41.331972,19.817493,6501.97996668664
20_0,257,41.33199999999999,19.817485,6505.160061063366
20_0,258,41.333051,19.817196,6624.333602197652
20_0,259,41.333180999999996,19.817157,6639.1318181155475
20_0,260,41.333321999999995,19.817121,6655.074204860905
20_0,261,41.334244,19.816867,6759.628160132363
20_0,262,41.334618999999996,19.816766,6802.118538145878
20_0,263,41.33471,19.816742,6812.419896693892
20_0,264,41.33472299999999,19.816738,6813.901585166295
20_0,265,41.335267,19.816588,6875.828915029562
20_0,266,41.335661,19.816474,6920.669615654907
20_0,267,41.335833,19.81642,6940.294038441378
20_0,268,41.33591100000001,19.816387,6949.383967237979
20_0,269,41.335988,19.816357,6958.294213103714
20_0,270,41.335964000000004,19.816214,6970.553995130596
20_0,271,41.335941999999996,19.816065,6983.259791549523
20_0,272,41.335737,19.814779,7093.377218629097
20_0,273,41.335581,19.813798,7177.330301772701
20_0,274,41.33557499999999,19.813766,7180.089798184359
20_0,275,41.335378,19.812563000000004,7283.194938404845
20_0,276,41.335352,19.812408,7296.483304496141
20_0,277,41.335334999999986,19.812302,7305.562589045944
20_0,278,41.335323,19.81223,7311.733391284368
20_0,279,41.335171,19.811311,7390.491502592398
20_0,280,41.33515199999999,19.811191,7400.752800333597
20_0,281,41.335139,19.811117,7407.111424639306
20_0,282,41.335134,19.811088,7409.600955220082
20_0,283,41.335092,19.810835,7431.289999418917
20_0,284,41.335002,19.810292,7477.816385798043
20_0,285,41.334897999999995,19.809666,7531.514983919813
20_0,286,41.33474650357188,19.80875599781013,7609.505732165044
20_0,287,41.33459499999999,19.807846,7687.532701296564
20_0,288,41.334592,19.807829,7688.993820339183
20_0,289,41.334416999999995,19.806717,7784.062185054134
20_0,290,41.334395,19.806583,7795.612359766856
20_0,291,41.33435299999999,19.806388,7812.584216477882
20_0,292,41.334325,19.806298,7820.745264111733
20_0,293,41.33424399999999,19.806085,7840.71053284428
20_0,294,41.33420799999999,19.806001000000002,7848.797040400404
20_0,295,41.334044999999996,19.805722,7878.338923726866
20_0,296,41.333918000000004,19.805528,7899.842609136671
20_0,297,41.33368,19.805176,7939.6518623236625
20_0,298,41.33361299999999,19.804964,7959.05940594744
20_0,299,41.33353,19.804709,7982.304225461534
20_0,300,41.33346399999999,19.804418,8007.899313161221
20_0,301,41.33345400000001,19.804349,8013.77946039039
20_0,302,41.333443,19.804214,8025.142970497779
20_0,303,41.333426999999986,19.803941,8048.058372018716
20_0,304,41.33343499999999,19.803813,8058.8070200559505
20_0,305,41.33350599999999,19.803493,8086.725608158817
20_0,306,41.33356299999999,19.803327,8101.991213656387
20_0,307,41.33372800000001,19.802854,8145.697813607745
20_0,308,41.33374200000001,19.802812,8149.541012385335
20_0,309,41.333755999999994,19.802664000000004,8162.131655990303
20_0,310,41.33374100000001,19.802512000000004,8175.065560164011
20_0,311,41.333838,19.802233,8200.788847574624
20_0,312,41.333861,19.802165,8207.026221956796
20_0,313,41.3339,19.802054,8217.27505627078
20_0,314,41.33414799999999,19.801342000000005,8282.975990192634
20_0,315,41.334157999999995,19.801313,8285.644797811949
20_0,316,41.33430500000001,19.800893,8324.529321133503
20_0,317,41.33460699999999,19.800026,8404.457945763328
20_0,318,41.334925999999996,19.79911,8488.904652294552
20_0,319,41.335323,19.797968,8594.166295060388
20_0,320,41.335355,19.797877000000003,8602.58165470807
20_0,321,41.33538499999999,19.797792,8610.436072688406
20_0,322,41.335449,19.797612,8627.091173569763
20_0,323,41.335594,19.797196,8665.48334065608
20_0,324,41.33576300000001,19.796713,8710.04575337729
20_0,325,41.336170999999986,19.795538,8818.314438625472
20_0,326,41.336469,19.794678,8897.56504297864
20_0,327,41.336865,19.793539,9002.534371539565
20_0,328,41.33702399999999,19.793082,9044.74296825156
20_0,329,41.33704,19.793036,9048.982497094254
20_0,330,41.337089,19.792895,9061.992810654303
20_0,331,41.33715399999999,19.79271,9079.07354010759
20_0,332,41.337201,19.792576,9091.441718636717
20_0,333,41.33729499999999,19.792306,9116.329892412628
20_0,334,41.337630004097996,19.791344004854647,9205.033312391457
20_0,335,41.33796499999999,19.790382,9293.714579951198
20_0,336,41.337973,19.790360000000003,9295.758641391381
20_0,337,41.338015999999996,19.790235,9307.256817210186
20_0,338,41.338079,19.790059,9323.561352482753
20_0,339,41.338201,19.789706,9356.078722439339
20_0,340,41.3384350018723,19.789056002293037,9416.357837053847
20_0,341,41.338669,19.788406,9476.642094192031
20_0,342,41.338772,19.788116,9503.46899713191
20_0,343,41.338983,19.787525,9558.193971421058
20_0,344,41.33905,19.78731,9577.665208990782
20_0,345,41.33924700000001,19.786706,9632.742958724926
20_0,346,41.339462999999995,19.786157,9684.571396341522
20_0,347,41.33955400000001,19.785927,9706.344414638292
20_0,348,41.339733,19.785526,9745.358969694029
20_0,349,41.340012,19.78503,9797.149260362208
20_0,350,41.340128,19.78478,9821.755591463656
20_0,351,41.340448,19.783708,9918.238677152793
20_0,352,41.340552,19.783371,9948.71334977302
20_0,353,41.340606,19.783194,9964.807988277229
20_0,354,41.340702,19.782865,9994.329359245185
20_0,355,41.34072,19.78272,10006.70109077132
20_0,356,41.34071099999999,19.782596,10017.125125104636
20_0,357,41.340758999999984,19.782456,10029.995290667397
20_0,358,41.340972,19.781827,10087.719651222636
20_0,359,41.340996999999994,19.781753,10094.50545923428
20_0,360,41.34104399999999,19.781619,10106.873069790117
20_0,361,41.34112699999999,19.781381,10128.86761047416
20_0,362,41.341254,19.781003000000002,10163.498959925899
20_0,363,41.341323,19.78092,10173.839555709736
20_0,364,41.34145900000001,19.780684,10198.69888810406
20_0,365,41.341513,19.780575,10209.618815432254
20_0,366,41.341617,19.780345,10232.062756583453
20_0,367,41.341679,19.780193,10246.531687153582
20_0,368,41.34191750185631,19.779546002327685,10306.79978661656
20_0,369,41.342156,19.778899,10367.07434872975
20_0,370,41.342483,19.777988,10451.518201055349
20_0,371,41.342535999999996,19.777888,10461.74778652909
20_0,372,41.342698,19.777724,10484.485336791993
20_0,373,41.342758,19.777631,10494.729171419898
20_0,374,41.342806,19.777542,10503.886800987015
20_0,375,41.34284199999999,19.777492,10509.673038544719
20_0,376,41.34300499999999,19.777206,10539.676871410404
20_0,377,41.34307899999999,19.777075,10553.375737689606
20_0,378,41.34354051757048,19.77628051288416,10637.311574895946
20_0,379,41.343573000000006,19.776052,10656.769349710958
20_0,380,41.343562999999996,19.775914,10668.369634251681
20_0,381,41.34352299999999,19.775805,10678.513972703196
20_0,382,41.343473,19.775716,10687.802528964177
20_0,383,41.343437999999985,19.775673,10693.09847700047
20_0,384,41.343343,19.7756,10705.287345430806
20_0,385,41.343265,19.775562,10714.578317568437
20_0,386,41.343129,19.775498,10730.641154240562
20_0,387,41.34303799999999,19.775463,10741.160802906395
20_0,388,41.342959,19.775446,10750.046803384443
20_0,389,41.342897,19.775458,10757.003536818336
20_0,390,41.342867,19.775475,10760.62547306736
20_0,391,41.342837,19.775492,10764.24740954274
20_0,392,41.342737,19.775608,10779.501921837997
20_0,393,41.342678,19.775722,10791.07365340301
20_0,394,41.342488999999986,19.776265,10841.289756722623
20_0,395,41.34246999999999,19.776319,10849.083796260195
20_0,396,41.342348,19.776668,10881.275232424676
20_0,397,41.342271999999994,19.776886000000005,10901.373746178955
20_0,398,41.342239,19.77702,10913.169773964004
20_0,399,41.342227999999984,19.777138,10923.337983075318
20_0,400,41.342231,19.777211,10929.455391507836
20_0,401,41.342244,19.777277,10935.163501769077
20_0,402,41.34223800000001,19.777316,10938.494160596507
20_0,403,41.34217499999998,19.777542,10958.657116430135
20_0,404,41.341972,19.778117,11011.911656107452
20_0,405,41.341733000000005,19.778813,11075.914616007269
20_0,406,41.341543999999985,19.779359,11126.1909124285
20_0,407,41.34140699999998,19.779762,11163.184609611833
20_0,408,41.341342,19.779968,11181.874277461355
20_0,409,41.341288,19.780185,11200.996429285222
20_0,410,41.34122199999999,19.780457,11224.907172649493
20_0,411,41.34118,19.780659,11242.444518348864
20_0,412,41.341159,19.78089,11261.914047368815
20_0,413,41.341104,19.781032,11275.27357400361
20_0,414,41.34091699999999,19.781584,11325.94389699998
20_0,415,41.34086799999999,19.781714,11338.106593560775
20_0,416,41.34060099999999,19.782478,11408.593459440932
20_0,417,41.340525,19.782708,11429.70104247419
20_0,418,41.340376000000006,19.782935,11454.924245463526
20_0,419,41.340104,19.78363,11520.45574575544
20_0,420,41.339849,19.784293000000005,11582.74153719925
20_0,421,41.339666999999984,19.784770000000005,11627.480048853467
20_0,422,41.339381,19.78571,11712.318712071032
20_0,423,41.33929100000001,19.785991,11737.867835661786
20_0,424,41.33887399999999,19.785652,11792.166822480542
20_0,425,41.33872900000001,19.785494,11812.99940311544
20_0,426,41.33861399999999,19.785375,11829.191821874962
20_0,427,41.338463,19.785232,11849.789782194799
20_0,428,41.33820999999999,19.785026,11882.764018715892
20_0,429,41.337699500726174,19.784610996788754,11949.242349021068
20_0,430,41.337189,19.784196,12015.717941535644
20_0,431,41.33649,19.783614,12107.350000247732
20_0,432,41.33640099999999,19.783534,12119.286250598661
20_0,433,41.336284,19.783442,12134.386787243182
20_0,434,41.336105999999994,19.783331,12156.228858550448
20_0,435,41.336006999999995,19.783272,12168.278795526612
20_0,436,41.33576599999999,19.783138,12197.291729346962
20_0,437,41.335571,19.783059000000005,12219.950653733695
20_0,438,41.33531599999999,19.782957,12249.522063335517
20_0,439,41.33527999999999,19.782944,12253.664552367127
20_0,440,41.335212,19.782921,12261.456079937538
20_0,441,41.334803,19.78283,12307.542363496788
20_0,442,41.33460099999999,19.782798,12330.269898054765
20_0,443,41.33445799999999,19.782791,12346.158010150048
20_0,444,41.334051,19.782799000000004,12391.414330654654
20_0,445,41.333869,19.782816,12411.67183108978
20_0,446,41.333672,19.782855,12433.786926350313
20_0,447,41.33345,19.78292,12459.04169784552
20_0,448,41.333395,19.782941,12465.434646745165
20_0,449,41.333112,19.783046,12498.06922950385
20_0,450,41.332609,19.783282,12557.31955821649
20_0,451,41.33213200000001,19.783552,12614.914181169148
20_0,452,41.33162299999999,19.783824,12675.851158478077
20_0,453,41.331556000000006,19.783858,12683.8157947755
20_0,454,41.33081642264827,19.784250770844118,12772.274870610814
20_0,455,41.33038299999998,19.784457,12823.399304418674
22_0,1,41.314314,19.768009,0
22_0,2,41.31442200000001,19.768277,25.48306532082825
22_0,3,41.314582,19.768672,63.03791154530197
22_0,4,41.31482700000001,19.769276,120.45373081313613
22_0,5,41.31499699999999,19.769696,160.47648017999853
22_0,6,41.31518400000001,19.770161,204.65513483832615
22_0,7,41.315433,19.770776000000005,263.09498794649005
22_0,8,41.315813000000006,19.771714,352.2371521506369
22_0,9,41.31611,19.772449,422.06391403399664
22_0,10,41.316133999999984,19.77257,433.9311057639821
22_0,11,41.316176999999996,19.772681,445.2128455567423
22_0,12,41.316421,19.773337,506.74526344182493
22_0,13,41.31680699999999,19.774525000000004,615.4472594995193
22_0,14,41.316894,19.774798,640.259513578659
22_0,15,41.316916,19.774867,646.5306584496867
22_0,16,41.316977,19.775054,663.5864845168207
22_0,17,41.31704899999999,19.775283,684.3557692543765
22_0,18,41.317231,19.775839,735.1036454753331
22_0,19,41.317378000000005,19.776283,775.9510503700984
22_0,20,41.317425,19.776425,788.9325816735853
22_0,21,41.317669,19.777218,860.6413234061506
22_0,22,41.317784999999986,19.777594,894.6490684077562
22_0,23,41.318002,19.778283,957.1914414109162
22_0,24,41.318056999999996,19.778459,973.1393068031643
22_0,25,41.31826650197111,19.779136997788097,1034.5445669380238
22_0,26,41.31847599999998,19.779815,1095.8877203635523
22_0,27,41.31871499999999,19.780597,1166.5263237261292
22_0,28,41.31897500000001,19.781399,1239.601942634904
22_0,29,41.318976000000006,19.781399,1239.7129725069688
22_0,30,41.31902,19.781537,1252.2549049427507
22_0,31,41.319151,19.781955000000004,1290.1819744053064
22_0,32,41.31927199999999,19.782354,1326.181136055023
22_0,33,41.31953800305761,19.78319849650365,1402.806126563327
22_0,34,41.319804,19.784043,1479.4252153753805
22_0,35,41.31989999999999,19.78433,1505.7068177981748
22_0,36,41.31993200000001,19.784428,1514.6462216333766
22_0,37,41.320050999999985,19.784779,1546.9007845861531
22_0,38,41.320305999999995,19.78556,1618.1724475845854
22_0,39,41.320496,19.786115000000002,1669.194082978077
22_0,40,41.32063899999999,19.786534,1707.7334225905877
22_0,41,41.320656,19.786585,1712.4009594030515
22_0,42,41.320925,19.787366,1784.2768416807241
22_0,43,41.321013,19.787621,1807.7898879423942
22_0,44,41.321089,19.787862,1829.6560315415595
22_0,45,41.321299,19.788497000000003,1887.8117142800504
22_0,46,41.321385,19.788806,1915.382035121733
22_0,47,41.321417,19.789349,1960.9850203607214
22_0,48,41.32141099999999,19.789373,1963.101452798485
22_0,49,41.32141099999999,19.789548,1977.749343669175
22_0,50,41.321477999999985,19.789698,1992.3443724057704
22_0,51,41.32153100000001,19.789751,1999.7137824149645
22_0,52,41.321558,19.789769,2003.0688942814784
22_0,53,41.321799999999996,19.79014,2044.1338378170672
22_0,54,41.321895,19.79041,2069.099639341762
22_0,55,41.322026999999984,19.790855,2109.1264784286554
22_0,56,41.32220799999999,19.791494,2166.2672792062126
22_0,57,41.322233999999995,19.791591,2174.884228697333
22_0,58,41.322366999999986,19.792068,2217.4631608455975
22_0,59,41.322385,19.792126,2222.71309581766
22_0,60,41.322561,19.79273,2276.914298518508
22_0,61,41.322776000000005,19.793498,2345.5282808131556
22_0,62,41.322888,19.793893,2380.912391919879
22_0,63,41.32307899999999,19.794574,2441.729322580262
22_0,64,41.32332400000001,19.795444,2519.4728949674254
22_0,65,41.323351,19.79554,2528.0490667995164
22_0,66,41.323487,19.796022,2571.6221894987684
22_0,67,41.323514,19.796118,2580.50399586211
22_0,68,41.323766,19.797012,2660.4931957484605
22_0,69,41.32388599999998,19.797439,2698.635392656221
22_0,70,41.32411699999999,19.798239,2770.3566995578267
22_0,71,41.32427599999999,19.798788000000002,2819.5816936619235
22_0,72,41.324477,19.799466,2880.570916312572
22_0,73,41.32473199999998,19.800323,2957.774293471516
22_0,74,41.32510700638455,19.80154299287552,3068.0491379795953
22_0,75,41.325482,19.802763,3178.342616169745
22_0,76,41.32561100000001,19.803186,3216.5656299775114
22_0,77,41.325687999999985,19.803433,3238.9373537580877
22_0,78,41.32572099999999,19.803537,3248.381499860457
22_0,79,41.32580600000001,19.803807,3272.8710402615175
22_0,80,41.325944,19.80425,3313.1865856396203
22_0,81,41.326073999999984,19.804665,3350.8031786805927
22_0,82,41.32626599999999,19.80528,3406.518927983141
22_0,83,41.326285999999996,19.805348,3412.633216404047
22_0,84,41.326311000000004,19.805429,3419.958810157075
22_0,85,41.326322000000005,19.805463,3423.0554815220457
22_0,86,41.326582,19.806312,3499.7889752562833
22_0,87,41.32675699999999,19.806875,3550.763438123705
22_0,88,41.327011,19.807694,3624.89257141612
22_0,89,41.32703200000001,19.807761,3630.965546643041
22_0,90,41.327040999999994,19.80779,3633.590345953048
22_0,91,41.32705399999999,19.807833,3637.4678752556406
22_0,92,41.32707199999999,19.80789,3642.640177808552
22_0,93,41.32714199999999,19.808119,3663.322128275087
22_0,94,41.327245999999995,19.808454,3693.65232770272
22_0,95,41.327405999999996,19.808973,3740.6007843018688
22_0,96,41.327479,19.809211,3762.1058638389554
22_0,97,41.327608999999995,19.809622,3799.423623028316
22_0,98,41.327609,19.809624,3799.59101093074
22_0,99,41.327635,19.809705,3806.9592587690545
22_0,100,41.32777500000001,19.810162,3848.245271631721
22_0,101,41.328062,19.811094,3932.5387666298006
22_0,102,41.32815900000001,19.811417000000002,3961.638060704802
22_0,103,41.328182999999996,19.811514,3970.1824435172553
22_0,104,41.328251,19.811967,4008.87054137614
22_0,105,41.32826,19.812283,4035.3364260999747
22_0,106,41.328255999999996,19.812384,4043.8010854164904
22_0,107,41.32823299999999,19.812905,4087.544690664629
22_0,108,41.328204,19.813568,4143.133215997345
22_0,109,41.32819899999999,19.813659,4150.769496231246
22_0,110,41.328183,19.814009,4180.131283935445
22_0,111,41.32813000000001,19.815236,4282.993314520143
22_0,112,41.32811400000001,19.815589,4312.599623483124
22_0,113,41.328084999999994,19.816216,4365.201115697466
22_0,114,41.32781,19.816284,4396.260734270849
22_0,115,41.327641,19.816331,4415.432554891431
22_0,116,41.32730299999999,19.816419,4453.725499706977
22_0,117,41.326768,19.816571000000003,4514.473594879124
22_0,118,41.326663,19.8166,4526.381642751658
22_0,119,41.32606800000001,19.81677,4593.959813800971
22_0,120,41.325598,19.816902,4647.329222543768
22_0,121,41.325667,19.817346,4685.271869605333
22_0,122,41.32579800300499,19.81818049826034,4756.619606840717
22_0,123,41.325929,19.819015,4828.150204549735
22_0,124,41.32594299999999,19.819105000000004,4835.841547483835
22_0,125,41.32666100000001,19.818911000000003,4917.220583253168
22_0,126,41.326758000000005,19.818925,4928.077864155098
22_0,127,41.326915,19.81911,4951.398887474181
22_0,128,41.327113000000004,19.819280000000003,4977.585226329194
22_0,129,41.327158000000004,19.819404,4989.103393991481
22_0,130,41.327264,19.820624,5091.926508921931
22_0,131,41.327375,19.821888,5198.781211219719
22_0,132,41.327427,19.822489,5249.450661372843
22_0,133,41.32749999999999,19.822749,5274.678194304134
22_0,134,41.32756799999999,19.822622,5287.715842348804
22_0,135,41.32763599999999,19.822526,5298.741129229531
22_0,136,41.327685,19.822463,5306.58722416597
22_0,137,41.32783100000001,19.822331,5326.2040653387
22_0,138,41.32826099999999,19.822075,5378.670835921682
22_0,139,41.32860299999999,19.821889,5419.73647330533
22_0,140,41.32935700000001,19.821459,5510.873884634143
22_0,141,41.32941099999999,19.821428,5517.4067252140485
22_0,142,41.329989999999995,19.821092,5587.578490786198
22_0,143,41.330465000000004,19.82082,5645.021695958496
22_0,144,41.330617,19.820675,5665.80807557968
22_0,145,41.330726999999996,19.820778,5680.894120347661
22_0,146,41.330977999999995,19.821037,5716.6177556876455
22_0,147,41.33108,19.821146,5731.159715274668
22_0,148,41.331325,19.82141,5766.640717869363
22_0,149,41.331551999999995,19.821647,5798.712831442747
22_0,150,41.33174299999999,19.821833,5825.019748687146
22_0,151,41.331824999999995,19.821913,5836.321092114529
22_0,152,41.33210999999999,19.822166,5874.394704032797
22_0,153,41.33241,19.822392,5912.7019014239995
22_0,154,41.33275900000001,19.822627,5956.214363310197
22_0,155,41.333195999999994,19.822871,6008.858726182037
22_0,156,41.333459,19.823016,6040.59370272442
22_0,157,41.334197999999994,19.823424,6129.495731616227
22_0,158,41.334297,19.823481000000005,6141.478014561864
22_0,159,41.334457999999984,19.82357,6160.843265142225
22_0,160,41.334568,19.823629,6174.037511551408
22_0,161,41.335513,19.824153,6287.762219140174
22_0,162,41.336344000000004,19.824594,6387.134387504814
22_0,163,41.336676999999995,19.824778,6427.185191803042
22_0,164,41.33701500000001,19.82499,6468.695073427355
22_0,165,41.33718699999999,19.825104,6490.042254755917
22_0,166,41.33768400000001,19.825486,6553.881285833878
22_0,167,41.338085,19.825815,6606.2291144830015
22_0,168,41.33814100000001,19.825863,6613.631309024854
22_0,169,41.33820800000001,19.825923,6622.850783583561
22_0,170,41.338343,19.826159,6647.768070028365
22_0,171,41.338288999999996,19.826215,6655.7747157380945
22_0,172,41.338343,19.826159,6663.781361447824
22_0,173,41.338567000000005,19.826547,6704.6800052684575
22_0,174,41.33885499999999,19.827045,6757.352246014351
22_0,175,41.33888199999999,19.82709,6762.7898118072735
22_0,176,41.339142,19.827547,6810.732063124468
22_0,177,41.339476999999995,19.828155,6873.75580244009
22_0,178,41.339611999999995,19.828393,6898.681560643497
22_0,179,41.339937000000006,19.828954,6957.8956182829725
22_0,180,41.33999699999999,19.829117,6973.266720382745
22_0,181,41.34004999999999,19.829217,6983.4964567124125
22_0,182,41.340233999999995,19.829562,7018.968588043616
22_0,183,41.340326999999995,19.829751,7037.856028632874
22_0,184,41.34072100000001,19.830546,7117.480229841905
22_0,185,41.34104700000001,19.831216,7184.213690059272
22_0,186,41.341384001874765,19.831878996557172,7251.1690661182365
22_0,187,41.34172100000001,19.832542,7318.105762205876
22_0,188,41.34197199999999,19.833034000000005,7367.901255850897
22_0,189,41.342061,19.83321,7385.636110360298
22_0,190,41.342158,19.833403,7405.047141425894
22_0,191,41.342372999999995,19.833816,7447.048126677602
22_0,192,41.342403,19.833874,7452.934345296229
22_0,193,41.342426999999994,19.833922000000005,7457.754296395272
22_0,194,41.34265599999999,19.834374,7503.3270983022785
22_0,195,41.34274799999999,19.834554,7521.528928862005
22_0,196,41.343061999999996,19.835139,7581.688687035781
22_0,197,41.34317799999999,19.835319,7601.505847127488
22_0,198,41.343393,19.835626,7636.5739256668385
22_0,199,41.34387100000001,19.836311,7714.697158476998
22_0,200,41.343977,19.836462,7731.963992071335
22_0,201,41.34454800000001,19.837282000000002,7825.549968520805
22_0,202,41.344784,19.83762,7864.103902981883
22_0,203,41.34491599999999,19.837809,7885.664813873175
22_0,204,41.345078,19.83804,7912.118882759613
22_0,205,41.34521999999999,19.838245,7935.4165445597655
22_0,206,41.345268999999995,19.838399,7949.403309916134
22_0,207,41.345274,19.838427,7951.810969044932
22_0,208,41.34546500266781,19.839214497642615,8021.047225294136
22_0,209,41.345656,19.840002,8090.266613325004
22_0,210,41.34580299999999,19.840605,8143.341717859046
22_0,211,41.345887999999995,19.840954,8174.123462957338
22_0,212,41.345943999999996,19.841133,8190.339726462916
22_0,213,41.34600600000001,19.841241,8201.699405580128
22_0,214,41.346101,19.841541,8229.198714088581
22_0,215,41.34643900208275,19.84223949635832,8298.899094161128
22_0,216,41.346776999999996,19.842938,8368.52267480875
22_0,217,41.34684500000001,19.843078,8382.458644862083
22_0,218,41.347015000000006,19.84344,8418.14658306277
22_0,219,41.347118,19.84376,8447.261639142744
22_0,220,41.347174,19.84405,8472.31278889875
22_0,221,41.34718,19.844094,8476.053983545915
22_0,222,41.34723900000001,19.844427,8504.823816882606
22_0,223,41.347272,19.844622,8521.5454678907
22_0,224,41.34729,19.844855,8541.142324812583
22_0,225,41.347266000000005,19.845092,8561.209873128095
22_0,226,41.34719499999999,19.845371,8585.848431775728
22_0,227,41.34703099999999,19.845874,8631.730404618354
22_0,228,41.346949,19.846128,8654.850284064347
22_0,229,41.34687499999999,19.846341,8674.474448793228
22_0,230,41.346855999999995,19.846395,8679.460780576646
22_0,231,41.346727,19.846771,8714.04666858222
22_0,232,41.346631999999985,19.847034,8738.45033981279
22_0,233,41.34654700000001,19.847274,8760.689376485678
22_0,234,41.346418,19.847646,8794.951620949416
22_0,235,41.34622600000001,19.84819,8845.23311834359
22_0,236,41.346002000000006,19.848836,8904.76201850901
22_0,237,41.34568399999999,19.849762,8989.922349360755
22_0,238,41.34546600000001,19.850398,9048.393197859734
22_0,239,41.345423999999994,19.850518,9059.463707865567
22_0,240,41.345429,19.850539,9061.306399691843
22_0,241,41.34542888949897,19.85053853589546,9061.347123576601
22_1,1,41.34542888949897,19.85053853589546,0
22_1,2,41.345423999999994,19.850518,1.8019679415186078
22_1,3,41.34546600000001,19.850398,12.87247794735089
22_1,4,41.34568399999999,19.849762,71.34332644632933
22_1,5,41.346002000000006,19.848836,156.50365729807288
22_1,6,41.34622600000001,19.84819,216.03255746349282
22_1,7,41.346418,19.847646,266.3140548576686
22_1,8,41.34654700000001,19.847274,300.57629932140634
22_1,9,41.346631999999985,19.847034,322.81533599429383
22_1,10,41.346727,19.846771,347.2190072248644
22_1,11,41.34687499999999,19.846341,386.78857447417215
22_1,12,41.346879,19.84633,387.8104808465657
22_1,13,41.346949,19.846128,406.41290620842705
22_1,14,41.34703099999999,19.845874,429.5327856544203
22_1,15,41.34719499999999,19.845371,475.41475849704557
22_1,16,41.347266000000005,19.845092,500.05331714467866
22_1,17,41.34729,19.844855,520.1208654601915
22_1,18,41.347272,19.844622,539.7177223820743
22_1,19,41.34723900000001,19.844427,556.4393733901678
22_1,20,41.34718,19.844094,585.2092067268588
22_1,21,41.347174,19.84405,588.950401374024
22_1,22,41.347118,19.84376,614.0015511300304
22_1,23,41.347015000000006,19.84344,643.1166072100041
22_1,24,41.34684500000001,19.843078,678.8045454106897
22_1,25,41.346776999999996,19.842938,692.7405154640231
22_1,26,41.34643900208275,19.84223949635832,762.3640961116454
22_1,27,41.346101,19.841541,832.0644761841926
22_1,28,41.34600600000001,19.841241,859.563784692646
22_1,29,41.34599099999999,19.841104,871.1469118524482
22_1,30,41.345927999999994,19.840845,893.9183563932081
22_1,31,41.34569800384971,19.83989899659018,977.2177991210054
22_1,32,41.345468,19.838953,1060.387569823837
22_1,33,41.345296,19.838234,1123.523937715846
22_1,34,41.34521199999998,19.838095,1138.4318312875923
22_1,35,41.345147,19.838003,1148.9835394364875
22_1,36,41.344541,19.837129,1248.3669912347757
22_1,37,41.344246999999996,19.836716,1296.1379370844106
22_1,38,41.34402799999999,19.836402,1331.943213669969
22_1,39,41.343882,19.836193,1355.7882792154444
22_1,40,41.343594,19.835782,1402.7629316356144
22_1,41,41.343169,19.835174,1472.1518447521594
22_1,42,41.343111,19.835085,1482.38195224834
22_1,43,41.342948,19.834785,1513.3277998835974
22_1,44,41.342628,19.834158,1576.690961917743
22_1,45,41.342118000000006,19.833158,1677.7247769448113
22_1,46,41.342029,19.832982,1695.4596210278617
22_1,47,41.341908999999994,19.832751,1719.1080232639533
22_1,48,41.34178200000001,19.832502,1744.2661943591177
22_1,49,41.34169099999998,19.832325,1762.194843274759
22_1,50,41.341285,19.831540000000004,1841.9504753631895
22_1,51,41.34113599999999,19.831233,1872.5051076775765
22_1,52,41.34099899999999,19.830952,1900.5099387393661
22_1,53,41.340927999999984,19.830807,1914.9840227303034
22_1,54,41.340838,19.830617,1933.7621099443518
22_1,55,41.34080199999999,19.830543,1941.1321977309433
22_1,56,41.340779,19.830496,1945.821355063336
22_1,57,41.340737999999995,19.830414,1954.0555881034156
22_1,58,41.340654,19.830244,1971.065441286332
22_1,59,41.34026899999999,19.829467,2048.8823407870163
22_1,60,41.340106999999996,19.829172,2079.5478355184614
22_1,61,41.340054,19.829072,2089.7775660051047
22_1,62,41.33998,19.829004000000005,2099.771682018374
22_1,63,41.339937000000006,19.828954,2106.5654180732568
22_1,64,41.339611999999995,19.828393,2165.7794757127326
22_1,65,41.339476999999995,19.828155,2190.7052339161396
22_1,66,41.339142,19.827547,2253.7289732317613
22_1,67,41.33888199999999,19.82709,2301.671224548957
22_1,68,41.33885499999999,19.827045,2307.108790341879
22_1,69,41.338567000000005,19.826547,2359.781031087773
22_1,70,41.338343,19.826159,2400.6796749084065
22_1,71,41.33820800000001,19.825923,2425.5969613532106
22_1,72,41.33814100000001,19.825863,2434.816435911918
22_1,73,41.338134999999994,19.825858,2435.60310541716
22_1,74,41.338085,19.825815,2442.218702166566
22_1,75,41.33768400000001,19.825486,2494.566530815689
22_1,76,41.33718699999999,19.825104,2558.405561893649
22_1,77,41.33701500000001,19.82499,2579.752743222211
22_1,78,41.336676999999995,19.824778,2621.262624846524
22_1,79,41.336344000000004,19.824594,2661.313429144752
22_1,80,41.335513,19.824153,2760.6855975093918
22_1,81,41.334568,19.823629,2874.4103050981576
22_1,82,41.334457999999984,19.82357,2887.6045515073397
22_1,83,41.334297,19.823481000000005,2906.969802087701
22_1,84,41.334197999999994,19.823424,2918.952085033338
22_1,85,41.3336970003255,19.823147497918043,2979.1985109761713
22_1,86,41.333195999999994,19.822871,3039.446065606069
22_1,87,41.33306100000001,19.822796,3055.6960744526796
22_1,88,41.33275900000001,19.822627,3092.0917491250934
22_1,89,41.33241,19.822392,3135.6042110112908
22_1,90,41.33210999999999,19.822166,3173.911408402494
22_1,91,41.331824999999995,19.821913,3211.9850203207616
22_1,92,41.33174299999999,19.821833,3223.2863637481446
22_1,93,41.331551999999995,19.821647,3249.593280992543
22_1,94,41.331325,19.82141,3281.6653945659273
22_1,95,41.33108,19.821146,3317.1463971606227
22_1,96,41.330977999999995,19.821037,3331.6883567476452
22_1,97,41.330726999999996,19.820778,3367.4119920876296
22_1,98,41.330617,19.820675,3382.4980368556103
22_1,99,41.33059799999999,19.820379,3407.3599157234917
22_1,100,41.33061099999999,19.820037,3436.0200313990504
22_1,101,41.330549,19.819553,3477.10734142328
22_1,102,41.330498,19.819171,3509.5745427334123
22_1,103,41.330481,19.819044,3520.3694811329424
22_1,104,41.330332,19.817947,3613.678125310698
22_1,105,41.330302,19.81776,3629.6787564826004
22_1,106,41.330173,19.81692,3701.424834581136
22_1,107,41.330132,19.816764,3715.2514245658103
22_1,108,41.33006300000001,19.816622,3729.507468202258
22_1,109,41.329953999999994,19.816466,3747.3095989134754
22_1,110,41.3298,19.816329,3767.8964949279807
22_1,111,41.329330000000006,19.816102,3823.442155726188
22_1,112,41.32909699999999,19.816009,3850.4574826929174
22_1,113,41.32899,19.815995,3863.225852935302
22_1,114,41.32866200000001,19.816074,3900.273334483952
22_1,115,41.32840999999999,19.816056,3928.3417727839565
22_1,116,41.328326999999994,19.816032,3937.773564938243
22_1,117,41.328292000000005,19.815997,3942.925050637973
22_1,118,41.328261,19.815926,3949.7921089161073
22_1,119,41.32822,19.815685,3970.469446871563
22_1,120,41.328248,19.815061,4022.7915941423084
22_1,121,41.328247999999995,19.815055,4023.2937523834744
22_1,122,41.32826200000001,19.814736,4050.0370422257283
22_1,123,41.32830899999999,19.813666,4139.754742373942
22_1,124,41.328332,19.813142,4183.692565934075
22_1,125,41.32836599999999,19.81228,4255.973781904308
22_1,126,41.32836000000001,19.811944,4284.102500582041
22_1,127,41.32829400000001,19.81149,4322.829925220308
22_1,128,41.32826099999999,19.811359,4334.389743150161
22_1,129,41.328171999999995,19.811074,4360.208152483062
22_1,130,41.327932000000004,19.810307,4429.718337802918
22_1,131,41.327751,19.809719,4482.894596515594
22_1,132,41.327621,19.809301,4520.75299080111
22_1,133,41.32744000000001,19.808717,4573.606521765236
22_1,134,41.327278,19.808191,4621.165395510255
22_1,135,41.327166999999996,19.807839,4653.107248919623
22_1,136,41.327149999999996,19.807786,4657.927941963962
22_1,137,41.327127999999995,19.807715,4664.35270961345
22_1,138,41.327108,19.807648,4670.383920715175
22_1,139,41.327028999999996,19.807396,4693.253623556398
22_1,140,41.326836,19.806776,4749.3949173750225
22_1,141,41.326624001992094,19.806094497750813,4811.1036475021165
22_1,142,41.32641199999999,19.805413,4872.852674003453
22_1,143,41.326376999999994,19.805299,4883.154982845368
22_1,144,41.326355,19.80523,4889.430301731224
22_1,145,41.326302,19.805058,4904.982245054978
22_1,146,41.326165,19.804619,4944.753088039732
22_1,147,41.325974,19.804004,5000.425578957812
22_1,148,41.325927,19.803855,5014.517812547097
22_1,149,41.325907,19.80379,5020.393813165909
22_1,150,41.32581600000001,19.803499,5046.761988632098
22_1,151,41.325782999999994,19.803393,5056.360624585313
22_1,152,41.32570100000001,19.80313,5080.197577228607
22_1,153,41.32566099999999,19.803001,5091.872169548621
22_1,154,41.32526500721085,19.801704492003495,5208.961457987008
22_1,155,41.324869,19.800408,5326.045500311065
22_1,156,41.32458450381513,19.79946499582008,5411.072980698747
22_1,157,41.3243,19.798522,5496.092278043705
22_1,158,41.324152,19.798017,5541.4421031008405
22_1,159,41.323975000000004,19.797393,5597.24520480731
22_1,160,41.32385499999999,19.796966000000005,5635.423245176403
22_1,161,41.32376399999999,19.796644,5664.488128858021
22_1,162,41.32338499999999,19.795309,5783.92033468191
22_1,163,41.323131,19.794406,5864.636097482963
22_1,164,41.322832,19.793367,5957.744855079554
22_1,165,41.322719,19.792949,5994.9918940388925
22_1,166,41.32264399999999,19.79267,6019.78463005538
22_1,167,41.322540000000004,19.792286,6053.938043751115
22_1,168,41.322476,19.792039,6075.799241059944
22_1,169,41.32246399999999,19.791994,6079.794485499026
22_1,170,41.322333,19.791527,6121.507784254591
22_1,171,41.322272,19.79129,6142.535680850096
22_1,172,41.32209699999999,19.790615,6202.286334554017
22_1,173,41.322063,19.790485,6213.803743436902
22_1,174,41.32197699999999,19.790164,6242.340958598975
22_1,175,41.321913999999985,19.789702,6281.638615186339
22_1,176,41.321881,19.789592,6291.557373382481
22_1,177,41.321889999999996,19.789558,6294.57356763433
22_1,178,41.321895999999995,19.789392,6308.483996948089
22_1,179,41.321875,19.789312,6315.574457692501
22_1,180,41.321793,19.789187,6329.443817848129
22_1,181,41.321764,19.789166,6333.112217346625
22_1,182,41.321736,19.789145,6336.68355941432
22_1,183,41.321587,19.788914,6362.134754356746
22_1,184,41.32148699999999,19.788711,6382.463669790288
22_1,185,41.32141099999999,19.788536,6399.368248532431
22_1,186,41.32128199999999,19.788163,6433.729343395208
22_1,187,41.321104000000005,19.787698,6477.4690058151855
22_1,188,41.320909,19.787126,6530.032131651673
22_1,189,41.320907999999996,19.787126,6530.1431614274625
22_1,190,41.320694,19.786496,6587.987002432134
22_1,191,41.320406003113355,19.785643496185198,6666.208027552102
22_1,192,41.320117999999994,19.784791,6744.407066362171
22_1,193,41.31983100000001,19.78396,6820.970687368641
22_1,194,41.319590999999996,19.783218,6888.555136267688
22_1,195,41.319486,19.782882,6919.000491995518
22_1,196,41.31938900000001,19.782575,6946.863493923142
22_1,197,41.319115,19.781706,7025.726263922997
22_1,198,41.319058,19.781529,7041.837184928703
22_1,199,41.31899899999999,19.78134,7058.960127809478
22_1,200,41.318681999999995,19.780306,7152.399334749541
22_1,201,41.31851999999999,19.779794,7198.878246232462
22_1,202,41.318268002908226,19.778970496767595,7273.279390358962
22_1,203,41.318016,19.778147,7347.768636209169
22_1,204,41.31785899999999,19.777599,7396.840490528736
22_1,205,41.31776099999999,19.777291,7424.9640486080525
22_1,206,41.31743099999999,19.77625,7519.503194512841
22_1,207,41.317288,19.77581,7559.627220493986
22_1,208,41.31709699999999,19.775199,7615.199212821755
22_1,209,41.31705699999999,19.775071,7626.797812158679
22_1,210,41.316984,19.774836,7648.073579443244
22_1,211,41.316963,19.774768,7654.224768965336
22_1,212,41.31664,19.77377,7745.5973624613325
22_1,213,41.316479,19.773302,7788.658707444174
22_1,214,41.316171,19.772546,7860.84710625751
22_1,215,41.31611,19.772449,7871.502846433933
22_1,216,41.31572700000001,19.771502,7961.477243908053
22_1,217,41.315433,19.770776000000005,8030.468531783728
22_1,218,41.31518400000001,19.770161,8088.908384891893
22_1,219,41.31499699999999,19.769696,8133.087039550221
22_1,220,41.31482700000001,19.769276,8173.109788917083
22_1,221,41.314582,19.768672,8230.525608184917
22_1,222,41.31442200000001,19.768277,8268.08045440939
22_1,223,41.314311,19.768002,8294.236179485371
22_1,224,41.31419900000001,19.767724,8320.622132525059
22_1,225,41.31396300000001,19.767135,8376.507697871339
22_1,226,41.314226,19.766949,8409.600477749927
22_1,227,41.31424899999999,19.766933,8412.48410563318
22_1,228,41.314569,19.766706000000003,8452.78065143098
22_1,229,41.31426199999999,19.766016,8519.852465199829
22_1,230,41.314199,19.765989000000005,8527.20346551467
22_1,231,41.31410799999999,19.766038,8538.10810125681
22_1,232,41.313836,19.766242,8572.953230701243
22_1,233,41.313659,19.766374,8595.499131301665
22_1,234,41.313845999999984,19.766841,8639.769832097254
22_1,235,41.31396300000001,19.767135,8667.710388389354
22_1,236,41.31419900000001,19.767724,8723.595953735634
22_1,237,41.314311,19.768002,8749.981906775321
22_1,238,41.314314,19.768009,8750.655942309384
23_0,1,41.314314,19.768009,0
23_0,2,41.31442200000001,19.768277,25.483065320828253
23_0,3,41.314582,19.768672,63.03791154530197
23_0,4,41.31482700000001,19.769276,120.45373081313613
23_0,5,41.31499699999999,19.769696,160.47648017999853
23_0,6,41.31518400000001,19.770161,204.65513483832612
23_0,7,41.315433,19.770776000000005,263.09498794649005
23_0,8,41.315813000000006,19.771714,352.237152150637
23_0,9,41.31611,19.772449,422.0639140339966
23_0,10,41.316133999999984,19.77257,433.9311057639821
23_0,11,41.316176999999996,19.772681,445.2128455567423
23_0,12,41.316421,19.773337,506.7452634418249
23_0,13,41.31680699999999,19.774525000000004,615.4472594995193
23_0,14,41.316894,19.774798,640.259513578659
23_0,15,41.316916,19.774867,646.5306584496868
23_0,16,41.316977,19.775054,663.5864845168207
23_0,17,41.31704899999999,19.775283,684.3557692543765
23_0,18,41.317231,19.775839,735.1036454753331
23_0,19,41.317378000000005,19.776283,775.9510503700983
23_0,20,41.317425,19.776425,788.9325816735853
23_0,21,41.317669,19.777218,860.6413234061506
23_0,22,41.317784999999986,19.777594,894.6490684077562
23_0,23,41.318002,19.778283,957.1914414109162
23_0,24,41.318056999999996,19.778459,973.1393068031645
23_0,25,41.31826650197111,19.779136997788097,1034.5445669380238
23_0,26,41.31847599999998,19.779815,1095.8877203635523
23_0,27,41.31871499999999,19.780597,1166.5263237261292
23_0,28,41.31897500000001,19.781399,1239.601942634904
23_0,29,41.318976000000006,19.781399,1239.7129725069688
23_0,30,41.31902,19.781537,1252.2549049427507
23_0,31,41.319151,19.781955000000004,1290.1819744053064
23_0,32,41.31927199999999,19.782354,1326.181136055023
23_0,33,41.31953800305761,19.78319849650365,1402.8061265633269
23_0,34,41.319804,19.784043,1479.4252153753805
23_0,35,41.31989999999999,19.78433,1505.7068177981748
23_0,36,41.31993200000001,19.784428,1514.6462216333764
23_0,37,41.320050999999985,19.784779,1546.9007845861531
23_0,38,41.320305999999995,19.78556,1618.1724475845856
23_0,39,41.320496,19.786115000000002,1669.194082978077
23_0,40,41.32063899999999,19.786534,1707.733422590588
23_0,41,41.320656,19.786585,1712.4009594030517
23_0,42,41.320925,19.787366,1784.2768416807244
23_0,43,41.321013,19.787621,1807.7898879423942
23_0,44,41.321089,19.787862,1829.6560315415595
23_0,45,41.321299,19.788497000000003,1887.8117142800506
23_0,46,41.321385,19.788806,1915.3820351217332
23_0,47,41.321417,19.789349,1960.9850203607214
23_0,48,41.32141099999999,19.789373,1963.1014527984855
23_0,49,41.32141099999999,19.789548,1977.749343669175
23_0,50,41.321477999999985,19.789698,1992.3443724057702
23_0,51,41.32153100000001,19.789751,1999.7137824149645
23_0,52,41.321558,19.789769,2003.0688942814784
23_0,53,41.321799999999996,19.79014,2044.1338378170672
23_0,54,41.321895,19.79041,2069.099639341762
23_0,55,41.322026999999984,19.790855,2109.1264784286554
23_0,56,41.32220799999999,19.791494,2166.2672792062126
23_0,57,41.322233999999995,19.791591,2174.884228697333
23_0,58,41.322366999999986,19.792068,2217.4631608455975
23_0,59,41.322385,19.792126,2222.71309581766
23_0,60,41.322561,19.79273,2276.9142985185085
23_0,61,41.322776000000005,19.793498,2345.528280813156
23_0,62,41.322888,19.793893,2380.912391919879
23_0,63,41.32307899999999,19.794574,2441.729322580262
23_0,64,41.32332400000001,19.795444,2519.4728949674254
23_0,65,41.323351,19.79554,2528.0490667995164
23_0,66,41.323487,19.796022,2571.6221894987684
23_0,67,41.323514,19.796118,2580.50399586211
23_0,68,41.323766,19.797012,2660.4931957484605
23_0,69,41.32388599999998,19.797439,2698.635392656221
23_0,70,41.32411699999999,19.798239,2770.3566995578267
23_0,71,41.32427599999999,19.798788000000002,2819.5816936619235
23_0,72,41.324477,19.799466,2880.5709163125725
23_0,73,41.32473199999998,19.800323,2957.774293471516
23_0,74,41.32510700638455,19.80154299287552,3068.0491379795953
23_0,75,41.325482,19.802763,3178.342616169745
23_0,76,41.32561100000001,19.803186,3216.5656299775114
23_0,77,41.325687999999985,19.803433,3238.9373537580877
23_0,78,41.32572099999999,19.803537,3248.381499860457
23_0,79,41.32580600000001,19.803807,3272.8710402615175
23_0,80,41.325944,19.80425,3313.1865856396207
23_0,81,41.326073999999984,19.804665,3350.8031786805923
23_0,82,41.32626599999999,19.80528,3406.518927983141
23_0,83,41.326285999999996,19.805348,3412.633216404047
23_0,84,41.326311000000004,19.805429,3419.9588101570753
23_0,85,41.326322000000005,19.805463,3423.0554815220457
23_0,86,41.326582,19.806312,3499.7889752562837
23_0,87,41.32675699999999,19.806875,3550.763438123705
23_0,88,41.327011,19.807694,3624.89257141612
23_0,89,41.32703200000001,19.807761,3630.965546643041
23_0,90,41.327040999999994,19.80779,3633.590345953048
23_0,91,41.32705399999999,19.807833,3637.4678752556406
23_0,92,41.32707199999999,19.80789,3642.640177808553
23_0,93,41.32714199999999,19.808119,3663.322128275087
23_0,94,41.327245999999995,19.808454,3693.65232770272
23_0,95,41.327405999999996,19.808973,3740.6007843018688
23_0,96,41.327479,19.809211,3762.105863838956
23_0,97,41.327608999999995,19.809622,3799.4236230283163
23_0,98,41.327609,19.809624,3799.59101093074
23_0,99,41.327635,19.809705,3806.959258769055
23_0,100,41.32777500000001,19.810162,3848.245271631721
23_0,101,41.328062,19.811094,3932.5387666298006
23_0,102,41.32815900000001,19.811417000000002,3961.638060704802
23_0,103,41.328182999999996,19.811514,3970.1824435172553
23_0,104,41.328251,19.811967,4008.870541376139
23_0,105,41.32826,19.812283,4035.3364260999747
23_0,106,41.328255999999996,19.812384,4043.8010854164904
23_0,107,41.32823299999999,19.812905,4087.544690664629
23_0,108,41.328204,19.813568,4143.133215997345
23_0,109,41.32819899999999,19.813659,4150.769496231246
23_0,110,41.328183,19.814009,4180.131283935445
23_0,111,41.32813000000001,19.815236,4282.993314520143
23_0,112,41.32811400000001,19.815589,4312.599623483124
23_0,113,41.328084999999994,19.816216,4365.201115697466
23_0,114,41.32781,19.816284,4396.260734270849
23_0,115,41.327641,19.816331,4415.432554891431
23_0,116,41.32730299999999,19.816419,4453.725499706977
23_0,117,41.326768,19.816571000000003,4514.473594879124
23_0,118,41.326663,19.8166,4526.381642751658
23_0,119,41.32606800000001,19.81677,4593.959813800971
23_0,120,41.325598,19.816902,4647.329222543768
23_0,121,41.325667,19.817346,4685.271869605333
23_0,122,41.32579800300499,19.81818049826034,4756.619606840717
23_0,123,41.325929,19.819015,4828.150204549735
23_0,124,41.32594299999999,19.819105000000004,4835.841547483835
23_0,125,41.32666100000001,19.818911000000003,4917.220583253167
23_0,126,41.326758000000005,19.818925,4928.077864155099
23_0,127,41.326915,19.81911,4951.398887474181
23_0,128,41.327113000000004,19.819280000000003,4977.585226329194
23_0,129,41.327158000000004,19.819404,4989.103393991481
23_0,130,41.327264,19.820624,5091.926508921931
23_0,131,41.327375,19.821888,5198.781211219719
23_0,132,41.327427,19.822489,5249.450661372843
23_0,133,41.32749999999999,19.822749,5274.678194304134
23_0,134,41.32756799999999,19.822622,5287.715842348804
23_0,135,41.32763599999999,19.822526,5298.741129229532
23_0,136,41.327685,19.822463,5306.58722416597
23_0,137,41.32783100000001,19.822331,5326.2040653387
23_0,138,41.32826099999999,19.822075,5378.670835921682
23_0,139,41.32860299999999,19.821889,5419.73647330533
23_0,140,41.32935700000001,19.821459,5510.873884634143
23_0,141,41.32941099999999,19.821428,5517.4067252140485
23_0,142,41.329989999999995,19.821092,5587.578490786198
23_0,143,41.330465000000004,19.82082,5645.021695958496
23_0,144,41.330617,19.820675,5665.80807557968
23_0,145,41.330726999999996,19.820778,5680.89412034766
23_0,146,41.330977999999995,19.821037,5716.6177556876455
23_0,147,41.33108,19.821146,5731.159715274668
23_0,148,41.331325,19.82141,5766.640717869363
23_0,149,41.331551999999995,19.821647,5798.712831442746
23_0,150,41.33174299999999,19.821833,5825.019748687146
23_0,151,41.331824999999995,19.821913,5836.32109211453
23_0,152,41.33210999999999,19.822166,5874.394704032797
23_0,153,41.33241,19.822392,5912.7019014239995
23_0,154,41.33275900000001,19.822627,5956.214363310198
23_0,155,41.333195999999994,19.822871,6008.858726182037
23_0,156,41.333459,19.823016,6040.593702724419
23_0,157,41.334197999999994,19.823424,6129.495731616227
23_0,158,41.334297,19.823481000000005,6141.478014561863
23_0,159,41.334457999999984,19.82357,6160.843265142225
23_0,160,41.334568,19.823629,6174.037511551408
23_0,161,41.335513,19.824153,6287.762219140174
23_0,162,41.336344000000004,19.824594,6387.134387504815
23_0,163,41.336676999999995,19.824778,6427.185191803042
23_0,164,41.33701500000001,19.82499,6468.695073427356
23_0,165,41.33718699999999,19.825104,6490.042254755917
23_0,166,41.33768400000001,19.825486,6553.881285833879
23_0,167,41.338085,19.825815,6606.2291144830015
23_0,168,41.33814100000001,19.825863,6613.631309024853
23_0,169,41.33820800000001,19.825923,6622.85078358356
23_0,170,41.338343,19.826159,6647.768070028365
23_0,171,41.338288999999996,19.826215,6655.7747157380945
23_0,172,41.338343,19.826159,6663.781361447823
23_0,173,41.338567000000005,19.826547,6704.6800052684575
23_0,174,41.33885499999999,19.827045,6757.352246014351
23_0,175,41.33888199999999,19.82709,6762.789811807273
23_0,176,41.339142,19.827547,6810.732063124468
23_0,177,41.339476999999995,19.828155,6873.755802440089
23_0,178,41.339611999999995,19.828393,6898.681560643497
23_0,179,41.339937000000006,19.828954,6957.8956182829725
23_0,180,41.33999699999999,19.829117,6973.266720382745
23_0,181,41.34004999999999,19.829217,6983.496456712413
23_0,182,41.340233999999995,19.829562,7018.968588043616
23_0,183,41.340326999999995,19.829751,7037.856028632874
23_0,184,41.34072100000001,19.830546,7117.480229841906
23_0,185,41.34104700000001,19.831216,7184.213690059272
23_0,186,41.341384001874765,19.831878996557172,7251.169066118237
23_0,187,41.34172100000001,19.832542,7318.105762205875
23_0,188,41.34197199999999,19.833034000000005,7367.901255850897
23_0,189,41.342061,19.83321,7385.636110360297
23_0,190,41.342158,19.833403,7405.047141425893
23_0,191,41.342372999999995,19.833816,7447.048126677602
23_0,192,41.342403,19.833874,7452.934345296229
23_0,193,41.342426999999994,19.833922000000005,7457.754296395273
23_0,194,41.34265599999999,19.834374,7503.327098302278
23_0,195,41.34274799999999,19.834554,7521.528928862004
23_0,196,41.343061999999996,19.835139,7581.688687035781
23_0,197,41.34317799999999,19.835319,7601.505847127488
23_0,198,41.343393,19.835626,7636.573925666838
23_0,199,41.34387100000001,19.836311,7714.697158476998
23_0,200,41.343977,19.836462,7731.963992071335
23_0,201,41.34454800000001,19.837282000000002,7825.549968520805
23_0,202,41.344784,19.83762,7864.103902981883
23_0,203,41.34491599999999,19.837809,7885.664813873175
23_0,204,41.345078,19.83804,7912.118882759613
23_0,205,41.34521999999999,19.838245,7935.4165445597655
23_0,206,41.345268999999995,19.838399,7949.403309916134
23_0,207,41.345274,19.838427,7951.810969044932
23_0,208,41.34546500266781,19.839214497642615,8021.047225294137
23_0,209,41.345656,19.840002,8090.266613325005
23_0,210,41.34580299999999,19.840605,8143.341717859046
23_0,211,41.345887999999995,19.840954,8174.123462957338
23_0,212,41.345943999999996,19.841133,8190.339726462916
23_0,213,41.34600600000001,19.841241,8201.699405580128
23_0,214,41.34620600000001,19.841464,8230.968445465332
23_0,215,41.346501,19.841961,8283.902408979586
23_0,216,41.34660600000001,19.842108,8300.865958983408
23_0,217,41.34679499999999,19.842304,8328.107700029994
23_0,218,41.346898999999986,19.842381,8341.330383422996
23_0,219,41.347414,19.84268,8403.87795165979
23_0,220,41.347826999999995,19.842894,8453.153758878252
23_0,221,41.34808699999999,19.843041,8485.404425659688
23_0,222,41.348611,19.843338,8548.770469577648
23_0,223,41.34873399999999,19.843408,8563.62988564783
23_0,224,41.349035,19.843587,8600.295546266261
23_0,225,41.34937800000001,19.843734,8640.328208202995
23_0,226,41.34962999999999,19.843775,8668.517017296015
23_0,227,41.349865,19.843792,8694.95957236207
23_0,228,41.350077,19.843827,8718.679175233314
23_0,229,41.350138,19.843837,8725.50342694217
23_0,230,41.350464,19.843984,8763.80529715179
23_0,231,41.350426,19.844103000000004,8774.618409798353
23_0,232,41.35041799999999,19.844174,8780.624606838648
23_0,233,41.35044599999999,19.84436,8796.587653816601
23_0,234,41.350483,19.84444,8804.44094863022
23_0,235,41.350564,19.844534,8816.387891956001
23_0,236,41.350662,19.844582,8827.986167395558
23_0,237,41.350764999999996,19.844582,8839.422158288731
23_0,238,41.350903,19.844496,8856.349443304216
23_0,239,41.35098399999999,19.844349,8871.776390521565
23_0,240,41.351109,19.844429,8887.184620991839
23_0,241,41.351203999999996,19.844494,8899.05172941994
23_0,242,41.351601,19.844756,8948.317481036836
23_0,243,41.351864,19.844947,8981.60445810043
23_0,244,41.351909,19.844979,8987.272830667749
23_0,245,41.352203,19.845185,9024.2425744644
23_0,246,41.35236799999999,19.845293,9044.669384177303
23_0,247,41.352507,19.845387,9061.99058815932
23_0,248,41.35275399999999,19.845539,9092.41700623943
23_0,249,41.35350600000001,19.846015,9184.962510821038
23_0,250,41.35448499999999,19.846439,9299.437933317544
23_0,251,41.354693,19.846527,9323.67702628816
23_0,252,41.355001,19.846657,9359.886637198788
23_0,253,41.355449,19.846848,9412.18042738717
23_0,254,41.355707999999986,19.846957,9442.348095813053
23_0,255,41.355945000000006,19.847051,9469.822127184449
23_0,256,41.35626,19.847183,9506.78428820494
23_0,257,41.356445,19.847258,9528.263259820145
23_0,258,41.356624,19.847332,9549.079291813723
23_0,259,41.356883999999994,19.847439000000005,9579.302793556333
23_0,260,41.35730699999999,19.847612000000005,9628.616454231917
23_0,261,41.357298,19.847643,9631.39562711291
23_0,262,41.35730699999999,19.847612000000005,9634.174799993903
23_0,263,41.35745000000001,19.847672,9650.82645831843
23_0,264,41.35775399999999,19.847829000000004,9687.06219677923
23_0,265,41.357977999999996,19.84795,9713.913671071205
23_0,266,41.35820499999999,19.848087,9741.612189613472
23_0,267,41.35840799999999,19.848277,9769.19170812779
23_0,268,41.35851699999999,19.848408,9785.51820538879
23_0,269,41.358921,19.849025,9853.906137309132
23_0,270,41.359407999999995,19.849826,9940.028062172218
23_0,271,41.359693000000014,19.850291,9990.244829311994
23_0,272,41.359628,19.850343000000002,9998.885047623025
23_0,273,41.359693000000014,19.850291,10007.525265934057
23_0,274,41.35978500000001,19.850445,10023.965963242636
23_0,275,41.36008199999999,19.85094,10076.924863453332
23_0,276,41.36039900000001,19.851345,10125.803384449891
23_0,277,41.36050399999999,19.851453,10140.552258738302
23_0,278,41.360586,19.85151,10150.829646123218
23_0,279,41.360938999999995,19.851652,10191.839256820433
23_0,280,41.361504,19.851854,10256.809533166102
23_0,281,41.36151900000001,19.851859,10258.526684939072
23_0,282,41.361613999999996,19.851892,10269.429681875654
23_0,283,41.36172599999999,19.851925,10282.167642603112
23_0,284,41.36193299999999,19.851986,10305.743444264028
23_0,285,41.362058999999995,19.852024,10320.720248745098
23_0,286,41.362489,19.852168,10369.980193826808
23_0,287,41.362763,19.85226,10401.36043379636
23_0,288,41.363642000000006,19.852556,10502.04719393638
23_0,289,41.364557,19.852877000000003,10607.12739095432
23_0,290,41.365124,19.853077,10672.267460219062
23_0,291,41.365317000000005,19.85315,10694.549069917417
23_0,292,41.365517999999994,19.853227,10717.776725208238
23_0,293,41.36621750035308,19.853510997034856,10799.200098141526
23_0,294,41.366916999999994,19.853795,10880.425796412987
23_0,295,41.36737999999999,19.853983,10934.257473858774
23_0,296,41.367930000218664,19.854206498165045,10998.260715609851
23_0,297,41.36847999999999,19.85443,11062.241778859347
23_0,298,41.368812,19.854558,11100.626698173373
23_0,299,41.369454,19.854806,11175.026364517269
23_0,300,41.369872830144274,19.854982928246635,11223.826522189614
23_1,1,41.369872830144274,19.854982928246635,0
23_1,2,41.36987299999999,19.854983,0.01979081219724855
23_1,3,41.369454,19.854806,48.83973929674014
23_1,4,41.368812,19.854558,123.23940564063525
23_1,5,41.36847999999999,19.85443,161.62432495466157
23_1,6,41.367766500368134,19.854139996911293,245.38934774859342
23_1,7,41.367053,19.85385,328.8259760590532
23_1,8,41.366916999999994,19.853795,344.6111636292641
23_1,9,41.36621750035308,19.853510997034856,425.8368619007256
23_1,10,41.365517999999994,19.853227,507.26023483401445
23_1,11,41.365317000000005,19.85315,530.4878901248353
23_1,12,41.365124,19.853077,552.7694998231897
23_1,13,41.364557,19.852877000000003,617.9095690879312
23_1,14,41.363642000000006,19.852556,722.989766105871
23_1,15,41.362763,19.85226,823.6765262458905
23_1,16,41.362489,19.852168,855.0567662154426
23_1,17,41.362058999999995,19.852024,904.316711297154
23_1,18,41.36193299999999,19.851986,919.2935157782241
23_1,19,41.36172599999999,19.851925,942.8693174391404
23_1,20,41.361613999999996,19.851892,955.6072781665987
23_1,21,41.361504,19.851854,968.2273538648127
23_1,22,41.36152999999999,19.851751,977.3140278187971
23_1,23,41.361504,19.851854,986.4007017727814
23_1,24,41.360938999999995,19.851652,1051.370978118452
23_1,25,41.360586,19.85151,1092.3805888156662
23_1,26,41.36050399999999,19.851453,1102.6579762005836
23_1,27,41.36039900000001,19.851345,1117.406850488994
23_1,28,41.36008199999999,19.85094,1166.2853714855535
23_1,29,41.35978500000001,19.850445,1219.2442716962507
23_1,30,41.359693000000014,19.850291,1235.684969004829
23_1,31,41.359653,19.850226,1242.7055944958458
23_1,32,41.359407999999995,19.849826,1285.9136439427218
23_1,33,41.358921,19.849025,1372.035568805807
23_1,34,41.35851699999999,19.848408,1440.4235007261502
23_1,35,41.35840799999999,19.848277,1456.7499979871502
23_1,36,41.35820499999999,19.848087,1484.3295165014686
23_1,37,41.357977999999996,19.84795,1512.0280350437363
23_1,38,41.35775399999999,19.847829000000004,1538.879509335711
23_1,39,41.35745000000001,19.847672,1575.1152477965113
23_1,40,41.35730699999999,19.847612000000005,1591.7669061210377
23_1,41,41.357245999999996,19.847587,1598.8552318984043
23_1,42,41.356883999999994,19.847439000000005,1641.108940399654
23_1,43,41.356624,19.847332,1671.332442142265
23_1,44,41.356445,19.847258,1692.148474135843
23_1,45,41.35626,19.847183,1713.6274457510478
23_1,46,41.355945000000006,19.847051,1750.5896067715391
23_1,47,41.355707999999986,19.846957,1778.0636381429351
23_1,48,41.355449,19.846848,1808.2313065688193
23_1,49,41.354994,19.846654,1861.341059088876
23_1,50,41.354693,19.846527,1896.741454115496
23_1,51,41.35448499999999,19.846439,1920.9805470861122
23_1,52,41.35350600000001,19.846015,2035.4559695826167
23_1,53,41.35275399999999,19.845539,2128.001474164225
23_1,54,41.352507,19.845387,2158.427892244334
23_1,55,41.35236799999999,19.845293,2175.7490962263514
23_1,56,41.352288,19.84524,2185.676667050971
23_1,57,41.35236799999999,19.845293,2195.6042378755906
23_1,58,41.351677246813566,19.84482441094402,2281.7611187601065
23_1,59,41.350986491766236,19.84435583167315,2367.9152279128057
23_1,60,41.35100749773869,19.844065808971013,2392.4243663328543
23_1,61,41.350949265738066,19.843923997612283,2405.9360874987697
23_1,62,41.35084075301321,19.843836641733226,2420.1181222305913
23_1,63,41.35073311961232,19.843799612138973,2432.4635951542678
23_1,64,41.35064168341721,19.843812389545057,2442.67179713279
23_1,65,41.35054674969438,19.843867634622214,2454.1810602450955
23_1,66,41.35046382800946,19.843983919784574,2467.5756444795115
23_1,67,41.34959779604499,19.843751505643525,2565.8872568801503
23_1,68,41.349163266541694,19.84365206635537,2614.904503263985
23_1,69,41.34873399999999,19.843408,2666.7572439787014
23_1,70,41.349035,19.843587,2703.422904597133
23_1,71,41.34937800000001,19.843734,2743.4555665338653
23_1,72,41.34962999999999,19.843775,2771.644375626886
23_1,73,41.349865,19.843792,2798.0869306929403
23_1,74,41.350138,19.843837,2828.6307833073765
23_1,75,41.350359,19.843937,2854.555331863872
23_1,76,41.350138,19.843837,2880.479880420368
23_1,77,41.349865,19.843792,2911.023733034804
23_1,78,41.34962999999999,19.843775,2937.4662881008585
23_1,79,41.34937800000001,19.843734,2965.6550971938786
23_1,80,41.349035,19.843587,3005.6877591306115
23_1,81,41.34873399999999,19.843408,3042.353419749043
23_1,82,41.348611,19.843338,3057.212835819224
23_1,83,41.34808699999999,19.843041,3120.578879737185
23_1,84,41.347826999999995,19.842894,3152.8295465186206
23_1,85,41.347414,19.84268,3202.1053537370835
23_1,86,41.346898999999986,19.842381,3264.6529219738777
23_1,87,41.34679499999999,19.842304,3277.875605366879
23_1,88,41.34660600000001,19.842108,3305.117346413466
23_1,89,41.346501,19.841961,3322.0808964172884
23_1,90,41.34620600000001,19.841464,3375.014859931542
23_1,91,41.34600600000001,19.841241,3404.283899816747
23_1,92,41.34599099999999,19.841104,3415.86702697655
23_1,93,41.345927999999994,19.840845,3438.6384715173094
23_1,94,41.34569800384971,19.83989899659018,3521.9379142451066
23_1,95,41.345468,19.838953,3605.107684947938
23_1,96,41.345296,19.838234,3668.244052839947
23_1,97,41.34521199999998,19.838095,3683.151946411693
23_1,98,41.345147,19.838003,3693.703654560589
23_1,99,41.344541,19.837129,3793.087106358877
23_1,100,41.344246999999996,19.836716,3840.858052208512
23_1,101,41.34402799999999,19.836402,3876.6633287940713
23_1,102,41.343882,19.836193,3900.508394339546
23_1,103,41.343594,19.835782,3947.4830467597158
23_1,104,41.343169,19.835174,4016.871959876261
23_1,105,41.343111,19.835085,4027.1020673724415
23_1,106,41.342948,19.834785,4058.047915007699
23_1,107,41.342628,19.834158,4121.411077041845
23_1,108,41.342118000000006,19.833158,4222.444892068913
23_1,109,41.342029,19.832982,4240.179736151963
23_1,110,41.341908999999994,19.832751,4263.828138388055
23_1,111,41.34178200000001,19.832502,4288.986309483219
23_1,112,41.34169099999998,19.832325,4306.91495839886
23_1,113,41.341285,19.831540000000004,4386.670590487291
23_1,114,41.34113599999999,19.831233,4417.225222801678
23_1,115,41.34099899999999,19.830952,4445.230053863467
23_1,116,41.340927999999984,19.830807,4459.7041378544045
23_1,117,41.340838,19.830617,4478.482225068453
23_1,118,41.34080199999999,19.830543,4485.852312855044
23_1,119,41.340779,19.830496,4490.541470187437
23_1,120,41.340737999999995,19.830414,4498.775703227517
23_1,121,41.340654,19.830244,4515.785556410433
23_1,122,41.34026899999999,19.829467,4593.602455911117
23_1,123,41.340106999999996,19.829172,4624.267950642563
23_1,124,41.340054,19.829072,4634.497681129206
23_1,125,41.33998,19.829004000000005,4644.491797142476
23_1,126,41.339937000000006,19.828954,4651.285533197358
23_1,127,41.339611999999995,19.828393,4710.499590836834
23_1,128,41.339476999999995,19.828155,4735.425349040241
23_1,129,41.339142,19.827547,4798.449088355862
23_1,130,41.33888199999999,19.82709,4846.391339673058
23_1,131,41.33885499999999,19.827045,4851.828905465979
23_1,132,41.338567000000005,19.826547,4904.501146211873
23_1,133,41.338343,19.826159,4945.399790032507
23_1,134,41.33820800000001,19.825923,4970.317076477311
23_1,135,41.33814100000001,19.825863,4979.536551036018
23_1,136,41.338134999999994,19.825858,4980.3232205412605
23_1,137,41.338085,19.825815,4986.9388172906665
23_1,138,41.33768400000001,19.825486,5039.28664593979
23_1,139,41.33718699999999,19.825104,5103.125677017751
23_1,140,41.33701500000001,19.82499,5124.472858346313
23_1,141,41.336676999999995,19.824778,5165.982739970626
23_1,142,41.336344000000004,19.824594,5206.033544268854
23_1,143,41.335513,19.824153,5305.405712633494
23_1,144,41.334568,19.823629,5419.13042022226
23_1,145,41.334457999999984,19.82357,5432.324666631443
23_1,146,41.334297,19.823481000000005,5451.689917211804
23_1,147,41.334197999999994,19.823424,5463.672200157441
23_1,148,41.3336970003255,19.823147497918043,5523.918626100274
23_1,149,41.333195999999994,19.822871,5584.166180730172
23_1,150,41.33306100000001,19.822796,5600.416189576782
23_1,151,41.33275900000001,19.822627,5636.811864249196
23_1,152,41.33241,19.822392,5680.324326135394
23_1,153,41.33210999999999,19.822166,5718.6315235265965
23_1,154,41.331824999999995,19.821913,5756.705135444864
23_1,155,41.33174299999999,19.821833,5768.0064788722475
23_1,156,41.331551999999995,19.821647,5794.313396116647
23_1,157,41.331325,19.82141,5826.385509690031
23_1,158,41.33108,19.821146,5861.866512284725
23_1,159,41.330977999999995,19.821037,5876.408471871748
23_1,160,41.330726999999996,19.820778,5912.132107211733
23_1,161,41.330617,19.820675,5927.218151979713
23_1,162,41.33059799999999,19.820379,5952.080030847594
23_1,163,41.33061099999999,19.820037,5980.740146523153
23_1,164,41.330549,19.819553,6021.827456547384
23_1,165,41.330498,19.819171,6054.294657857516
23_1,166,41.330481,19.819044,6065.089596257047
23_1,167,41.330332,19.817947,6158.398240434802
23_1,168,41.330302,19.81776,6174.398871606704
23_1,169,41.330173,19.81692,6246.144949705241
23_1,170,41.330132,19.816764,6259.971539689915
23_1,171,41.33006300000001,19.816622,6274.227583326362
23_1,172,41.329953999999994,19.816466,6292.02971403758
23_1,173,41.3298,19.816329,6312.616610052085
23_1,174,41.329330000000006,19.816102,6368.162270850292
23_1,175,41.32909699999999,19.816009,6395.177597817022
23_1,176,41.32899,19.815995,6407.945968059406
23_1,177,41.32866200000001,19.816074,6444.993449608057
23_1,178,41.32840999999999,19.816056,6473.06188790806
23_1,179,41.328326999999994,19.816032,6482.493680062347
23_1,180,41.328292000000005,19.815997,6487.645165762078
23_1,181,41.328261,19.815926,6494.512224040212
23_1,182,41.32822,19.815685,6515.189561995669
23_1,183,41.328248,19.815061,6567.511709266412
23_1,184,41.328247999999995,19.815055,6568.01386750758
23_1,185,41.32826200000001,19.814736,6594.7571573498335
23_1,186,41.32830899999999,19.813666,6684.474857498047
23_1,187,41.328332,19.813142,6728.41268105818
23_1,188,41.32836599999999,19.81228,6800.6938970284145
23_1,189,41.32836000000001,19.811944,6828.822615706145
23_1,190,41.32829400000001,19.81149,6867.550040344412
23_1,191,41.32826099999999,19.811359,6879.109858274267
23_1,192,41.328171999999995,19.811074,6904.928267607166
23_1,193,41.327932000000004,19.810307,6974.438452927023
23_1,194,41.327751,19.809719,7027.614711639698
23_1,195,41.327621,19.809301,7065.473105925215
23_1,196,41.32744000000001,19.808717,7118.326636889341
23_1,197,41.327278,19.808191,7165.885510634361
23_1,198,41.327166999999996,19.807839,7197.827364043728
23_1,199,41.327149999999996,19.807786,7202.648057088067
23_1,200,41.327127999999995,19.807715,7209.072824737556
23_1,201,41.327108,19.807648,7215.10403583928
23_1,202,41.327028999999996,19.807396,7237.973738680504
23_1,203,41.326836,19.806776,7294.115032499128
23_1,204,41.326624001992094,19.806094497750813,7355.823762626222
23_1,205,41.32641199999999,19.805413,7417.572789127558
23_1,206,41.326376999999994,19.805299,7427.875097969472
23_1,207,41.326355,19.80523,7434.15041685533
23_1,208,41.326302,19.805058,7449.702360179083
23_1,209,41.326165,19.804619,7489.473203163837
23_1,210,41.325974,19.804004,7545.145694081917
23_1,211,41.325927,19.803855,7559.237927671202
23_1,212,41.325907,19.80379,7565.113928290014
23_1,213,41.32581600000001,19.803499,7591.482103756203
23_1,214,41.325782999999994,19.803393,7601.080739709418
23_1,215,41.32570100000001,19.80313,7624.917692352712
23_1,216,41.32566099999999,19.803001,7636.592284672726
23_1,217,41.32526500721085,19.801704492003495,7753.681573111113
23_1,218,41.324869,19.800408,7870.765615435169
23_1,219,41.32458450381513,19.79946499582008,7955.793095822852
23_1,220,41.3243,19.798522,8040.812393167811
23_1,221,41.324152,19.798017,8086.162218224946
23_1,222,41.323975000000004,19.797393,8141.965319931415
23_1,223,41.32385499999999,19.796966000000005,8180.143360300508
23_1,224,41.32376399999999,19.796644,8209.208243982126
23_1,225,41.32338499999999,19.795309,8328.640449806016
23_1,226,41.323131,19.794406,8409.356212607068
23_1,227,41.322832,19.793367,8502.464970203659
23_1,228,41.322719,19.792949,8539.712009162999
23_1,229,41.32264399999999,19.79267,8564.504745179485
23_1,230,41.322540000000004,19.792286,8598.658158875221
23_1,231,41.322476,19.792039,8620.51935618405
23_1,232,41.32246399999999,19.791994,8624.514600623132
23_1,233,41.322333,19.791527,8666.227899378697
23_1,234,41.322272,19.79129,8687.255795974203
23_1,235,41.32209699999999,19.790615,8747.006449678123
23_1,236,41.322063,19.790485,8758.523858561008
23_1,237,41.32197699999999,19.790164,8787.06107372308
23_1,238,41.321913999999985,19.789702,8826.358730310445
23_1,239,41.321881,19.789592,8836.277488506586
23_1,240,41.321889999999996,19.789558,8839.293682758434
23_1,241,41.321895999999995,19.789392,8853.204112072193
23_1,242,41.321875,19.789312,8860.294572816605
23_1,243,41.321793,19.789187,8874.163932972233
23_1,244,41.321764,19.789166,8877.832332470729
23_1,245,41.321736,19.789145,8881.403674538424
23_1,246,41.321587,19.788914,8906.85486948085
23_1,247,41.32148699999999,19.788711,8927.183784914392
23_1,248,41.32141099999999,19.788536,8944.088363656536
23_1,249,41.32128199999999,19.788163,8978.449458519313
23_1,250,41.321104000000005,19.787698,9022.18912093929
23_1,251,41.320909,19.787126,9074.752246775777
23_1,252,41.320907999999996,19.787126,9074.863276551567
23_1,253,41.320694,19.786496,9132.707117556238
23_1,254,41.320406003113355,19.785643496185198,9210.928142676206
23_1,255,41.320117999999994,19.784791,9289.127181486276
23_1,256,41.31983100000001,19.78396,9365.690802492747
23_1,257,41.319590999999996,19.783218,9433.275251391793
23_1,258,41.319486,19.782882,9463.720607119623
23_1,259,41.31938900000001,19.782575,9491.583609047248
23_1,260,41.319115,19.781706,9570.446379047102
23_1,261,41.319058,19.781529,9586.55730005281
23_1,262,41.31899899999999,19.78134,9603.680242933586
23_1,263,41.318681999999995,19.780306,9697.119449873648
23_1,264,41.31851999999999,19.779794,9743.598361356568
23_1,265,41.318268002908226,19.778970496767595,9817.999505483069
23_1,266,41.318016,19.778147,9892.488751333274
23_1,267,41.31785899999999,19.777599,9941.560605652841
23_1,268,41.31776099999999,19.777291,9969.684163732158
23_1,269,41.31743099999999,19.77625,10064.223309636945
23_1,270,41.317288,19.77581,10104.347335618091
23_1,271,41.31709699999999,19.775199,10159.91932794586
23_1,272,41.31705699999999,19.775071,10171.517927282785
23_1,273,41.316984,19.774836,10192.79369456735
23_1,274,41.316963,19.774768,10198.944884089442
23_1,275,41.31664,19.77377,10290.317477585439
23_1,276,41.316479,19.773302,10333.37882256828
23_1,277,41.316171,19.772546,10405.567221381616
23_1,278,41.31611,19.772449,10416.222961558038
23_1,279,41.31572700000001,19.771502,10506.197359032158
23_1,280,41.315433,19.770776000000005,10575.188646907833
23_1,281,41.31518400000001,19.770161,10633.628500015997
23_1,282,41.31499699999999,19.769696,10677.807154674325
23_1,283,41.31482700000001,19.769276,10717.829904041188
23_1,284,41.314582,19.768672,10775.24572330902
23_1,285,41.31442200000001,19.768277,10812.800569533494
23_1,286,41.314311,19.768002,10838.956294609476
23_1,287,41.31419900000001,19.767724,10865.342247649163
23_1,288,41.31396300000001,19.767135,10921.227812995443
23_1,289,41.314226,19.766949,10954.320592874032
23_1,290,41.31424899999999,19.766933,10957.204220757285
23_1,291,41.314569,19.766706000000003,10997.500766555084
23_1,292,41.31426199999999,19.766016,11064.572580323933
23_1,293,41.314199,19.765989000000005,11071.923580638775
23_1,294,41.31410799999999,19.766038,11082.828216380914
23_1,295,41.313836,19.766242,11117.673345825347
23_1,296,41.313659,19.766374,11140.21924642577
23_1,297,41.313845999999984,19.766841,11184.489947221358
23_1,298,41.31396300000001,19.767135,11212.430503513458
23_1,299,41.31419900000001,19.767724,11268.316068859738
23_1,300,41.314311,19.768002,11294.702021899426
23_1,301,41.314314,19.768009,11295.376057433488
24_0,1,41.339468000000004,19.829612,0
24_0,2,41.33978700000001,19.829404,39.465112380535125
24_0,3,41.34004999999999,19.829217,72.68239780216697
24_0,4,41.340106999999996,19.829172,80.04656282066284
24_0,5,41.340214,19.829035,96.55585066026568
24_0,6,41.340317,19.8288,119.30365849357497
24_0,7,41.340350999999984,19.828626,134.35107989528458
24_0,8,41.34035399999999,19.828382,154.7710618478407
24_0,9,41.340323,19.827961,190.3195367785288
24_0,10,41.340236002844335,19.82714999885532,258.895759512042
24_0,11,41.340149,19.826339,327.51828368867234
24_0,12,41.34002,19.825478,400.9746683829855
24_0,13,41.340009,19.825431,405.0927976102824
24_0,14,41.33989600000001,19.824921,449.73742881466717
24_0,15,41.339702,19.824266,508.6370644413497
24_0,16,41.339515,19.823808,552.2244668876533
24_0,17,41.339264,19.823297,603.2801459952952
24_0,18,41.339034000000005,19.822926,643.5365218192218
24_0,19,41.338596,19.822344,712.3848838220769
24_0,20,41.33826199999999,19.821896,765.1204248409553
24_0,21,41.33794499999999,19.821419,818.3627882176222
24_0,22,41.33787999999999,19.821322,829.2241714657022
24_0,23,41.33755699999999,19.820765,888.0475617965559
24_0,24,41.337434,19.820549,910.7017630138506
24_0,25,41.337146,19.820008,966.1411532942541
24_0,26,41.33683100261889,19.819225496184558,1040.3774763564575
24_0,27,41.336516,19.818443,1114.6136862664705
24_0,28,41.336328,19.817953,1160.6377288523806
24_0,29,41.336225000000006,19.817675000000005,1186.5604372742262
24_0,30,41.336158999999995,19.817384,1211.9908153414392
24_0,31,41.336074,19.816874,1255.7048045969664
24_0,32,41.33598800000001,19.816358,1300.0804160079188
24_0,33,41.335964999999995,19.816214,1312.3983980602848
24_0,34,41.335888999999995,19.815747000000005,1352.735437512893
24_0,35,41.33573599999999,19.814779,1435.5032334273878
24_0,36,41.33557499999999,19.813766,1522.189470409007
24_0,37,41.335378,19.812565,1625.1311995564952
24_0,38,41.335352,19.812408,1638.582985681833
24_0,39,41.335334999999986,19.812302,1647.6622702316372
24_0,40,41.33515199999999,19.811191,1742.8482225571488
24_0,41,41.335093,19.810837,1773.1948487788438
24_0,42,41.335002,19.810292,1819.9086003734044
24_0,43,41.33480150646289,19.80906799609928,1924.7719643559788
24_0,44,41.334601000000006,19.807844,2029.6216558471453
24_0,45,41.334416999999995,19.806717,2126.125675355468
24_0,46,41.334377,19.806482,2146.328833161828
24_0,47,41.33432500000001,19.806299,2162.7018880577534
24_0,48,41.33424399999999,19.806085,2182.741906676888
24_0,49,41.33412299999999,19.805847,2206.767520417591
24_0,50,41.333919,19.805529,2241.7135849574147
24_0,51,41.33368,19.805176,2281.658475104699
24_0,52,41.333492,19.804852000000004,2315.9724564306384
24_0,53,41.333383,19.804556,2343.5419604576055
24_0,54,41.333324999999995,19.80434,2362.9475153351405
24_0,55,41.33330699999999,19.80425,2370.7399630851037
24_0,56,41.333272,19.804163,2378.992877113244
24_0,57,41.333162,19.804036,2395.183089828141
24_0,58,41.33309299999999,19.804003,2403.3267015908414
24_0,59,41.332947999999995,19.804006000000005,2419.427953306479
24_0,60,41.332874999999994,19.804046,2428.1971801182062
24_0,61,41.33256599999999,19.804182,2464.344541232415
24_0,62,41.332241,19.804279,2501.3309881921473
24_0,63,41.33219,19.804276,2506.999060601553
24_0,64,41.332003,19.804265,2527.96577604009
24_0,65,41.331849,19.804185,2546.3283673823694
24_0,66,41.33154699999999,19.804006000000005,2583.3491974365725
24_0,67,41.331194999999994,19.803786,2626.551318932315
24_0,68,41.33099099999999,19.803661,2651.6948109788414
24_0,69,41.330429,19.803316,2720.4806153278732
24_0,70,41.33003499999999,19.803077000000002,2768.6859165768747
24_0,71,41.329446,19.802714,2840.794405130295
24_0,72,41.329319999999996,19.802656,2855.6088769827957
24_0,73,41.329162,19.80259,2874.000622783372
24_0,74,41.328976,19.80254,2895.071822165962
24_0,75,41.328664,19.802485,2930.0269227431418
24_0,76,41.328481,19.802477,2950.3563619118704
24_0,77,41.328036,19.802502,2999.8089002758
24_0,78,41.327890000000004,19.80252,3016.0890663007885
24_0,79,41.327656,19.802609,3043.1433053547216
24_0,80,41.327450999999996,19.802696,3067.0406761262475
24_0,81,41.326917999999985,19.80292,3129.169546257571
24_0,82,41.32639499999999,19.803139,3190.0692209282365
24_0,83,41.32600499999999,19.803297,3235.344995327128
24_0,84,41.325782999999994,19.803393,3261.2700716193317
24_0,85,41.325687999999985,19.803433,3272.3364294025364
24_0,86,41.32549699999999,19.803514,3294.600992752355
24_0,87,41.325408,19.803555,3305.0614975927965
24_0,88,41.32507699999999,19.80371,3344.036850028548
24_0,89,41.32502100000001,19.803737,3350.652437552411
24_0,90,41.324697,19.803888,3388.7814754930127
24_0,91,41.323853000000014,19.804262,3487.580877816358
24_0,92,41.32345399999999,19.804432,3534.113979069401
24_0,93,41.322615000000006,19.804794,3632.0725888528636
24_0,94,41.321928,19.805092000000002,3712.328111614187
24_0,95,41.321734,19.805175,3735.226427835135
24_0,96,41.321645,19.805217,3745.7147456729485
24_0,97,41.32139999999999,19.805323,3774.327309020738
24_0,98,41.321307999999995,19.805364,3785.382541388026
24_0,99,41.32132399999999,19.805464,3794.2100622087178
24_0,100,41.32137199999999,19.805769,3820.3194682716316
24_0,101,41.32147899999998,19.806458,3879.225860545891
24_0,102,41.32151,19.806656,3896.1524615649955
24_0,103,41.32163400270996,19.80744849843561,3963.9503347429286
24_0,104,41.321758,19.808241,4031.7608951848774
24_0,105,41.32191499999999,19.809204,4114.243977410965
24_0,106,41.32208,19.810285,4206.563704624092
24_0,107,41.322189,19.810974,4265.510456163475
24_0,108,41.322228,19.811221000000003,4286.8166270979145
24_0,109,41.322399000000004,19.812306,4379.596418113802
24_0,110,41.322569,19.813386000000005,4471.9467414968385
24_0,111,41.32277800000001,19.814701,4584.456604313384
24_0,112,41.32289399999999,19.815439,4647.556738560016
24_0,113,41.32298000000001,19.81598,4693.834139803669
24_0,114,41.323093,19.816701,4755.551178835364
24_0,115,41.323229999999995,19.817561,4829.350261253026
24_0,116,41.32340000000001,19.818634,4921.121717459163
24_0,117,41.323421999999994,19.81877,4932.763932046184
24_0,118,41.323562,19.819657,5008.618406290953
24_0,119,41.32358,19.819773,5018.536202852721
24_0,120,41.323611,19.81997,5035.380295179095
24_0,121,41.323798999999994,19.821156,5136.828684510852
24_0,122,41.323969999999996,19.822222,5228.049990389316
24_0,123,41.32404400000001,19.82265,5264.837388809562
24_0,124,41.324166999999996,19.823215,5314.059309917583
24_0,125,41.32419699999999,19.823325,5323.852358817422
24_0,126,41.32439500000001,19.823932,5379.209438261273
24_0,127,41.324592,19.824447,5427.547303523358
24_0,128,41.324662999999994,19.824635,5445.146650102498
24_0,129,41.324923000000005,19.825175,5498.775815656185
24_0,130,41.324991999999995,19.825275,5510.122309669904
24_0,131,41.32511300000001,19.825427,5529.459270468865
24_0,132,41.32561,19.826033,5604.486444125948
24_0,133,41.32571499999999,19.826161,5620.4553842834775
24_0,134,41.32620950141956,19.826739995631055,5693.687760606116
24_0,135,41.32670399999999,19.827319,5766.919391353047
24_0,136,41.327502,19.828247,5884.800029012751
24_0,137,41.327527999999994,19.828277,5888.625930588806
24_0,138,41.327651,19.828471,5909.914199065772
24_0,139,41.327737,19.828655,5928.033845419069
24_0,140,41.327887000000004,19.828992,5960.899636213643
24_0,141,41.32802600000001,19.829316,5992.100398883669
24_0,142,41.328224,19.829778,6036.638014270603
24_0,143,41.328593,19.830632,6119.031980531346
24_0,144,41.328882,19.831302,6183.750253783197
24_0,145,41.32912599999999,19.831874,6238.8460604481
24_0,146,41.329249,19.832168000000003,6267.103389986358
24_0,147,41.32931,19.832313,6281.000684212267
24_0,148,41.32975999999999,19.833385,6383.692084615541
24_0,149,41.329868,19.833637,6407.952704460378
24_0,150,41.330067,19.834101,6452.662386484921
24_0,151,41.330096999999995,19.834169,6459.256438868366
24_0,152,41.33019600000001,19.834398,6481.349900823588
24_0,153,41.330232,19.834481,6489.364089265878
24_0,154,41.330324,19.834463,6499.8572019813555
24_0,155,41.33053900000001,19.834420000000005,6523.998142578343
24_0,156,41.330687,19.83439,6540.621115143717
24_0,157,41.331149999999994,19.834298,6592.703639926752
24_0,158,41.332062,19.834113,6695.344807651485
24_0,159,41.33261399999999,19.834001,6757.351318755201
24_0,160,41.332926,19.833939,6792.378768397751
24_0,161,41.333124,19.83387,6815.198687379823
24_0,162,41.333307,19.833779,6836.9180544752535
24_0,163,41.333673,19.83353,6882.600328653007
24_0,164,41.334053000000004,19.833273,6929.956849556778
24_0,165,41.334287,19.833114,6959.1599894704295
24_0,166,41.33462599999999,19.832884,7001.436190511947
24_0,167,41.335456,19.832316,7105.129605510408
24_0,168,41.336338999999995,19.831714,7215.357188671873
24_0,169,41.336667999999996,19.83149,7256.471815180846
24_0,170,41.336893,19.831337,7284.553481451404
24_0,171,41.33707499999999,19.831211,7307.346199922706
24_0,172,41.33762599999999,19.830838,7376.02718023771
24_0,173,41.337742999999996,19.830759,7390.60294605329
24_0,174,41.33779899999999,19.830722,7397.548826733571
24_0,175,41.33807599999999,19.830533,7432.158108113541
24_0,176,41.338125,19.830498,7438.336792722572
24_0,177,41.338389,19.830316,7471.36934171769
24_0,178,41.338957,19.829946,7541.634964413721
24_0,179,41.339468000000004,19.829612,7604.888681715369
45_0,1,41.33968600000001,19.829328,0
45_0,2,41.339679999999994,19.829332,0.7455345018365149
45_0,3,41.339576,19.829402,13.693275743020175
45_0,4,41.339227,19.82964,57.26560393756814
45_0,5,41.33898399999999,19.829806000000005,87.61154796532654
45_0,6,41.33888699999999,19.829872,99.81120463395008
45_0,7,41.338761,19.829958000000005,115.54331520921308
45_0,8,41.33807900000001,19.830423,200.6790558045755
45_0,9,41.337644,19.830719,254.9743943578371
45_0,10,41.337042,19.831129,330.10654014255067
45_0,11,41.33686099999999,19.831252,352.6853425815302
45_0,12,41.336538999999995,19.831473,392.9439389977962
45_0,13,41.336537,19.831474,393.18124157017127
45_0,14,41.336220000000004,19.831689,432.76540163429934
45_0,15,41.335862999999996,19.831931,477.2764972626317
45_0,16,41.335437000000006,19.832222,530.480231117113
45_0,17,41.335175,19.832401,563.2141363859886
45_0,18,41.33459499999999,19.832796,635.6123856328195
45_0,19,41.33434399999999,19.832968,666.9783188447389
45_0,20,41.334277,19.833014000000002,675.354271086065
45_0,21,41.334126,19.833117,694.20565738749
45_0,22,41.333919,19.833257,720.0175929154482
45_0,23,41.33363700000001,19.833451,755.2865935190887
45_0,24,41.333349999999996,19.833649,791.2209752605236
45_0,25,41.333193,19.833750000000002,810.5936467348521
45_0,26,41.33291199999999,19.833855,843.1147374404943
45_0,27,41.33278899999999,19.833881,856.9474836303621
45_0,28,41.332265,19.833984,915.7680145865502
45_0,29,41.331835999999996,19.83407,964.0736869235291
45_0,30,41.331132999999994,19.834211,1043.0675538359922
45_0,31,41.330653,19.834307,1097.0627131005185
45_0,32,41.33049700000001,19.833942,1132.1782959031777
45_0,33,41.33043899999999,19.833808,1146.2587104603465
45_0,34,41.33028199999999,19.833444,1181.76656106058
45_0,35,41.330218,19.833297,1195.9737242272686
45_0,36,41.330077,19.832973,1227.3055911121417
45_0,37,41.33005399999999,19.832925,1232.0656977564208
45_0,38,41.329843,19.832426,1280.119637714548
45_0,39,41.329646999999994,19.831971,1324.3258179558538
45_0,40,41.32961599999999,19.831898,1331.3380879141355
45_0,41,41.329528,19.831694,1351.2396074002645
45_0,42,41.329483999999994,19.831592,1361.0751384996943
45_0,43,41.329483,19.83159,1361.2759973431534
45_0,44,41.32932499999999,19.831224,1396.574729947098
45_0,45,41.32918,19.830887,1429.4221997745724
45_0,46,41.32879699999999,19.829998,1515.1199556694037
45_0,47,41.328714000000005,19.829803,1533.8620198470787
45_0,48,41.32842999999999,19.829133,1598.2654700058997
45_0,49,41.328149,19.828468,1662.06952946035
45_0,50,41.32799,19.82815,1694.0310368682506
45_0,51,41.32782399999999,19.827888,1722.6756845896118
45_0,52,41.327656,19.82769,1747.626390569657
45_0,53,41.32741299999999,19.827411,1783.3162197174327
45_0,54,41.327295,19.827272000000004,1800.837197025104
45_0,55,41.327291,19.827268,1801.3933571323569
45_0,56,41.327089000000015,19.827031,1831.3342421805335
45_0,57,41.326698,19.826581,1888.8080255768123
45_0,58,41.326240999999996,19.826031,1957.3638231794994
45_0,59,41.325588999999994,19.825199,2057.836496851901
45_0,60,41.32552,19.825112,2068.405902218272
45_0,61,41.32543999999999,19.825008,2080.842246112112
45_0,62,41.32532700000001,19.824853,2098.9125238135366
45_0,63,41.325176,19.824624,2124.4142656399968
45_0,64,41.325089,19.824471,2140.454536887676
45_0,65,41.32507600000001,19.824448,2142.8605866589937
45_0,66,41.324966,19.82421,2166.2264591166318
45_0,67,41.32476700000001,19.823667,2216.767048890584
45_0,68,41.324596,19.823072,2270.063453444305
45_0,69,41.32458099999999,19.823013,2275.274890517876
45_0,70,41.32450699999999,19.822673,2304.894433845584
45_0,71,41.32441,19.822117,2352.6624859106937
45_0,72,41.32421200656462,19.820883496117577,2458.247371514834
45_0,73,41.324013999999984,19.81965,2563.8064041366397
45_0,74,41.32399600000001,19.819537,2573.473167742283
45_0,75,41.32386800284856,19.81872449834537,2642.947455649234
45_0,76,41.32374,19.817912,2712.445245399777
45_0,77,41.323734,19.817871000000004,2715.9409579634307
45_0,78,41.323667,19.817447,2752.2957953878226
45_0,79,41.32346650708643,19.816165495910614,2861.8432849863475
45_0,80,41.323266,19.814884,2971.394816136248
45_0,81,41.323181999999996,19.814367,3015.712308411332
45_0,82,41.32309699999999,19.813821,3062.484806159287
45_0,83,41.323005,19.813265,3110.30237431251
45_0,84,41.322925999999995,19.812756,3153.985446899807
45_0,85,41.322909,19.812643,3163.6300357026216
45_0,86,41.322752,19.81165,3248.5551811726345
45_0,87,41.322677000000006,19.811173,3289.3393306704143
45_0,88,41.32256900000001,19.810489,3347.8346858902714
45_0,89,41.32241099999999,19.809487000000004,3433.56370160618
45_0,90,41.32219400000001,19.80811,3551.3691017521714
45_0,91,41.32213600000001,19.80774,3583.0008964879753
45_0,92,41.32206299999999,19.807282,3622.1908054266014
45_0,93,41.32199899999999,19.806866,3657.728152699473
45_0,94,41.32199700000001,19.806854,3658.7568207085005
45_0,95,41.32197600000001,19.806724,3670.0494014464466
45_0,96,41.321808999999995,19.805668,3760.373376995405
45_0,97,41.321783,19.805491,3775.4671614141357
45_0,98,41.321853,19.805322,3791.959381742774
45_0,99,41.321943999999995,19.805191,3807.270263338658
45_0,100,41.322167999999984,19.805093,3833.458625224465
45_0,101,41.322619,19.804894,3886.2360918939007
45_0,102,41.32304499999999,19.804706,3936.1276800751234
45_0,103,41.32347399999999,19.804517,3986.343648564748
45_0,104,41.3241535004697,19.8042180031814,4065.8468458799684
45_0,105,41.324833,19.803919,4145.337765383277
45_0,106,41.32498999999999,19.80385,4163.776021351303
45_0,107,41.325334,19.803699,4204.008821323712
45_0,108,41.325526999999994,19.803614,4226.587595176383
45_0,109,41.32572099999999,19.803537,4249.071407157527
45_0,110,41.32581600000001,19.803499,4260.0882790019405
45_0,111,41.326032,19.803412,4285.151705983201
45_0,112,41.32662800034653,19.803156002391113,4354.72185538299
45_0,113,41.327224,19.8029,4424.279734070518
45_0,114,41.327656,19.80271,4474.875089445649
45_0,115,41.327743,19.802677,4484.921750312671
45_0,116,41.32804099999999,19.802598,4518.684046702583
45_0,117,41.328368,19.802583,4555.012547274476
45_0,118,41.32861399999999,19.802598,4582.354655033408
45_0,119,41.32887199999999,19.802613,4611.027778599573
45_0,120,41.32915200000001,19.802691,4642.80437359005
45_0,121,41.329292999999986,19.802754,4659.3235930811
45_0,122,41.329412,19.802811,4673.370931403688
45_0,123,41.33028100118107,19.803338993090453,4779.554922482232
45_0,124,41.33115,19.803867,4885.682483281441
45_0,125,41.33181499999999,19.804269,4966.954989974412
45_0,126,41.33192,19.804317,4979.285770991814
45_0,127,41.33205,19.804377,4994.5680954696245
45_0,128,41.332176999999994,19.804395,5009.017091291331
45_0,129,41.332374999999985,19.804385,5031.0168740150875
45_0,130,41.33247800000001,19.804403,5042.551707652521
45_0,131,41.332748,19.804553,5075.136733475173
45_0,132,41.332781,19.804629,5082.476859222955
45_0,133,41.332829,19.804699,5090.3964715083475
45_0,134,41.332955000000005,19.804785,5106.128948988242
45_0,135,41.33309800000001,19.804785,5122.006181460683
45_0,136,41.333276,19.804873000000004,5143.099563505828
45_0,137,41.333421,19.804979,5161.481024180726
45_0,138,41.333535,19.80511,5178.226024768063
45_0,139,41.333841,19.805566,5229.350321740738
45_0,140,41.334061,19.805922,5267.8766351598715
45_0,141,41.334149999999994,19.806105,5286.102442657488
45_0,142,41.33416299999998,19.806134,5288.926114327323
45_0,143,41.33424699999998,19.806345,5308.895493102218
45_0,144,41.334317999999996,19.806603,5332.001285677616
45_0,145,41.33445100000001,19.807389,5399.430335501674
45_0,146,41.33447,19.807508,5409.609863432431
45_0,147,41.33452,19.807818,5436.139604703831
45_0,148,41.334592999999984,19.808262,5474.169635273178
45_0,149,41.334666999999996,19.808715,5512.959073918506
45_0,150,41.33473099999999,19.809108,5546.688101522838
45_0,151,41.334782,19.809417,5573.159434373499
45_0,152,41.334915,19.810217,5641.799706906585
45_0,153,41.334986,19.810655,5679.293898695265
45_0,154,41.33508,19.811212,5727.064552241783
45_0,155,41.335099,19.811333,5737.407771871507
45_0,156,41.33518100000001,19.811834,5780.351915241005
45_0,157,41.33527899999999,19.812436,5831.893232632615
45_0,158,41.335444008983124,19.81345632797926,5919.313760084754
45_0,159,41.3356090089832,19.814476661312725,6006.698343507988
45_0,160,41.335774,19.815497,6094.02710520773
45_0,161,41.335817,19.815767,6117.120512581998
45_0,162,41.335885999999995,19.816232,6157.139438517671
45_0,163,41.33591100000001,19.816387,6170.404013476196
45_0,164,41.335984,19.816831000000004,6208.479540101727
45_0,165,41.336017,19.817022,6224.877587457909
45_0,166,41.33606999999999,19.817324,6250.860236385331
45_0,167,41.33609,19.817437000000005,6260.886476997758
45_0,168,41.336126,19.817603,6275.341460793394
45_0,169,41.3364,19.818345,6344.494442774526
45_0,170,41.336499999999994,19.8186,6368.54916164119
45_0,171,41.33671099999999,19.819144,6419.747085201159
45_0,172,41.33691100000001,19.819661,6468.377242678418
45_0,173,41.33708300000001,19.820067,6507.3513846862115
45_0,174,41.337362,19.820585,6560.64360591535
45_0,175,41.337575,19.820968000000004,6600.592401367151
45_0,176,41.337695,19.821179,6622.711946484083
45_0,177,41.337746,19.821269,6632.308629228182
45_0,178,41.338214,19.821966,6710.440451787425
45_0,179,41.338810999999986,19.822749,6803.645096572916
45_0,180,41.339102999999994,19.82317,6851.522923561056
45_0,181,41.33931799999999,19.823552,6891.418048216293
45_0,182,41.339591,19.824177,6951.879520823924
45_0,183,41.33978,19.824777,7006.30611506366
45_0,184,41.33984,19.825005,7026.514330920223
45_0,185,41.33989400000001,19.825229,7046.234690443211
45_0,186,41.339974,19.825656,7083.401456505154
45_0,187,41.339981,19.825697,7086.9191799644595
45_0,188,41.33998499999999,19.825722,7089.057749024364
45_0,189,41.340070999999995,19.826322,7140.164337350082
45_0,190,41.340216999999996,19.827642,7251.925329595768
45_0,191,41.34024900000001,19.827945,7277.52733531763
45_0,192,41.340281000000004,19.828379,7314.1647446093775
45_0,193,41.34027800000001,19.828583,7331.238185674611
45_0,194,41.34025199999999,19.828729,7343.798879305253
45_0,195,41.340180999999994,19.828905,7360.503200650266
45_0,196,41.340054,19.829072,7380.355331177104
45_0,197,41.33999699999999,19.829117,7387.719497855567
45_0,198,41.339902,19.829181,7399.793933309855
45_0,199,41.33968600000001,19.829328,7426.74680362688
46_0,1,41.332573999999994,19.783773,0
46_0,2,41.332703,19.783702,15.506463571616154
46_0,3,41.33317999999999,19.783463,72.11881926918744
46_0,4,41.333293,19.783414,85.31835290083815
46_0,5,41.333382,19.783375,95.72507845433853
46_0,6,41.33366,19.783277,127.6971646176063
46_0,7,41.333892000000006,19.783232000000005,153.72997608897603
46_0,8,41.33409100000001,19.783206,175.93387190463093
46_0,9,41.334408,19.7832,211.13527944249012
46_0,10,41.334621,19.783207,234.79194990924654
46_0,11,41.334818999999996,19.783242,256.977244248607
46_0,12,41.335077,19.783299000000003,286.017452391734
46_0,13,41.335292999999986,19.783379,310.94433881896873
46_0,14,41.33538999999998,19.783417,322.17392989726693
46_0,15,41.335437,19.783436,327.62920092387117
46_0,16,41.335479,19.783453,332.5046429524158
46_0,17,41.335646999999994,19.783532,352.2946098775041
46_0,18,41.335837,19.783646,375.45193468909224
46_0,19,41.33612499999998,19.783852,411.7794123136503
46_0,20,41.33641299999999,19.784086,449.2758278199306
46_0,21,41.336546,19.784192,466.5022196180969
46_0,22,41.33702700083722,19.784637496743542,531.6621970140623
46_0,23,41.33750799999999,19.785083,596.7926925921147
46_0,24,41.33787600000001,19.785439,647.3589384456329
46_0,25,41.33828299999999,19.785815,702.4383868600914
46_0,26,41.339093,19.786609,814.2551783589392
46_0,27,41.33887,19.78732,878.6993417117357
46_0,28,41.338563,19.788292,966.8911368705267
46_0,29,41.338412,19.788726,1006.8996986689441
46_0,30,41.33840299999999,19.788751,1009.2181155836143
46_0,31,41.33815799999999,19.789459,1074.4107613221747
46_0,32,41.338119,19.789571,1084.734980092029
46_0,33,41.338006,19.789903,1115.2186652457676
46_0,34,41.33799199999999,19.789943,1118.9092256994943
46_0,35,41.337974,19.789991000000004,1123.3956442543608
46_0,36,41.33794400000001,19.790077,1131.3669436513053
46_0,37,41.33785099999999,19.790345,1156.0564485704376
46_0,38,41.337627999999995,19.790986,1215.1498567543094
46_0,39,41.33717899999999,19.79228,1334.3767491329736
46_0,40,41.337142,19.792388,1344.3042779223651
46_0,41,41.337095999999995,19.79252,1356.4739194217975
46_0,42,41.337052,19.792649,1368.3228958940872
46_0,43,41.336763,19.793480000000002,1444.9839938904336
46_0,44,41.336444,19.794399,1529.6556787242534
46_0,45,41.336187,19.795141,1598.0395424510702
46_0,46,41.335761999999995,19.796363,1710.6816164214865
46_0,47,41.33554699999999,19.796994,1768.6366545554936
46_0,48,41.33542099999998,19.79736,1802.3511436904078
46_0,49,41.335355,19.797552000000003,1820.0106848032544
46_0,50,41.335162,19.798103,1870.8588285562846
46_0,51,41.335035000000005,19.798477,1905.186637462464
46_0,52,41.334783,19.799196,1971.5434580394985
46_0,53,41.334663000000006,19.799544000000004,2003.5941036812344
46_0,54,41.334318999999994,19.800524,2094.066153507315
46_0,55,41.33405200000001,19.801292,2164.948839146746
46_0,56,41.334034,19.801347,2169.966726357393
46_0,57,41.334022999999995,19.801378,2172.834100583
46_0,58,41.33401599999999,19.801398,2174.6794686093704
46_0,59,41.333848,19.80188,2219.211499093904
46_0,60,41.33379899999999,19.80185,2225.203291360344
46_0,61,41.333848,19.80188,2231.195083626784
46_0,62,41.333704,19.802297,2269.5875679245232
46_0,63,41.33365,19.802452,2283.877560429523
46_0,64,41.333644,19.802468000000005,2285.37310870201
46_0,65,41.333263999999986,19.803564,2386.3708127013147
46_0,66,41.33312200000001,19.803815,2412.637764705599
46_0,67,41.332947000000004,19.804006000000005,2437.7978093941924
46_0,68,41.332874999999994,19.804046,2446.464518150605
46_0,69,41.33281600000001,19.804104,2454.617572859432
46_0,70,41.332739,19.804267,2470.7162825539294
46_0,71,41.332727,19.80446,2486.922826680256
46_0,72,41.332748,19.804553,2495.441285374615
46_0,73,41.33276300000001,19.804592000000003,2499.105458269404
46_0,74,41.332781,19.804629,2502.79084047051
46_0,75,41.332829,19.804699,2510.710452755902
46_0,76,41.332888,19.804752,2518.6215395647155
46_0,77,41.33295400000001,19.804785,2526.452616742543
46_0,78,41.333025000000006,19.804796,2534.3892857865567
46_0,79,41.333062,19.804793,2538.5050454054353
46_0,80,41.33309800000001,19.804784,2542.5724546643282
46_0,81,41.333275,19.804872,2563.5618443410135
46_0,82,41.33341999999999,19.804978,2581.9433050823363
46_0,83,41.333535,19.80511,2598.827023971515
46_0,84,41.333647,19.805278,2617.7704889229262
46_0,85,41.333841,19.805566,2650.3833287321927
46_0,86,41.33394899999999,19.805737,2669.053452251998
46_0,87,41.33411699999999,19.806032,2699.996059704936
46_0,88,41.33416299999998,19.806134,2709.9432879350456
46_0,89,41.334208,19.806241,2720.197256006924
46_0,90,41.33424699999999,19.806344,2729.843390634766
46_0,91,41.33426099999999,19.806391,2734.0726236243904
46_0,92,41.334288999999984,19.80648,2742.1434119112764
46_0,93,41.33434199999999,19.806738,2764.61641838673
46_0,94,41.33445,19.807389,2820.411057850526
46_0,95,41.334469,19.807509,2830.6724690851884
46_0,96,41.3345,19.807694,2846.5322186573476
46_0,97,41.33452,19.807818,2857.144112635628
46_0,98,41.334592999999984,19.808262,2895.1741432049744
46_0,99,41.334666999999996,19.808715,2933.963581850303
46_0,100,41.334731,19.809107,2967.611015964104
46_0,101,41.334782,19.809417,2994.164102622317
46_0,102,41.334827999999995,19.809687,3017.3355551519126
46_0,103,41.334915,19.810217,3062.816240011041
46_0,104,41.334986,19.810654,3100.228627047596
46_0,105,41.335062999999984,19.811108,3139.1766374520616
46_0,106,41.33507999999999,19.811211,3148.0003710838205
46_0,107,41.33509899999999,19.811334,3158.5074967832743
46_0,108,41.335103,19.811354,3160.2391051919894
46_0,109,41.335119000000006,19.811453,3168.712173827392
46_0,110,41.335159,19.811696000000005,3189.6115057789016
46_0,111,41.335251,19.812254,3237.411462744992
46_0,112,41.33527899999999,19.812436,3252.9619622969535
46_0,113,41.335303999999994,19.812584,3265.6544377443033
46_0,114,41.335508999999995,19.813819,3371.56327881321
46_0,115,41.33558299999999,19.814286,3411.4979134610385
46_0,116,41.33569800000001,19.815008,3473.322786871423
46_0,117,41.335774,19.815497,3515.105476615616
46_0,118,41.335817,19.815767,3538.198883989885
46_0,119,41.33579399999999,19.815963,3555.6392767540474
46_0,120,41.335751,19.816081,3566.6075088618695
46_0,121,41.33564199999999,19.81629,3587.876221350734
46_0,122,41.33559099999999,19.816304,3593.658648813263
46_0,123,41.335254,19.816399,3631.989170728626
46_0,124,41.33524199999999,19.816402,3633.344969529483
46_0,125,41.33452599999998,19.816599,3714.5400558543383
46_0,126,41.33411999999999,19.81671,3760.7143923891917
46_0,127,41.333294,19.816938,3854.389947978881
46_0,128,41.333133999999994,19.816981,3872.515445664965
46_0,129,41.333025,19.817011,3884.875311480609
46_0,130,41.331972,19.8173,4004.275576490041
46_0,131,41.331912,19.817317,4011.0875578844407
46_0,132,41.33119200000001,19.817514,4092.7122488328387
46_0,133,41.33040199999999,19.817733,4182.407232823662
46_0,134,41.330302,19.81776,4193.737762940026
46_0,135,41.330284,19.817643,4203.731408396254
46_0,136,41.330173,19.81692,4265.484146734164
46_0,137,41.330156,19.816851,4271.559441840791
46_0,138,41.33010600000001,19.816703,4285.420647324939
46_0,139,41.33006300000001,19.816622,4293.770960050528
46_0,140,41.33005,19.816601,4296.045200596906
46_0,141,41.330010999999985,19.816538,4302.86792390164
46_0,142,41.329882,19.816393,4321.640359066915
46_0,143,41.3298,19.816329,4332.203466028478
46_0,144,41.329521,19.816189,4365.341389488563
46_0,145,41.329330000000006,19.816102,4387.763138010441
46_0,146,41.32909699999999,19.816008000000004,4414.8026960361
46_0,147,41.32899,19.815995,4427.563658428351
46_0,148,41.32866200000001,19.816073000000003,4464.596295369035
46_0,149,41.328453999999994,19.816125,4488.154718832519
46_0,150,41.328269,19.816171,4509.052805247768
46_0,151,41.32819299999999,19.816188,4517.610136136916
46_0,152,41.328138,19.816202,4523.828138817926
46_0,153,41.328084999999994,19.816216,4529.828207167567
46_0,154,41.327989,19.81624,4540.674626089666
46_0,155,41.327881,19.816268,4552.894428301803
46_0,156,41.32771499999998,19.816312,4571.689568457556
46_0,157,41.327641,19.816331,4580.058201295875
46_0,158,41.32730299999999,19.816419,4618.35114611142
46_0,159,41.326347,19.81669,4726.891609651478
46_0,160,41.326067,19.816769,4758.677175055578
46_0,161,41.32573099999999,19.816865,4796.878996516396
46_0,162,41.325684,19.816878,4802.209592960356
46_0,163,41.325598,19.816902,4811.967100948757
46_0,164,41.325619,19.817038,4823.586157318931
46_0,165,41.32570599999999,19.817597,4871.366533271516
46_0,166,41.325768999999994,19.817999,4905.73181607133
46_0,167,41.32589799999999,19.818808,4975.3336436203945
46_0,168,41.325929,19.819015,4993.135010140291
46_0,169,41.325512999999994,19.819124,5040.674441994442
46_0,170,41.325048,19.81925,5093.37929695498
46_0,171,41.324138000000005,19.819497000000002,5196.553023382182
46_0,172,41.324115,19.819504,5199.173040676514
46_0,173,41.32399600000001,19.819537,5212.671116279048
46_0,174,41.323947000000004,19.81955,5218.21928231555
46_0,175,41.323913999999995,19.81956,5221.977625870672
46_0,176,41.323668999999995,19.819629,5249.788719266069
46_0,177,41.32362899999998,19.819639,5254.324433782358
46_0,178,41.323562,19.819657,5261.914409975969
46_0,179,41.323467999999984,19.819683,5272.57560785893
46_0,180,41.323437,19.819691000000002,5276.096607685422
46_0,181,41.32304700000001,19.819799000000003,5320.404863355101
46_0,182,41.322895,19.819841,5337.643524411385
46_0,183,41.32202399999999,19.820081,5436.417915048353
46_0,184,41.32126800000001,19.820294,5522.229064958632
46_0,185,41.321172,19.820322,5533.142471214868
46_0,186,41.320367500302545,19.820542502823148,5624.3526740324405
46_0,187,41.319562999999995,19.820763,5715.563260578204
46_0,188,41.31943699999999,19.819816,5796.076910156213
46_0,189,41.319282,19.818647,5895.47115371629
46_0,190,41.319275,19.818604,5899.15340110378
46_0,191,41.319217,19.818214,5932.597482309607
46_0,192,41.319206,19.818139,5938.993020923638
46_0,193,41.31915699999999,19.817813,5966.817769796364
46_0,194,41.31915,19.817764,5970.992284017385
46_0,195,41.318979,19.816623,6068.4587835471475
46_0,196,41.318967,19.816542,6075.368548431829
46_0,197,41.318949999999994,19.816432,6084.767560030605
46_0,198,41.318895999999995,19.816092,6113.851935567222
46_0,199,41.31884099999999,19.815751,6143.041267661491
46_0,200,41.31877699999999,19.815346,6177.67925768069
46_0,201,41.318746000000004,19.815151,6194.372232679887
46_0,202,41.318729000000005,19.815046,6203.361670210383
46_0,203,41.318733,19.814913,6214.503319719364
46_0,204,41.31872799999999,19.81483,6221.472997636508
46_0,205,41.31866800000001,19.814543,6246.546601281961
46_0,206,41.31866300000001,19.814464,6253.182582740336
46_0,207,41.318642,19.814406,6258.568356103454
46_0,208,41.31856599999999,19.81433,6269.135924656419
46_0,209,41.31851799999999,19.81432,6274.530656712725
46_0,210,41.318471,19.81433,6279.8157324563035
46_0,211,41.318422999999996,19.814289,6286.154550368445
46_0,212,41.31838899999999,19.814242,6291.606908104072
46_0,213,41.318375,19.814207,6294.92343007732
46_0,214,41.318369000000004,19.814179,6297.360025459459
46_0,215,41.318254,19.813464,6358.563878648701
46_0,216,41.318174,19.812966,6401.205367393872
46_0,217,41.31815999999999,19.812881,6408.4881914184525
46_0,218,41.318182,19.812875,6410.981930663042
46_0,219,41.318193999999984,19.812871,6412.649350047807
46_0,220,41.318182,19.812875,6414.316769432574
46_0,221,41.31815999999999,19.812881,6416.810508677162
46_0,222,41.318057,19.812251,6470.8271240876575
46_0,223,41.317988,19.811811,6508.456700876252
46_0,224,41.317840999999994,19.810893,6587.020458497434
46_0,225,41.31783199999999,19.810784,6596.19901683443
46_0,226,41.317838,19.81069,6604.095572688114
46_0,227,41.317868,19.810532,6617.734179960268
46_0,228,41.317945,19.810334,6636.444947056148
46_0,229,41.317961999999994,19.810302,6639.721766823086
46_0,230,41.31821299999999,19.809794,6690.679861532671
46_0,231,41.31868500000001,19.80884,6786.2447494768
46_0,232,41.318721,19.808773,6793.979049801965
46_0,233,41.31884300000001,19.808526,6818.69637794652
46_0,234,41.31885199999999,19.808508,6820.504319224737
46_0,235,41.318963999999994,19.808285,6842.936150837935
46_0,236,41.319056999999994,19.80812,6860.180660608486
46_0,237,41.319140999999995,19.807981,6875.0922501715095
46_0,238,41.319300000000005,19.807646,6908.3649730946645
46_0,239,41.319762,19.806693,7003.205222927493
46_0,240,41.319860999999996,19.806485,7023.795145628442
46_0,241,41.320017,19.806182,7054.507462799198
46_0,242,41.320071,19.806103,7063.495003597393
46_0,243,41.320232,19.805955,7085.243729895827
46_0,244,41.320344,19.805895,7098.660545361134
46_0,245,41.32044499999999,19.805851,7110.463808824476
46_0,246,41.32097199999999,19.805619,7172.117723853912
46_0,247,41.320996,19.805608,7174.937012551839
46_0,248,41.321227000000015,19.805508,7201.916068809937
46_0,249,41.32132399999999,19.805464,7213.298218352382
46_0,250,41.32138799999999,19.805436,7220.8843072788995
46_0,251,41.321396,19.805432,7221.833547810302
46_0,252,41.321420999999994,19.805421,7224.758001236293
46_0,253,41.32166,19.805316,7252.9163645845965
46_0,254,41.321688,19.805303,7256.210113830953
46_0,255,41.321749999999994,19.805276,7263.455411024582
46_0,256,41.321734,19.805175,7272.09390120892
46_0,257,41.32172099999999,19.805096,7278.8620241798935
46_0,258,41.321698999999995,19.804953,7291.078049995174
46_0,259,41.32165100000001,19.804632,7318.470255545886
46_0,260,41.32158999999999,19.804233,7352.547066223228
46_0,261,41.32144900000001,19.80334,7428.915044344501
46_0,262,41.321274,19.802234,7523.517275922531
46_0,263,41.32126399999999,19.802171,7528.906134312136
46_0,264,41.32117600000001,19.801607,7577.1215152392815
46_0,265,41.32103599999999,19.80071,7653.796026186429
46_0,266,41.32082899999999,19.799318,7772.556598205775
46_0,267,41.32080699999999,19.79918,7784.363032502691
46_0,268,41.320775,19.799,7799.842802381668
46_0,269,41.32073599999999,19.798807,7816.685705458291
46_0,270,41.320708,19.798674,7828.244130822128
46_0,271,41.320696000000005,19.798609,7833.845587425701
46_0,272,41.320655999999985,19.798402,7851.732245380165
46_0,273,41.32059799999999,19.798091,7878.551739476111
46_0,274,41.32055199999999,19.797723,7909.7750516686965
46_0,275,41.32053799999999,19.797472,7930.8511003351605
46_0,276,41.320543,19.79711,7961.156747911341
46_0,277,41.320553000000004,19.796896,7979.10361166418
46_0,278,41.32057600000001,19.796573,8006.260889292062
46_0,279,41.320624,19.796196,8038.263848291379
46_0,280,41.320679999999996,19.795911,8062.9170940711165
46_0,281,41.32076,19.795587,8093.49745870608
46_0,282,41.320868,19.795187,8129.690483964492
46_0,283,41.32101000000001,19.794756,8169.061061453446
46_0,284,41.32116099999999,19.794297,8211.385518141326
46_0,285,41.321208999999996,19.794162,8223.879071584639
46_0,286,41.321241000000015,19.794071,8232.29224553033
46_0,287,41.321589999999986,19.793095,8322.7120250558
46_0,288,41.321639999999995,19.792991,8333.036557012814
46_0,289,41.321806,19.792782,8358.484628593826
46_0,290,41.321834,19.79275,8362.588155991494
46_0,291,41.32192,19.792656000000004,8374.960683774645
46_0,292,41.322044000000005,19.792519,8392.87836582619
46_0,293,41.32231000000001,19.792212,8432.027083095098
46_0,294,41.322385,19.792126,8443.03426284803
46_0,295,41.322476,19.792039,8455.4886586585
46_0,296,41.32246399999999,19.791994,8459.483903097582
46_0,297,41.322333,19.791527,8501.197201853147
46_0,298,41.322313,19.791449,8508.09319385764
46_0,299,41.322272,19.79129,8522.257478977355
46_0,300,41.32209699999999,19.790615,8582.008132681276
46_0,301,41.32208899999999,19.790584,8584.750695363422
46_0,302,41.32206599999999,19.790499,8592.309733440468
46_0,303,41.322063,19.790485,8593.527973514229
46_0,304,41.32206299999999,19.79047,8594.783494233943
46_0,305,41.322050000000004,19.790137,8622.716678351724
46_0,306,41.32206900000001,19.789995,8634.788036975251
46_0,307,41.322094,19.789882,8644.645183046781
46_0,308,41.32217500000001,19.789686,8663.35401410173
46_0,309,41.322277,19.789537000000003,8680.200216274887
46_0,310,41.32233000000001,19.789486,8687.470052295474
46_0,311,41.322663,19.789244,8729.627915640178
46_0,312,41.322779999999995,19.789181,8743.647850750891
46_0,313,41.322963631965926,19.789145617941166,8764.265183630243
46_0,314,41.32320212428352,19.789103151435874,8790.982427727738
46_0,315,41.32333402201783,19.789051728608797,8806.246396215438
46_0,316,41.32366511071554,19.788905941619298,8844.984364813543
46_0,317,41.3237413455865,19.788871740908636,8853.91965539948
46_0,318,41.32390147793208,19.788748548844442,8874.488258719244
46_0,319,41.32450774702031,19.788277054422576,8952.529856062209
46_0,320,41.32512140640782,19.787841037530235,9029.840411743407
46_0,321,41.325498747589194,19.787596013130994,9076.486788357803
46_0,322,41.32592,19.787311,9128.994046932588
46_0,323,41.326257999999996,19.787118,9169.851068526801
46_0,324,41.326309,19.787089,9176.011864164866
46_0,325,41.327234999999995,19.786592000000002,9286.9230001766
46_0,326,41.327968999999996,19.786226,9373.998141609618
46_0,327,41.3286050005576,19.785894003292405,9449.888029899545
46_0,328,41.329240999999996,19.785562,9525.778030851749
46_0,329,41.329382,19.785486,9542.723718077887
46_0,330,41.329715,19.78531,9582.522809399794
46_0,331,41.32979300000001,19.785268,9591.869790694323
46_0,332,41.330168,19.785071,9636.654270940904
46_0,333,41.330223999999994,19.785042,9643.328854947607
46_0,334,41.33091400066395,19.784679503899834,9725.74049858049
46_0,335,41.33160399999999,19.784317,9808.139387567375
46_0,336,41.33182599999999,19.784213,9834.279602190141
46_0,337,41.33198699999999,19.784129,9853.58477061051
46_0,338,41.332429,19.783853,9907.824080718945
46_0,339,41.332573999999994,19.783773,9925.279796475466
47_0,1,41.352887999999986,19.738521,0
47_0,2,41.352864,19.738585,5.980867225003614
47_0,3,41.352738,19.738911000000005,36.68362820291238
47_0,4,41.352475999999996,19.739587,100.29512342519128
47_0,5,41.352038,19.74072,206.83333804790755
47_0,6,41.352780999999986,19.741204,298.74332191915585
47_0,7,41.352701,19.741444,320.6994138674827
47_0,8,41.35266,19.741583,333.1878408551854
47_0,9,41.352601,19.741787,351.49226655990486
47_0,10,41.352572,19.741886,360.3787835959402
47_0,11,41.352436999999995,19.742364,403.1540205998337
47_0,12,41.352373,19.742588,423.24202589860397
47_0,13,41.352298999999995,19.742777,441.06167473669353
47_0,14,41.352214999999994,19.742922,456.3637217117802
47_0,15,41.35214599999999,19.743103,473.3345107750579
47_0,16,41.352126,19.743169,479.4078646182386
47_0,17,41.35210699999999,19.743232,485.0851790626376
47_0,18,41.35195499999999,19.743788000000002,534.58324435623
47_0,19,41.35191699999999,19.743868,542.7132077656617
47_0,20,41.351901000000005,19.743899,545.8568740435096
47_0,21,41.351812,19.744045,561.5684913308406
47_0,22,41.351782,19.744095,566.9158636250767
47_0,23,41.35173100000001,19.744168,575.2445143856174
47_0,24,41.35166399999999,19.744261,586.009305170194
47_0,25,41.351578,19.744375,599.5054547677171
47_0,26,41.35146499999998,19.744512,616.5793090489817
47_0,27,41.35124799999999,19.744794,650.3136884921786
47_0,28,41.351093999999996,19.744999,674.5322210233511
47_0,29,41.350939999999994,19.745204,698.866467211223
47_0,30,41.350699,19.745569,739.5022939908425
47_0,31,41.350524000000014,19.745833,768.9201659197497
47_0,32,41.350500999999994,19.745868,772.8055790376721
47_0,33,41.35038000000001,19.746057,793.5554987731906
47_0,34,41.350053,19.746566,849.517873292393
47_0,35,41.350028,19.746605,853.8018028929683
47_0,36,41.34989699999999,19.746847,878.7813355409853
47_0,37,41.349781,19.747252,915.0315216708434
47_0,38,41.34975899999999,19.747328,921.8432303481716
47_0,39,41.34972,19.747417,930.4570994424026
47_0,40,41.3496,19.747572,949.125869867714
47_0,41,41.349506999999996,19.747738,966.4325360261968
47_0,42,41.349393,19.747938,987.5863555312096
47_0,43,41.349054001552624,19.748525503032916,1049.502061017525
47_0,44,41.348715,19.749113,1111.4151950107455
47_0,45,41.348498,19.74949,1151.1073010966152
47_0,46,41.34797900372315,19.750400007190333,1246.6090596754007
47_0,47,41.34746,19.75131,1342.122545589904
47_0,48,41.347369,19.751475,1359.2304061519326
47_0,49,41.34683100000001,19.752441,1459.9158502725386
47_0,50,41.346579,19.75283,1502.947447504837
47_0,51,41.346450999999995,19.752991,1522.5292716428028
47_0,52,41.34623,19.753298,1558.0558754026629
47_0,53,41.346184,19.753362000000003,1565.4794485556727
47_0,54,41.34612899999998,19.753438,1574.2958477683894
47_0,55,41.34606699999999,19.753559,1586.5387362025056
47_0,56,41.346045000000004,19.753603,1590.9569283887586
47_0,57,41.345976,19.753696,1601.8768124821256
47_0,58,41.345938999999994,19.753768,1609.1685613650143
47_0,59,41.34583799999999,19.75397,1629.4521147081086
47_0,60,41.34577300000001,19.754098000000003,1642.4178874639897
47_0,61,41.345191,19.754891,1735.0382471884138
47_0,62,41.344519,19.755779,1840.3454318753486
47_0,63,41.344016,19.756446,1919.3088231899528
47_0,64,41.34396399999999,19.756524,1928.0226402768785
47_0,65,41.34366700000001,19.756922,1974.8891764653204
47_0,66,41.34363799999999,19.756961,1979.6180722099505
47_0,67,41.343229,19.757506,2044.0080057735463
47_0,68,41.343199000000006,19.757547,2048.789697172877
47_0,69,41.34314499999999,19.757619,2057.2893318455554
47_0,70,41.343135,19.757632,2058.8436933668436
47_0,71,41.34312100000001,19.757651000000003,2061.0671599136376
47_0,72,41.342960999999995,19.757864,2086.236102128254
47_0,73,41.342558,19.758403,2149.7755479511047
47_0,74,41.342451,19.758547,2166.732478483528
47_0,75,41.34234699999999,19.758685,2183.062745007062
47_0,76,41.342079,19.759044,2225.345378579874
47_0,77,41.34167550132516,19.759583503330504,2288.9462814241806
47_0,78,41.34127199999999,19.760123,2352.5848581094046
47_0,79,41.341063000000005,19.760402000000003,2385.5018513731657
47_0,80,41.340992,19.760497,2396.6972603555105
47_0,81,41.340918,19.760595,2408.5824006312346
47_0,82,41.340875000000004,19.760653,2415.639907591667
47_0,83,41.340847,19.76069,2420.0274733974215
47_0,84,41.34077799999999,19.760593,2431.1887705911863
47_0,85,41.340847,19.76069,2442.350067784951
47_0,86,41.340624999999996,19.760987,2477.352995573034
47_0,87,41.340608,19.76101,2480.0486992535525
47_0,88,41.340444,19.761229,2505.882682813072
47_0,89,41.340401,19.761283,2512.4562815901336
47_0,90,41.34006399999999,19.761737,2565.7800297518643
47_0,91,41.339952,19.76188,2583.0377064153395
47_0,92,41.339888,19.761949,2592.1936955255214
47_0,93,41.33986699999999,19.761974,2595.3262563347866
47_0,94,41.339798,19.762044,2604.9954614554813
47_0,95,41.33973900000001,19.762107,2613.4040833095387
47_0,96,41.339678000000006,19.762171,2622.0384871131364
47_0,97,41.339547999999986,19.762293,2639.7178974719905
47_0,98,41.339438000000015,19.762417000000003,2655.7439231256362
47_0,99,41.33936199999999,19.762505,2666.943530283642
47_0,100,41.339258,19.762625,2682.2923738858967
47_0,101,41.338950000000004,19.763000000000005,2728.709567493687
47_0,102,41.33894399999999,19.763008,2729.6540005897964
47_0,103,41.33870399999999,19.763342,2768.2877336757797
47_0,104,41.338532,19.763547,2793.959196825627
47_0,105,41.337906999999994,19.764367,2891.5547981469526
47_0,106,41.337889000000004,19.764391,2894.388119199305
47_0,107,41.337763,19.764561,2914.3403593516077
47_0,108,41.33759499999999,19.764789,2941.02772741674
47_0,109,41.336859000000004,19.765756,3056.034673193621
47_0,110,41.336691,19.76596,3081.3204351063437
47_0,111,41.336541999999994,19.766157,3104.768929020514
47_0,112,41.33618799999999,19.7666,3158.8011210026157
47_0,113,41.335949,19.766898,3195.2598252810503
47_0,114,41.3356,19.767336,3248.6031031201196
47_0,115,41.33531299999999,19.76769,3292.134257660613
47_0,116,41.33503599999999,19.768037,3334.4364997051275
47_0,117,41.334923,19.768145,3350.019302341034
47_0,118,41.334855999999995,19.76806,3360.3119091552167
47_0,119,41.33482899999999,19.76803,3364.2221351981802
47_0,120,41.334855999999995,19.76806,3368.132361241143
47_0,121,41.334923,19.768145,3378.4249680553257
47_0,122,41.334731,19.768327,3404.624711286754
47_0,123,41.334467,19.768564,3440.243873552907
47_0,124,41.33438699999999,19.768653,3452.2328150756343
47_0,125,41.334316,19.768767,3464.60859071785
47_0,126,41.33425299999999,19.768942,3480.838408451934
47_0,127,41.334123,19.769406,3522.3096643156714
47_0,128,41.334103,19.769479,3528.8098358021853
47_0,129,41.334042,19.7697,3548.505650462844
47_0,130,41.33401,19.769797,3557.3667335264267
47_0,131,41.33395,19.769893,3567.882186167595
47_0,132,41.333904999999994,19.769944,3574.5777724544664
47_0,133,41.333885,19.769964,3577.358506265346
47_0,134,41.333839999999995,19.770007,3583.5158667539013
47_0,135,41.333808999999995,19.770039,3588.218644255592
47_0,136,41.333597000000005,19.770243,3617.2963960740417
47_0,137,41.33349400000001,19.770343,3631.4675047215833
47_0,138,41.333214000000005,19.770603000000005,3669.436949040341
47_0,139,41.333009,19.770774,3696.3761828841702
47_0,140,41.33294899999999,19.770811,3703.72246569328
47_0,141,41.33287899999999,19.770851,3712.2299581126226
47_0,142,41.33282799999999,19.770878,3718.3891597325496
47_0,143,41.332359,19.771039000000002,3772.1773219418615
47_0,144,41.33221400000001,19.771105,3789.2387309891446
47_0,145,41.332171,19.771138,3794.7542673028684
47_0,146,41.33213000000001,19.771169,3799.9938856884814
47_0,147,41.332063999999995,19.771229,3808.8772082495907
47_0,148,41.33199099999999,19.771308,3819.336917121677
47_0,149,41.33179400000001,19.771542,3848.8087271298396
47_0,150,41.33153199999999,19.771853,3887.842702591306
47_0,151,41.33084800000001,19.77264,3988.383562333486
47_0,152,41.33069100000001,19.772762,4009.219235941612
47_0,153,41.33045,19.772933,4039.564169527337
47_0,154,41.33031799999999,19.773026,4057.2512242519037
47_0,155,41.329933000000004,19.773272,4104.911329206087
47_0,156,41.32991299999999,19.773284,4107.348480355497
47_0,157,41.329809,19.773341,4119.8422226369275
47_0,158,41.329402,19.773571,4168.970071429531
47_0,159,41.329094999999995,19.77376,4206.548626174172
47_0,160,41.328860999999996,19.773902,4235.1187995780665
47_0,161,41.328849,19.77391,4236.609933245372
47_0,162,41.328666999999996,19.773988,4257.845722284731
47_0,163,41.32840199999999,19.774025,4287.492185557935
47_0,164,41.328371,19.774028,4290.943268167454
47_0,165,41.328345,19.774025,4293.840952364082
47_0,166,41.328293,19.774019,4299.636320750095
47_0,167,41.32823400000001,19.774012,4306.2132490261765
47_0,168,41.32789299999999,19.773972,4344.310413553154
47_0,169,41.32741300000001,19.773913,4397.840755113797
47_0,170,41.32739,19.77391,4400.406763753595
47_0,171,41.327172999999995,19.773882,4424.614018247088
47_0,172,41.326963,19.773854000000004,4448.083312197592
47_0,173,41.326941999999995,19.773852000000005,4450.420947263202
47_0,174,41.326861,19.773842,4459.453254064665
47_0,175,41.326551999999985,19.773807,4493.886415895794
47_0,176,41.32628199999999,19.773782,4523.995007993606
47_0,177,41.326167000000005,19.773792,4536.790881299446
47_0,178,41.32605999999999,19.773821,4548.916521521789
47_0,179,41.326028,19.773832,4552.586832895167
47_0,180,41.325809,19.773893,4577.484766565115
47_0,181,41.325781000000006,19.7739,4580.648335793209
47_0,182,41.32576500000001,19.773906,4582.4944337077995
47_0,183,41.32575299999999,19.77391,4583.868213763105
47_0,184,41.325656,19.773938,4594.890164337954
47_0,185,41.325539,19.773917,4607.999061031296
47_0,186,41.325487,19.773908,4613.821562335783
47_0,187,41.325448,19.773875000000004,4618.957624726574
47_0,188,41.32540399999999,19.773861,4623.981513031207
47_0,189,41.325358,19.773866,4629.106017071477
47_0,190,41.32531600000001,19.773889,4634.155368210618
47_0,191,41.32528099999999,19.773929,4639.284683260221
47_0,192,41.325257,19.77398,4644.316730039171
47_0,193,41.325103,19.774097,4664.02102484391
47_0,194,41.325047999999995,19.774117,4670.352960571533
47_0,195,41.32501899999999,19.774129,4673.725846587149
47_0,196,41.324959000000014,19.774158,4680.816064964085
47_0,197,41.324932000000004,19.774173,4684.0661563327585
47_0,198,41.32486399999999,19.774221000000004,4692.618560334912
47_0,199,41.32481200000001,19.774272,4699.801001721127
47_0,200,41.32430970182671,19.775409407139577,4810.1343661891415
47_0,201,41.323807392127016,19.77654679698523,4920.481984264216
47_0,202,41.32362686679711,19.777750132695367,5023.273749264485
47_0,203,41.32344632878684,19.778953462054684,5125.9692761966835
47_0,204,41.32332306318169,19.779814274103153,5199.363635892253
47_0,205,41.32319979109004,19.78067508305671,5272.749361582819
47_0,206,41.32308728551733,19.78142265292265,5336.561165792482
47_0,207,41.32298269953443,19.781854321796036,5374.512173903301
47_0,208,41.32284811508133,19.78224637839629,5410.569556689226
47_0,209,41.32273259439226,19.78251009713172,5436.114428738034
47_0,210,41.32263857665677,19.78267626110761,5453.5041344003175
47_0,211,41.32200685892388,19.78310698966095,5532.410432201341
47_0,212,41.32137513939658,19.783537709784714,5611.2738700721275
47_0,213,41.32114704955086,19.783612012966906,5637.351163096202
47_0,214,41.3209705820885,19.783573258157375,5657.256868880997
47_0,215,41.32081321714719,19.783476231376756,5676.524346554265
47_0,216,41.32069636059769,19.783413948979252,5690.507092396481
47_0,217,41.3205779939911,19.78340867743921,5703.661929438035
47_0,218,41.32036521653857,19.783465880841675,5727.76691266283
47_0,219,41.32021267195194,19.783558394924082,5746.390235121385
47_0,220,41.32007020173932,19.783671272151423,5764.815571914596
47_0,221,41.31995861280913,19.783774233372455,5780.083692660138
47_0,222,41.31987094321156,19.78387488126687,5792.957092998309
47_0,223,41.319829999999996,19.783959,5801.343539589791
47_0,224,41.319804000000005,19.784042,5808.8668839298525
47_0,225,41.319863999999995,19.784211,5824.503051200696
47_0,226,41.319903000000004,19.784328,5835.211039307231
47_0,227,41.319953000000005,19.784478,5848.939221007979
47_0,228,41.320046000000005,19.784755,5874.3716070007895
47_0,229,41.320087,19.784881000000002,5885.927704438281
47_0,230,41.320305999999995,19.78556,5947.751452162724
47_0,231,41.320496,19.786115000000002,5998.773087556215
47_0,232,41.32063899999999,19.786534,6037.312427168726
47_0,233,41.320693999999996,19.786696,6052.183962871588
47_0,234,41.320973,19.787501000000002,6126.374778865081
47_0,235,41.320993,19.787559,6131.713296463999
47_0,236,41.321011999999996,19.787621,6137.315254512254
47_0,237,41.321033,19.787686,6143.234500197298
47_0,238,41.321068,19.787796,6153.2282827161025
47_0,239,41.321089,19.787862,6159.224549942047
47_0,240,41.321135000000005,19.788007,6172.392281418583
47_0,241,41.321253999999996,19.788358,6204.8133716808
47_0,242,41.321299,19.788497000000003,6217.475448038535
47_0,243,41.32134899999999,19.78865,6231.433401334447
47_0,244,41.321397999999995,19.788917,6254.462328397298
47_0,245,41.321408999999996,19.789218,6279.686290917424
47_0,246,41.321417,19.789349,6290.687201364313
47_0,247,41.32141099999999,19.789373,6292.803633802077
47_0,248,41.321402,19.78946,6300.153969960431
47_0,249,41.321436999999996,19.789629,6314.825079084023
47_0,250,41.321477999999985,19.789698,6322.178888708926
47_0,251,41.32153100000001,19.789751,6329.54829871812
47_0,252,41.321558,19.789768,6332.866666454461
47_0,253,41.32161500000001,19.789854,6342.451494854946
47_0,254,41.321724,19.790008,6360.13252079374
47_0,255,41.32184899999999,19.790252,6384.826434055531
47_0,256,41.321895,19.79041,6399.04900936893
47_0,257,41.32196100000001,19.790623,6418.324692594404
47_0,258,41.321968,19.790647,6420.478636603796
47_0,259,41.322026999999984,19.790855,6439.080171856815
47_0,260,41.322078,19.791036,6455.253764287094
47_0,261,41.32215200000001,19.791296,6478.527201897761
47_0,262,41.322206999999985,19.791493,6496.110793611375
47_0,263,41.32223200000001,19.791592,6504.84975356261
47_0,264,41.32236799999999,19.792068,6547.467088807367
47_0,265,41.322376999999996,19.792097,6550.092056421217
47_0,266,41.322385,19.792126,6552.676797086023
47_0,267,41.32244999999999,19.792335,6571.600490608798
47_0,268,41.322561,19.79273,6606.885675425444
47_0,269,41.322650999999986,19.793049,6635.394804880044
47_0,270,41.32277599999999,19.793499,6675.608535382188
47_0,271,41.322795,19.793569,6681.835771555947
47_0,272,41.322886999999994,19.793893,6710.889208071622
47_0,273,41.32298400000001,19.794238000000004,6741.70878813499
47_0,274,41.32304700000001,19.79446,6761.563192776014
47_0,275,41.32307899999999,19.794574,6771.74501279075
47_0,276,41.32332400000001,19.795444,6849.488585177914
47_0,277,41.323514,19.796118,6909.867148455163
47_0,278,41.32372999999999,19.796885,6978.5168132110275
47_0,279,41.323764999999995,19.797012,6989.834659941989
47_0,280,41.323859,19.797343,7019.439709583039
47_0,281,41.32388599999998,19.797439,7028.015816541393
47_0,282,41.323919999999994,19.797556,7038.544570055122
47_0,283,41.32409999999999,19.798178,7094.363688158378
47_0,284,41.32411699999999,19.798239,7099.807031377321
47_0,285,41.324276,19.798787,7148.953903878137
47_0,286,41.324476000000004,19.799466,7209.980523518317
47_0,287,41.32473199999998,19.800323,7287.224687744377
47_0,288,41.324811000000004,19.800584000000004,7310.764975486381
47_0,289,41.325146505086934,19.801672994310724,7409.231335274
47_0,290,41.32548200000001,19.802762,7507.718562922235
47_0,291,41.325611,19.803185000000003,7545.941576737523
47_0,292,41.32566199999999,19.80335,7560.867578444381
47_0,293,41.325687999999985,19.803433,7568.390799084098
47_0,294,41.32572099999999,19.803537,7577.834945186467
47_0,295,41.32575299999999,19.80364,7587.15913261531
47_0,296,41.32580600000001,19.803807,7602.324650561837
47_0,297,41.325944,19.80425,7642.64019593994
47_0,298,41.325956999999995,19.80429,7646.285937594691
47_0,299,41.32607399999999,19.804664,7680.180158968765
47_0,300,41.32626599999999,19.80528,7735.973239856683
47_0,301,41.326285999999996,19.805348,7742.087528277589
47_0,302,41.326311000000004,19.805429,7749.413122030617
47_0,303,41.326322000000005,19.805463,7752.5097933955885
47_0,304,41.326582,19.806312,7829.243287129827
47_0,305,41.326694,19.806667,7861.452423216094
47_0,306,41.326757,19.806874,7880.150358256936
47_0,307,41.32703200000001,19.807761,7960.42918821644
47_0,308,41.327040999999994,19.80779,7963.053987526447
47_0,309,41.32705399999999,19.807833,7966.931516829039
47_0,310,41.32714199999999,19.808119,7992.785497918946
47_0,311,41.327245999999995,19.808454,8023.1156973465795
47_0,312,41.327289999999984,19.808598,8036.120183789285
47_0,313,41.327479,19.809211,8091.566373870193
47_0,314,41.327609,19.809624,8129.038481934082
47_0,315,41.327626,19.809678,8133.936265971175
47_0,316,41.327729,19.810009,8163.906592769151
47_0,317,41.32777500000001,19.810162,8177.692701158382
47_0,318,41.32796499999999,19.810778,8233.415346163925
47_0,319,41.32806099999999,19.811094,8261.945051255043
47_0,320,41.328115,19.811263,8277.307491765894
47_0,321,41.32815900000001,19.811417000000002,8291.091040138672
47_0,322,41.328182999999996,19.811514,8299.635422951125
47_0,323,41.32822199999998,19.81172,8317.478253647996
47_0,324,41.328259999999986,19.812132000000002,8352.216975544166
47_0,325,41.328259999999986,19.812291,8365.524174246691
47_0,326,41.328255999999996,19.812384,8373.32029031068
47_0,327,41.32823299999999,19.812905,8417.063895558818
47_0,328,41.328228,19.813011,8425.952716638032
47_0,329,41.32820400000001,19.813546,8470.815995935991
47_0,330,41.32819899999999,19.813659,8480.28959860973
47_0,331,41.328183,19.814009,8509.65138631393
47_0,332,41.32813000000001,19.815236,8612.513416898628
47_0,333,41.328113,19.815592,8642.37709099852
47_0,334,41.32811100000001,19.815637,8646.149825928964
47_0,335,41.328092999999996,19.816065,8682.066012076428
47_0,336,41.328084999999994,19.816216,8694.734865215185
47_0,337,41.327989,19.81624,8705.581284137284
47_0,338,41.327881,19.816268,8717.801086349422
47_0,339,41.327641,19.816331,8744.964754235147
47_0,340,41.32730299999999,19.816419,8783.257699050691
47_0,341,41.32668500018771,19.8165940017194,8853.419966364418
47_0,342,41.326067,19.816769,8923.582746773485
47_0,343,41.32573099999999,19.816865,8961.784568234303
47_0,344,41.325684,19.816878,8967.115164678264
47_0,345,41.325598,19.816902,8976.872672666666
47_0,346,41.325619,19.817038,8988.491729036841
47_0,347,41.32570599999999,19.817597,9036.272104989426
47_0,348,41.325768999999994,19.817999,9070.63738778924
47_0,349,41.32589799999999,19.818808,9140.239215338304
47_0,350,41.325929,19.819015,9158.040581858202
47_0,351,41.32594299999999,19.819105000000004,9165.731924792302
47_0,352,41.326488999999995,19.818957,9227.618640977294
47_0,353,41.32666100000001,19.818911000000003,9247.11317021898
47_0,354,41.326713000000005,19.818909,9252.889112383911
47_0,355,41.326758000000005,19.818925,9258.111637907065
47_0,356,41.326778,19.818944,9260.8428891779
47_0,357,41.326915,19.81911,9281.450397644208
47_0,358,41.327099,19.819265,9305.65057864701
47_0,359,41.32711199999999,19.819280000000003,9307.563538005234
47_0,360,41.327131,19.819307,9310.654926652624
47_0,361,41.327143,19.819339,9313.646250944334
47_0,362,41.327158000000004,19.819404,9319.335604240554
47_0,363,41.327166,19.819496,9327.08654746783
47_0,364,41.32724800380379,19.820433498736143,9406.128450269578
47_0,365,41.32733,19.821371,9485.126602137485
47_0,366,41.32737500000001,19.821887,9529.241294779327
47_0,367,41.32748903940675,19.82273011403752,9601.362515076247
47_0,368,41.327723851580416,19.82241003736391,9638.79881724737
47_0,369,41.32809110259064,19.822161495368565,9684.730333930953
47_0,370,41.32861022649755,19.821903494104536,9746.297901251643
47_0,371,41.328421000000006,19.820924000000005,9830.969078575243
47_0,372,41.328420658959196,19.820922252164106,9831.120181074511
47_1,1,41.328420658959196,19.820922252164106,0
47_1,2,41.328413,19.820883000000002,3.3933968604283185
47_1,3,41.32836599999999,19.820617,26.25909735673895
47_1,4,41.32834199999999,19.820478,38.193681958023625
47_1,5,41.328412,19.820454,46.22108493904899
47_1,6,41.32921350035902,19.820207503130536,137.59624094199202
47_1,7,41.330015,19.819961,228.9794863122234
47_1,8,41.33007299999999,19.819921,236.2373271170942
47_1,9,41.330397999999995,19.820313,285.04360134647817
47_1,10,41.33054200000001,19.820536,309.6185123422554
47_1,11,41.33065500000001,19.820707,328.6504259348591
47_1,12,41.330617000000004,19.82061,337.79927800694463
47_1,13,41.33059799999999,19.820378,357.32960643259014
47_1,14,41.33061099999999,19.820037,385.90614392466716
47_1,15,41.330589,19.819849,401.82833377789274
47_1,16,41.330549,19.819553,426.9964903712742
47_1,17,41.330479999999994,19.819044,470.27814417016424
47_1,18,41.33045700000001,19.818871,484.9800181239618
47_1,19,41.330344,19.818028,556.6662384605089
47_1,20,41.330332,19.817947,563.5748457429603
47_1,21,41.330302,19.81776,579.5754769148631
47_1,22,41.330284,19.817643,589.569122371091
47_1,23,41.330173,19.81692,651.3218607090007
47_1,24,41.330156,19.816851,657.3971558156276
47_1,25,41.33010600000001,19.816703,671.2583612997755
47_1,26,41.33006300000001,19.816622,679.6086740253647
47_1,27,41.330010999999985,19.816538,688.7056378764768
47_1,28,41.329882,19.816393,707.4780730417523
47_1,29,41.3298,19.816329,718.0411800033157
47_1,30,41.329521,19.816189,751.1791034634015
47_1,31,41.329330000000006,19.816102,773.6008519852797
47_1,32,41.32909699999999,19.816008000000004,800.6404100109389
47_1,33,41.32899,19.815995,813.4013724031901
47_1,34,41.32866200000001,19.816073000000003,850.4340093438743
47_1,35,41.32854699999999,19.816068,863.209229284009
47_1,36,41.32832599999999,19.816032,887.9859826292385
47_1,37,41.328292000000005,19.815997,893.054237544828
47_1,38,41.328239999999994,19.815853,906.4175921271894
47_1,39,41.32822,19.815685,920.6522948948948
47_1,40,41.328247,19.815061,972.9679629527501
47_1,41,41.32825499999999,19.814897,986.7223314492331
47_1,42,41.328309000000004,19.813665,1090.0186791483354
47_1,43,41.328314,19.813556,1099.1580903224788
47_1,44,41.328332,19.813142,1133.8752238665527
47_1,45,41.328337,19.813019,1144.1844164402223
47_1,46,41.328365999999995,19.812343,1200.9023556190791
47_1,47,41.328367,19.812104,1220.905275725179
47_1,48,41.32831699999999,19.811603,1263.229387239926
47_1,49,41.328292999999995,19.81149,1273.0549356801523
47_1,50,41.328269,19.81139,1281.8382114439364
47_1,51,41.32826099999999,19.811359,1284.5805309579957
47_1,52,41.328216999999995,19.811212,1297.8178694944309
47_1,53,41.32817099999999,19.811074,1310.446394275335
47_1,54,41.327932000000004,19.810307,1379.9140921182716
47_1,55,41.327824,19.809958,1411.5210952952843
47_1,56,41.327622999999996,19.809306,1470.4854124899944
47_1,57,41.327522,19.80898,1499.9842799288106
47_1,58,41.32744000000001,19.808717,1523.8178462520618
47_1,59,41.327386,19.808543,1539.56656195726
47_1,60,41.32734,19.808395,1552.9649474678813
47_1,61,41.32727799999999,19.80819,1571.4593346598888
47_1,62,41.32715,19.807785,1608.2208259716926
47_1,63,41.327138,19.807745,1611.8239935366528
47_1,64,41.327128,19.807714,1614.6461117994177
47_1,65,41.327028999999996,19.807396,1643.4632880600634
47_1,66,41.326836,19.806776,1699.6045818786874
47_1,67,41.32678700000001,19.806618,1713.9224224207796
47_1,68,41.326713000000005,19.806382,1735.315153853977
47_1,69,41.32641199999999,19.805413,1823.0633698874192
47_1,70,41.326376999999994,19.805299,1833.3656787293344
47_1,71,41.326355,19.80523,1839.64099761519
47_1,72,41.326302000000005,19.805059,1855.1155004565305
47_1,73,41.326284,19.805003,1860.2107647197668
47_1,74,41.326165,19.804619,1894.9646744580086
47_1,75,41.32597299999999,19.804004,1950.679553396384
47_1,76,41.325927,19.803855,1964.7310511140481
47_1,77,41.325907,19.80379,1970.6070517328606
47_1,78,41.325846999999996,19.803597,1988.0801985677579
47_1,79,41.32581599999999,19.803498,1997.0525740344915
47_1,80,41.325782999999994,19.803393,2006.5739048064145
47_1,81,41.325756,19.803307,2014.371111107066
47_1,82,41.32570100000001,19.80313,2030.4187893580074
47_1,83,41.32566099999999,19.803001,2042.0933816780216
47_1,84,41.32528350654826,19.80176549273579,2153.6726631174597
47_1,85,41.324906,19.80053,2265.2529057530483
47_1,86,41.324869,19.800408,2276.2594093030875
47_1,87,41.32458450381513,19.79946499582008,2361.286889690771
47_1,88,41.3243,19.798522,2446.306187035729
47_1,89,41.32415099999999,19.798017,2491.6963616073517
47_1,90,41.32400899999999,19.797513,2536.730504637486
47_1,91,41.323975000000004,19.797393,2547.460971480781
47_1,92,41.323888,19.79708,2575.431819942419
47_1,93,41.323854999999995,19.796965,2585.730978078353
47_1,94,41.323818,19.796835,2597.361531741344
47_1,95,41.32379300000001,19.796747,2605.232716778679
47_1,96,41.32376299999999,19.796644,2615.3192496030706
47_1,97,41.32338499999999,19.795309,2734.7123817467104
47_1,98,41.323167,19.794532,2804.157361041472
47_1,99,41.32313099999999,19.794405,2815.51390585449
47_1,100,41.322984,19.793896,2861.1365960464154
47_1,101,41.322832,19.793367,2908.5668997668026
47_1,102,41.32264399999999,19.79267,2970.5751928552922
47_1,103,41.32269999999999,19.792639,2977.3125425566714
47_1,104,41.32264399999999,19.79267,2984.0498922580505
47_1,105,41.322540000000004,19.792286,3018.203305953786
47_1,106,41.322476,19.792039,3040.0645032626144
47_1,107,41.32246399999999,19.791994,3044.059747701697
47_1,108,41.322333,19.791527,3085.7730464572614
47_1,109,41.322313,19.791449,3092.6690384617546
47_1,110,41.322272,19.79129,3106.8333235814703
47_1,111,41.32209699999999,19.790615,3166.5839772853915
47_1,112,41.32208899999999,19.790584,3169.3265399675383
47_1,113,41.32206599999999,19.790499,3176.8855780445847
47_1,114,41.322063,19.790485,3178.103818118345
47_1,115,41.32197699999999,19.790164,3206.6410332804185
47_1,116,41.321913999999985,19.789702,3245.9386898677826
47_1,117,41.321881,19.789592,3255.8574480639245
47_1,118,41.32188599999999,19.789575,3257.3848357579463
47_1,119,41.321889999999996,19.789558,3258.875461292521
47_1,120,41.321901,19.789475,3265.9292331850615
47_1,121,41.321895999999995,19.789392,3272.8986123036943
47_1,122,41.32184,19.789243,3286.8341361749663
47_1,123,41.321793,19.789187,3293.8485801016855
47_1,124,41.32177200000001,19.789169,3296.624622716861
47_1,125,41.321734,19.789097,3303.9812605962707
47_1,126,41.321726000000005,19.789081,3305.6060996094616
47_1,127,41.32165799999999,19.788975,3317.2585635133987
47_1,128,41.321510999999994,19.788764,3341.333021072909
47_1,129,41.32148699999999,19.788711,3346.508027070241
47_1,130,41.321454,19.788639,3353.560979882193
47_1,131,41.321324,19.788281,3386.8215074990194
47_1,132,41.32128199999999,19.788163,3397.7801025377275
47_1,133,41.32118299999999,19.787886,3423.4393000614527
47_1,134,41.32113600000001,19.787777,3434.3087218078194
47_1,135,41.321103,19.787698,3441.868485824878
47_1,136,41.321083,19.787648,3446.6062476123902
47_1,137,41.321059999999996,19.787581,3452.7683801082653
47_1,138,41.320986999999995,19.787364,3472.7040029662467
47_1,139,41.32095399999999,19.787267,3481.6116272266436
47_1,140,41.320694,19.786496,3552.313185536114
47_1,141,41.32044150238403,19.785749997073385,3620.791156324531
47_1,142,41.320189000000006,19.785004,3689.2440115122436
47_1,143,41.320136999999995,19.784848,3703.5212760982818
47_1,144,41.320117999999994,19.784791,3708.737971408004
47_1,145,41.319913,19.784182,3764.6382169389926
47_1,146,41.319829999999996,19.783959,3785.4551987379227
47_1,147,41.31987094321156,19.78387488126687,3793.8416453294058
47_1,148,41.31995861280913,19.783774233372455,3806.7150456675768
47_1,149,41.32007020173932,19.783671272151423,3821.9831664131184
47_1,150,41.32021267195194,19.783558394924082,3840.40850320633
47_1,151,41.32036521653857,19.783465880841675,3859.0318256648848
47_1,152,41.3205779939911,19.78340867743921,3883.1368088896793
47_1,153,41.32069636059769,19.783413948979252,3896.2916459312332
47_1,154,41.32081321714719,19.783476231376756,3910.2743917734483
47_1,155,41.3209705820885,19.783573258157375,3929.5418694467176
47_1,156,41.32114704955086,19.783612012966906,3949.4475752315116
47_1,157,41.32137513939658,19.783537709784714,3975.5248682555866
47_1,158,41.32200685892388,19.78310698966095,4054.388306126373
47_1,159,41.32263857665677,19.78267626110761,4133.294603927397
47_1,160,41.32273259439226,19.78251009713172,4150.684309589681
47_1,161,41.32284811508133,19.78224637839629,4176.229181638488
47_1,162,41.32298269953443,19.781854321796036,4212.286564424413
47_1,163,41.32308728551733,19.78142265292265,4250.237572535232
47_1,164,41.32319979109004,19.78067508305671,4314.049376744895
47_1,165,41.32332306318169,19.779814274103153,4387.435102435461
47_1,166,41.32344632878684,19.778953462054684,4460.829462131031
47_1,167,41.32362686679711,19.777750132695367,4563.524989063229
47_1,168,41.323807392127016,19.77654679698523,4666.316754063498
47_1,169,41.32424163954328,19.77552881173347,4764.217129078497
47_1,170,41.32452682153227,19.774900408580642,4825.610589154334
47_1,171,41.32481200000001,19.774272,4887.026769758657
47_1,172,41.32486399999999,19.774221000000004,4894.209211144872
47_1,173,41.324915999999995,19.774185,4900.721740421724
47_1,174,41.324932000000004,19.774173,4902.76249058237
47_1,175,41.324959000000014,19.774158,4906.012581951046
47_1,176,41.32501899999999,19.774129,4913.102800327981
47_1,177,41.325047999999995,19.774117,4916.475686343596
47_1,178,41.325103,19.774097,4922.80762207122
47_1,179,41.32519200000001,19.77411,4932.749029413204
47_1,180,41.32525299999999,19.774119,4939.563630481511
47_1,181,41.325273,19.77417,4944.375264453962
47_1,182,41.32534100000001,19.774239,4953.880809068516
47_1,183,41.32538300000001,19.774251,4958.655629943774
47_1,184,41.32542599999999,19.774246,4963.448232832864
47_1,185,41.325467999999994,19.774223,4968.493213649199
47_1,186,41.32550299999998,19.774183,4973.622522223403
47_1,187,41.32552699999999,19.774131,4978.72574618252
47_1,188,41.325537999999995,19.774072,4983.812674859036
47_1,189,41.325656,19.773938,5001.059021528218
47_1,190,41.32575299999999,19.77391,5012.080972103067
47_1,191,41.32576500000001,19.773906,5013.454752158372
47_1,192,41.325781000000006,19.7739,5015.300850072963
47_1,193,41.325809,19.773893,5018.464419301057
47_1,194,41.326028,19.773832,5043.362352971005
47_1,195,41.32605999999999,19.773821,5047.032664344383
47_1,196,41.326167000000005,19.773792,5059.158304566727
47_1,197,41.32628199999999,19.773782,5071.954177872567
47_1,198,41.326551999999985,19.773807,5102.062769970378
47_1,199,41.326861,19.773842,5136.495931801507
47_1,200,41.326941999999995,19.773852000000005,5145.52823860297
47_1,201,41.326963,19.773854000000004,5147.86587366858
47_1,202,41.327172999999995,19.773882,5171.335167619084
47_1,203,41.32739,19.77391,5195.542422112577
47_1,204,41.32741300000001,19.773913,5198.108430752375
47_1,205,41.32789299999999,19.773972,5251.638772313018
47_1,206,41.328293,19.774019,5296.299884232633
47_1,207,41.328345,19.774025,5302.0952526186475
47_1,208,41.328371,19.774028,5304.992936815276
47_1,209,41.328371999999995,19.774137,5314.116214304145
47_1,210,41.328371,19.774028,5323.239491793014
47_1,211,41.32840199999999,19.774025,5326.6905744025335
47_1,212,41.328666999999996,19.773988,5356.3370376757375
47_1,213,41.328849,19.77391,5377.572826715096
47_1,214,41.328860999999996,19.773902,5379.063960382402
47_1,215,41.329094999999995,19.77376,5407.634133786297
47_1,216,41.329402,19.773571,5445.212688530937
47_1,217,41.329809,19.773341,5494.340537323541
47_1,218,41.32991299999999,19.773284,5506.834279604972
47_1,219,41.329933000000004,19.773272,5509.271430754381
47_1,220,41.33031799999999,19.773026,5556.931535708566
47_1,221,41.33045,19.772933,5574.618590433131
47_1,222,41.33069100000001,19.772762,5604.963524018857
47_1,223,41.33084800000001,19.77264,5625.799197626982
47_1,224,41.33153199999999,19.771853,5726.340057369163
47_1,225,41.331654,19.771708,5744.526418646317
47_1,226,41.33199099999999,19.771308,5794.7989462687865
47_1,227,41.332063999999995,19.771229,5805.258655140873
47_1,228,41.33213000000001,19.771169,5814.141977701982
47_1,229,41.332171,19.771138,5819.3815960875945
47_1,230,41.33221400000001,19.771105,5824.897132401318
47_1,231,41.332359,19.771039000000002,5841.958541448602
47_1,232,41.33282799999999,19.770878,5895.7467036579155
47_1,233,41.33287899999999,19.770851,5901.905905277841
47_1,234,41.33294899999999,19.770811,5910.413397697184
47_1,235,41.333009,19.770774,5917.759680506294
47_1,236,41.333214000000005,19.770603000000005,5944.698914350124
47_1,237,41.33349400000001,19.770343,5982.668358668881
47_1,238,41.333597000000005,19.770243,5996.839467316423
47_1,239,41.333808999999995,19.770039,6025.917219134872
47_1,240,41.333839999999995,19.770007,6030.619996636562
47_1,241,41.333885,19.769964,6036.777357125117
47_1,242,41.333904999999994,19.769944,6039.558090935998
47_1,243,41.33395,19.769893,6046.25367722287
47_1,244,41.33401,19.769797,6056.769129864037
47_1,245,41.334042,19.7697,6065.63021292762
47_1,246,41.334103,19.769479,6085.326027588279
47_1,247,41.334123,19.769406,6091.826199074794
47_1,248,41.33425299999999,19.768942,6133.297454938531
47_1,249,41.334316,19.768767,6149.527272672615
47_1,250,41.33438699999999,19.768653,6161.90304831483
47_1,251,41.334467,19.768564,6173.891989837558
47_1,252,41.334731,19.768327,6209.5111521037115
47_1,253,41.334923,19.768145,6235.710895335139
47_1,254,41.33503599999999,19.768037,6251.293697971045
47_1,255,41.335107,19.768136000000002,6262.729722170082
47_1,256,41.33503599999999,19.768037,6274.165746369118
47_1,257,41.33531299999999,19.76769,6316.467988413633
47_1,258,41.3356,19.767336,6359.999142954127
47_1,259,41.335949,19.766898,6413.342420793196
47_1,260,41.33618799999999,19.7666,6449.801125071632
47_1,261,41.336541999999994,19.766157,6503.833317053733
47_1,262,41.336691,19.76596,6527.281810967904
47_1,263,41.336859000000004,19.765756,6552.567572880626
47_1,264,41.33759499999999,19.764789,6667.574518657506
47_1,265,41.337763,19.764561,6694.261886722639
47_1,266,41.337889000000004,19.764391,6714.214126874943
47_1,267,41.337906999999994,19.764367,6717.047447927294
47_1,268,41.338367999999996,19.763762,6789.0465710514245
47_1,269,41.338532,19.763547,6814.64459369933
47_1,270,41.33870399999999,19.763342,6840.316056849176
47_1,271,41.338950000000004,19.763000000000005,6879.893603437073
47_1,272,41.339258,19.762625,6926.310797044863
47_1,273,41.33936199999999,19.762505,6941.659640647117
47_1,274,41.339438000000015,19.762417000000003,6952.859247805123
47_1,275,41.339547999999986,19.762293,6968.885273458768
47_1,276,41.339678000000006,19.762171,6986.564683817623
47_1,277,41.33973900000001,19.762107,6995.19908762122
47_1,278,41.339798,19.762044,7003.607709475277
47_1,279,41.33986699999999,19.761974,7013.276914595972
47_1,280,41.339888,19.761949,7016.409475405237
47_1,281,41.339952,19.76188,7025.565464515419
47_1,282,41.34006399999999,19.761737,7042.823141178895
47_1,283,41.340401,19.761283,7096.146889340626
47_1,284,41.340444,19.761229,7102.720488117689
47_1,285,41.340608,19.76101,7128.554471677207
47_1,286,41.340624999999996,19.760987,7131.250175357726
47_1,287,41.340847,19.76069,7166.253103145809
47_1,288,41.340863999999996,19.760668,7168.889711441759
47_1,289,41.340875000000004,19.760653,7170.641029012412
47_1,290,41.340918,19.760595,7177.698535972845
47_1,291,41.340992,19.760497,7189.58367624857
47_1,292,41.341063000000005,19.760402000000003,7200.7790852309145
47_1,293,41.34127199999999,19.760123,7233.696078494674
47_1,294,41.34167550132516,19.759583503330504,7297.334655179899
47_1,295,41.342079,19.759044,7360.935558024205
47_1,296,41.34234699999999,19.758685,7403.218191597017
47_1,297,41.342451,19.758547,7419.548458120551
47_1,298,41.342558,19.758403,7436.505388652974
47_1,299,41.342960999999995,19.757864,7500.044834475826
47_1,300,41.34312100000001,19.757651000000003,7525.2137766904425
47_1,301,41.343135,19.757632,7527.4372432372365
47_1,302,41.343199000000006,19.757547,7537.4911341693405
47_1,303,41.343229,19.757506,7542.272825568672
47_1,304,41.34329299999999,19.757421,7552.326709614601
47_1,305,41.34363799999999,19.756961,7606.668873729714
47_1,306,41.34366700000001,19.756922,7611.3977694743435
47_1,307,41.34396399999999,19.756524,7658.264305662786
47_1,308,41.344016,19.756446,7666.978122749711
47_1,309,41.344519,19.755779,7745.941514064315
47_1,310,41.345191,19.754891,7851.248698751249
47_1,311,41.34577300000001,19.754098000000003,7943.869058475673
47_1,312,41.34583799999999,19.75397,7956.834831231555
47_1,313,41.345929,19.753787,7975.179892087597
47_1,314,41.345938999999994,19.753768,7977.118994831188
47_1,315,41.345976,19.753696,7984.4107437140765
47_1,316,41.346045000000004,19.753603,7995.330627807442
47_1,317,41.34606699999999,19.753559,7999.748819993696
47_1,318,41.34612899999998,19.753438,8011.991708427812
47_1,319,41.346184,19.753362000000003,8020.808107640529
47_1,320,41.346450999999995,19.752991,8063.7320186488005
47_1,321,41.346579,19.75283,8083.313842786766
47_1,322,41.34683100000001,19.752441,8126.345440019065
47_1,323,41.347369,19.751475,8227.03088413967
47_1,324,41.34746,19.75131,8244.1387447017
47_1,325,41.34797900372315,19.750400007190333,8339.652230616204
47_1,326,41.348498,19.74949,8435.153989194989
47_1,327,41.348715,19.749113,8474.846095280858
47_1,328,41.349054001552624,19.748525503032916,8536.75922927408
47_1,329,41.349393,19.747938,8598.674934760395
47_1,330,41.34950499999999,19.747743,8619.365186207191
47_1,331,41.349506999999996,19.747738,8619.838806255893
47_1,332,41.3496,19.747572,8637.145472414377
47_1,333,41.34972,19.747417,8655.814242839688
47_1,334,41.34975899999999,19.747328,8664.42811193392
47_1,335,41.34989699999999,19.746847,8707.489970948847
47_1,336,41.350028,19.746605,8732.469503596863
47_1,337,41.350053,19.746566,8736.753433197438
47_1,338,41.35038000000001,19.746057,8792.71580771664
47_1,339,41.350500999999994,19.745868,8813.465727452158
47_1,340,41.350524000000014,19.745833,8817.351140570081
47_1,341,41.350699,19.745569,8846.769012498988
47_1,342,41.350939999999994,19.745204,8887.404839278606
47_1,343,41.351093999999996,19.744999,8911.739085466477
47_1,344,41.35124799999999,19.744794,8935.95761799765
47_1,345,41.35146499999998,19.744512,8969.691997440847
47_1,346,41.351578,19.744375,8986.765851722112
47_1,347,41.35166399999999,19.744261,9000.262001319636
47_1,348,41.35173100000001,19.744168,9011.026792104212
47_1,349,41.351782,19.744095,9019.355442864753
47_1,350,41.351812,19.744045,9024.70281515899
47_1,351,41.351901000000005,19.743899,9040.41443244632
47_1,352,41.35191699999999,19.743868,9043.558098724168
47_1,353,41.35195499999999,19.743788000000002,9051.6880621336
47_1,354,41.35210699999999,19.743232,9101.186127427192
47_1,355,41.352126,19.743169,9106.863441871592
47_1,356,41.35214599999999,19.743103,9112.936795714773
47_1,357,41.352214999999994,19.742922,9129.907584778051
47_1,358,41.352298999999995,19.742777,9145.209631753138
47_1,359,41.352356,19.742632,9158.892458060354
47_1,360,41.352373,19.742588,9163.029359651886
47_1,361,41.352572,19.741886,9225.78849089092
47_1,362,41.352601,19.741787,9234.675007926955
47_1,363,41.35266,19.741583,9252.979433631674
47_1,364,41.352701,19.741444,9265.467860619376
47_1,365,41.352780999999986,19.741204,9287.423952567702
47_1,366,41.352038,19.74072,9379.33393643895
47_1,367,41.352475999999996,19.739587,9485.872151061667
47_1,368,41.352738,19.738911000000005,9549.483646283947
47_1,369,41.352864,19.738585,9580.186407261855
47_1,370,41.352887999999986,19.738521,9586.16727448686
48_0,1,41.30761799999999,19.798931,0
48_0,2,41.307715,19.798907,10.955663924935397
48_0,3,41.307861999999986,19.798844,28.398493231367155
48_0,4,41.307986,19.798786,42.99731554718705
48_0,5,41.308144000000006,19.798677000000005,62.77144871030343
48_0,6,41.308366,19.798476,92.97943030253239
48_0,7,41.308449,19.798359,123.01819756796257
48_0,8,41.308582,19.798233,141.16572905668195
48_0,9,41.308679999999995,19.798224,152.07265548633976
48_0,10,41.30880199999999,19.798304,167.18353129066531
48_0,11,41.30888099999999,19.798395,178.83938154207777
48_0,12,41.308946000000006,19.798593,201.06635306708688
48_0,13,41.309016,19.798645,209.97456752398656
48_0,14,41.309065000000004,19.798645,215.41500246423757
48_0,15,41.309103,19.798635,219.71637213217008
48_0,16,41.309618,19.798044,297.3271981422023
48_0,17,41.309658,19.798018,302.2730852864414
48_0,18,41.30969,19.798021,305.83488891038445
48_0,19,41.309785,19.798077,317.3776156481509
48_0,20,41.309887999999994,19.798199,332.7104992460176
48_0,21,41.31004,19.798315,352.9298833386218
48_0,22,41.31011399999999,19.79832,361.15670810243296
48_0,23,41.310185999999995,19.798296,369.3994425501475
48_0,24,41.31026899999999,19.798216,380.79146558213256
48_0,25,41.310297999999996,19.79818,385.2017207892931
48_0,26,41.310300999999995,19.798176,385.6740366709776
48_0,27,41.31033699999999,19.798133,391.0531641164687
48_0,28,41.310425,19.798026,404.3084813485905
48_0,29,41.31054199999999,19.797885,422.07186545669754
48_0,30,41.310842999999984,19.797534,468.2492192655242
48_0,31,41.31093099999998,19.797509,478.2414394697408
48_0,32,41.311203,19.797528,508.5103566297796
48_0,33,41.311223,19.797527,510.7325211074968
48_0,34,41.311289,19.797522,518.072403239263
48_0,35,41.311447,19.79747,536.1470900331522
48_0,36,41.311508,19.797451,543.104147211105
48_0,37,41.31160499999999,19.797458,553.9598334012077
48_0,38,41.311942,19.797631,594.0817675272644
48_0,39,41.31200200000001,19.797678,606.087277904319
48_0,40,41.31227099999999,19.798006000000004,649.1044039518182
48_0,41,41.312349000000005,19.798109,661.3252212790487
48_0,42,41.312435,19.798215,674.3604001219633
48_0,43,41.312535999999994,19.798289,687.1716667769516
48_0,44,41.31257299999999,19.798302,691.4214566597212
48_0,45,41.312614,19.798304,695.9767382802225
48_0,46,41.312715,19.798289,708.0992257229042
48_0,47,41.31282000000001,19.798234,720.6335694053108
48_0,48,41.31284399999999,19.798221,723.5119339875472
48_0,49,41.31289700000001,19.798191,729.9099872896131
48_0,50,41.313049,19.798155,747.0534178972107
48_0,51,41.313199,19.798204,764.2577951397595
48_0,52,41.313219999999994,19.798214,766.735135781113
48_0,53,41.313309,19.798255,777.1958425013435
48_0,54,41.31341100000001,19.798303,789.2125569222785
48_0,55,41.313578,19.798331000000005,807.9020281868826
48_0,56,41.313614,19.79833,811.8999623075392
48_0,57,41.31374499999999,19.798325,826.8776229003354
48_0,58,41.31400299999999,19.798356,855.9131968473848
48_0,59,41.314137999999986,19.798376,870.9953777162755
48_0,60,41.314220999999996,19.798392,880.3076417653143
48_0,61,41.314280999999994,19.798397,887.7448912562089
48_0,62,41.31436799999999,19.798406,897.4337845018515
48_0,63,41.314442,19.798404,905.6516650912497
48_0,64,41.314515,19.798387,913.8807939058712
48_0,65,41.314530999999995,19.798384,915.674927226505
48_0,66,41.31461099999999,19.798364,924.7136866485625
48_0,67,41.31468300000001,19.798356,932.7358047818935
48_0,68,41.31476099999999,19.798362,941.4106503353909
48_0,69,41.314806,19.798388,949.0405838055418
48_0,70,41.314764,19.798632,970.6613452350464
48_0,71,41.314711,19.798906,994.3408844478557
48_0,72,41.314716000000004,19.799025000000004,1004.3179073834015
48_0,73,41.314687000000006,19.79903,1007.5648496988916
48_0,74,41.31461,19.799075,1017.2130694090126
48_0,75,41.31455,19.799155,1026.6590779782532
48_0,76,41.314536,19.799188,1029.828836577621
48_0,77,41.314524999999996,19.799223,1033.003081289049
48_0,78,41.31447200000001,19.799266,1039.9012626988178
48_0,79,41.31435899999999,19.799384,1055.8694504396826
48_0,80,41.314118,19.799654,1091.2424655862833
48_0,81,41.31398699999999,19.799831,1112.5941483344134
48_0,82,41.313931999999994,19.79992,1122.2273292473326
48_0,83,41.313900999999994,19.799972,1127.7766894516212
48_0,84,41.313890999999984,19.799988,1129.5164331827343
48_0,85,41.31373200000001,19.8003,1162.5680676228753
48_0,86,41.313675,19.800424,1174.7254616705213
48_0,87,41.313648,19.80048,1180.289891480593
48_0,88,41.313491000000006,19.800893,1219.4973908236477
48_0,89,41.313429000000006,19.80105,1234.3338518328424
48_0,90,41.313303,19.801366,1264.3853961728125
48_0,91,41.31307799999999,19.801929,1318.2914289438818
48_0,92,41.31301499999999,19.802087,1333.9014756670567
48_0,93,41.312770999999984,19.802704,1392.3698590176098
48_0,94,41.31272599999999,19.802809,1402.4805004399043
48_0,95,41.312613999999996,19.803069,1428.566864052076
48_0,96,41.31257500000001,19.803177,1438.5913548787216
48_0,97,41.312551,19.803254,1445.5663524524189
48_0,98,41.31250300000001,19.803425,1461.402820910607
48_0,99,41.312444,19.803658,1481.9786788728688
48_0,100,41.31236799999999,19.803956,1508.3137828639788
48_0,101,41.312318999999995,19.804138000000002,1524.5355646414985
48_0,102,41.312213,19.804531,1559.4767599564286
48_0,103,41.312155999999995,19.80475,1580.6444928938947
48_0,104,41.312055,19.805134000000002,1614.7485432529968
48_0,105,41.312043,19.805174,1618.3524294616166
48_0,106,41.311973,19.805417,1640.1290674299898
48_0,107,41.31196700000001,19.805437,1641.9310123081846
48_0,108,41.311963,19.80545,1643.106426549701
48_0,109,41.3119,19.805623,1660.1466300777588
48_0,110,41.31187,19.805721,1669.0010140958823
48_0,111,41.312015999999986,19.805791,1686.2379494782385
48_0,112,41.312032999999985,19.805799,1688.2407362696176
48_0,113,41.312288,19.805888,1717.8967228536042
48_0,114,41.31232899999999,19.805903,1722.6189346558835
48_0,115,41.312338,19.805854,1726.840858406883
48_0,116,41.31236799999999,19.805698,1740.3182608300856
48_0,117,41.31250299999999,19.804983,1802.0698312348795
48_0,118,41.31253099999999,19.804862,1812.6654798604604
48_0,119,41.312560000000005,19.8048,1822.7544220349528
48_0,120,41.312652,19.804516,1848.630463512372
48_0,121,41.312681000000005,19.804418,1857.4435917030733
48_0,122,41.312698,19.804359,1862.8945302253169
48_0,123,41.312852,19.803812000000004,1911.7738738066953
48_0,124,41.312986,19.803428,1947.1956302077247
48_0,125,41.313026,19.803381,1953.8715477055755
48_0,126,41.31310400000002,19.803352,1962.8656595693203
48_0,127,41.313302,19.803394,1985.1366487047817
48_0,128,41.31335899999999,19.80341,1991.6054986006422
48_0,129,41.313430000000004,19.80343,1999.6644069318952
48_0,130,41.313513,19.803453,2009.0788217999545
48_0,131,41.31356999999999,19.803444,2015.4521773053555
48_0,132,41.313605,19.803502,2021.6711067668546
48_0,133,41.31361999999999,19.803555,2026.4101254938553
48_0,134,41.31361600000001,19.803602,2030.369574012261
48_0,135,41.313590999999995,19.80368,2037.464607734842
48_0,136,41.31351900000001,19.804162,2078.5994187451624
48_0,137,41.31344699999999,19.80463,2118.5839703183597
48_0,138,41.313313294816254,19.80536329118032,2181.761567438717
48_0,139,41.31397200000001,19.80562,2258.0539576520137
48_0,140,41.3144,19.805802,2308.233482031757
48_0,141,41.31443,19.805815,2311.7376237799303
48_0,142,41.314479,19.805835,2317.4298379234556
48_0,143,41.31468799999999,19.805924,2341.8016097982218
48_0,144,41.314743,19.805948,2348.2302134499982
48_0,145,41.314803,19.805973,2355.21294992377
48_0,146,41.314842,19.80599,2359.7709382128096
48_0,147,41.31509599999999,19.806098,2389.601643232059
48_0,148,41.315481999999996,19.806262,2434.6111505726767
48_0,149,41.31581799999999,19.806405,2473.790425980656
48_0,150,41.31590700000001,19.806442,2484.146048524111
48_0,151,41.31622099999999,19.806576,2520.792003487001
48_0,152,41.316262,19.806593,2525.5614449617124
48_0,153,41.316615,19.806743,2566.812770592969
48_0,154,41.31665,19.806758,2570.8966121579883
48_0,155,41.316874,19.806852,2596.9822062932535
48_0,156,41.316913,19.80687,2601.5670049876185
48_0,157,41.316987,19.806887,2609.9054921167467
48_0,158,41.317052999999994,19.806877,2617.3568582718744
48_0,159,41.31716,19.806778,2631.8804961934334
48_0,160,41.317235,19.806699,2642.5140433638335
48_0,161,41.317256,19.806734,2646.2583571331893
48_0,162,41.317284,19.80676,2650.053277600755
48_0,163,41.317316,19.806773,2653.7691248025344
48_0,164,41.31734999999999,19.806775,2657.5478299151036
48_0,165,41.317383,19.806764,2661.3257228804946
48_0,166,41.317486,19.8068,2673.1521044657898
48_0,167,41.31760799999999,19.806852,2687.493267289251
48_0,168,41.317786999999996,19.807009,2711.3196756588763
48_0,169,41.318088999999986,19.807273,2751.4776122433877
48_0,170,41.318343999999996,19.807497,2785.4371105565247
48_0,171,41.318508,19.807642,2807.3548674603285
48_0,172,41.318574,19.807698,2816.053795642672
48_0,173,41.318704,19.807811,2833.3829161530425
48_0,174,41.318729,19.807833,2836.7139630634765
48_0,175,41.31882899999999,19.807921,2850.038146765569
48_0,176,41.318918999999994,19.808,2862.0206598187206
48_0,177,41.31898499999999,19.808057000000005,2870.7649614163925
48_0,178,41.319056999999994,19.80812,2880.3417366642716
48_0,179,41.319106000000005,19.808162,2886.8192206774784
48_0,180,41.31930499999999,19.808333,2913.150954412107
48_0,181,41.319582000000004,19.808569,2949.703745990518
48_0,182,41.31961,19.808592,2953.3604030564575
48_0,183,41.31964800000001,19.808626,2958.4496359025443
48_0,184,41.320094000000005,19.809001,3017.093190484148
48_0,185,41.32014199999999,19.809041,3023.3870450249055
48_0,186,41.32024700000001,19.80913,3037.2220472570507
48_0,187,41.320486,19.809329,3068.5577491677222
48_0,188,41.320629,19.809447,3087.256389127347
48_0,189,41.320689999999985,19.809499,3095.3071833107124
48_0,190,41.320852,19.809635,3116.5935266944934
48_0,191,41.321073999999996,19.809793,3144.569927714791
48_0,192,41.321146,19.80982,3152.8773439079314
48_0,193,41.32121999999999,19.809819,3161.093935381633
48_0,194,41.321359,19.80979,3176.716727609392
48_0,195,41.32136899999999,19.809867,3183.2567132346503
48_0,196,41.32139900000001,19.809986,3193.7594204609286
48_0,197,41.32142799999999,19.81004,3200.3257764725154
48_0,198,41.321504999999995,19.810117,3211.032234912468
48_0,199,41.321574000000005,19.810169,3219.843328436344
48_0,200,41.321628000000004,19.810209,3226.710388916108
48_0,201,41.321762,19.810253,3242.037359557185
48_0,202,41.322051,19.810286,3274.2496429212765
48_0,203,41.32208,19.810285,3277.4705793271114
48_0,204,41.32210200000001,19.810426,3289.6230919889435
48_0,205,41.322189,19.810974,3336.4972861443803
48_0,206,41.322213999999995,19.811132,3350.2951980300363
48_0,207,41.322228,19.811221000000003,3357.9050171904278
48_0,208,41.322399,19.812305000000002,3450.6028814036626
48_0,209,41.322547,19.813242,3530.794705944121
48_0,210,41.32256900000001,19.813385,3543.658141144806
48_0,211,41.32264299999999,19.813364,3552.060214372274
48_0,212,41.32266799999999,19.813359,3554.867316264496
48_0,213,41.322943000000016,19.813284,3586.0389880361745
48_0,214,41.323005,19.813264,3593.123416129299
48_0,215,41.323136,19.813217,3608.1912480923916
48_0,216,41.323457000000005,19.813128000000003,3644.6017959916817
48_0,217,41.323742,19.813049,3676.9300801546096
48_0,218,41.323919,19.812999,3697.0229063433912
48_0,219,41.324113000000004,19.812945,3719.0316626351164
48_0,220,41.32493852190289,19.812716196569216,3812.685842107187
48_0,221,41.32515300000001,19.814074,3928.798612024366
48_0,222,41.325328,19.815198,4024.8892244973995
48_0,223,41.32547400000001,19.816119,4103.693145626779
48_0,224,41.32548599999999,19.816199,4110.52014296841
48_0,225,41.32555399999999,19.816617,4146.310677252506
48_0,226,41.325566,19.816695,4152.973571756184
48_0,227,41.325577,19.81676,4158.549246222114
48_0,228,41.325598,19.816902,4171.061106665679
48_0,229,41.325619,19.817038,4182.680163035853
48_0,230,41.32570599999999,19.817597,4230.460538988438
48_0,231,41.325768999999994,19.817999,4264.825821788252
48_0,232,41.32589799999999,19.818808,4334.427649337316
48_0,233,41.325929,19.819015,4352.229015857213
48_0,234,41.32594299999999,19.819105000000004,4359.920358791313
48_0,235,41.326488999999995,19.818957,4421.8070749763065
48_0,236,41.32666100000001,19.818911000000003,4441.301604217992
48_0,237,41.326713000000005,19.818909,4447.077546382923
48_0,238,41.326758000000005,19.818925,4452.3000719060765
48_0,239,41.326778,19.818944,4455.031323176911
48_0,240,41.326915,19.81911,4475.63883164322
48_0,241,41.327099,19.819265,4499.839012646023
48_0,242,41.32711199999999,19.819280000000003,4501.7519720042455
48_0,243,41.327131,19.819307,4504.843360651636
48_0,244,41.327143,19.819339,4507.834684943346
48_0,245,41.327158000000004,19.819404,4513.524038239566
48_0,246,41.327166,19.819496,4521.274981466841
48_0,247,41.32724800380379,19.820433498736143,4600.316884268589
48_0,248,41.32733,19.821371,4679.315036136497
48_0,249,41.32737500000001,19.821887,4723.429728778338
48_0,250,41.327389,19.822053,4737.409622986135
48_0,251,41.327427,19.822489,4774.197167514172
48_0,252,41.327450999999996,19.822609,4784.587930913441
48_0,253,41.32749999999999,19.822749,4800.839371900034
48_0,254,41.32756799999999,19.822622,4813.8770199447035
48_0,255,41.327591,19.822583,4818.021328489699
48_0,256,41.32762799999999,19.822531,4824.00604562582
48_0,257,41.327685,19.822463,4832.758355482318
48_0,258,41.32775899999999,19.82239,4842.997143237105
48_0,259,41.327963000000004,19.822247,4868.614645798448
48_0,260,41.32826099999999,19.822075,4904.895691491662
48_0,261,41.32847599999999,19.821956,4930.76125748663
48_0,262,41.32860299999999,19.821889,4946.00799640016
48_0,263,41.328663999999996,19.821852,4953.45511392103
48_0,264,41.328799999999994,19.821772,4969.9728926409425
48_0,265,41.32975799999999,19.821227,5085.708719404306
48_0,266,41.329989999999995,19.821092,5113.836372215179
48_0,267,41.330465000000004,19.82082,5171.279577387477
48_0,268,41.33065500000001,19.820707,5194.397888192486
48_0,269,41.330617000000004,19.82061,5203.546740264572
48_0,270,41.33059799999999,19.820378,5223.077068690217
48_0,271,41.33061099999999,19.820037,5251.6536061822935
48_0,272,41.330589,19.819849,5267.5757960355195
48_0,273,41.330549,19.819553,5292.743952628901
48_0,274,41.330479999999994,19.819044,5336.025606427791
48_0,275,41.33045700000001,19.818871,5350.727480381589
48_0,276,41.330344,19.818028,5422.413700718136
48_0,277,41.330332,19.817947,5429.322308000587
48_0,278,41.330431,19.817919,5440.56121148751
48_0,279,41.3310260001685,19.817754001562363,5508.167466557374
48_0,280,41.331620999999984,19.817589,5575.668851910342
48_0,281,41.331972,19.817493,5615.465801492329
48_0,282,41.33199999999999,19.817485,5618.645895869054
48_0,283,41.333051,19.817196,5737.81943700334
48_0,284,41.333180999999996,19.817157,5752.617652921235
48_0,285,41.333321999999995,19.817121,5768.560039666594
48_0,286,41.334244,19.816867,5873.113994938051
48_0,287,41.334618999999996,19.816766,5915.604372951566
48_0,288,41.33471,19.816742,5925.90573149958
48_0,289,41.33472299999999,19.816738,5927.387419971984
48_0,290,41.335267,19.816588,5989.31474983525
48_0,291,41.335661,19.816474,6034.155450460594
48_0,292,41.335708999999994,19.81649,6039.6504812926905
48_0,293,41.335824,19.816587,6054.780645847075
48_0,294,41.33593100000001,19.816744,6072.593179255145
48_0,295,41.335984,19.816831000000004,6081.95441433848
48_0,296,41.33601599999999,19.817023,6098.40971035077
48_0,297,41.336022,19.81706,6101.57683812833
48_0,298,41.33605500000001,19.817244000000002,6117.404445488113
48_0,299,41.336076000000006,19.817366,6127.961385666758
48_0,300,41.33610400000001,19.817518,6141.289310084373
48_0,301,41.336126,19.817603,6148.810080177324
48_0,302,41.336163,19.817709,6158.585566029244
48_0,303,41.3364,19.818345,6217.967145240788
48_0,304,41.336499999999994,19.8186,6242.0218641074525
48_0,305,41.336681,19.819069,6286.115226612314
48_0,306,41.33671099999999,19.819144,6293.220504204328
48_0,307,41.33691100000001,19.819661,6341.850661681587
48_0,308,41.33702099999999,19.819925,6367.093861664008
48_0,309,41.33708200000001,19.820067,6380.771273510105
48_0,310,41.337129000000004,19.820162,6390.581378131668
48_0,311,41.337362,19.820585,6434.440306796264
48_0,312,41.337526999999994,19.820886,6465.73692526845
48_0,313,41.33757399999999,19.820971,6474.558752699409
48_0,314,41.337746,19.821269,6506.0207716104915
48_0,315,41.33793599999999,19.821551,6537.673354258029
48_0,316,41.33837599999998,19.822188,6609.991122249337
48_0,317,41.338987,19.82299,6705.420654487838
48_0,318,41.33931799999999,19.823552,6765.143942594002
48_0,319,41.339529000000006,19.824015,6810.437491113856
48_0,320,41.339591,19.824177,6825.641088938403
48_0,321,41.33966,19.824372,6843.667308782553
48_0,322,41.339752,19.824679,6871.333929733403
48_0,323,41.339780000000005,19.824776,6880.025699176553
48_0,324,41.33983899999999,19.825005,6900.27674715987
48_0,325,41.33989400000001,19.825229,6920.031146223677
48_0,326,41.33993600000001,19.825432000000003,6937.828408832892
48_0,327,41.339974,19.825655,6957.127484079363
48_0,328,41.339981,19.825697,6960.726864971523
48_0,329,41.339985,19.825721,6962.783653874254
48_0,330,41.340053,19.826188,7002.583848416187
48_0,331,41.34007,19.826322,7013.9544189513235
48_0,332,41.340095999999996,19.826549,7033.167362983689
48_0,333,41.340216999999996,19.827642,7125.757367585665
48_0,334,41.340249,19.827944,7151.27650814681
48_0,335,41.34027499999999,19.828268000000005,7178.73903493489
48_0,336,41.34027800000001,19.828583,7205.099525092017
48_0,337,41.34023400000001,19.828785,7222.699439273782
48_0,338,41.340221,19.828823,7226.191446659849
48_0,339,41.340191000000004,19.82889,7232.712671070719
48_0,340,41.34009799999999,19.829024,7247.955608661441
48_0,341,41.340054,19.829072,7254.280044979226
48_0,342,41.33999599999999,19.829117,7261.7398446502875
48_0,343,41.34004999999999,19.829217,7272.033850023578
48_0,344,41.340087,19.829291,7279.46479926185
48_0,345,41.340164,19.829428,7294.025589693198
48_0,346,41.340233999999995,19.829562,7307.668579652155
48_0,347,41.340337,19.829768,7328.3546864664995
48_0,348,41.34068,19.830462,7397.807265624396
48_0,349,41.34072100000001,19.830546,7406.181468721585
48_0,350,41.340779,19.830668,7418.251449929652
48_0,351,41.340954,19.831045,7455.303153857038
48_0,352,41.34098800000001,19.831114,7462.201407751385
48_0,353,41.341224,19.831591,7510.002831240346
48_0,354,41.34172,19.832542,7606.790418221747
48_0,355,41.341941999999996,19.832975,7650.611226708198
48_0,356,41.34197199999999,19.833034000000005,7657.213466490872
48_0,357,41.342061,19.83321,7674.948321000273
48_0,358,41.342084,19.833256,7679.56745814816
48_0,359,41.342158,19.833403,7694.359369294848
48_0,360,41.34227200000001,19.833616,7716.228120909768
48_0,361,41.342324999999995,19.833719,7726.676396282321
48_0,362,41.342372999999995,19.833816,7736.386140302059
48_0,363,41.342403,19.833874,7742.272358920686
48_0,364,41.342426999999994,19.833922000000005,7747.092310019729
48_0,365,41.342656,19.834373,7792.595694535252
48_0,366,41.34274799999999,19.834554,7810.866822892756
48_0,367,41.342887,19.834833000000003,7838.852011968379
48_0,368,41.34297500000001,19.834996,7855.629437543825
48_0,369,41.34306099999999,19.835139,7871.188099582446
48_0,370,41.34317799999999,19.835319,7891.077597717189
48_0,371,41.343393,19.835626,7926.145676256539
48_0,372,41.34387100000001,19.83631,8004.207542138048
48_0,373,41.343909,19.836366,8010.51280517357
48_0,374,41.343977,19.836462,8021.536612268667
48_0,375,41.34438050142381,19.837040996420054,8087.593716701507
48_0,376,41.344784,19.83762,8153.628271640913
48_0,377,41.34491599999999,19.837809,8175.189182532205
48_0,378,41.345078,19.83804,8201.643251418644
48_0,379,41.34516299999999,19.838152,8214.943043205423
48_0,380,41.345198999999994,19.838206,8220.97552252051
48_0,381,41.34521899999999,19.838244,8224.85368882001
48_0,382,41.345296,19.838234,8233.443774096439
48_0,383,41.34534399999999,19.838232000000005,8238.775796349257
48_0,384,41.345638999999984,19.838327,8273.063823157776
48_0,385,41.345754,19.83837,8286.329378112596
48_0,386,41.3458,19.838386,8291.609253014998
48_0,387,41.345873000000005,19.838394,8299.741968642602
48_0,388,41.345903,19.838391,8303.08228565705
48_0,389,41.346067,19.838347,8321.747458650514
48_0,390,41.346162,19.838317,8332.589777684809
48_0,391,41.34618100000001,19.838312,8334.740412046142
48_0,392,41.34642899999999,19.838237,8362.98163020237
48_0,393,41.346551999999996,19.838186,8377.290292338022
48_0,394,41.346729,19.838111,8397.920662969449
48_0,395,41.346852999999996,19.838028,8413.34056636935
48_0,396,41.346713,19.836796,8517.612132170223
48_0,397,41.34671199999999,19.836783,8518.705481692783
48_0,398,41.346602999999995,19.835773,8604.086298768201
48_0,399,41.346518999999994,19.834971,8671.846732740223
48_0,400,41.34649300000001,19.834731,8692.133966396654
48_0,401,41.34648500000001,19.834651,8698.886191855861
48_0,402,41.346456999999994,19.834404,8719.78504898938
48_0,403,41.346444999999996,19.83429,8729.427920216733
48_0,404,41.34641899999999,19.834047,8749.963506597494
48_0,405,41.346359,19.833491,8797.032406840013
48_0,406,41.346488,19.833502,8811.384714275926
48_0,407,41.34654999999999,19.833507,8818.287747177284
48_0,408,41.34690199999999,19.833521,8857.387578463107
48_0,409,41.346985,19.83352,8866.60338287514
48_0,410,41.347124,19.83351,8882.072769072674
48_0,411,41.34725799999999,19.833495,8897.003524262727
48_0,412,41.34741600000001,19.833474,8914.633912038085
48_0,413,41.34765399999999,19.833436,8941.253776108459
48_0,414,41.347901,19.833391,8968.935239565619
48_0,415,41.34796899999999,19.833377,8976.575551552105
48_0,416,41.348065,19.833348,8987.507036292918
48_0,417,41.348146,19.833323,8996.76057127845
48_0,418,41.348208,19.833284,9004.378588670128
48_0,419,41.34828,19.833242,9013.110945468341
48_0,420,41.348439,19.833149,9032.403321798798
48_0,421,41.348573,19.833097,9047.904316952256
48_0,422,41.34901700000001,19.832968,9098.395290078613
48_0,423,41.349303,19.832891,9130.920797037928
48_0,424,41.349366,19.832874,9138.05878215199
48_0,425,41.349436,19.832824,9146.911296113287
48_0,426,41.34948599999999,19.832781,9153.526552701742
48_0,427,41.349546,19.832728,9161.52916296647
48_0,428,41.350272,19.832478,9244.81486984971
48_0,429,41.35037400000001,19.832394,9258.174958682988
48_0,430,41.350438000000004,19.832266,9271.027079693997
48_0,431,41.35052899999999,19.831971,9297.696593241382
48_0,432,41.350548,19.831915,9302.83481209642
48_0,433,41.35055800000001,19.831862,9307.405906352682
48_0,434,41.350562999999994,19.831792,9313.288652401905
48_0,435,41.35056,19.831670000000003,9323.501116973464
48_0,436,41.350561,19.831418,9344.584786271593
48_0,437,41.350560998859166,19.831418287569832,9344.608845903636
48_1,1,41.350560998859166,19.831418287569832,0
48_1,2,41.35056,19.831670000000003,21.059609666083272
48_1,3,41.350562999999994,19.831792,31.27207423764341
48_1,4,41.35055800000001,19.831862,37.154820286866354
48_1,5,41.350548,19.831915,41.725914543128894
48_1,6,41.35052899999999,19.831971,46.86413339816646
48_1,7,41.350438000000004,19.832266,73.53364694555127
48_1,8,41.35037400000001,19.832394,86.38576795655919
48_1,9,41.350272,19.832478,99.74585678983695
48_1,10,41.349546,19.832728,183.03156367307696
48_1,11,41.34948599999999,19.832781,191.0341739378055
48_1,12,41.349436,19.832824,197.64943052625958
48_1,13,41.349366,19.832874,206.50194448755664
48_1,14,41.349303,19.832891,213.63992960161835
48_1,15,41.34901700000001,19.832968,246.1654365609336
48_1,16,41.348573,19.833097,296.6564096872922
48_1,17,41.348439,19.833149,312.1574048407497
48_1,18,41.348208,19.833284,340.18213501716195
48_1,19,41.348146,19.833323,347.8001524088404
48_1,20,41.348082,19.833343,355.1258327832262
48_1,21,41.348065,19.833348,357.05913324811894
48_1,22,41.34796899999999,19.833377,367.990617988932
48_1,23,41.347901,19.833391,375.6309299754188
48_1,24,41.34765399999999,19.833436,403.3123934325795
48_1,25,41.34741600000001,19.833474,429.9322575029521
48_1,26,41.34725799999999,19.833495,447.56264527831
48_1,27,41.347124,19.83351,462.4934004683627
48_1,28,41.346985,19.83352,477.96278666589717
48_1,29,41.34690199999999,19.833521,487.1785910779299
48_1,30,41.34654999999999,19.833507,526.2784223637535
48_1,31,41.346488,19.833502,533.1814552651125
48_1,32,41.346359,19.833491,547.5337627010246
48_1,33,41.34641899999999,19.834047,594.6026629435435
48_1,34,41.346444999999996,19.83429,615.1382493243044
48_1,35,41.346456999999994,19.834404,624.7811205516558
48_1,36,41.34648500000001,19.834651,645.6799776851753
48_1,37,41.34649300000001,19.834731,652.4322031443836
48_1,38,41.346518999999994,19.834971,672.7194368008135
48_1,39,41.346602999999995,19.835773,740.4798707728353
48_1,40,41.34667699999999,19.836458,798.3791487038352
48_1,41,41.346713,19.836796,826.9786805352502
48_1,42,41.346852999999996,19.838028,931.2502463361235
48_1,43,41.346729,19.838111,946.6701497360241
48_1,44,41.346551999999996,19.838186,967.30052036745
48_1,45,41.34642899999999,19.838237,981.6091825031016
48_1,46,41.34618100000001,19.838312,1009.8504006593296
48_1,47,41.346143,19.838323,1014.1687250778816
48_1,48,41.346067,19.838347,1022.8425803542482
48_1,49,41.345903,19.838391,1041.5077533477117
48_1,50,41.345873000000005,19.838394,1044.8480703621603
48_1,51,41.3458,19.838386,1052.980785989765
48_1,52,41.345754,19.83837,1058.260660892167
48_1,53,41.345638999999984,19.838327,1071.5262158469875
48_1,54,41.34534399999999,19.838232000000005,1105.8142426555057
48_1,55,41.345296,19.838234,1111.1462649083244
48_1,56,41.345279999999995,19.838198,1114.6432459394612
48_1,57,41.34525,19.838148,1119.9908382793526
48_1,58,41.345211,19.838092,1126.3708567027895
48_1,59,41.34516399999999,19.838026,1133.9686832031919
48_1,60,41.345147,19.838003,1136.6642495219328
48_1,61,41.344524,19.837103,1238.9263604218495
48_1,62,41.344246999999996,19.836716,1283.8349346068037
48_1,63,41.34401,19.836377,1322.5324040269477
48_1,64,41.343882,19.836193,1343.4847877947523
48_1,65,41.343594,19.835782,1390.4594402149223
48_1,66,41.343169,19.835174,1459.8483533314673
48_1,67,41.34311,19.835084,1470.209368819854
48_1,68,41.34302699999999,19.834942,1485.2459228811122
48_1,69,41.342947,19.834785,1501.1037623048892
48_1,70,41.342628,19.834158,1564.4047346157129
48_1,71,41.342408000000006,19.833728,1607.8927875270047
48_1,72,41.342378,19.83367,1613.8010586843989
48_1,73,41.342299,19.833516,1629.3889444940205
48_1,74,41.342141,19.833204,1660.8481131444207
48_1,75,41.342118000000006,19.833158,1665.4672475556085
48_1,76,41.342029,19.832982,1683.2020916386589
48_1,77,41.34199900000001,19.832922,1689.8671280259969
48_1,78,41.341902999999995,19.832737,1708.661744387275
48_1,79,41.34178200000001,19.832502,1732.4766085265594
48_1,80,41.341781,19.832501,1732.6156374631728
48_1,81,41.34169099999998,19.832325,1750.4126491103798
48_1,82,41.34128499999999,19.831539,1830.2372094162577
48_1,83,41.341150999999996,19.831278,1856.6628573759424
48_1,84,41.341074,19.831124,1872.1273503870439
48_1,85,41.34097,19.830895,1894.499664577729
48_1,86,41.340915,19.83078,1905.902878500602
48_1,87,41.34083799999999,19.830618,1921.9292371765684
48_1,88,41.34080199999999,19.830543,1929.3697654016278
48_1,89,41.340779,19.830496,1934.0589227340201
48_1,90,41.340737999999995,19.830414,1942.2931557741
48_1,91,41.34026899999999,19.829467,2037.1187445724788
48_1,92,41.34022000000001,19.829309,2051.675586718639
48_1,93,41.340206,19.829126,2067.0672572529484
48_1,94,41.340214,19.829035,2074.733539005529
48_1,95,41.340262,19.828942,2084.1655106613457
48_1,96,41.340315999999994,19.8288,2097.4746565094006
48_1,97,41.340344,19.828675,2108.3950178845657
48_1,98,41.340350999999984,19.828626,2112.5682173605524
48_1,99,41.34035699999999,19.828497,2123.383127745926
48_1,100,41.340323,19.827961,2168.5128472614897
48_1,101,41.34024700218002,19.827250999124473,2228.554095894277
48_1,102,41.34017099999999,19.826541,2288.648222374193
48_1,103,41.340148,19.826339,2305.742912217002
48_1,104,41.340131,19.826207,2316.9484705925165
48_1,105,41.340074,19.825793,2352.1643621518297
48_1,106,41.340006999999986,19.825431,2383.35577219936
48_1,107,41.339966999999994,19.825215,2401.96782207585
48_1,108,41.339895999999996,19.82492,2428.159566489497
48_1,109,41.339819999999996,19.824652,2452.120283994936
48_1,110,41.33975199999998,19.824418,2473.1061194594313
48_1,111,41.339702,19.824266,2487.0258990250736
48_1,112,41.339610999999984,19.824033,2508.985375125943
48_1,113,41.339372999999995,19.823498,2560.9862500476056
48_1,114,41.339263,19.823297,2581.7722027407053
48_1,115,41.339034000000005,19.822926,2621.958238677907
48_1,116,41.338861,19.822687,2649.6877027427054
48_1,117,41.33859500000001,19.822344,2690.911071233677
48_1,118,41.33842400000001,19.822119,2717.6659821558655
48_1,119,41.337987,19.821491,2789.2040822192284
48_1,120,41.337877,19.821318,2808.1444792157095
48_1,121,41.337775,19.821151,2826.1318879788364
48_1,122,41.337646,19.820932,2849.462135471316
48_1,123,41.33754299999999,19.820743,2869.2192598914994
48_1,124,41.33756700000001,19.820719,2872.556038923536
48_1,125,41.33754299999999,19.820743,2875.892817955573
48_1,126,41.337514,19.820691,2881.3059733363375
48_1,127,41.337434,19.820549,2896.1415767564913
48_1,128,41.337193000000006,19.820107,2941.9149247687055
48_1,129,41.337146,19.820008,2951.930714732694
48_1,130,41.33708500000001,19.819875,2964.9591398462007
48_1,131,41.336822999999995,19.819229,3026.3478953220306
48_1,132,41.336516,19.818443,3100.4298652144616
48_1,133,41.33631199999999,19.817911,3150.3910287826243
48_1,134,41.336196,19.817566,3182.0041211644675
48_1,135,41.336158999999995,19.817384,3197.7787132754515
48_1,136,41.336132,19.81722,3211.8408746954087
48_1,137,41.336074,19.816874,3241.5026571187286
48_1,138,41.336006999999995,19.816478,3275.6635441025546
48_1,139,41.335988,19.816357,3286.0066152225195
48_1,140,41.335964000000004,19.816214,3298.2663972494
48_1,141,41.335885000000005,19.816232,3307.166117550054
48_1,142,41.33580599999999,19.816253,3316.1117512772903
48_1,143,41.33564199999999,19.81629,3334.5819463287144
48_1,144,41.33559099999999,19.816304,3340.3643737912435
48_1,145,41.335254,19.816399,3378.6948957066065
48_1,146,41.33524199999999,19.816402,3380.0506945074635
48_1,147,41.33452599999998,19.816599,3461.2457808323193
48_1,148,41.33411999999999,19.81671,3507.4201173671718
48_1,149,41.333294,19.816938,3601.0956729568616
48_1,150,41.333133999999994,19.816981,3619.221170642945
48_1,151,41.333025,19.817011,3631.581036458589
48_1,152,41.331972,19.8173,3750.9813014680217
48_1,153,41.331912,19.817317,3757.7932828624207
48_1,154,41.33119200000001,19.817514,3839.417973810819
48_1,155,41.33040199999999,19.817733,3929.112957801642
48_1,156,41.330302,19.81776,3940.443487918006
48_1,157,41.330284,19.817643,3950.4371333742342
48_1,158,41.330173,19.81692,4012.1898717121444
48_1,159,41.330156,19.816851,4018.2651668187705
48_1,160,41.33010600000001,19.816703,4032.1263723029188
48_1,161,41.33006300000001,19.816622,4040.476685028508
48_1,162,41.33005,19.816601,4042.7509255748864
48_1,163,41.330010999999985,19.816538,4049.5736488796206
48_1,164,41.329882,19.816393,4068.346084044896
48_1,165,41.3298,19.816329,4078.9091910064594
48_1,166,41.329521,19.816189,4112.047114466545
48_1,167,41.329330000000006,19.816102,4134.468862988423
48_1,168,41.32909699999999,19.816008000000004,4161.508421014082
48_1,169,41.32899,19.815995,4174.269383406333
48_1,170,41.32866200000001,19.816073000000003,4211.302020347017
48_1,171,41.328453999999994,19.816125,4234.860443810501
48_1,172,41.328269,19.816171,4255.75853022575
48_1,173,41.32819299999999,19.816188,4264.315861114897
48_1,174,41.328138,19.816202,4270.533863795908
48_1,175,41.328084999999994,19.816216,4276.5339321455485
48_1,176,41.327989,19.81624,4287.380351067648
48_1,177,41.327881,19.816268,4299.6001532797845
48_1,178,41.32771499999998,19.816312,4318.3952934355375
48_1,179,41.327641,19.816331,4326.763926273857
48_1,180,41.32730299999999,19.816419,4365.056871089402
48_1,181,41.32668500018771,19.8165940017194,4435.219138403128
48_1,182,41.326067,19.816769,4505.381918812195
48_1,183,41.32573099999999,19.816865,4543.583740273013
48_1,184,41.325684,19.816878,4548.914336716973
48_1,185,41.325598,19.816902,4558.6718447053745
48_1,186,41.32549799999999,19.816929,4570.002400935524
48_1,187,41.324916,19.817095,4636.212512457106
48_1,188,41.324492,19.817215,4684.374285480086
48_1,189,41.323874,19.81739,4754.537931542472
48_1,190,41.323771,19.817419,4766.228685014865
48_1,191,41.323666,19.817447,4778.119969355482
48_1,192,41.323445683444085,19.816052656891586,4897.362076970231
48_1,193,41.323225350110626,19.814658323557907,5016.607367981566
48_1,194,41.323005,19.813264,5135.851796482051
48_1,195,41.32236650019318,19.81344050179341,5208.273631495347
48_1,196,41.32172799999999,19.813617,5280.698975724374
48_1,197,41.321625999999995,19.813644,5292.24724053561
48_1,198,41.32161099999999,19.813648,5293.945998290666
48_1,199,41.32110599999999,19.813784,5351.162070006251
48_1,200,41.321062,19.813796,5356.149540930572
48_1,201,41.321009000000004,19.813811,5362.1665372976
48_1,202,41.320755999999996,19.813881,5390.892742157458
48_1,203,41.320505,19.813951000000003,5419.370335556075
48_1,204,41.320412,19.813977,5429.922894331855
48_1,205,41.320179,19.814042,5456.59193670172
48_1,206,41.319318,19.814282,5554.289105454885
48_1,207,41.319286999999996,19.81429,5557.830310335302
48_1,208,41.319221,19.814308,5565.327880331237
48_1,209,41.31874199999999,19.814442,5619.750275494645
48_1,210,41.318694,19.814455,5625.18963057136
48_1,211,41.31866300000001,19.814464,5628.713013032936
48_1,212,41.318642,19.814406,5634.098786396054
48_1,213,41.31856599999999,19.81433,5644.666354949019
48_1,214,41.31851799999999,19.81432,5650.061087005326
48_1,215,41.318471,19.81433,5655.346162748903
48_1,216,41.318422999999996,19.814289,5661.684980661044
48_1,217,41.31838899999999,19.814242,5667.137338396672
48_1,218,41.318375,19.814207,5670.45386036992
48_1,219,41.318369000000004,19.814179,5672.890455752058
48_1,220,41.318254,19.813464,5734.094308941301
48_1,221,41.318174,19.812966,5776.735797686471
48_1,222,41.31815999999999,19.812881,5784.018621711052
48_1,223,41.318182,19.812875,5786.512360955641
48_1,224,41.318193999999984,19.812871,5788.179780340407
48_1,225,41.318182,19.812875,5789.847199725173
48_1,226,41.31815999999999,19.812881,5792.340938969762
48_1,227,41.318057,19.812251,5846.357554380257
48_1,228,41.317988,19.811811,5883.987131168852
48_1,229,41.317840999999994,19.810893,5962.550888790034
48_1,230,41.31783199999999,19.810784,5971.72944712703
48_1,231,41.317838,19.81069,5979.626002980714
48_1,232,41.317868,19.810532,5993.264610252868
48_1,233,41.317945,19.810334,6011.975377348747
48_1,234,41.317961999999994,19.810302,6015.252197115687
48_1,235,41.31821299999999,19.809794,6066.21029182527
48_1,236,41.31868500000001,19.80884,6161.7751797694
48_1,237,41.318721,19.808773,6169.509480094565
48_1,238,41.31884300000001,19.808526,6194.22680823912
48_1,239,41.31885199999999,19.808508,6196.034749517336
48_1,240,41.318963999999994,19.808285,6218.466581130535
48_1,241,41.319056999999994,19.80812,6235.711090901086
48_1,242,41.31898499999999,19.808057000000005,6245.287866148966
48_1,243,41.318918999999994,19.808,6254.032167746637
48_1,244,41.31882899999999,19.807921,6266.014680799789
48_1,245,41.318729,19.807833,6279.338864501881
48_1,246,41.318704,19.807811,6282.669911412316
48_1,247,41.318736,19.807744,6289.308881690707
48_1,248,41.318704,19.807811,6295.947851969097
48_1,249,41.318574,19.807698,6313.276972479468
48_1,250,41.318508,19.807642,6321.9759006618115
48_1,251,41.318343999999996,19.807497,6343.893657565615
48_1,252,41.318088999999986,19.807273,6377.853155878753
48_1,253,41.317786999999996,19.807009,6418.0110924632645
48_1,254,41.31760799999999,19.806852,6441.83750083289
48_1,255,41.317528,19.806729,6455.554002304119
48_1,256,41.317489,19.806663,6462.573401186699
48_1,257,41.317451999999996,19.806578,6470.789293979568
48_1,258,41.317439,19.806536,6474.589748532449
48_1,259,41.317417000000006,19.806501,6478.404184474902
48_1,260,41.31738899999999,19.806476,6482.151724141244
48_1,261,41.31732299999999,19.80646,6489.601042204796
48_1,262,41.317246000000004,19.806517,6499.391606100291
48_1,263,41.317238,19.806528,6500.670979220344
48_1,264,41.317229999999995,19.806551,6502.791265693542
48_1,265,41.317190000000004,19.806529,6507.599107245396
48_1,266,41.31711299999999,19.806473,6517.349155832154
48_1,267,41.31638599999999,19.805886,6611.848885876236
48_1,268,41.316354999999994,19.805861,6615.877056520179
48_1,269,41.316309,19.805824,6621.850138434652
48_1,270,41.315948,19.805507,6669.945887359197
48_1,271,41.315644999999996,19.80526,6709.445501331213
48_1,272,41.315597000000004,19.805214,6716.020446962195
48_1,273,41.315329,19.80503,6750.03326036479
48_1,274,41.31504599999999,19.804822,6785.956273950428
48_1,275,41.314989,19.804781,6793.165181967628
48_1,276,41.314932,19.804728,6800.894077383632
48_1,277,41.314739,19.804553,6827.273603363329
48_1,278,41.314541999999996,19.804367,6854.122220652259
48_1,279,41.314466,19.804302,6864.162654217156
48_1,280,41.31434,19.804195,6880.774109590996
48_1,281,41.31432199999999,19.80418,6883.156635507355
48_1,282,41.31367600000001,19.803653,6967.369158416504
48_1,283,41.31365,19.803611,6971.918327518278
48_1,284,41.31361999999999,19.803555,6977.669054308544
48_1,285,41.313605,19.803502,6982.408073035547
48_1,286,41.31356999999999,19.803444,6988.627002497045
48_1,287,41.313562,19.803407,6991.849192220577
48_1,288,41.313559999999995,19.803359,6996.069140424191
48_1,289,41.313570999999996,19.803251,7005.192160340171
48_1,290,41.313677999999996,19.802279,7087.42324793519
48_1,291,41.313727,19.801904,7119.327937999014
48_1,292,41.31374399999999,19.801808,7127.582958087665
48_1,293,41.313763,19.801699,7136.984938813695
48_1,294,41.313798999999996,19.801518,7152.655117629653
48_1,295,41.313810999999994,19.801452,7158.338472387532
48_1,296,41.31383500000001,19.801345,7167.683593306593
48_1,297,41.313857999999996,19.801245,7176.435607544114
48_1,298,41.31390199999999,19.801047,7193.715471811759
48_1,299,41.31391399999999,19.800979,7199.56170807693
48_1,300,41.31391699999999,19.800918,7204.678969297163
48_1,301,41.313928999999995,19.800855,7210.118497267964
48_1,302,41.313962,19.800709,7222.8777805407735
48_1,303,41.31402500000001,19.800564,7236.887174509064
48_1,304,41.31411399999999,19.800378,7255.329252214951
48_1,305,41.314312,19.800068,7289.416785921295
48_1,306,41.314479,19.799861,7314.79528210735
48_1,307,41.31463300000001,19.799706,7336.38564099772
48_1,308,41.31469800000001,19.799668,7344.272501815203
48_1,309,41.31476800000001,19.799611000000002,7353.3923760455
48_1,310,41.31479599999999,19.799603,7356.572510277725
48_1,311,41.314871000000004,19.799552,7367.048805897845
48_1,312,41.31492699999998,19.799466,7376.561222020474
48_1,313,41.31494,19.799432,7379.752449346001
48_1,314,41.314949,19.799397,7382.848029947122
48_1,315,41.314957000000014,19.799322,7389.188825755531
48_1,316,41.314955,19.799284,7392.377559353263
48_1,317,41.31495,19.799247,7395.524199587505
48_1,318,41.314913999999995,19.799145,7404.951909098153
48_1,319,41.31485199999999,19.799068,7414.382395917094
48_1,320,41.314826,19.79905,7418.0934898588475
48_1,321,41.31479999999999,19.799037,7424.260601449336
48_1,322,41.31477199999999,19.799028,7427.4594110473945
48_1,323,41.31474399999999,19.799024,7430.586214252599
48_1,324,41.314716000000004,19.799025000000004,7433.6961638133125
48_1,325,41.314711,19.798906,7443.673186748858
48_1,326,41.314764,19.798632,7467.352725961668
48_1,327,41.314806,19.798388,7488.973487391172
48_1,328,41.314832999999986,19.798279,7499.050430589362
48_1,329,41.31489499999999,19.798103,7515.312334447627
48_1,330,41.31497000000001,19.797909,7533.5626461898455
48_1,331,41.315038,19.797784,7546.465875191776
48_1,332,41.315081,19.797728,7553.1568253778205
48_1,333,41.31513499999999,19.797688,7560.024059799855
48_1,334,41.31533099999999,19.797591,7583.3534232616175
48_1,335,41.31544900000001,19.797532,7597.525127586527
48_1,336,41.31533099999999,19.797591,7611.696831911436
48_1,337,41.31513499999999,19.797688,7635.026195373198
48_1,338,41.315081,19.797728,7641.893429795233
48_1,339,41.315038,19.797784,7648.584379981277
48_1,340,41.31497000000001,19.797909,7661.487608983208
48_1,341,41.31489499999999,19.798103,7679.737920725426
48_1,342,41.314832999999986,19.798279,7695.999824583691
48_1,343,41.314711,19.798313,7710.236132022299
48_1,344,41.31461099999999,19.798364,7722.176958561168
48_1,345,41.314530999999995,19.798384,7731.215717983226
48_1,346,41.314515,19.798387,7733.009851303859
48_1,347,41.314442,19.798404,7741.238980118481
48_1,348,41.31436799999999,19.798406,7749.456860707879
48_1,349,41.314280999999994,19.798397,7759.145753953521
48_1,350,41.314220999999996,19.798392,7766.583003444416
48_1,351,41.314137999999986,19.798376,7775.895267493454
48_1,352,41.31400299999999,19.798356,7790.977448362346
48_1,353,41.31374499999999,19.798325,7820.013022309396
48_1,354,41.313614,19.79833,7834.990682902192
48_1,355,41.313578,19.798331000000005,7838.988617022848
48_1,356,41.31341100000001,19.798303,7857.678088287453
48_1,357,41.313309,19.798255,7869.694802708388
48_1,358,41.313199,19.798204,7882.632741710599
48_1,359,41.313165,19.798193,7886.742992197787
48_1,360,41.313049,19.798155,7900.0094317388075
48_1,361,41.31289700000001,19.798191,7917.1528623464055
48_1,362,41.31284399999999,19.798221,7923.550915648471
48_1,363,41.31282000000001,19.798234,7926.429280230707
48_1,364,41.312715,19.798289,7938.963623913114
48_1,365,41.312614,19.798304,7951.086111355796
48_1,366,41.31257299999999,19.798302,7955.641392976297
48_1,367,41.312535999999994,19.798289,7959.891182859066
48_1,368,41.312435,19.798215,7972.702449514055
48_1,369,41.312349000000005,19.798109,7985.73762835697
48_1,370,41.31227099999999,19.798006000000004,7997.958445684199
48_1,371,41.31200200000001,19.797678,8040.975571731698
48_1,372,41.311942,19.797631,8052.981082108753
48_1,373,41.31160499999999,19.797458,8093.10301623481
48_1,374,41.311508,19.797451,8103.958702424912
48_1,375,41.311447,19.79747,8110.915759602865
48_1,376,41.311289,19.797522,8128.990446396754
48_1,377,41.311223,19.797527,8136.33032852852
48_1,378,41.311203,19.797528,8138.5524930062375
48_1,379,41.31093099999998,19.797509,8168.821410166276
48_1,380,41.310842999999984,19.797534,8178.813630370492
48_1,381,41.31054199999999,19.797885,8224.99098417932
48_1,382,41.310425,19.798026,8242.754368287427
48_1,383,41.31033699999999,19.798133,8256.00968551955
48_1,384,41.310300999999995,19.798176,8261.38881296504
48_1,385,41.310282,19.798179000000005,8263.513267429891
48_1,386,41.310300999999995,19.798176,8265.637721894742
48_1,387,41.31026899999999,19.798216,8270.52002106278
48_1,388,41.310185999999995,19.798296,8281.912044094766
48_1,389,41.31011399999999,19.79832,8290.154778542481
48_1,390,41.31004,19.798315,8298.381603306292
48_1,391,41.309887999999994,19.798199,8318.600987398897
48_1,392,41.309785,19.798077,8333.933870996763
48_1,393,41.30969,19.798021,8345.47659773453
48_1,394,41.309658,19.798018,8349.038401358473
48_1,395,41.309618,19.798044,8353.984288502712
48_1,396,41.309103,19.798635,8431.595114512744
48_1,397,41.309065000000004,19.798645,8435.896484180676
48_1,398,41.309016,19.798645,8441.336919120926
48_1,399,41.308946000000006,19.798593,8450.245133577826
48_1,400,41.30888099999999,19.798395,8472.472105102835
48_1,401,41.30880199999999,19.798304,8484.127955354248
48_1,402,41.308679999999995,19.798224,8499.238831158573
48_1,403,41.308582,19.798233,8510.14575758823
48_1,404,41.308449,19.798359,8528.29328907695
48_1,405,41.308366,19.798476,8558.33205634238
48_1,406,41.308144000000006,19.798677000000005,8588.54003793461
48_1,407,41.307986,19.798786,8608.314171097727
48_1,408,41.307861999999986,19.798844,8622.912993413547
48_1,409,41.307715,19.798907,8640.35582271998
48_1,410,41.30761799999999,19.798931,8651.311486644914
48_1,411,41.307462012992985,19.79894463980024,8668.66821193414
48_1,412,41.307402729576815,19.79892422305228,8675.468721878473
48_1,413,41.30734524933341,19.798854619428468,8684.11084187195
48_1,414,41.307165455604675,19.79871813873944,8707.188712195075
48_1,415,41.30712690431238,19.798686589338033,8712.218399225712
48_1,416,41.307080487314764,19.798678225128267,8717.419399737319
48_1,417,41.306959624175335,19.798528375144283,8735.78972090626
48_1,418,41.30691594466396,19.79842165382119,8745.965348126443
48_1,419,41.306853089766825,19.798298265104197,8758.431921000354
48_1,420,41.306838813724,19.798273249877354,8761.05841525932
48_1,421,41.30685286638611,19.798223180503534,8765.531217111366
48_1,422,41.30685676816944,19.798167349909328,8770.225426557547
48_1,423,41.306837129477906,19.798111951652572,8775.350397039585
48_1,424,41.3068053618697,19.798076105949296,8779.981471436926
48_1,425,41.30676399531592,19.79806050977464,8784.75636667862
48_1,426,41.30672205194986,19.798070201547603,8789.48346641702
48_1,427,41.3066920262877,19.79809379998527,8796.83734673662
48_1,428,41.306665074720314,19.798143362705513,8804.914156846944
48_1,429,41.30665763927231,19.798182902125117,8808.325824629514
48_1,430,41.30666098500268,19.798234882203854,8812.693472462317
48_1,431,41.30668221972517,19.798282073085606,8817.294338405343
48_1,432,41.30671111498957,19.798311280509296,8830.429102493987
48_1,433,41.3067420892221,19.7983248373075,8834.050598186766
48_1,434,41.30677346872797,19.79832351764435,8837.53639248758
48_1,435,41.30679493796335,19.798339479351668,8840.269130581812
48_1,436,41.30690888401929,19.79846080023664,8856.49326722458
48_1,437,41.307080487314764,19.798678225128267,8882.847703836045
48_1,438,41.3070877249179,19.798716982438616,8886.190506940728
48_1,439,41.30721509124397,19.79883508435693,8903.445711484384
48_1,440,41.30731363315301,19.798903904086668,8915.953175329616
48_1,441,41.30735578602972,19.79891428227813,8920.713344959338
48_1,442,41.307402729576815,19.79892422305228,8925.991477439546
48_1,443,41.307462012992985,19.79894463980024,8932.791987383878
48_1,444,41.30761799999999,19.798931,8950.148712673104
70_0,1,41.365894999999995,19.757587,0
70_0,2,41.365868999999996,19.757587,2.8868143160892443
70_0,3,41.365506,19.757567,43.238279430713284
70_0,4,41.365313999999984,19.757385,69.45311014484355
70_0,5,41.36518399999999,19.757285,86.13843469606394
70_0,6,41.36501799999999,19.757233,105.07618529783609
70_0,7,41.364925,19.757239,115.41477043875426
70_0,8,41.364433999999996,19.757369,171.00732408148775
70_0,9,41.364247,19.757432,192.43433893722815
70_0,10,41.363905,19.757598,232.8692959820125
70_0,11,41.363516999999995,19.757805,279.2989904126453
70_0,12,41.363141999999996,19.758007,324.23371554103267
70_0,13,41.362781,19.7582,367.4451727359303
70_0,14,41.362714999999994,19.758251,375.92458721310635
70_0,15,41.36271800000001,19.758196,380.5373738824668
70_0,16,41.362596999999994,19.758231,394.2907386596599
70_0,17,41.36271800000001,19.758196,408.0441034368529
70_0,18,41.362714999999994,19.758251,412.65689010621327
70_0,19,41.362606,19.758709,452.84710498012686
70_0,20,41.36249899999999,19.759256,500.12087304093
70_0,21,41.36243699999999,19.759446,517.4411818396904
70_0,22,41.36234799999999,19.759585,532.7004654142327
70_0,23,41.362207000000005,19.759702,551.1633710050714
70_0,24,41.361792999999984,19.759953,601.6985449495758
70_0,25,41.36135399999999,19.760256,656.6738774046634
70_0,26,41.361265,19.760324,668.0759107907621
70_0,27,41.361097,19.760454,689.6676480012137
70_0,28,41.360981999999986,19.760577,706.0659493839488
70_0,29,41.36075799999999,19.760826,738.5095860286488
70_0,30,41.360493,19.761001,771.3734529460905
70_0,31,41.35965,19.761422,871.3791307358752
70_0,32,41.35936,19.761457,903.7123876532357
70_0,33,41.35899299999999,19.761477,944.5073931362878
70_0,34,41.358899,19.761482,955.0004534879154
70_0,35,41.358838,19.761488,961.7919233713011
70_0,36,41.358447999999996,19.761549,1005.3936918568204
70_0,37,41.358349,19.761621,1017.9600970618088
70_0,38,41.358303000000014,19.761694,1025.9218455395062
70_0,39,41.358259000000004,19.761801,1036.1193809406846
70_0,40,41.358131,19.762284,1078.9515894974504
70_0,41,41.35808199999999,19.762389,1089.2843204729054
70_0,42,41.358029,19.76247,1098.279032902942
70_0,43,41.357878,19.762703,1123.994198616858
70_0,44,41.357563000000006,19.763181,1177.1462334537343
70_0,45,41.357321,19.763397,1209.5279996749166
70_0,46,41.35723999999999,19.763519,1223.1679508733255
70_0,47,41.35725399999999,19.763293,1242.144771504477
70_0,48,41.35723999999999,19.763519,1261.1215921356286
70_0,49,41.357150999999995,19.763932000000004,1297.0572512777157
70_0,50,41.357101,19.764062,1309.2676619326578
70_0,51,41.35706,19.764103,1314.9674551419107
70_0,52,41.35702199999999,19.764143,1320.352533510644
70_0,53,41.355876,19.765409,1485.906096918153
70_0,54,41.355713,19.765621,1511.2464159467138
70_0,55,41.355499,19.765985,1549.9004056580357
70_0,56,41.35546299999999,19.766101,1560.4129319060048
70_0,57,41.35543599999999,19.766335,1580.217361777338
70_0,58,41.355380000000004,19.766818,1621.1004164370845
70_0,59,41.355333,19.766998,1637.0404668696467
70_0,60,41.355142,19.767425,1678.5835971887134
70_0,61,41.35496200000001,19.767812,1716.7009656969285
70_0,62,41.35484199999999,19.767973,1735.6596289431184
70_0,63,41.35467299999999,19.768094,1756.980226641933
70_0,64,41.35423800000001,19.76851,1816.5198289004948
70_0,65,41.354220000000005,19.768526,1818.9252375197532
70_0,66,41.354011,19.768732,1847.985644014968
70_0,67,41.353923,19.768823,1860.3722007085973
70_0,68,41.353426999999996,19.769316,1929.1798141495947
70_0,69,41.353047,19.769595,1977.3977845967345
70_0,70,41.35294699999999,19.769659,1989.7248979005647
70_0,71,41.35257,19.769904,2036.3330745448566
70_0,72,41.352205000000005,19.770154,2081.9453882252387
70_0,73,41.352070999999995,19.770265,2099.4850520847194
70_0,74,41.351938999999994,19.770379,2116.9712305168964
70_0,75,41.351865,19.770489,2129.3082554463194
70_0,76,41.351842,19.770521,2133.0081213647723
70_0,77,41.351825,19.770562,2136.9233571620334
70_0,78,41.351826999999986,19.770654,2144.6236134185488
70_0,79,41.351848999999994,19.770702,2149.324011866691
70_0,80,41.351904,19.770739,2156.1704791952743
70_0,81,41.351972,19.770723,2163.8383186238902
70_0,82,41.352140000000006,19.770896,2187.4482780665544
70_0,83,41.35236,19.771134,2218.9625138660363
70_0,84,41.35198200000001,19.771899,2295.5007801772063
70_0,85,41.351534,19.772621,2373.7528608708585
70_0,86,41.351484,19.772539,2382.5781247101286
70_0,87,41.35142400000001,19.772523,2389.3731266414434
70_0,88,41.351152,19.772695,2422.8266833918046
70_0,89,41.351238,19.773223,2468.0216988007255
70_0,90,41.351253,19.773315,2475.896937119293
70_0,91,41.351284,19.773619,2501.567592396301
70_0,92,41.351299,19.77395,2529.3104963251467
70_0,93,41.35128499999999,19.774357,2563.3973062607847
70_0,94,41.351227,19.774769,2598.4635292470357
70_0,95,41.35116,19.775015,2620.3481100709055
70_0,96,41.350313,19.777617,2857.4941238726815
70_0,97,41.350243999999996,19.777849,2878.3676930801157
70_0,98,41.350141,19.778086,2901.257964856268
70_0,99,41.349876,19.778558,2950.5046843937716
70_0,100,41.34976399999999,19.778696,2967.473708868348
70_0,101,41.34963599999999,19.778817,2984.922942860724
70_0,102,41.34895699999999,19.779373,3073.5673852142577
70_0,103,41.348868,19.779442,3085.01186907431
70_0,104,41.348806,19.779491,3093.0240760444294
70_0,105,41.348466,19.779805,3139.0163290532632
70_0,106,41.348098,19.780264,3195.0908536273564
70_0,107,41.347439,19.781186,3301.4295313168604
70_0,108,41.34742,19.781211,3304.4003291315616
70_0,109,41.347148999999995,19.781575,3347.2127857552796
70_0,110,41.347015,19.781773,3369.49053363182
70_0,111,41.346892,19.781997,3392.680601819584
70_0,112,41.346816,19.782222,3413.3119408975804
70_0,113,41.346754,19.782422,3431.4065194441882
70_0,114,41.346665,19.782712,3457.6058296378383
70_0,115,41.34661799999999,19.782936,3477.063166736974
70_0,116,41.346611,19.783106,3491.3082987104262
70_0,117,41.346638,19.783655,3537.3462035097637
70_0,118,41.346193,19.783747,3587.3507434837034
70_0,119,41.345974999999996,19.783798,3611.928625842306
70_0,120,41.345913,19.783813,3618.9259819431536
70_0,121,41.34531400000001,19.783956,3686.5098091681007
70_0,122,41.34526,19.783991000000004,3693.1831772114997
70_0,123,41.345246,19.784073,3700.2188552948282
70_0,124,41.345305999999994,19.784779,3759.679791436372
70_0,125,41.34535600000001,19.785401,3812.1047419080487
70_0,126,41.345406,19.785951,3858.5547513024344
70_0,127,41.345429,19.786223000000003,3881.4562397292566
70_0,128,41.345486,19.786907,3939.0406578996335
70_0,129,41.345479,19.787016,3948.1988188523674
70_0,130,41.34539699999999,19.787115,3960.507661037677
70_0,131,41.344592000000006,19.787681,4061.658452248829
70_0,132,41.34449800000001,19.787726,4072.7537158616547
70_0,133,41.344438999999994,19.787754,4079.710844030944
70_0,134,41.344363,19.787784,4088.5145853346253
70_0,135,41.343688,19.788122,4168.624870519332
70_0,136,41.343554999999995,19.788194,4184.573522202563
70_0,137,41.343427999999996,19.788256,4199.598388751747
70_0,138,41.343392,19.788274,4203.869821469978
70_0,139,41.343326000000005,19.788331,4212.613212794782
70_0,140,41.343242999999994,19.788477,4228.009866247296
70_0,141,41.343138999999994,19.78853,4240.382954363726
70_0,142,41.343030999999996,19.788519,4252.40948461821
70_0,143,41.342878000000006,19.78848,4269.707700014503
70_0,144,41.34260299999999,19.788411000000004,4300.7820645821275
70_0,145,41.341377,19.787804,4446.072174035059
70_0,146,41.34126100000001,19.787725,4460.549041732397
70_0,147,41.341165,19.787654,4472.75552480412
70_0,148,41.341146,19.787639,4475.242633775582
70_0,149,41.340463,19.78702,4567.0864367539625
70_0,150,41.340129000000005,19.786822,4607.721096458117
70_0,151,41.339775,19.786537,4653.695466979243
70_0,152,41.33963700000001,19.786504000000004,4669.264793621965
70_0,153,41.339549999999996,19.786567,4680.269335607055
70_0,154,41.33951999999999,19.786623,4686.018577956763
70_0,155,41.339507000000005,19.786764,4697.905292627755
70_0,156,41.33952699999998,19.786837,4704.404966388345
70_0,157,41.339911,19.787216,4757.544758731471
70_0,158,41.340126999999995,19.787391,4785.715657242749
70_0,159,41.340347,19.787568,4814.299341444346
70_0,160,41.340931000000005,19.788038,4890.142358982117
70_0,161,41.340984000000006,19.788245,4908.4358557610685
70_0,162,41.34099199999999,19.78838,4919.767144361355
70_0,163,41.340315999999994,19.789505,5040.200899366353
70_0,164,41.34008599999999,19.789882,5080.788172804072
70_0,165,41.33986399999999,19.790247,5120.04896628611
70_0,166,41.33970600000001,19.790507,5148.014867898715
70_0,167,41.339524999999995,19.790804,5179.976100156929
70_0,168,41.339381,19.791105,5209.876473300442
70_0,169,41.338685999999996,19.792293,5335.8216907724955
70_0,170,41.338565,19.792501,5357.820091840816
70_0,171,41.338478,19.792766,5382.009774950989
70_0,172,41.338402000000016,19.793,5403.331787968198
70_0,173,41.338348,19.793176,5419.241041789371
70_0,174,41.33833099999999,19.793232,5424.317684309784
70_0,175,41.33828499999999,19.793384,5438.024234158136
70_0,176,41.338367,19.793433,5448.207748359976
70_0,177,41.33893799999999,19.793771,5517.628908156997
70_0,178,41.339223000000004,19.79394,5552.303182402206
70_0,179,41.33946499999999,19.794083,5581.716526878634
70_0,180,41.33973199999999,19.794241,5614.176160864654
70_0,181,41.340052,19.794423,5652.832194960697
70_0,182,41.34018399999999,19.794476000000003,5668.144470388334
70_0,183,41.34043200000001,19.794512,5695.844193595265
70_0,184,41.340936,19.794621,5752.541738899844
70_0,185,41.34164199999999,19.794787,5832.15109587384
70_0,186,41.341709,19.794821,5840.138137449643
70_0,187,41.341728,19.79486,5844.023992068884
70_0,188,41.34173599999999,19.794956,5852.105859558003
70_0,189,41.341726,19.795045,5859.63534716312
70_0,190,41.341662,19.795662,5911.750264179331
70_0,191,41.34164,19.795943,5935.389818107051
70_0,192,41.341642,19.796097,5948.27942133717
70_0,193,41.341699,19.796444,5978.007532992254
70_0,194,41.341798999999995,19.796814000000005,6010.898370989271
70_0,195,41.34192299999999,19.797117,6039.749113832827
70_0,196,41.341985,19.797248,6052.692939365398
70_0,197,41.34201,19.797324,6059.63168534474
70_0,198,41.342061,19.797545,6078.97155121409
70_0,199,41.342227,19.798314,6145.905637857204
70_0,200,41.34229,19.798606,6171.6332563387605
70_0,201,41.342255,19.798631,6176.046570386709
70_0,202,41.34229,19.798606,6180.459884434658
70_0,203,41.34232600000001,19.798772,6194.913659031541
70_0,204,41.342357,19.798916,6207.444861879879
70_0,205,41.342386999999995,19.799053,6219.382486231424
70_0,206,41.342628,19.800189,6318.132613027192
70_0,207,41.34263,19.800271,6325.13884631143
70_0,208,41.342594999999996,19.800521,6346.415463533451
70_0,209,41.342559,19.800622,6355.764200267499
70_0,210,41.34246399999999,19.800723,6369.352404279774
70_0,211,41.34225800000001,19.800853,6394.6826513789765
70_0,212,41.342122999999994,19.800942,6411.41975258685
70_0,213,41.34206399999999,19.80098,6418.701427256976
70_0,214,41.341387,19.801426,6502.629100123854
70_0,215,41.340985,19.801687,6552.322280004014
70_0,216,41.34091499999999,19.801732000000005,6560.972948782322
70_0,217,41.340864999999994,19.801764,6567.136466387804
70_0,218,41.34040699999999,19.802067,6623.967168601522
70_0,219,41.34009999999999,19.802276,6662.2779937416735
70_0,220,41.34001399999998,19.802335,6673.027370593771
70_0,221,41.3398,19.802478,6699.649551922024
70_0,222,41.339716,19.802533,6710.240348098378
70_0,223,41.339058,19.802966000000005,6791.790892585313
70_0,224,41.33876999999999,19.803157,6827.54282736334
70_0,225,41.338416,19.803388,6871.525754106569
70_0,226,41.33819600000001,19.803528,6898.634847959036
70_0,227,41.338021999999995,19.803641,6920.144022992753
70_0,228,41.337787999999996,19.803794,6949.108331749538
70_0,229,41.337752,19.803818,6953.581587266483
70_0,230,41.337683,19.803864,6962.16989529937
70_0,231,41.33743900000001,19.804024,6992.393251590792
70_0,232,41.336977,19.804311,7049.041735911136
70_0,233,41.336869,19.80438,7062.350712304753
70_0,234,41.336755999999994,19.804452,7076.268797369868
70_0,235,41.336485999999994,19.804626,7109.595914840353
70_0,236,41.336468,19.804637,7111.79625025782
70_0,237,41.33564899999998,19.80517,7213.0795349267855
70_0,238,41.335505,19.805263,7230.861365556033
70_0,239,41.335322,19.805385,7253.600565274476
70_0,240,41.335103999999994,19.805529,7280.638894427282
70_0,241,41.334791,19.805735,7319.431992865699
70_0,242,41.334616,19.80585,7341.114908752934
70_0,243,41.334402,19.805987,7367.49665876123
70_0,244,41.33424399999999,19.806085,7386.861696334784
70_0,245,41.33416299999998,19.806134,7397.9385211461595
70_0,246,41.33424699999998,19.806345,7418.247782300992
70_0,247,41.334317999999996,19.806603,7441.238172696488
70_0,248,41.33445100000001,19.807389,7508.652354143534
70_0,249,41.33447,19.807508,7518.941804512386
70_0,250,41.33452,19.807818,7545.513917185777
70_0,251,41.334592999999984,19.808262,7583.543841260188
70_0,252,41.334666999999996,19.808715,7622.333279905516
70_0,253,41.33473099999999,19.809108,7655.980342230982
70_0,254,41.334782,19.809417,7682.470556705208
70_0,255,41.334915,19.810217,7751.0931667795585
70_0,256,41.334986,19.810655,7788.585116820685
70_0,257,41.33508,19.811212,7836.361949493659
70_0,258,41.335099,19.811333,7846.705169123384
70_0,259,41.33518100000001,19.811834,7889.611055080209
70_0,260,41.33527899999999,19.812436,7941.153004000117
70_0,261,41.335774,19.815497,8203.32931238861
70_0,262,41.335817,19.815767,8226.422719762879
70_0,263,41.335885999999995,19.816232,8266.396360240635
70_0,264,41.33591100000001,19.816387,8279.660935199161
70_0,265,41.335984,19.816831000000004,8317.742575497494
70_0,266,41.336017,19.817022,8334.140622853676
70_0,267,41.33606999999999,19.817324,8360.088952670558
70_0,268,41.33609,19.817437000000005,8369.802359684489
70_0,269,41.336043,19.817608,8385.033958974573
70_0,270,41.335788,19.817777,8416.682118365969
70_0,271,41.335222,19.818103,8485.190806444216
70_0,272,41.334353,19.818607000000004,8590.53385660306
70_0,273,41.33394100000001,19.818845,8640.42586281111
70_0,274,41.333709,19.81898,8668.553270132972
70_0,275,41.332604,19.819623,8802.52624600241
70_0,276,41.33243300000001,19.819723,8823.371011006258
70_0,277,41.332339999999995,19.819777,8834.642348989699
70_0,278,41.332085,19.819926,8865.579114658396
70_0,279,41.331149,19.820471,8979.110445388576
70_0,280,41.330849,19.820646,9015.496824087262
70_0,281,41.330809,19.820666000000003,9020.242933438165
70_0,282,41.330617,19.820675,9041.573840748659
70_0,283,41.33059799999999,19.820379,9066.43571961654
70_0,284,41.33061099999999,19.820037,9095.098410183486
70_0,285,41.330549,19.819553,9136.188173446702
70_0,286,41.330481,19.819044,9179.496517469672
70_0,287,41.33045700000001,19.818871,9194.226571323607
70_0,288,41.330332,19.817947,9272.793495363689
70_0,289,41.330302,19.81776,9288.794126535591
70_0,290,41.330173,19.81692,9360.566191592417
70_0,291,41.330132,19.816764,9374.401819175015
70_0,292,41.330103,19.816705,9380.338044158952
70_0,293,41.3301025481227,19.816704062353356,9380.431621725082
70_1,1,41.3301025481227,19.816704062353356,0
70_1,2,41.33006300000001,19.816622,8.18986562657577
70_1,3,41.329953999999994,19.816466,26.009962648176618
70_1,4,41.3298,19.816329,46.59685866268184
70_1,5,41.329409999999996,19.81613,92.99111685047589
70_1,6,41.329185,19.815957,121.8651752522721
70_1,7,41.329133999999996,19.815884,130.19763495204734
70_1,8,41.329109,19.815803,137.53998694460284
70_1,9,41.329116000000006,19.815631,152.01446030875383
70_1,10,41.32923799999999,19.815284,184.05921456460692
70_1,11,41.32949,19.814988,221.48291418527316
70_1,12,41.329783,19.814643000000004,264.9798378772829
70_1,13,41.330027,19.814337,302.2594999818133
70_1,14,41.330090999999996,19.814246,312.67558184424104
70_1,15,41.33048299999999,19.813686,376.64258944182626
70_1,16,41.33052500000001,19.813624,383.61892729136486
70_1,17,41.330774999999996,19.813197,428.87005911355175
70_1,18,41.331065,19.812655,484.4993270525042
70_1,19,41.33154,19.811793,573.8838235426247
70_1,20,41.331600999999985,19.811682,585.3801202780136
70_1,21,41.33189200000001,19.811162,639.5901882846131
70_1,22,41.33203999999999,19.81088,668.3475830484778
70_1,23,41.332058,19.810847,671.7565676213235
70_1,24,41.332221000000004,19.810545,702.9061446202426
70_1,25,41.33256699999999,19.809900000000003,769.3478307553198
70_1,26,41.332648999999996,19.809676,790.1877765439904
70_1,27,41.333116999999994,19.808074,934.0035169125312
70_1,28,41.33313999999999,19.807996,941.012836962642
70_1,29,41.333273,19.807542,981.7754689526209
70_1,30,41.33337900000001,19.807181,1014.1978416664882
70_1,31,41.33346800000001,19.806878,1041.4122746403614
70_1,32,41.333528,19.806723,1056.0111268494388
70_1,33,41.333537,19.8067,1058.2613135341728
70_1,34,41.333608999999996,19.806574,1071.495065968341
70_1,35,41.333711,19.806449,1086.9201740511558
70_1,36,41.33416299999998,19.806134,1143.60771187144
70_1,37,41.33424399999999,19.806085,1154.6845366828145
70_1,38,41.334402,19.805987,1174.0495742563699
70_1,39,41.334616,19.80585,1200.4313242646658
70_1,40,41.334791,19.805735,1222.1142401519005
70_1,41,41.335103999999994,19.805529,1260.9073385903166
70_1,42,41.335322,19.805385,1287.9456677431237
70_1,43,41.335505,19.805263,1310.6848674615658
70_1,44,41.33564899999998,19.80517,1328.466698090813
70_1,45,41.336468,19.804637,1429.749982759778
70_1,46,41.336485999999994,19.804626,1431.9503181772457
70_1,47,41.336755999999994,19.804452,1465.277435647731
70_1,48,41.336869,19.80438,1479.195520712845
70_1,49,41.336977,19.804311,1492.5044971064622
70_1,50,41.33743900000001,19.804024,1549.1529814268063
70_1,51,41.337752,19.803818,1587.95868411802
70_1,52,41.337787999999996,19.803794,1592.4319396349663
70_1,53,41.338021999999995,19.803641,1621.3962483917508
70_1,54,41.338098,19.803591,1630.8148655319071
70_1,55,41.33819600000001,19.803528,1642.9056445264805
70_1,56,41.338416,19.803388,1670.0147383789474
70_1,57,41.33876999999999,19.803157,1713.9976651221766
70_1,58,41.33944199999999,19.802713,1797.3498825687411
70_1,59,41.339716,19.802533,1831.3002399237694
70_1,60,41.3398,19.802478,1841.8910361001224
70_1,61,41.34001399999998,19.802335,1868.5132174283756
70_1,62,41.34009999999999,19.802276,1879.2625942804736
70_1,63,41.34040699999999,19.802067,1917.5734194206252
70_1,64,41.340864999999994,19.801764,1974.404121634343
70_1,65,41.34091499999999,19.801732000000005,1980.5676392398243
70_1,66,41.341260999999996,19.801508,2023.3155805712468
70_1,67,41.341387,19.801426,2038.905423367448
70_1,68,41.34206399999999,19.80098,2122.8330962343266
70_1,69,41.342122999999994,19.800942,2130.1147709044512
70_1,70,41.34225800000001,19.800853,2146.851872112325
70_1,71,41.34246399999999,19.800723,2172.1821192115285
70_1,72,41.342559,19.800622,2185.7703232238023
70_1,73,41.342594999999996,19.800521,2195.119059957852
70_1,74,41.34263,19.800271,2216.3956771798726
70_1,75,41.342628,19.800189,2223.401910464111
70_1,76,41.342386999999995,19.799053,2322.152037259879
70_1,77,41.342357,19.798916,2334.089661611425
70_1,78,41.34232600000001,19.798772,2346.620864459762
70_1,79,41.34229,19.798606,2361.074639056645
70_1,80,41.342271,19.798516,2369.1469969756413
70_1,81,41.342227,19.798314,2386.8545801786745
70_1,82,41.342061,19.797545,2453.7886668217884
70_1,83,41.34201,19.797324,2473.1285326911384
70_1,84,41.341985,19.797248,2480.0672786704804
70_1,85,41.34192299999999,19.797117,2493.0111042030517
70_1,86,41.341798999999995,19.796814000000005,2521.861847046608
70_1,87,41.341699,19.796444,2554.7526850436257
70_1,88,41.341642,19.796097,2584.4807966987096
70_1,89,41.34164,19.795943,2597.3703999288286
70_1,90,41.341662,19.795662,2621.0099538565496
70_1,91,41.341728,19.795028,2674.564364153547
70_1,92,41.34173599999999,19.794956,2680.6541712588705
70_1,93,41.341728,19.79486,2688.7360387479907
70_1,94,41.341709,19.794821,2692.6218933672308
70_1,95,41.34164199999999,19.794787,2700.6089349430345
70_1,96,41.340936,19.794621,2780.218291917031
70_1,97,41.34043200000001,19.794512,2836.9158372216098
70_1,98,41.34018399999999,19.794476000000003,2864.6155604285404
70_1,99,41.340052,19.794423,2879.9278358561783
70_1,100,41.33973199999999,19.794241,2918.5838699522214
70_1,101,41.33946499999999,19.794083,2951.0435039382414
70_1,102,41.339223000000004,19.79394,2980.4568484146685
70_1,103,41.33893799999999,19.793771,3015.1311226598787
70_1,104,41.338367,19.793433,3084.5522824568984
70_1,105,41.33828499999999,19.793384,3094.7357966587397
70_1,106,41.33832899999999,19.793239,3107.8160290257506
70_1,107,41.33833099999999,19.793232,3108.442471021694
70_1,108,41.338402000000016,19.793,3129.419648489353
70_1,109,41.338478,19.792766,3150.7416615065617
70_1,110,41.338565,19.792501,3174.931344616736
70_1,111,41.338685999999996,19.792293,3196.9297456850563
70_1,112,41.339381,19.791105,3322.874963157109
70_1,113,41.339524999999995,19.790804,3352.7753363006236
70_1,114,41.33970600000001,19.790507,3384.7365685588366
70_1,115,41.339970999999984,19.790072,3431.552012528929
70_1,116,41.34008599999999,19.789882,3451.9678978515044
70_1,117,41.340315999999994,19.789505,3492.555171289222
70_1,118,41.34099199999999,19.78838,3612.98892629422
70_1,119,41.341227999999994,19.7883,3640.0336082144204
70_1,120,41.34169800000001,19.788689,3701.537280360531
70_1,121,41.34193599999999,19.788886000000005,3732.682399061554
70_1,122,41.342195999999994,19.789017,3763.577496085285
70_1,123,41.342411,19.7891,3788.439544653626
70_1,124,41.342923,19.789192,3845.8061838148437
70_1,125,41.343169999999986,19.789187,3873.23546166806
70_1,126,41.34338999999999,19.789158,3897.806960868097
70_1,127,41.343559,19.789113,3916.9451169821955
70_1,128,41.344345999999994,19.788882,4006.438061060332
70_1,129,41.34566999999999,19.788537,4156.279526307641
70_1,130,41.345937,19.788508,4186.0405362613865
70_1,131,41.346121,19.788494,4206.566107821874
70_1,132,41.346388,19.788526,4236.333353377726
70_1,133,41.34670500000001,19.788621,4272.4185376678715
70_1,134,41.346976,19.788757000000004,4304.6000993773705
70_1,135,41.347074,19.788807,4316.284995293676
70_1,136,41.34730600000001,19.788974000000003,4345.589686174746
70_1,137,41.347491,19.789136,4370.199379326795
70_1,138,41.347795999999995,19.789465,4413.840191042841
70_1,139,41.347939999999994,19.789633,4435.128840045031
70_1,140,41.348013,19.789684,4444.483643167531
70_1,141,41.348092,19.789706,4453.446646094578
70_1,142,41.348184999999994,19.789687,4463.898416486471
70_1,143,41.348265,19.789625,4474.1851353171005
70_1,144,41.348354,19.789452,4491.711395816841
70_1,145,41.348379,19.789231,4510.409147514451
70_1,146,41.34833900000001,19.789093,4522.783632657644
70_1,147,41.34827899999999,19.789029,4531.333077922133
70_1,148,41.34812899999999,19.788895,4551.409717172456
70_1,149,41.347873,19.788713000000005,4583.655483049641
70_1,150,41.347514999999994,19.78846,4628.782750192479
70_1,151,41.347077999999996,19.788204,4681.821959014445
70_1,152,41.346917,19.788146,4700.345907731309
70_1,153,41.346608,19.788036,4735.867453608676
70_1,154,41.346275999999996,19.787974,4773.093259629618
70_1,155,41.345918,19.787964,4812.852900290167
70_1,156,41.34555,19.788006,4853.867256723693
70_1,157,41.344881,19.788148,4929.093973689163
70_1,158,41.344361000000006,19.788284,4988.002323591045
70_1,159,41.343782,19.788454,5053.883854763077
70_1,160,41.343729,19.788466,5059.861035865978
70_1,161,41.343499,19.788517,5085.75516075857
70_1,162,41.343435,19.788479,5093.571438029088
70_1,163,41.343408,19.788412,5099.92957898054
70_1,164,41.343399999999995,19.78832,5107.68125234528
70_1,165,41.343427999999996,19.788256,5113.953608999144
70_1,166,41.343554999999995,19.788194,5128.978475548327
70_1,167,41.343688,19.788122,5144.927127231558
70_1,168,41.344363,19.787784,5225.037412416265
70_1,169,41.344438999999994,19.787754,5233.841153719947
70_1,170,41.344592000000006,19.787681,5251.893529129477
70_1,171,41.34466599999999,19.787629,5261.190705480394
70_1,172,41.34539699999999,19.787115,5353.044320615415
70_1,173,41.345479,19.787016,5365.353162800724
70_1,174,41.345486,19.786907,5374.511323753459
70_1,175,41.345429,19.786223000000003,5432.095741923836
70_1,176,41.345406,19.785951,5454.997230350658
70_1,177,41.34535600000001,19.785401,5501.447239745044
70_1,178,41.345305999999994,19.784779,5553.872190216721
70_1,179,41.345246,19.784073,5613.333126358265
70_1,180,41.34526,19.783991000000004,5620.368804441593
70_1,181,41.34531400000001,19.783956,5627.042172484992
70_1,182,41.345913,19.783813,5694.625999709939
70_1,183,41.346015,19.783789,5706.127747884596
70_1,184,41.346193,19.783747,5726.201146304676
70_1,185,41.346638,19.783655,5776.205686278615
70_1,186,41.346611,19.783106,5822.243591077952
70_1,187,41.34661799999999,19.782936,5836.488723051404
70_1,188,41.346665,19.782712,5855.946060150539
70_1,189,41.34676799999999,19.782375,5886.373732100112
70_1,190,41.346816,19.782222,5900.240283975943
70_1,191,41.346892,19.781997,5920.87162305394
70_1,192,41.347015,19.781773,5944.061691241704
70_1,193,41.347148999999995,19.781575,5966.339439118245
70_1,194,41.34742,19.781211,6009.151895741962
70_1,195,41.347439,19.781186,6012.122693556664
70_1,196,41.348098,19.780264,6118.461371246168
70_1,197,41.348466,19.779805,6174.5358958202605
70_1,198,41.34879999999999,19.779496,6219.7424008878825
70_1,199,41.348806,19.779491,6220.529042634159
70_1,200,41.34895699999999,19.779373,6239.985566801366
70_1,201,41.34963599999999,19.778817,6328.6300091549
70_1,202,41.34976399999999,19.778696,6346.0792431472755
70_1,203,41.349876,19.778558,6363.048267621853
70_1,204,41.350141,19.778086,6412.294987159357
70_1,205,41.350243999999996,19.777849,6435.1852589355085
70_1,206,41.350313,19.777617,6456.058828142944
70_1,207,41.35116,19.775015,6693.20484194472
70_1,208,41.351227,19.774769,6715.089422768589
70_1,209,41.35128499999999,19.774357,6750.15564575484
70_1,210,41.351299,19.77395,6784.242455690479
70_1,211,41.351284,19.773619,6811.985359619324
70_1,212,41.351253,19.773315,6837.656014896333
70_1,213,41.351152,19.772695,6890.726268472374
70_1,214,41.351085999999995,19.772417,6915.117219530003
70_1,215,41.35105600000001,19.772289,6926.343487181161
70_1,216,41.351012,19.772084,6944.176935485726
70_1,217,41.350971,19.771705,6976.218597315462
70_1,218,41.350985,19.771414,7000.614595676652
70_1,219,41.35101600000001,19.771178,7020.659461131444
70_1,220,41.35124799999999,19.770996,7050.582568575163
70_1,221,41.351538,19.77077,7087.9361003688255
70_1,222,41.351627,19.770704,7099.271848916308
70_1,223,41.351826999999986,19.770654,7121.87211643831
70_1,224,41.351848999999994,19.770702,7126.572514886452
70_1,225,41.351904,19.770739,7133.418982215036
70_1,226,41.351972,19.770723,7141.086821643651
70_1,227,41.352017000000004,19.770652,7148.8488228181295
70_1,228,41.352017,19.770559,7156.629517365526
70_1,229,41.35197700000001,19.770491,7163.846893471346
70_1,230,41.352028,19.770395,7173.674033100969
70_1,231,41.352070999999995,19.770265,7185.5520229037975
70_1,232,41.352205000000005,19.770154,7203.091686763277
70_1,233,41.35257,19.769904,7248.704000443659
70_1,234,41.35261499999999,19.769875,7254.2619130323965
70_1,235,41.353047,19.769595,7307.641985207275
70_1,236,41.353426999999996,19.769316,7355.859955654415
70_1,237,41.353923,19.768823,7424.667569095413
70_1,238,41.354011,19.768732,7437.054125789042
70_1,239,41.354220000000005,19.768526,7466.114532284257
70_1,240,41.35423800000001,19.76851,7468.519940903516
70_1,241,41.35467299999999,19.768094,7528.059543162077
70_1,242,41.35484199999999,19.767973,7549.3801408608915
70_1,243,41.35496200000001,19.767812,7568.338804107082
70_1,244,41.355142,19.767425,7606.456172615297
70_1,245,41.355333,19.766998,7647.999302934363
70_1,246,41.355380000000004,19.766818,7663.939353366925
70_1,247,41.35546299999999,19.766101,7724.626794543308
70_1,248,41.355499,19.765985,7735.139320791278
70_1,249,41.355713,19.765621,7773.7933105025995
70_1,250,41.355876,19.765409,7799.13362953116
70_1,251,41.35702199999999,19.764143,7964.687192938669
70_1,252,41.35706,19.764103,7970.072271307402
70_1,253,41.357101,19.764062,7975.772064516655
70_1,254,41.357150999999995,19.763932000000004,7987.982475171597
70_1,255,41.35723999999999,19.763519,8023.918134313684
70_1,256,41.357321,19.763397,8037.558085512093
70_1,257,41.357443,19.763287,8053.935183241532
70_1,258,41.357563000000006,19.763181,8069.940360950404
70_1,259,41.357878,19.762703,8123.092395787281
70_1,260,41.358029,19.762471,8148.744209210427
70_1,261,41.35808199999999,19.762389,8157.802110361015
70_1,262,41.358131,19.762284,8168.13484133647
70_1,263,41.358259000000004,19.761801,8210.967049893236
70_1,264,41.358303000000014,19.761694,8221.164585294415
70_1,265,41.358349,19.761621,8229.126333772112
70_1,266,41.358447999999996,19.761549,8241.6927389771
70_1,267,41.358838,19.761488,8285.29450746262
70_1,268,41.358899,19.761482,8292.085977346007
70_1,269,41.358972,19.761478,8300.259555009563
70_1,270,41.35936,19.761457,8343.387021043513
70_1,271,41.35965,19.761422,8375.720277960872
70_1,272,41.360493,19.761001,8475.725955750657
70_1,273,41.36075799999999,19.760826,8508.589822668098
70_1,274,41.360981999999986,19.760577,8541.0334593128
70_1,275,41.361097,19.760454,8557.431760695534
70_1,276,41.361257999999985,19.76033,8578.09930874506
70_1,277,41.36135399999999,19.760256,8590.425418523088
70_1,278,41.361792999999984,19.759953,8645.400750978175
70_1,279,41.362207000000005,19.759702,8695.93592492268
70_1,280,41.36234799999999,19.759585,8714.398830513519
70_1,281,41.36243699999999,19.759446,8729.65811408806
70_1,282,41.36249899999999,19.759256,8746.978422886821
70_1,283,41.362606,19.758709,8794.252190947624
70_1,284,41.36270499999999,19.758293,8830.748820003204
70_1,285,41.362714999999994,19.758251,8834.467158741722
70_1,286,41.362781,19.7582,8842.946573218898
70_1,287,41.363141999999996,19.758007,8886.158030413795
70_1,288,41.363516999999995,19.757805,8931.092755542182
70_1,289,41.363905,19.757598,8977.522449972816
70_1,290,41.364247,19.757432,9017.9574070176
70_1,291,41.364433999999996,19.757369,9039.384421873341
70_1,292,41.364925,19.757239,9094.976975516074
70_1,293,41.36501799999999,19.757233,9105.315560656993
70_1,294,41.36518399999999,19.757285,9124.253311258764
70_1,295,41.365313999999984,19.757385,9140.938635809985
70_1,296,41.365506,19.757567,9167.153466524116
70_1,297,41.365868999999996,19.757587,9207.50493163874
70_1,298,41.365894999999995,19.757587,9210.391745954828
71_0,1,41.347404999999995,19.806714,0
71_0,2,41.34737599999999,19.806839,10.943012268082555
71_0,3,41.347346,19.806985,23.604628195538037
71_0,4,41.34741700000001,19.806951,31.985323588337568
71_0,5,41.34749099999999,19.806968,40.32373943456527
71_0,6,41.347805999999984,19.807166,79.07488874003238
71_0,7,41.34784099999999,19.80725,87.10581822271696
71_0,8,41.34784899999999,19.808484,190.43349538916976
71_0,9,41.347852,19.808742,212.02242318480708
71_0,10,41.34786100000001,19.809793,299.96320613102347
71_0,11,41.347856,19.810304,342.73531529158157
71_0,12,41.347750999999995,19.811179,416.8754713339283
71_0,13,41.34774399999999,19.811449,439.48122560865517
71_0,14,41.347757,19.81158,450.5368341998547
71_0,15,41.347774,19.81167,458.31022050957927
71_0,16,41.34789,19.812287,511.51728481929956
71_0,17,41.34792,19.812462,526.5332650755015
71_0,18,41.34791000000001,19.812619,539.9151036747221
71_0,19,41.347921,19.812712,547.8225297741573
71_0,20,41.34794399999999,19.812899,563.675455959074
71_0,21,41.347847,19.81293,574.7532549663874
71_0,22,41.346264999999995,19.813375,754.3161270070458
71_0,23,41.34627999999999,19.813477,763.0114506190104
71_0,24,41.346334999999996,19.813878,797.1142947357696
71_0,25,41.346371,19.814137,819.1503348530553
71_0,26,41.34607,19.814311,855.6173541274484
71_0,27,41.345908,19.814401,875.1232718649421
71_0,28,41.345724000000004,19.814502,897.23723141905
71_0,29,41.345541000000004,19.81461,919.4744865071933
71_0,30,41.345204999999986,19.814783,959.4902629453144
71_0,31,41.344758,19.815003,1012.4242319865583
71_0,32,41.34469799999999,19.815032,1019.514160371526
71_0,33,41.344187,19.81529,1080.2184012665446
71_0,34,41.343935,19.815423,1110.3297405208266
71_0,35,41.343344,19.815749,1181.3920040433663
71_0,36,41.342955,19.815969,1228.3417941703635
71_0,37,41.342862999999994,19.816022,1239.47765143931
71_0,38,41.342516,19.816209,1281.0881247168127
71_0,39,41.342447,19.816247,1289.5173362845287
71_0,40,41.342287000000006,19.816331,1308.621992967714
71_0,41,41.342006999999995,19.816478,1342.0605389682512
71_0,42,41.34155599999999,19.816784,1398.31886687993
71_0,43,41.34115299999999,19.817087,1449.7476954603264
71_0,44,41.34070299999998,19.817418,1506.8743235007926
71_0,45,41.340636999999994,19.817465,1515.2508302001943
71_0,46,41.340427,19.817614,1541.7101069406667
71_0,47,41.34022699999999,19.817761,1567.0952635538201
71_0,48,41.33947,19.818311,1662.9252954105496
71_0,49,41.339113,19.818577,1708.3958935903415
71_0,50,41.33888499999998,19.818723,1736.5044915724263
71_0,51,41.338674999999995,19.818813,1761.0067801855928
71_0,52,41.33854300000001,19.818876,1776.5819811407425
71_0,53,41.33840200000001,19.818947,1793.3265981602715
71_0,54,41.338337,19.818997,1801.8024252643984
71_0,55,41.338179999999994,19.819115,1821.8925238180316
71_0,56,41.33810399999999,19.819184,1832.3108803963394
71_0,57,41.33788200000001,19.819387,1862.246016748299
71_0,58,41.337827,19.819438,1869.696125847391
71_0,59,41.33771099999999,19.819539,1885.1010371821972
71_0,60,41.33759499999999,19.819636,1900.3248853509726
71_0,61,41.337494,19.819719,1913.5155390240122
71_0,62,41.337146,19.820008,1959.1090981889429
71_0,63,41.336516,19.818443,2107.581031722519
71_0,64,41.336328,19.817953,2153.636081347394
71_0,65,41.336225000000006,19.817675000000005,2179.5587897692394
71_0,66,41.336158999999995,19.817384,2204.9891678364525
71_0,67,41.336074,19.816874,2248.6984718418053
71_0,68,41.33598800000001,19.816358,2292.967264326984
71_0,69,41.335964999999995,19.816214,2305.28524637935
71_0,70,41.335885999999995,19.816232,2314.184966676961
71_0,71,41.335644,19.816302,2341.7578417498235
71_0,72,41.335597,19.816316,2347.106119752868
71_0,73,41.335255999999994,19.816412,2385.8391316347042
71_0,74,41.33453,19.816617,2468.265432962609
71_0,75,41.33329499999999,19.816956,2608.290682378236
71_0,76,41.333133999999994,19.816981,2626.2886980054063
71_0,77,41.331191999999994,19.817515,2846.510517372457
71_0,78,41.330302,19.81776,2947.436353669893
71_0,79,41.330173,19.81692,3019.2084187267183
71_0,80,41.330132,19.816764,3033.044046309315
71_0,81,41.33006300000001,19.816622,3047.262779732665
71_0,82,41.329953999999994,19.816466,3065.0828767542657
71_0,83,41.3298,19.816329,3085.6697727687715
71_0,84,41.329409999999996,19.81613,3132.064030956565
71_0,85,41.328987999999995,19.815978,3180.6557793557477
71_0,86,41.32866200000001,19.816074,3217.7323166052997
71_0,87,41.32840999999999,19.816056,3245.777899655063
71_0,88,41.328326999999994,19.816032,3255.2118120588148
71_0,89,41.328292000000005,19.815997,3260.082305351544
71_0,90,41.328261,19.815926,3266.9500917048963
71_0,91,41.32822,19.815685,3287.6566680738697
71_0,92,41.328248,19.815061,3339.973582117242
71_0,93,41.328247999999995,19.815055,3342.0356594434284
71_0,94,41.32826200000001,19.814736,3368.8536301270356
71_0,95,41.32830899999999,19.813666,3458.562635917338
71_0,96,41.328332,19.813142,3502.5034226558732
71_0,97,41.32836599999999,19.81228,3574.77312434431
71_0,98,41.32836000000001,19.811944,3602.9659392880335
71_0,99,41.32829400000001,19.81149,3641.7196722580675
71_0,100,41.32826099999999,19.811359,3653.27949018792
71_0,101,41.328171999999995,19.811074,3679.0978995208216
71_0,102,41.32805599999999,19.810704,3712.6509045398643
71_0,103,41.327932000000004,19.810307,3748.6166491040062
71_0,104,41.327751,19.809719,3801.8582643187738
71_0,105,41.327621,19.809301,3839.7853999590725
71_0,106,41.32744000000001,19.808717,3892.6919754991295
71_0,107,41.327278,19.808191,3940.510022007688
71_0,108,41.327166999999996,19.807839,3972.444421942955
71_0,109,41.327149999999996,19.807786,3977.265114987295
71_0,110,41.327127999999995,19.807715,3983.689882636783
71_0,111,41.327108,19.807648,3989.721093738507
71_0,112,41.327028999999996,19.807396,4012.6507450233808
71_0,113,41.326836,19.806776,4068.792038842005
71_0,114,41.32641199999999,19.805413,4192.204676345311
71_0,115,41.326376999999994,19.805299,4202.506985187226
71_0,116,41.326355,19.80523,4208.777322269008
71_0,117,41.326302,19.805058,4224.329265592763
71_0,118,41.326165,19.804619,4264.095879123687
71_0,119,41.325974,19.804004,4319.775281464443
71_0,120,41.325927,19.803855,4333.293811248963
71_0,121,41.325907,19.80379,4339.169811867775
71_0,122,41.32581600000001,19.803499,4365.556942773119
71_0,123,41.325782999999994,19.803393,4375.155578726334
71_0,124,41.32570100000001,19.80313,4399.164450239145
71_0,125,41.32566099999999,19.803001,4410.839042559159
71_0,126,41.324869,19.800408,4645.023060519176
71_0,127,41.3243,19.798522,4815.076591162373
71_0,128,41.324152,19.798017,4860.43719226854
71_0,129,41.323975000000004,19.797393,4916.249134853102
71_0,130,41.32385499999999,19.796966000000005,4954.391286620196
71_0,131,41.32376399999999,19.796644,4983.174022129977
71_0,132,41.32338499999999,19.795309,5102.573635563019
71_0,133,41.323131,19.794406,5183.250759114593
71_0,134,41.322832,19.793367,5276.336280766354
71_0,135,41.322719,19.792949,5313.518070815228
71_0,136,41.32264399999999,19.79267,5338.330965833408
71_0,137,41.322540000000004,19.792286,5372.497949415107
71_0,138,41.322476,19.792039,5394.450442389151
71_0,139,41.32246399999999,19.791994,5398.445686828235
71_0,140,41.322333,19.791527,5440.164407962409
71_0,141,41.322272,19.79129,5461.125885372917
71_0,142,41.32209699999999,19.790615,5520.880324689558
71_0,143,41.322063,19.790485,5532.397733572441
71_0,144,41.32197699999999,19.790164,5560.929698965776
71_0,145,41.321913999999985,19.789702,5600.2285006429065
71_0,146,41.321881,19.789592,5610.1626268829705
71_0,147,41.321889999999996,19.789558,5613.17882113482
71_0,148,41.321895999999995,19.789392,5627.089250448578
71_0,149,41.321875,19.789312,5634.17971119299
71_0,150,41.321793,19.789187,5648.049071348618
71_0,151,41.321764,19.789166,5651.8513278997425
71_0,152,41.321736,19.789145,5655.422669967439
71_0,153,41.321587,19.788914,5681.166463860285
71_0,154,41.32148699999999,19.788711,5701.493733787752
71_0,155,41.32141099999999,19.788536,5718.403044313297
71_0,156,41.32128199999999,19.788163,5752.757850966352
71_0,157,41.321104000000005,19.787698,5796.409714255489
71_0,158,41.320909,19.787126,5849.041070856875
71_0,159,41.320907999999996,19.787126,5851.044150388775
71_0,160,41.320694,19.786496,5908.917434744976
71_0,161,41.320117999999994,19.784791,6065.309469974633
71_0,162,41.31983100000001,19.78396,6141.87807425617
71_0,163,41.319590999999996,19.783218,6209.4692551379085
71_0,164,41.319486,19.782882,6239.9145517433635
71_0,165,41.31938900000001,19.782575,6267.777553670988
71_0,166,41.319115,19.781706,6346.622850880461
71_0,167,41.31899899999999,19.78134,6379.871243262827
71_0,168,41.318681999999995,19.780306,6473.353770472931
71_0,169,41.31851999999999,19.779794,6519.9293994288255
71_0,170,41.318016,19.778147,6668.80196436048
71_0,171,41.31785899999999,19.777599,6717.873818680047
71_0,172,41.31776099999999,19.777291,6745.969094422433
71_0,173,41.31743099999999,19.77625,6840.5312206062645
71_0,174,41.317288,19.77581,6880.65151298974
71_0,175,41.31709699999999,19.775199,6936.019271940934
71_0,176,41.31705699999999,19.775071,6947.617871277858
71_0,177,41.316984,19.774836,6968.917126512418
71_0,178,41.316963,19.774768,6975.06831603451
71_0,179,41.31664,19.77377,7067.746405905767
71_0,180,41.316479,19.773302,7112.448524778717
71_0,181,41.316171,19.772546,7184.418032372096
71_0,182,41.31611,19.772449,7195.989220673537
71_0,183,41.31572700000001,19.771502,7285.949134528713
71_0,184,41.315433,19.770776000000005,7354.936232617735
71_0,185,41.31518400000001,19.770161,7413.371772585325
71_0,186,41.31499699999999,19.769696,7457.4884126140005
71_0,187,41.31482700000001,19.769276,7497.3932439866885
71_0,188,41.314582,19.768672,7554.8426948299875
71_0,189,41.31442200000001,19.768277,7592.431926997509
71_0,190,41.314311,19.768002,7618.544028679495
71_0,191,41.31419900000001,19.767724,7644.929981719181
71_0,192,41.314165,19.76764,7652.911019967632
71_0,193,41.31396300000001,19.767135,7700.766618964482
71_0,194,41.313845999999984,19.766841,7728.59600246308
71_0,195,41.313659,19.766374,7772.962712380906
71_0,196,41.313626,19.766294,7780.596502480386
71_0,197,41.313416000000004,19.76578,7829.628023585668
71_0,198,41.31339499999999,19.76573,7834.4192796214165
71_0,199,41.313249,19.765369,7868.843825905635
71_0,200,41.31322999999999,19.765324,7873.161379127583
71_0,201,41.313088,19.764972000000004,7906.596135056615
71_0,202,41.31305699999999,19.764896,7913.829714828549
71_0,203,41.312837,19.764355,7965.286050198203
71_0,204,41.312668999999985,19.763942,8004.583421392963
71_0,205,41.31262199999998,19.763825,8015.726340018043
71_0,206,41.31231600000001,19.763073,8087.325226046161
71_0,207,41.312096999999994,19.762533,8138.655676642352
71_0,208,41.311927000000004,19.762121,8177.985860603572
71_0,209,41.311854,19.761945,8194.801920408165
71_0,210,41.311769999999996,19.761738,8214.481319293234
71_0,211,41.311642,19.761425,8245.344987116985
71_0,212,41.311481,19.761031,8282.861388641679
71_0,213,41.31140400000001,19.760842,8301.820130574053
71_0,214,41.31124799999999,19.760543,8332.265442524957
71_0,215,41.311066999999994,19.760274,8362.450853997463
71_0,216,41.31086399999999,19.760039,8392.422354796126
71_0,217,41.310493,19.759648,8445.0745854079
71_0,218,41.310522,19.759571,8452.280203530121
71_0,219,41.310493,19.759648,8459.485821652343
71_0,220,41.310444,19.759599000000005,8466.299501558267
71_0,221,41.310237,19.7594,8494.685671735173
71_0,222,41.310143999999994,19.759335,8506.357583510371
71_0,223,41.30972999999999,19.759096,8556.49000012712
71_0,224,41.30893299999999,19.75867,8651.902739125113
71_0,225,41.308882000000004,19.758641,8658.063810548258
71_0,226,41.30853799999999,19.758456,8699.278984573926
71_0,227,41.308288,19.758322000000003,8729.36775863463
71_0,228,41.308261999999985,19.758308,8732.483410906754
71_0,229,41.307894,19.758111,8776.545643358413
71_0,230,41.307439,19.757867,8831.267097480491
71_0,231,41.30733899999999,19.757813,8843.255249436286
71_0,232,41.307091,19.757681,8872.925631560121
71_0,233,41.30704300000001,19.757657,8878.62127493597
71_0,234,41.30683599999998,19.757529,8903.987188989606
71_0,235,41.306656,19.757344,8929.271987045406
71_0,236,41.30662499999999,19.757296,8934.563150254093
71_0,237,41.306580000000004,19.757229,8942.075040700622
71_0,238,41.306473999999994,19.756997,8964.7879291928
71_0,239,41.306434999999986,19.756884,8975.192400450527
71_0,240,41.306383,19.756729,8989.395722437077
71_0,241,41.306371999999996,19.756697,8992.340083124478
71_0,242,41.30624900000001,19.756342,9025.048876392082
71_0,243,41.306211,19.756231,9035.25496348382
71_0,244,41.306160999999996,19.756088,9048.451743443065
71_0,245,41.30608799999999,19.755876,9067.963959393537
71_0,246,41.305947999999994,19.755474,9105.036594564877
71_0,247,41.30585,19.755191,9131.109152899862
71_0,248,41.305768,19.754954,9152.940521342713
71_0,249,41.305749000000006,19.754901,9157.853773503224
71_0,250,41.30569799999999,19.754748000000003,9171.859144754944
71_0,251,41.305631000000005,19.75453,9191.568547164507
71_0,252,41.305615,19.754478,9196.270644507342
71_0,253,41.305513,19.754091,9230.598954968951
71_0,254,41.30541300000001,19.753591,9273.909852264416
71_0,255,41.305299,19.753016000000002,9323.727155797278
71_0,256,41.305032,19.75161,9445.122251914443
71_0,257,41.305018,19.751537,9451.428665957965
71_0,258,41.304965,19.75126,9476.65713152671
71_0,259,41.304948,19.751174000000002,9484.100684264062
71_0,260,41.304929999999985,19.751084,9491.896376118608
71_0,261,41.30485899999999,19.750731,9522.484248667179
71_0,262,41.30480199999999,19.750445,9547.251582680141
71_0,263,41.30473,19.750088,9578.191721336354
71_0,264,41.304641,19.749645,9616.627478085391
71_0,265,41.304531999999995,19.749093,9664.443545021988
71_0,266,41.30447099999999,19.748786,9691.02434365205
71_0,267,41.304462,19.748742,9694.841351594843
71_0,268,41.304316,19.748028,9756.908759022102
71_0,269,41.30410799999999,19.7473,9824.801824237002
71_0,270,41.303883,19.746574,9891.60641916545
71_0,271,41.303850000000004,19.746466,9901.362903517716
71_0,272,41.30367,19.745961,9948.129750117676
71_0,273,41.30353999999999,19.745691,9976.00677831705
71_0,274,41.303341,19.745341,10012.86436878782
71_0,275,41.30333467563436,19.745329141813823,10019.304587351251
71_1,1,41.30333467563436,19.745329141813823,0
71_1,2,41.30333300000001,19.745326000000002,1.7063292730303823
71_1,3,41.303341,19.745341,9.852877109492534
71_1,4,41.30353999999999,19.745691,46.71046758026126
71_1,5,41.30367,19.745961,74.58749577963633
71_1,6,41.303850000000004,19.746466,121.354342379595
71_1,7,41.303883,19.746574,131.11082673186158
71_1,8,41.30410799999999,19.7473,197.91542166031005
71_1,9,41.304316,19.748028,265.80848687520944
71_1,10,41.304462,19.748742,327.87589430246885
71_1,11,41.30447099999999,19.748786,331.6929022452613
71_1,12,41.304531999999995,19.749093,358.2737008753245
71_1,13,41.304641,19.749645,406.0897678119218
71_1,14,41.30473,19.750088,444.52552456095947
71_1,15,41.30480199999999,19.750445,475.46566321717216
71_1,16,41.30486500000001,19.750761000000004,502.8315633638744
71_1,17,41.304929999999985,19.751084,530.8208716961672
71_1,18,41.304948,19.751174000000002,538.6165635507123
71_1,19,41.304965,19.75126,546.0601162880639
71_1,20,41.305018,19.751537,571.2885818568086
71_1,21,41.305032,19.75161,577.5949959003296
71_1,22,41.305299,19.753016000000002,698.9900920174947
71_1,23,41.30541300000001,19.753591,748.8073955503563
71_1,24,41.305513,19.754091,792.1182928458221
71_1,25,41.305615,19.754478,826.4466033074317
71_1,26,41.305648,19.754586,836.2028451839965
71_1,27,41.30569799999999,19.754748000000003,850.8581388893416
71_1,28,41.305749000000006,19.754901,864.8635101410608
71_1,29,41.305768,19.754954,869.7767623015718
71_1,30,41.30585,19.755191,891.6081307444219
71_1,31,41.305947999999994,19.755474,917.6806890794064
71_1,32,41.30608799999999,19.755876,954.7533242507467
71_1,33,41.306160999999996,19.756088,974.2655402012175
71_1,34,41.306211,19.756231,987.4623201604632
71_1,35,41.30624900000001,19.756342,997.6684072522
71_1,36,41.306371999999996,19.756697,1030.3772005198039
71_1,37,41.306383,19.756729,1033.3215612072054
71_1,38,41.306434999999986,19.756884,1047.5248831937556
71_1,39,41.306473999999994,19.756997,1057.9293544514828
71_1,40,41.306580000000004,19.757229,1080.6422429436604
71_1,41,41.306641,19.757321,1090.8988685576867
71_1,42,41.306656,19.757344,1093.4447800533003
71_1,43,41.30683599999998,19.757529,1118.729578109101
71_1,44,41.30704300000001,19.757657,1144.095492162738
71_1,45,41.307091,19.757681,1149.7911355385859
71_1,46,41.30733899999999,19.757813,1179.4615176624204
71_1,47,41.307439,19.757867,1191.4496696182143
71_1,48,41.307894,19.758111,1246.171123740293
71_1,49,41.308261999999985,19.758308,1290.2333561919527
71_1,50,41.308288,19.758322000000003,1293.3490084640773
71_1,51,41.30853799999999,19.758456,1323.4377825247811
71_1,52,41.308882000000004,19.758641,1364.6529565504507
71_1,53,41.30893299999999,19.75867,1370.8140279735946
71_1,54,41.30972999999999,19.759096,1466.226766971588
71_1,55,41.310143999999994,19.759335,1516.3591835883367
71_1,56,41.310237,19.7594,1528.031095363534
71_1,57,41.310444,19.759599000000005,1556.4172655404393
71_1,58,41.310493,19.759648,1563.2309454463634
71_1,59,41.310574,19.759734,1574.794545497515
71_1,60,41.31086399999999,19.760039,1615.900758864352
71_1,61,41.311066999999994,19.760274,1645.8722596630143
71_1,62,41.31124799999999,19.760543,1676.057671135521
71_1,63,41.31140400000001,19.760842,1706.5029830864241
71_1,64,41.311481,19.761031,1725.4617250187978
71_1,65,41.311642,19.761425,1762.9781265434924
71_1,66,41.311769999999996,19.761738,1793.8417943672437
71_1,67,41.311854,19.761945,1813.5211932523134
71_1,68,41.311927000000004,19.762121,1830.3372530569056
71_1,69,41.312096999999994,19.762533,1869.6674370181256
71_1,70,41.31231600000001,19.763073,1920.997887614317
71_1,71,41.312511,19.763552,1966.593382087204
71_1,72,41.31262199999998,19.763825,1992.6018693809642
71_1,73,41.312837,19.764355,2043.0240338832511
71_1,74,41.31305699999999,19.764896,2094.4803692529053
71_1,75,41.313088,19.764972000000004,2101.713949024839
71_1,76,41.31322999999999,19.765324,2135.148704953871
71_1,77,41.313249,19.765369,2139.466258175819
71_1,78,41.31339499999999,19.76573,2173.890804460038
71_1,79,41.313416000000004,19.76578,2178.6820604957848
71_1,80,41.313626,19.766294,2227.7135816010673
71_1,81,41.313659,19.766374,2235.3473717005477
71_1,82,41.313845999999984,19.766841,2279.7140816183733
71_1,83,41.31396300000001,19.767135,2307.5434651169717
71_1,84,41.31419900000001,19.767724,2363.380019577945
71_1,85,41.314311,19.768002,2389.765972617633
71_1,86,41.314314,19.768009,2390.4400081516965
71_1,87,41.31442200000001,19.768277,2415.8782965796863
71_1,88,41.314582,19.768672,2453.4675287472082
71_1,89,41.31482700000001,19.769276,2510.916979590507
71_1,90,41.31499699999999,19.769696,2550.8218109631953
71_1,91,41.31518400000001,19.770161,2594.9384509918714
71_1,92,41.315433,19.770776000000005,2653.373990959461
71_1,93,41.315813000000006,19.771714,2742.5129125313483
71_1,94,41.31611,19.772449,2812.321010737183
71_1,95,41.316133999999984,19.77257,2823.8007250000132
71_1,96,41.316176999999996,19.772681,2834.4974559376196
71_1,97,41.316421,19.773337,2895.8805444130653
71_1,98,41.31680699999999,19.774525000000004,3004.657120691817
71_1,99,41.316894,19.774798,3029.4671801937166
71_1,100,41.316916,19.774867,3035.7383250647445
71_1,101,41.316977,19.775054,3052.8234414773515
71_1,102,41.31704899999999,19.775283,3073.5927262149066
71_1,103,41.317231,19.775839,3124.3417492689277
71_1,104,41.317378000000005,19.776283,3164.9338283809525
71_1,105,41.317425,19.776425,3177.9153596844394
71_1,106,41.317669,19.777218,3249.654395368422
71_1,107,41.317784999999986,19.777594,3283.7533208660716
71_1,108,41.318002,19.778283,3346.2576888803665
71_1,109,41.318056999999996,19.778459,3362.3304736599025
71_1,110,41.31847599999998,19.779815,3485.19971101749
71_1,111,41.31871499999999,19.780597,3555.895741210249
71_1,112,41.31897500000001,19.781399,3628.9867528252244
71_1,113,41.318976000000006,19.781399,3630.4908564228836
71_1,114,41.31902,19.781537,3643.0327888586653
71_1,115,41.319151,19.781955000000004,3680.9375774482023
71_1,116,41.31927199999999,19.782354,3717.15828477816
71_1,117,41.319804,19.784043,3870.4082657947138
71_1,118,41.31989999999999,19.78433,3896.694623966013
71_1,119,41.31993200000001,19.784428,3905.6479999175085
71_1,120,41.320050999999985,19.784779,3937.9243803105237
71_1,121,41.320305999999995,19.78556,4009.1648031515074
71_1,122,41.320496,19.786115000000002,4060.195575027174
71_1,123,41.32063899999999,19.786534,4098.693786644968
71_1,124,41.320656,19.786585,4103.361323457431
71_1,125,41.320925,19.787366,4175.234820333497
71_1,126,41.321013,19.787621,4198.714403901002
71_1,127,41.321089,19.787862,4220.580547500167
71_1,128,41.321299,19.788497000000003,4278.6295598499055
71_1,129,41.321385,19.788806,4306.201512833206
71_1,130,41.321417,19.789349,4351.795869531238
71_1,131,41.32141099999999,19.789373,4353.912301969002
71_1,132,41.32141099999999,19.789548,4368.560192839692
71_1,133,41.321477999999985,19.789698,4383.153851182344
71_1,134,41.32153100000001,19.789751,4390.523261191538
71_1,135,41.321558,19.789769,4393.878373058052
71_1,136,41.321799999999996,19.79014,4434.952417022349
71_1,137,41.321895,19.79041,4459.892377843699
71_1,138,41.322026999999984,19.790855,4499.9317066004105
71_1,139,41.32220799999999,19.791494,4557.067715504608
71_1,140,41.322233999999995,19.791591,4565.684664995729
71_1,141,41.322366999999986,19.792068,4608.265183579777
71_1,142,41.322385,19.792126,4613.515118551839
71_1,143,41.322561,19.79273,4667.724872971302
71_1,144,41.322776000000005,19.793498,4736.303456846519
71_1,145,41.322888,19.793893,4771.640532543483
71_1,146,41.32307899999999,19.794574,4832.457463203865
71_1,147,41.32332400000001,19.795444,4910.197736856059
71_1,148,41.323351,19.79554,4918.77390868815
71_1,149,41.323487,19.796022,4961.861997782053
71_1,150,41.323514,19.796118,4970.438149849028
71_1,151,41.323766,19.797012,5050.331519401567
71_1,152,41.32388599999998,19.797439,5088.473716309328
71_1,153,41.32411699999999,19.798239,5160.18369792747
71_1,154,41.32427599999999,19.798788000000002,5209.4188484253455
71_1,155,41.324477,19.799466,5270.405046696187
71_1,156,41.32473199999998,19.800323,5347.54564200596
71_1,157,41.325482,19.802763,5568.112248102903
71_1,158,41.32561100000001,19.803186,5606.303414418541
71_1,159,41.325687999999985,19.803433,5628.874748559757
71_1,160,41.32572099999999,19.803537,5638.318894662126
71_1,161,41.32580600000001,19.803807,5662.808435063186
71_1,162,41.325944,19.80425,5702.9395053097405
71_1,163,41.326073999999984,19.804665,5740.5663264883915
71_1,164,41.32626599999999,19.80528,5796.2790568140945
71_1,165,41.326285999999996,19.805348,5802.388232118013
71_1,166,41.326311000000004,19.805429,5809.713825871042
71_1,167,41.326322000000005,19.805463,5812.810497236013
71_1,168,41.326582,19.806312,5889.507997590733
71_1,169,41.32675699999999,19.806875,5940.487041958219
71_1,170,41.327011,19.807694,6014.634842348282
71_1,171,41.32703200000001,19.807761,6020.707817575203
71_1,172,41.327040999999994,19.80779,6023.33261688521
71_1,173,41.32705399999999,19.807833,6027.210146187802
71_1,174,41.32707199999999,19.80789,6032.382448740715
71_1,175,41.32714199999999,19.808119,6053.064399207247
71_1,176,41.327245999999995,19.808454,6083.796221433078
71_1,177,41.327405999999996,19.808973,6130.725835506093
71_1,178,41.327479,19.809211,6152.254152809041
71_1,179,41.327608999999995,19.809622,6189.6115449947265
71_1,180,41.327609,19.809624,6191.618537448593
71_1,181,41.327635,19.809705,6198.986785286907
71_1,182,41.32777500000001,19.810162,6240.381650404411
71_1,183,41.328062,19.811094,6324.647755090644
71_1,184,41.32815900000001,19.811417000000002,6353.747049165645
71_1,185,41.328182999999996,19.811514,6362.2914319780975
71_1,186,41.328251,19.811967,6400.977958262306
71_1,187,41.32826,19.812283,6427.448565626235
71_1,188,41.328255999999996,19.812384,6435.913224942751
71_1,189,41.32823299999999,19.812905,6479.592036740977
71_1,190,41.328204,19.813568,6535.182904234354
71_1,191,41.32819899999999,19.813659,6542.819184468255
71_1,192,41.328183,19.814009,6572.165599533582
71_1,193,41.32813000000001,19.815236,6675.069315870784
71_1,194,41.32811400000001,19.815589,6704.683264111629
71_1,195,41.328084999999994,19.816216,6757.267110330553
71_1,196,41.32781,19.816284,6788.326018970813
71_1,197,41.327641,19.816331,6807.497839591395
71_1,198,41.32730299999999,19.816419,6846.067076330621
71_1,199,41.32689899999999,19.816534,6891.943881418575
71_1,200,41.326826,19.816555,6900.237390837282
71_1,201,41.326663,19.8166,6918.964744350467
71_1,202,41.32606800000001,19.81677,6986.549355042326
71_1,203,41.325598,19.816902,7039.8991084583995
71_1,204,41.325667,19.817346,7077.841755519965
71_1,205,41.325929,19.819015,7220.541356200686
71_1,206,41.32594299999999,19.819105000000004,7228.232699134786
71_1,207,41.32666100000001,19.818911000000003,7309.589905101721
71_1,208,41.326758000000005,19.818925,7320.434818590699
71_1,209,41.326915,19.81911,7343.7759781302175
71_1,210,41.327113000000004,19.819280000000003,7369.977778500221
71_1,211,41.327158000000004,19.819404,7381.495946162509
71_1,212,41.327264,19.820624,7484.356803946218
71_1,213,41.327375,19.821888,7590.861629203803
71_1,214,41.327427,19.822489,7641.492381507319
71_1,215,41.327474,19.822671,7657.5940643380445
71_1,216,41.327513999999994,19.822706,7662.960128738953
71_1,217,41.32756799999999,19.822622,7672.199810145601
71_1,218,41.32763599999999,19.822526,7683.225097026329
71_1,219,41.327685,19.822463,7690.867060501222
71_1,220,41.32783100000001,19.822331,7710.4839016739525
71_1,221,41.32826099999999,19.822075,7762.813605623118
71_1,222,41.32860299999999,19.821889,7803.864746578335
71_1,223,41.32935700000001,19.821459,7894.98948385487
71_1,224,41.32941099999999,19.821428,7901.541430591716
71_1,225,41.329989999999995,19.821092,7971.7085210509385
71_1,226,41.330465000000004,19.82082,8029.150469315833
71_1,227,41.330617,19.820675,8049.936848937016
71_1,228,41.33059799999999,19.820379,8074.798727804898
71_1,229,41.33061099999999,19.820037,8103.461418371842
71_1,230,41.330549,19.819553,8144.551181635059
71_1,231,41.330481,19.819044,8187.859525658028
71_1,232,41.33045700000001,19.818871,8202.589579511963
71_1,233,41.330332,19.817947,8281.156503552045
71_1,234,41.33197299999999,19.817493,8467.285762017103
71_1,235,41.333180999999996,19.817157,8604.339633058773
71_1,236,41.33336,19.817107,8624.67419382212
71_1,237,41.334615,19.816747,8767.239159666427
71_1,238,41.334708000000006,19.816724,8777.742747994498
71_1,239,41.33472099999999,19.816721,8779.207800487715
71_1,240,41.335224000000004,19.816587,8836.249195490358
71_1,241,41.33565700000001,19.816465,8885.397005121667
71_1,242,41.33591100000001,19.816387,8914.41300487109
71_1,243,41.335984,19.816831000000004,8952.494645169423
71_1,244,41.336017,19.817022,8968.892692525606
71_1,245,41.33606999999999,19.817324,8994.841022342487
71_1,246,41.33609,19.817437000000005,9004.554429356418
71_1,247,41.336126,19.817603,9019.018058103455
71_1,248,41.3364,19.818345,9088.179029878602
71_1,249,41.336499999999994,19.8186,9112.233748745266
71_1,250,41.33671099999999,19.819144,9163.470369212002
71_1,251,41.33691100000001,19.819661,9212.11026349913
71_1,252,41.33708300000001,19.820067,9251.097232414957
71_1,253,41.337146,19.820008,9259.659006954915
71_1,254,41.337494,19.819719,9305.252566119845
71_1,255,41.33759499999999,19.819636,9318.443219792885
71_1,256,41.337663,19.819579,9327.373704859245
71_1,257,41.33771099999999,19.819539,9333.667080885081
71_1,258,41.337827,19.819438,9349.071992219888
71_1,259,41.33788200000001,19.819387,9356.52210131898
71_1,260,41.33810399999999,19.819184,9386.45723767094
71_1,261,41.338179999999994,19.819115,9396.875594249248
71_1,262,41.33840200000001,19.818947,9425.409508168024
71_1,263,41.33854300000001,19.818876,9442.154125187553
71_1,264,41.338674999999995,19.818813,9457.729326142704
71_1,265,41.33888499999998,19.818723,9482.23161475587
71_1,266,41.339113,19.818577,9510.340212737956
71_1,267,41.33947,19.818311,9555.810810917748
71_1,268,41.34022699999999,19.817761,9651.640842774477
71_1,269,41.340427,19.817614,9677.025999387632
71_1,270,41.34070299999998,19.817418,9711.840461717253
71_1,271,41.340754999999994,19.817379,9718.472465462839
71_1,272,41.34115299999999,19.817087,9768.967347679705
71_1,273,41.34155599999999,19.816784,9820.396176260101
71_1,274,41.342006999999995,19.816478,9876.65450417178
71_1,275,41.342287000000006,19.816331,9910.093050172318
71_1,276,41.342447,19.816247,9929.197706855502
71_1,277,41.342504000000005,19.816216,9936.199894863566
71_1,278,41.342862999999994,19.816022,9979.264304553932
71_1,279,41.342955,19.815969,9990.400161822878
71_1,280,41.343344,19.815749,10037.349951949875
71_1,281,41.343935,19.815423,10108.412215472414
71_1,282,41.344187,19.81529,10138.523554726695
71_1,283,41.34469799999999,19.815032,10199.227795621713
71_1,284,41.344758,19.815003,10206.317724006682
71_1,285,41.345204999999986,19.814783,10259.251693047925
71_1,286,41.345541000000004,19.81461,10299.267469486047
71_1,287,41.34571700000001,19.814506,10320.658580843203
71_1,288,41.345724000000004,19.814502,10321.504786336734
71_1,289,41.34607,19.814311,10363.12452204852
71_1,290,41.346371,19.814137,10399.591541322912
71_1,291,41.346334999999996,19.813878,10421.627581440198
71_1,292,41.34627999999999,19.813477,10455.730425556958
71_1,293,41.346264999999995,19.813375,10464.425749168922
71_1,294,41.34622499999999,19.81308,10489.504780274317
71_1,295,41.34612299999999,19.812609,10530.508394421655
71_1,296,41.345354,19.810183,10750.728797801446
71_1,297,41.345075,19.809283,10832.180167043822
71_1,298,41.344925999999994,19.808807,10875.353456630692
71_1,299,41.34492,19.808788,10877.07715725835
71_1,300,41.344916999999995,19.808779,10877.900581250498
71_1,301,41.34474199999999,19.808195,10930.495855012467
71_1,302,41.34502500000001,19.808077,10963.431962299868
71_1,303,41.34554099999999,19.807853,11023.711114982547
71_1,304,41.34570099999999,19.80779,11042.349061795981
71_1,305,41.34624899999999,19.807572,11105.900100608678
71_1,306,41.347046,19.80723,11198.907794248245
71_1,307,41.347083,19.807207,11203.444288735558
71_1,308,41.347136000000006,19.807175,11209.909333124095
71_1,309,41.34717,19.80715,11214.22512251426
71_1,310,41.347346,19.806985,11238.151013866654
71_1,311,41.34741700000001,19.806951,11246.531709259454
71_1,312,41.34749099999999,19.806968,11254.870125105683
71_1,313,41.34745999999999,19.806578,11287.681892742436
71_1,314,41.34742000000001,19.806649,11295.098994593189
71_1,315,41.347404999999995,19.806714,11300.786752122072
72_0,1,41.34899899999999,19.82382,0
72_0,2,41.348189000000005,19.824092,92.7739061890545
72_0,3,41.34811899999999,19.824115,100.7806570541711
72_0,4,41.347512,19.824331,170.5637104829306
72_0,5,41.347324,19.824397,192.17847503196083
72_0,6,41.346925,19.824536,237.98034336867605
72_0,7,41.346578,19.824659,277.8709007300568
72_0,8,41.346547,19.824668,281.3942231996946
72_0,9,41.346436,19.824709,294.18701263262915
72_0,10,41.34626099999999,19.82477,314.2763088163844
72_0,11,41.346056000000004,19.824842,337.82106828392267
72_0,12,41.345701999999996,19.824973,378.8207679968161
72_0,13,41.345389,19.825084000000004,414.9174682358431
72_0,14,41.34521,19.825138,435.29884582929617
72_0,15,41.344908999999994,19.825237,469.9615253471491
72_0,16,41.344668000000006,19.825303,497.28350757061474
72_0,17,41.344393000000004,19.825377,528.438056929584
72_0,18,41.34416900000001,19.825435,553.7776891856316
72_0,19,41.343788,19.825525,596.8495278744352
72_0,20,41.343748999999995,19.825534,601.2446662067438
72_0,21,41.342861,19.825756,701.5932306757418
72_0,22,41.34265099999999,19.825813,725.3921918146011
72_0,23,41.342560999999996,19.825839,736.0498536838555
72_0,24,41.341984,19.826009,801.7044546402519
72_0,25,41.34180400000001,19.826063,822.2002502779314
72_0,26,41.341508,19.826151,855.8834335748513
72_0,27,41.341204,19.826242,890.4845763618504
72_0,28,41.34105099999999,19.82627,907.6328634326366
72_0,29,41.34102699999999,19.826273,910.3093637810031
72_0,30,41.340371999999995,19.826355,983.3718987412714
72_0,31,41.340149,19.826339,1008.1726328720567
72_0,32,41.34002,19.825478,1081.6405194100464
72_0,33,41.340009,19.825431,1085.8558471947765
72_0,34,41.33989600000001,19.824921,1130.3448008279597
72_0,35,41.339702,19.824266,1189.2345340329587
72_0,36,41.339515,19.823808,1232.962232943558
72_0,37,41.339264,19.823297,1284.0019622643774
72_0,38,41.339034000000005,19.822926,1324.2014671677616
72_0,39,41.338596,19.822344,1393.0787097844357
72_0,40,41.33826199999999,19.821896,1445.9011641627944
72_0,41,41.33794499999999,19.821419,1499.120303181883
72_0,42,41.33787999999999,19.821322,1509.9982462807263
72_0,43,41.33755699999999,19.820765,1568.8423517630597
72_0,44,41.337434,19.820549,1591.5186132008205
72_0,45,41.337146,19.820008,1646.9443571711354
72_0,46,41.336516,19.818443,1795.4162907047119
72_0,47,41.336328,19.817953,1841.4713403295866
72_0,48,41.336225000000006,19.817675000000005,1867.394048751432
72_0,49,41.336158999999995,19.817384,1892.8244268186452
72_0,50,41.336074,19.816874,1936.5337308239978
72_0,51,41.33598800000001,19.816358,1980.8025233091769
72_0,52,41.335964999999995,19.816214,1993.1205053615429
72_0,53,41.335885999999995,19.816232,2002.0202256591535
72_0,54,41.335644,19.816302,2029.5931007320162
72_0,55,41.335597,19.816316,2034.9413787350604
72_0,56,41.335255999999994,19.816412,2073.6743906168967
72_0,57,41.33453,19.816617,2156.1006919448014
72_0,58,41.33329499999999,19.816956,2296.1259413604284
72_0,59,41.333133999999994,19.816981,2314.123956987599
72_0,60,41.331191999999994,19.817515,2534.3457763546494
72_0,61,41.330302,19.81776,2635.2716126520854
72_0,62,41.330173,19.81692,2707.0436777089108
72_0,63,41.330132,19.816764,2720.8793052915075
72_0,64,41.33006300000001,19.816622,2735.0980387148575
72_0,65,41.329953999999994,19.816466,2752.918135736458
72_0,66,41.3298,19.816329,2773.5050317509636
72_0,67,41.329409999999996,19.81613,2819.8992899387576
72_0,68,41.328987999999995,19.815978,2868.49103833794
72_0,69,41.32866200000001,19.816074,2905.5675755874922
72_0,70,41.32840999999999,19.816056,2933.6131586372553
72_0,71,41.328326999999994,19.816032,2943.0470710410073
72_0,72,41.328292000000005,19.815997,2947.9175643337367
72_0,73,41.328261,19.815926,2954.785350687089
72_0,74,41.32822,19.815685,2975.491927056062
72_0,75,41.328248,19.815061,3027.808841099434
72_0,76,41.328247999999995,19.815055,3029.870918425621
72_0,77,41.32826200000001,19.814736,3056.688889109228
72_0,78,41.32830899999999,19.813666,3146.397894899531
72_0,79,41.328332,19.813142,3190.338681638066
72_0,80,41.32836599999999,19.81228,3262.6083833265025
72_0,81,41.32836000000001,19.811944,3290.801198270226
72_0,82,41.32829400000001,19.81149,3329.5549312402595
72_0,83,41.32826099999999,19.811359,3341.1147491701126
72_0,84,41.328171999999995,19.811074,3366.933158503014
72_0,85,41.32805599999999,19.810704,3400.486163522057
72_0,86,41.327932000000004,19.810307,3436.4519080861983
72_0,87,41.327751,19.809719,3489.6935233009663
72_0,88,41.327621,19.809301,3527.620658941265
72_0,89,41.32744000000001,19.808717,3580.527234481322
72_0,90,41.327278,19.808191,3628.3452809898804
72_0,91,41.327166999999996,19.807839,3660.2796809251477
72_0,92,41.327149999999996,19.807786,3665.1003739694875
72_0,93,41.327127999999995,19.807715,3671.5251416189753
72_0,94,41.327108,19.807648,3677.5563527206996
72_0,95,41.327028999999996,19.807396,3700.4860040055732
72_0,96,41.326836,19.806776,3756.6272978241973
72_0,97,41.32641199999999,19.805413,3880.0399353275034
72_0,98,41.326376999999994,19.805299,3890.3422441694183
72_0,99,41.326355,19.80523,3896.6125812512014
72_0,100,41.326302,19.805058,3912.1645245749555
72_0,101,41.326165,19.804619,3951.93113810588
72_0,102,41.325974,19.804004,4007.6105404466357
72_0,103,41.325927,19.803855,4021.1290702311558
72_0,104,41.325907,19.80379,4027.005070849968
72_0,105,41.32581600000001,19.803499,4053.3922017553114
72_0,106,41.325782999999994,19.803393,4062.9908377085267
72_0,107,41.32570100000001,19.80313,4086.9997092213375
72_0,108,41.32566099999999,19.803001,4098.674301541351
72_0,109,41.324869,19.800408,4332.858319501369
72_0,110,41.3243,19.798522,4502.9118501445655
72_0,111,41.324152,19.798017,4548.272451250732
72_0,112,41.323975000000004,19.797393,4604.084393835295
72_0,113,41.32385499999999,19.796966000000005,4642.226545602389
72_0,114,41.32376399999999,19.796644,4671.009281112169
72_0,115,41.32338499999999,19.795309,4790.408894545211
72_0,116,41.323131,19.794406,4871.086018096785
72_0,117,41.322832,19.793367,4964.171539748546
72_0,118,41.322719,19.792949,5001.35332979742
72_0,119,41.32264399999999,19.79267,5026.1662248156
72_0,120,41.322540000000004,19.792286,5060.333208397298
72_0,121,41.322476,19.792039,5082.285701371344
72_0,122,41.32246399999999,19.791994,5086.280945810427
72_0,123,41.322333,19.791527,5127.999666944601
72_0,124,41.322272,19.79129,5148.961144355109
72_0,125,41.32209699999999,19.790615,5208.715583671748
72_0,126,41.322063,19.790485,5220.232992554633
72_0,127,41.32197699999999,19.790164,5248.764957947968
72_0,128,41.321913999999985,19.789702,5288.063759625098
72_0,129,41.321881,19.789592,5297.997885865162
72_0,130,41.321889999999996,19.789558,5301.014080117011
72_0,131,41.321895999999995,19.789392,5314.92450943077
72_0,132,41.321875,19.789312,5322.014970175182
72_0,133,41.321793,19.789187,5335.88433033081
72_0,134,41.321764,19.789166,5339.686586881935
72_0,135,41.321736,19.789145,5343.257928949629
72_0,136,41.321587,19.788914,5369.001722842478
72_0,137,41.32148699999999,19.788711,5389.328992769943
72_0,138,41.32141099999999,19.788536,5406.238303295489
72_0,139,41.32128199999999,19.788163,5440.593109948543
72_0,140,41.321104000000005,19.787698,5484.24497323768
72_0,141,41.320909,19.787126,5536.876329839068
72_0,142,41.320907999999996,19.787126,5538.879409370967
72_0,143,41.320694,19.786496,5596.752693727168
72_0,144,41.320117999999994,19.784791,5753.144728956826
72_0,145,41.31983100000001,19.78396,5829.713333238362
72_0,146,41.319590999999996,19.783218,5897.3045141201
72_0,147,41.319486,19.782882,5927.749810725555
72_0,148,41.31938900000001,19.782575,5955.612812653179
72_0,149,41.319115,19.781706,6034.458109862651
72_0,150,41.31899899999999,19.78134,6067.706502245019
72_0,151,41.318681999999995,19.780306,6161.189029455122
72_0,152,41.31851999999999,19.779794,6207.764658411016
72_0,153,41.318016,19.778147,6356.637223342672
72_0,154,41.31785899999999,19.777599,6405.709077662239
72_0,155,41.31776099999999,19.777291,6433.8043534046255
72_0,156,41.31743099999999,19.77625,6528.366479588456
72_0,157,41.317288,19.77581,6568.486771971931
72_0,158,41.31709699999999,19.775199,6623.854530923126
72_0,159,41.31705699999999,19.775071,6635.45313026005
72_0,160,41.316984,19.774836,6656.75238549461
72_0,161,41.316963,19.774768,6662.903575016702
72_0,162,41.31664,19.77377,6755.581664887959
72_0,163,41.316479,19.773302,6800.283783760909
72_0,164,41.316171,19.772546,6872.253291354286
72_0,165,41.31611,19.772449,6883.824479655727
72_0,166,41.31572700000001,19.771502,6973.784393510906
72_0,167,41.315433,19.770776000000005,7042.771491599927
72_0,168,41.31518400000001,19.770161,7101.207031567516
72_0,169,41.31499699999999,19.769696,7145.323671596192
72_0,170,41.31482700000001,19.769276,7185.22850296888
72_0,171,41.314582,19.768672,7242.677953812179
72_0,172,41.31442200000001,19.768277,7280.267185979701
72_0,173,41.314311,19.768002,7306.379287661685
72_0,174,41.31419900000001,19.767724,7332.765240701373
72_0,175,41.314165,19.76764,7340.746278949824
72_0,176,41.31396300000001,19.767135,7388.601877946675
72_0,177,41.313845999999984,19.766841,7416.431261445272
72_0,178,41.313659,19.766374,7460.7979713630975
72_0,179,41.313626,19.766294,7468.431761462577
72_0,180,41.313416000000004,19.76578,7517.46328256786
72_0,181,41.31339499999999,19.76573,7522.254538603607
72_0,182,41.313249,19.765369,7556.679084887826
72_0,183,41.31322999999999,19.765324,7560.996638109776
72_0,184,41.313088,19.764972000000004,7594.4313940388065
72_0,185,41.31305699999999,19.764896,7601.664973810741
72_0,186,41.312837,19.764355,7653.121309180395
72_0,187,41.312668999999985,19.763942,7692.4186803751545
72_0,188,41.31262199999998,19.763825,7703.561599000234
72_0,189,41.31231600000001,19.763073,7775.160485028352
72_0,190,41.312096999999994,19.762533,7826.490935624543
72_0,191,41.311927000000004,19.762121,7865.821119585764
72_0,192,41.311854,19.761945,7882.637179390357
72_0,193,41.311769999999996,19.761738,7902.316578275426
72_0,194,41.311642,19.761425,7933.180246099176
72_0,195,41.311481,19.761031,7970.696647623871
72_0,196,41.31140400000001,19.760842,7989.655389556246
72_0,197,41.31124799999999,19.760543,8020.100701507148
72_0,198,41.311066999999994,19.760274,8050.286112979655
72_0,199,41.31086399999999,19.760039,8080.257613778318
72_0,200,41.310493,19.759648,8132.90984439009
72_0,201,41.310522,19.759571,8140.115462512311
72_0,202,41.310493,19.759648,8147.321080634531
72_0,203,41.310444,19.759599000000005,8154.134760540456
72_0,204,41.310237,19.7594,8182.520930717362
72_0,205,41.310143999999994,19.759335,8194.192842492559
72_0,206,41.30972999999999,19.759096,8244.325259109308
72_0,207,41.30893299999999,19.75867,8339.7379981073
72_0,208,41.308882000000004,19.758641,8345.899069530446
72_0,209,41.30853799999999,19.758456,8387.114243556114
72_0,210,41.308288,19.758322000000003,8417.203017616817
72_0,211,41.308261999999985,19.758308,8420.318669888942
72_0,212,41.307894,19.758111,8464.380902340601
72_0,213,41.307439,19.757867,8519.10235646268
72_0,214,41.30733899999999,19.757813,8531.090508418474
72_0,215,41.307091,19.757681,8560.76089054231
72_0,216,41.30704300000001,19.757657,8566.456533918157
72_0,217,41.30683599999998,19.757529,8591.822447971794
72_0,218,41.306656,19.757344,8617.107246027594
72_0,219,41.30662499999999,19.757296,8622.39840923628
72_0,220,41.306580000000004,19.757229,8629.91029968281
72_0,221,41.306473999999994,19.756997,8652.623188174988
72_0,222,41.306434999999986,19.756884,8663.027659432715
72_0,223,41.306383,19.756729,8677.230981419265
72_0,224,41.306371999999996,19.756697,8680.175342106666
72_0,225,41.30624900000001,19.756342,8712.88413537427
72_0,226,41.306211,19.756231,8723.090222466008
72_0,227,41.306160999999996,19.756088,8736.287002425253
72_0,228,41.30608799999999,19.755876,8755.799218375725
72_0,229,41.305947999999994,19.755474,8792.871853547065
72_0,230,41.30585,19.755191,8818.94441188205
72_0,231,41.305768,19.754954,8840.7757803249
72_0,232,41.305749000000006,19.754901,8845.689032485412
72_0,233,41.30569799999999,19.754748000000003,8859.694403737132
72_0,234,41.305631000000005,19.75453,8879.403806146694
72_0,235,41.305615,19.754478,8884.10590348953
72_0,236,41.305513,19.754091,8918.43421395114
72_0,237,41.30541300000001,19.753591,8961.745111246604
72_0,238,41.305299,19.753016000000002,9011.562414779466
72_0,239,41.305032,19.75161,9132.957510896631
72_0,240,41.305018,19.751537,9139.263924940153
72_0,241,41.304965,19.75126,9164.492390508898
72_0,242,41.304948,19.751174000000002,9171.93594324625
72_0,243,41.304929999999985,19.751084,9179.731635100796
72_0,244,41.30485899999999,19.750731,9210.319507649367
72_0,245,41.30480199999999,19.750445,9235.086841662329
72_0,246,41.30473,19.750088,9266.026980318542
72_0,247,41.304641,19.749645,9304.462737067579
72_0,248,41.304531999999995,19.749093,9352.278804004176
72_0,249,41.30447099999999,19.748786,9378.859602634238
72_0,250,41.304462,19.748742,9382.676610577031
72_0,251,41.304316,19.748028,9444.74401800429
72_0,252,41.30410799999999,19.7473,9512.63708321919
72_0,253,41.303883,19.746574,9579.441678147638
72_0,254,41.303850000000004,19.746466,9589.198162499904
72_0,255,41.30367,19.745961,9635.965009099864
72_0,256,41.30353999999999,19.745691,9663.842037299239
72_0,257,41.303341,19.745341,9700.699627770007
72_0,258,41.30333467563436,19.745329141813823,9707.139846333439
72_1,1,41.30333467563436,19.745329141813823,0
72_1,2,41.30333300000001,19.745326000000002,1.7063292730303825
72_1,3,41.303341,19.745341,9.852877109492534
72_1,4,41.30353999999999,19.745691,46.710467580261266
72_1,5,41.30367,19.745961,74.58749577963633
72_1,6,41.303850000000004,19.746466,121.35434237959501
72_1,7,41.303883,19.746574,131.11082673186158
72_1,8,41.30410799999999,19.7473,197.91542166031005
72_1,9,41.304316,19.748028,265.80848687520944
72_1,10,41.304462,19.748742,327.87589430246885
72_1,11,41.30447099999999,19.748786,331.6929022452613
72_1,12,41.304531999999995,19.749093,358.27370087532444
72_1,13,41.304641,19.749645,406.08976781192183
72_1,14,41.30473,19.750088,444.52552456095947
72_1,15,41.30480199999999,19.750445,475.46566321717216
72_1,16,41.30486500000001,19.750761000000004,502.83156336387447
72_1,17,41.304929999999985,19.751084,530.8208716961672
72_1,18,41.304948,19.751174000000002,538.6165635507123
72_1,19,41.304965,19.75126,546.0601162880639
72_1,20,41.305018,19.751537,571.2885818568086
72_1,21,41.305032,19.75161,577.5949959003296
72_1,22,41.305299,19.753016000000002,698.9900920174947
72_1,23,41.30541300000001,19.753591,748.8073955503563
72_1,24,41.305513,19.754091,792.1182928458221
72_1,25,41.305615,19.754478,826.4466033074317
72_1,26,41.305648,19.754586,836.2028451839965
72_1,27,41.30569799999999,19.754748000000003,850.8581388893415
72_1,28,41.305749000000006,19.754901,864.8635101410607
72_1,29,41.305768,19.754954,869.7767623015718
72_1,30,41.30585,19.755191,891.608130744422
72_1,31,41.305947999999994,19.755474,917.6806890794065
72_1,32,41.30608799999999,19.755876,954.7533242507467
72_1,33,41.306160999999996,19.756088,974.2655402012175
72_1,34,41.306211,19.756231,987.462320160463
72_1,35,41.30624900000001,19.756342,997.6684072522002
72_1,36,41.306371999999996,19.756697,1030.3772005198039
72_1,37,41.306383,19.756729,1033.3215612072054
72_1,38,41.306434999999986,19.756884,1047.5248831937556
72_1,39,41.306473999999994,19.756997,1057.9293544514828
72_1,40,41.306580000000004,19.757229,1080.6422429436604
72_1,41,41.306641,19.757321,1090.8988685576867
72_1,42,41.306656,19.757344,1093.4447800533003
72_1,43,41.30683599999998,19.757529,1118.729578109101
72_1,44,41.30704300000001,19.757657,1144.095492162738
72_1,45,41.307091,19.757681,1149.7911355385859
72_1,46,41.30733899999999,19.757813,1179.4615176624204
72_1,47,41.307439,19.757867,1191.4496696182143
72_1,48,41.307894,19.758111,1246.171123740293
72_1,49,41.308261999999985,19.758308,1290.2333561919527
72_1,50,41.308288,19.758322000000003,1293.3490084640773
72_1,51,41.30853799999999,19.758456,1323.4377825247811
72_1,52,41.308882000000004,19.758641,1364.6529565504509
72_1,53,41.30893299999999,19.75867,1370.8140279735946
72_1,54,41.30972999999999,19.759096,1466.226766971588
72_1,55,41.310143999999994,19.759335,1516.3591835883365
72_1,56,41.310237,19.7594,1528.031095363534
72_1,57,41.310444,19.759599000000005,1556.4172655404395
72_1,58,41.310493,19.759648,1563.2309454463636
72_1,59,41.310574,19.759734,1574.794545497515
72_1,60,41.31086399999999,19.760039,1615.9007588643515
72_1,61,41.311066999999994,19.760274,1645.8722596630143
72_1,62,41.31124799999999,19.760543,1676.0576711355209
72_1,63,41.31140400000001,19.760842,1706.5029830864241
72_1,64,41.311481,19.761031,1725.461725018798
72_1,65,41.311642,19.761425,1762.9781265434924
72_1,66,41.311769999999996,19.761738,1793.8417943672437
72_1,67,41.311854,19.761945,1813.5211932523137
72_1,68,41.311927000000004,19.762121,1830.3372530569056
72_1,69,41.312096999999994,19.762533,1869.6674370181256
72_1,70,41.31231600000001,19.763073,1920.997887614317
72_1,71,41.312511,19.763552,1966.5933820872035
72_1,72,41.31262199999998,19.763825,1992.6018693809638
72_1,73,41.312837,19.764355,2043.0240338832514
72_1,74,41.31305699999999,19.764896,2094.4803692529053
72_1,75,41.313088,19.764972000000004,2101.713949024839
72_1,76,41.31322999999999,19.765324,2135.148704953871
72_1,77,41.313249,19.765369,2139.466258175819
72_1,78,41.31339499999999,19.76573,2173.890804460038
72_1,79,41.313416000000004,19.76578,2178.6820604957848
72_1,80,41.313626,19.766294,2227.7135816010673
72_1,81,41.313659,19.766374,2235.3473717005477
72_1,82,41.313845999999984,19.766841,2279.7140816183733
72_1,83,41.31396300000001,19.767135,2307.5434651169717
72_1,84,41.31419900000001,19.767724,2363.380019577945
72_1,85,41.314311,19.768002,2389.765972617633
72_1,86,41.314314,19.768009,2390.4400081516965
72_1,87,41.31442200000001,19.768277,2415.8782965796863
72_1,88,41.314582,19.768672,2453.4675287472082
72_1,89,41.31482700000001,19.769276,2510.916979590507
72_1,90,41.31499699999999,19.769696,2550.8218109631953
72_1,91,41.31518400000001,19.770161,2594.9384509918714
72_1,92,41.315433,19.770776000000005,2653.373990959461
72_1,93,41.315813000000006,19.771714,2742.5129125313483
72_1,94,41.31611,19.772449,2812.3210107371833
72_1,95,41.316133999999984,19.77257,2823.800725000013
72_1,96,41.316176999999996,19.772681,2834.49745593762
72_1,97,41.316421,19.773337,2895.8805444130653
72_1,98,41.31680699999999,19.774525000000004,3004.657120691817
72_1,99,41.316894,19.774798,3029.467180193716
72_1,100,41.316916,19.774867,3035.7383250647445
72_1,101,41.316977,19.775054,3052.823441477351
72_1,102,41.31704899999999,19.775283,3073.5927262149066
72_1,103,41.317231,19.775839,3124.3417492689273
72_1,104,41.317378000000005,19.776283,3164.933828380952
72_1,105,41.317425,19.776425,3177.9153596844394
72_1,106,41.317669,19.777218,3249.6543953684222
72_1,107,41.317784999999986,19.777594,3283.7533208660716
72_1,108,41.318002,19.778283,3346.257688880366
72_1,109,41.318056999999996,19.778459,3362.330473659902
72_1,110,41.31847599999998,19.779815,3485.1997110174907
72_1,111,41.31871499999999,19.780597,3555.895741210249
72_1,112,41.31897500000001,19.781399,3628.986752825224
72_1,113,41.318976000000006,19.781399,3630.4908564228836
72_1,114,41.31902,19.781537,3643.0327888586653
72_1,115,41.319151,19.781955000000004,3680.937577448203
72_1,116,41.31927199999999,19.782354,3717.15828477816
72_1,117,41.319804,19.784043,3870.408265794714
72_1,118,41.31989999999999,19.78433,3896.694623966013
72_1,119,41.31993200000001,19.784428,3905.647999917509
72_1,120,41.320050999999985,19.784779,3937.9243803105237
72_1,121,41.320305999999995,19.78556,4009.164803151507
72_1,122,41.320496,19.786115000000002,4060.1955750271736
72_1,123,41.32063899999999,19.786534,4098.693786644968
72_1,124,41.320656,19.786585,4103.361323457431
72_1,125,41.320925,19.787366,4175.234820333497
72_1,126,41.321013,19.787621,4198.714403901002
72_1,127,41.321089,19.787862,4220.580547500167
72_1,128,41.321299,19.788497000000003,4278.6295598499055
72_1,129,41.321385,19.788806,4306.201512833206
72_1,130,41.321417,19.789349,4351.795869531238
72_1,131,41.32141099999999,19.789373,4353.912301969002
72_1,132,41.32141099999999,19.789548,4368.560192839692
72_1,133,41.321477999999985,19.789698,4383.153851182344
72_1,134,41.32153100000001,19.789751,4390.523261191538
72_1,135,41.321558,19.789769,4393.878373058052
72_1,136,41.321799999999996,19.79014,4434.952417022349
72_1,137,41.321895,19.79041,4459.892377843699
72_1,138,41.322026999999984,19.790855,4499.9317066004105
72_1,139,41.32220799999999,19.791494,4557.067715504608
72_1,140,41.322233999999995,19.791591,4565.684664995729
72_1,141,41.322366999999986,19.792068,4608.265183579777
72_1,142,41.322385,19.792126,4613.515118551839
72_1,143,41.322561,19.79273,4667.724872971302
72_1,144,41.322776000000005,19.793498,4736.303456846519
72_1,145,41.322888,19.793893,4771.640532543483
72_1,146,41.32307899999999,19.794574,4832.457463203865
72_1,147,41.32332400000001,19.795444,4910.197736856059
72_1,148,41.323351,19.79554,4918.77390868815
72_1,149,41.323487,19.796022,4961.861997782053
72_1,150,41.323514,19.796118,4970.438149849028
72_1,151,41.323766,19.797012,5050.331519401567
72_1,152,41.32388599999998,19.797439,5088.473716309328
72_1,153,41.32411699999999,19.798239,5160.18369792747
72_1,154,41.32427599999999,19.798788000000002,5209.4188484253455
72_1,155,41.324477,19.799466,5270.405046696187
72_1,156,41.32473199999998,19.800323,5347.54564200596
72_1,157,41.325482,19.802763,5568.112248102903
72_1,158,41.32561100000001,19.803186,5606.303414418541
72_1,159,41.325687999999985,19.803433,5628.874748559757
72_1,160,41.32572099999999,19.803537,5638.318894662126
72_1,161,41.32580600000001,19.803807,5662.808435063186
72_1,162,41.325944,19.80425,5702.9395053097405
72_1,163,41.326073999999984,19.804665,5740.5663264883915
72_1,164,41.32626599999999,19.80528,5796.279056814094
72_1,165,41.326285999999996,19.805348,5802.388232118014
72_1,166,41.326311000000004,19.805429,5809.713825871043
72_1,167,41.326322000000005,19.805463,5812.810497236013
72_1,168,41.326582,19.806312,5889.507997590735
72_1,169,41.32675699999999,19.806875,5940.487041958219
72_1,170,41.327011,19.807694,6014.634842348282
72_1,171,41.32703200000001,19.807761,6020.707817575203
72_1,172,41.327040999999994,19.80779,6023.33261688521
72_1,173,41.32705399999999,19.807833,6027.210146187801
72_1,174,41.32707199999999,19.80789,6032.382448740713
72_1,175,41.32714199999999,19.808119,6053.064399207247
72_1,176,41.327245999999995,19.808454,6083.796221433078
72_1,177,41.327405999999996,19.808973,6130.725835506093
72_1,178,41.327479,19.809211,6152.254152809041
72_1,179,41.327608999999995,19.809622,6189.6115449947265
72_1,180,41.327609,19.809624,6191.618537448593
72_1,181,41.327635,19.809705,6198.986785286908
72_1,182,41.32777500000001,19.810162,6240.381650404411
72_1,183,41.328062,19.811094,6324.647755090643
72_1,184,41.32815900000001,19.811417000000002,6353.747049165645
72_1,185,41.328182999999996,19.811514,6362.291431978099
72_1,186,41.328251,19.811967,6400.977958262305
72_1,187,41.32826,19.812283,6427.448565626235
72_1,188,41.328255999999996,19.812384,6435.91322494275
72_1,189,41.32823299999999,19.812905,6479.592036740979
72_1,190,41.328204,19.813568,6535.182904234354
72_1,191,41.32819899999999,19.813659,6542.819184468256
72_1,192,41.328183,19.814009,6572.165599533582
72_1,193,41.32813000000001,19.815236,6675.069315870783
72_1,194,41.32811400000001,19.815589,6704.683264111629
72_1,195,41.328084999999994,19.816216,6757.267110330554
72_1,196,41.32781,19.816284,6788.326018970813
72_1,197,41.327641,19.816331,6807.497839591395
72_1,198,41.32730299999999,19.816419,6846.067076330621
72_1,199,41.32689899999999,19.816534,6891.943881418575
72_1,200,41.326826,19.816555,6900.237390837282
72_1,201,41.326663,19.8166,6918.964744350466
72_1,202,41.32606800000001,19.81677,6986.549355042326
72_1,203,41.325598,19.816902,7039.899108458399
72_1,204,41.325667,19.817346,7077.841755519964
72_1,205,41.325929,19.819015,7220.541356200686
72_1,206,41.32594299999999,19.819105000000004,7228.232699134786
72_1,207,41.32666100000001,19.818911000000003,7309.589905101721
72_1,208,41.326758000000005,19.818925,7320.434818590701
72_1,209,41.326915,19.81911,7343.7759781302175
72_1,210,41.327113000000004,19.819280000000003,7369.977778500221
72_1,211,41.327158000000004,19.819404,7381.495946162509
72_1,212,41.327264,19.820624,7484.356803946219
72_1,213,41.327375,19.821888,7590.861629203804
72_1,214,41.327427,19.822489,7641.492381507319
72_1,215,41.327474,19.822671,7657.5940643380445
72_1,216,41.327513999999994,19.822706,7662.960128738954
72_1,217,41.32756799999999,19.822622,7672.199810145601
72_1,218,41.32763599999999,19.822526,7683.225097026329
72_1,219,41.327685,19.822463,7690.867060501222
72_1,220,41.32783100000001,19.822331,7710.4839016739525
72_1,221,41.32826099999999,19.822075,7762.813605623117
72_1,222,41.32860299999999,19.821889,7803.864746578336
72_1,223,41.32935700000001,19.821459,7894.989483854871
72_1,224,41.32941099999999,19.821428,7901.541430591716
72_1,225,41.329989999999995,19.821092,7971.7085210509385
72_1,226,41.330465000000004,19.82082,8029.150469315832
72_1,227,41.330617,19.820675,8049.936848937016
72_1,228,41.33059799999999,19.820379,8074.798727804898
72_1,229,41.33061099999999,19.820037,8103.461418371842
72_1,230,41.330549,19.819553,8144.551181635059
72_1,231,41.330481,19.819044,8187.859525658028
72_1,232,41.33045700000001,19.818871,8202.589579511963
72_1,233,41.330332,19.817947,8281.156503552045
72_1,234,41.33197299999999,19.817493,8467.285762017103
72_1,235,41.333180999999996,19.817157,8604.339633058773
72_1,236,41.33336,19.817107,8624.67419382212
72_1,237,41.334615,19.816747,8767.239159666427
72_1,238,41.334708000000006,19.816724,8777.742747994498
72_1,239,41.33472099999999,19.816721,8779.207800487715
72_1,240,41.335224000000004,19.816587,8836.249195490358
72_1,241,41.33565700000001,19.816465,8885.397005121667
72_1,242,41.33591100000001,19.816387,8914.41300487109
72_1,243,41.335984,19.816831000000004,8952.494645169423
72_1,244,41.336017,19.817022,8968.892692525606
72_1,245,41.33606999999999,19.817324,8994.841022342487
72_1,246,41.33609,19.817437000000005,9004.554429356418
72_1,247,41.336126,19.817603,9019.018058103455
72_1,248,41.3364,19.818345,9088.179029878602
72_1,249,41.336499999999994,19.8186,9112.233748745266
72_1,250,41.33671099999999,19.819144,9163.470369212002
72_1,251,41.33691100000001,19.819661,9212.11026349913
72_1,252,41.33708300000001,19.820067,9251.097232414957
72_1,253,41.337362,19.820585,9304.375257373991
72_1,254,41.337575,19.820968000000004,9344.21846705958
72_1,255,41.337695,19.821179,9366.338012176511
72_1,256,41.337746,19.821269,9375.760534115509
72_1,257,41.338214,19.821966,9453.898035972357
72_1,258,41.338810999999986,19.822749,9547.102275197778
72_1,259,41.339102999999994,19.82317,9594.979312669891
72_1,260,41.33931799999999,19.823552,9634.874938636367
72_1,261,41.339591,19.824177,9695.40229831679
72_1,262,41.33978,19.824777,9749.818176151637
72_1,263,41.33984,19.825005,9770.051119291611
72_1,264,41.33989400000001,19.825229,9789.730542040154
72_1,265,41.339974,19.825656,9826.548500966514
72_1,266,41.339981,19.825697,9830.066224425818
72_1,267,41.33998499999999,19.825722,9832.204793485724
72_1,268,41.340070999999995,19.826322,9883.467677430099
72_1,269,41.340149,19.826339,9892.244010991073
72_1,270,41.340371999999995,19.826355,9917.044745121859
72_1,271,41.34102699999999,19.826273,9990.107280082128
72_1,272,41.34105099999999,19.82627,9992.783780430495
72_1,273,41.341204,19.826242,10009.93206750128
72_1,274,41.341508,19.826151,10044.53321028828
72_1,275,41.341984,19.826009,10098.711583910872
72_1,276,41.342206,19.825944,10123.97282122727
72_1,277,41.342560999999996,19.825839,10164.36793147358
72_1,278,41.34265099999999,19.825813,10175.025593342834
72_1,279,41.342861,19.825756,10198.824554481695
72_1,280,41.343748999999995,19.825534,10299.173118950692
72_1,281,41.343788,19.825525,10303.568257283001
72_1,282,41.34416900000001,19.825435,10346.640095971805
72_1,283,41.344393000000004,19.825377,10371.979728227852
72_1,284,41.344908999999994,19.825237,10430.456173324124
72_1,285,41.345084,19.825179,10450.582805541182
72_1,286,41.34521,19.825138,10465.1251636129
72_1,287,41.345389,19.825084000000004,10485.506541206352
72_1,288,41.345701999999996,19.824973,10521.603241445378
72_1,289,41.346056000000004,19.824842,10562.602941158271
72_1,290,41.34626099999999,19.82477,10586.14770062581
72_1,291,41.346436,19.824709,10606.236996809565
72_1,292,41.346547,19.824668,10619.0297862425
72_1,293,41.346578,19.824659,10622.553108712138
72_1,294,41.346925,19.824536,10662.44366607352
72_1,295,41.347324,19.824397,10708.245534410235
72_1,296,41.347512,19.824331,10729.860298959265
72_1,297,41.34811899999999,19.824115,10799.643352388024
72_1,298,41.348189000000005,19.824092,10807.650103253141
72_1,299,41.34899899999999,19.82382,10900.424009442197
