{"type": "FeatureCollection", "features": [{"type": "Feature", "properties": {"route_id": "7", "route_short_name": "5B", "route_long_name": "Institut \u2013 Qend\u00ebr", "route_color": "#2E7D32", "route_text_color": "#FFFFFF", "shape_id": "7_0", "direction": "0", "corridor_group": "corridor_1", "requested_offset_meters": 9.333333333333334, "offset_meters": 3.083333333, "debug": false}, "geometry": {"type": "LineString", "coordinates": [[19.77203541, 41.36066532], [19.77205874, 41.36055373], [19.77207876, 41.36017941], [19.77211717, 41.35996374], [19.77219869, 41.35975159], [19.7723529, 41.35949259], [19.77273503, 41.35898774], [19.77310897, 41.35849182], [19.77328599, 41.3582618], [19.77329797, 41.35824581], [19.7733762, 41.35814453], [19.77341068, 41.35809585], [19.77378097, 41.35754894], [19.77402129, 41.35703009], [19.77420088, 41.35651039], [19.77442308, 41.35572267], [19.77448511, 41.35549458], [19.77457776, 41.35515417], [19.77457992, 41.35509052], [19.77456413, 41.35500104], [19.77449881, 41.35484137], [19.77442678, 41.35475429], [19.77419507, 41.35458893], [19.77383184, 41.3543752], [19.77282784, 41.3537712], [19.77238165, 41.35350868], [19.77202569, 41.35326873], [19.77162547, 41.35290137], [19.7713285, 41.3526294], [19.77078373, 41.35212661], [19.77067534, 41.35202328], [19.77059751, 41.35196707], [19.77056698, 41.35195549], [19.77054964, 41.35194509], [19.77053139, 41.35192391], [19.77052303, 41.3518973], [19.77052354, 41.35188747], [19.77054876, 41.35184518], [19.77056978, 41.35182969], [19.77059815, 41.35175438], [19.77070576, 41.35152239], [19.77072916, 41.35149057], [19.77124772, 41.35080015], [19.77134875, 41.35067711], [19.77196214, 41.3498541], [19.77257514, 41.34903158], [19.77320066, 41.34818957], [19.77382616, 41.34734756], [19.77395618, 41.34717253], [19.77404618, 41.34705054], [19.77455515, 41.34636657], [19.77502417, 41.3457349], [19.77549317, 41.34510323], [19.77596265, 41.3444709], [19.77613236, 41.34420981], [19.77616924, 41.344148], [19.77622086, 41.34407156], [19.77627394, 41.34399244], [19.77630304, 41.34394829], [19.77633338, 41.34390171], [19.77635851, 41.34379462], [19.77633653, 41.34371365], [19.77623761, 41.34360935], [19.77612981, 41.3435367], [19.77605118, 41.34354504], [19.77592415, 41.34353584], [19.77582425, 41.34349918], [19.77574074, 41.34345226], [19.77570283, 41.3434214], [19.77563349, 41.34333117], [19.77559666, 41.34325557], [19.77553309, 41.34312049], [19.77549902, 41.34303189], [19.77548328, 41.34295878], [19.77549377, 41.34290458], [19.77550889, 41.34287791], [19.77552359, 41.34285196], [19.77563269, 41.34275791], [19.7757403, 41.34270222], [19.77617342, 41.34255122], [19.77628048, 41.3425142], [19.77633455, 41.34249518], [19.77668349, 41.3423732], [19.7768995, 41.34229789], [19.77702806, 41.34226623], [19.77713927, 41.34225586], [19.77720528, 41.34225858], [19.77727597, 41.3422725], [19.77732614, 41.34226478], [19.77755623, 41.34220064], [19.77813246, 41.34199721], [19.77882833, 41.34175825], [19.77937427, 41.34156928], [19.77977669, 41.34143247], [19.77998091, 41.34136803], [19.78019642, 41.3413144], [19.78046755, 41.34124861], [19.78066615, 41.34120732], [19.78090097, 41.34118597], [19.78104799, 41.34112903], [19.7815998, 41.34094209], [19.78173, 41.34089302], [19.7821815, 41.34073519], [19.78249634, 41.3406252], [19.78264452, 41.34054817], [19.78273788, 41.34046903], [19.78320542, 41.34026859], [19.78357901, 41.34013073], [19.78444633, 41.3397979], [19.78499424, 41.33961421], [19.78557819, 41.33944945], [19.78588476, 41.33935737], [19.78662334, 41.33911858], [19.7873342, 41.33889563], [19.78830685, 41.33858842], [19.78874166, 41.33843714], [19.78876663, 41.33842815], [19.78947441, 41.33818322], [19.78958631, 41.33814426], [19.78991834, 41.33803125], [19.78995897, 41.33801703], [19.79000695, 41.33799904], [19.79009244, 41.33796921], [19.79036043, 41.33787622], [19.79100143, 41.33765322], [19.79229533, 41.33720425], [19.79240336, 41.33716724], [19.79253533, 41.33712125], [19.79266431, 41.33707726], [19.79349543, 41.33678822], [19.7944144, 41.33646923], [19.79515641, 41.33621222], [19.79637831, 41.33578726], [19.79700924, 41.33557228], [19.7973753, 41.33544626], [19.79756741, 41.33538023], [19.79811833, 41.33518725], [19.79849234, 41.33506025], [19.79921143, 41.33480822], [19.79955944, 41.33468821], [19.80053949, 41.3343442], [19.80130706, 41.33407735], [19.80136219, 41.3340593], [19.80139361, 41.33404816], [19.80141349, 41.3340412], [19.80189541, 41.33387323], [19.8023124, 41.33372923], [19.80246794, 41.33367504], [19.80248391, 41.33366905], [19.80358297, 41.33328799], [19.80384065, 41.33314221], [19.80403789, 41.33296149], [19.80407826, 41.33288883], [19.80412946, 41.33283675], [19.80427897, 41.33276612], [19.80445609, 41.33275511], [19.80453923, 41.33277388], [19.80457359, 41.3327871], [19.80461758, 41.3328085], [19.80474699, 41.33281179], [19.80491065, 41.33280767], [19.80509548, 41.33277669], [19.8056221, 41.33262868], [19.80591133, 41.33252925], [19.80614486, 41.33244842], [19.80616684, 41.33244142], [19.80638739, 41.33236523], [19.80682442, 41.33221322], [19.80689953, 41.33218718], [19.80696428, 41.33216427], [19.8069912, 41.3321553], [19.80715764, 41.33209714], [19.80744877, 41.3319931], [19.80772057, 41.33189617], [19.80804927, 41.33178227], [19.80809925, 41.33176528], [19.80918838, 41.33138923], [19.80928343, 41.33135622], [19.81057442, 41.33090722], [19.81064941, 41.33088122], [19.81143445, 41.33060821], [19.81196243, 41.33042422], [19.81208649, 41.3303812], [19.81221152, 41.33033719], [19.81257343, 41.33021122], [19.81310943, 41.33002522], [19.81381846, 41.32977821], [19.81452743, 41.32953122], [19.81511242, 41.32932822], [19.8152995, 41.32926319], [19.81564641, 41.32914123], [19.81575443, 41.32910422], [19.81589341, 41.32905522], [19.81602785, 41.32900926], [19.81610923, 41.32866702], [19.81616121, 41.32845913], [19.81620727, 41.32827387], [19.81622426, 41.32819793], [19.81623816, 41.32814333], [19.81625217, 41.32809028], [19.81627618, 41.32799423], [19.81630415, 41.32788636], [19.81636715, 41.32764637], [19.81645509, 41.32730859], [19.81661086, 41.32676103]]}}, {"type": "Feature", "properties": {"route_id": "7", "route_short_name": "5B", "route_long_name": "Institut \u2013 Qend\u00ebr", "route_color": "#2E7D32", "route_text_color": "#FFFFFF", "shape_id": "7_0", "direction": "0", "corridor_group": "corridor_1", "offset_meters": 0, "debug": true}, "geometry": {"type": "LineString", "coordinates": [[19.771999, 41.360661], [19.772022, 41.360551], [19.772042, 41.360177], [19.772081, 41.359958], [19.772164, 41.359742], [19.77232, 41.35948], [19.772703, 41.358974], [19.773077, 41.358478], [19.773254, 41.358248], [19.773266, 41.358232], [19.773344, 41.358131], [19.773378, 41.358083], [19.773747, 41.357538], [19.773986, 41.357022], [19.774165, 41.356504], [19.774387, 41.355717], [19.774449, 41.355489], [19.774541, 41.355151], [19.774543, 41.355092], [19.774528, 41.355007], [19.774465, 41.354853], [19.774398, 41.354772], [19.774171, 41.35461], [19.773809, 41.354397], [19.772805, 41.353793], [19.772358, 41.35353], [19.771999, 41.353288], [19.771597, 41.352919], [19.7713, 41.352647], [19.770755, 41.352144], [19.770648, 41.352042], [19.770576, 41.35199], [19.770547, 41.351979], [19.770522, 41.351964], [19.770497, 41.351935], [19.770486, 41.3519], [19.770487, 41.351881], [19.770518, 41.351829], [19.770537, 41.351815], [19.770563, 41.351746], [19.770672, 41.351511], [19.770697, 41.351477], [19.771216, 41.350786], [19.771317, 41.350663], [19.77193001, 41.3498405], [19.772543, 41.349018], [19.77316851, 41.348176], [19.773794, 41.347334], [19.773924, 41.347159], [19.774014, 41.347037], [19.774523, 41.346353], [19.77499201, 41.34572134], [19.77546101, 41.34508967], [19.77593, 41.344458], [19.776099, 41.344198], [19.776136, 41.344136], [19.776188, 41.344059], [19.776241, 41.34398], [19.77627, 41.343936], [19.776298, 41.343893], [19.776321, 41.343795], [19.776302, 41.343725], [19.77621, 41.343628], [19.776118, 41.343566], [19.776052, 41.343573], [19.775914, 41.343563], [19.775805, 41.343523], [19.775716, 41.343473], [19.775673, 41.343438], [19.7756, 41.343343], [19.775562, 41.343265], [19.775498, 41.343129], [19.775463, 41.343038], [19.775446, 41.342959], [19.775458, 41.342897], [19.775475, 41.342867], [19.775492, 41.342837], [19.775608, 41.342737], [19.775722, 41.342678], [19.776158, 41.342526], [19.776265, 41.342489], [19.776319, 41.34247], [19.776668, 41.342348], [19.776886, 41.342272], [19.77702, 41.342239], [19.777138, 41.342228], [19.777211, 41.342231], [19.777277, 41.342244], [19.777316, 41.342238], [19.777542, 41.342175], [19.778117, 41.341972], [19.778813, 41.341733], [19.779359, 41.341544], [19.779762, 41.341407], [19.779968, 41.341342], [19.780185, 41.341288], [19.780457, 41.341222], [19.780659, 41.34118], [19.78089, 41.341159], [19.781032, 41.341104], [19.781584, 41.340917], [19.781714, 41.340868], [19.782166, 41.34071], [19.782478, 41.340601], [19.78261994, 41.34052722], [19.78271438, 41.34044716], [19.7831882, 41.34024403], [19.78356255, 41.34010589], [19.78443047, 41.33977282], [19.78498028, 41.3395885], [19.78556491, 41.33942355], [19.78587067, 41.33933171], [19.786609, 41.339093], [19.78732, 41.33887], [19.788292, 41.338563], [19.788726, 41.338412], [19.788751, 41.338403], [19.789459, 41.338158], [19.789571, 41.338119], [19.789903, 41.338006], [19.789943, 41.337992], [19.789991, 41.337974], [19.790077, 41.337944], [19.790345, 41.337851], [19.790986, 41.337628], [19.79228, 41.337179], [19.792388, 41.337142], [19.79252, 41.337096], [19.792649, 41.337052], [19.79348, 41.336763], [19.794399, 41.336444], [19.795141, 41.336187], [19.796363, 41.335762], [19.796994, 41.335547], [19.79736, 41.335421], [19.797552, 41.335355], [19.798103, 41.335162], [19.798477, 41.335035], [19.799196, 41.334783], [19.799544, 41.334663], [19.800524, 41.334319], [19.801292, 41.334052], [19.801347, 41.334034], [19.801378, 41.334023], [19.801398, 41.334016], [19.80188, 41.333848], [19.802297, 41.333704], [19.802452, 41.33365], [19.802468, 41.333644], [19.803564, 41.333264], [19.803815, 41.333122], [19.804006, 41.332947], [19.804046, 41.332875], [19.804104, 41.332816], [19.804267, 41.332739], [19.80446, 41.332727], [19.804553, 41.332748], [19.804592, 41.332763], [19.804629, 41.332781], [19.804747, 41.332784], [19.804906, 41.33278], [19.805085, 41.33275], [19.805608, 41.332603], [19.805896, 41.332504], [19.80613, 41.332423], [19.806152, 41.332416], [19.806372, 41.33234], [19.806809, 41.332188], [19.806884, 41.332162], [19.806949, 41.332139], [19.806976, 41.33213], [19.807142, 41.332072], [19.807433, 41.331968], [19.807705, 41.331871], [19.808034, 41.331757], [19.808084, 41.33174], [19.809173, 41.331364], [19.809268, 41.331331], [19.810559, 41.330882], [19.810634, 41.330856], [19.811419, 41.330583], [19.811947, 41.330399], [19.812071, 41.330356], [19.812196, 41.330312], [19.812558, 41.330186], [19.813094, 41.33], [19.813803, 41.329753], [19.814512, 41.329506], [19.815097, 41.329303], [19.815284, 41.329238], [19.815631, 41.329116], [19.815739, 41.329079], [19.815878, 41.32903], [19.815995, 41.32899], [19.816073, 41.328662], [19.816125, 41.328454], [19.816171, 41.328269], [19.816188, 41.328193], [19.816202, 41.328138], [19.816216, 41.328085], [19.81624, 41.327989], [19.816268, 41.327881], [19.816331, 41.327641], [19.816419, 41.327303], [19.81657484, 41.32675521]]}}, {"type": "Feature", "properties": {"route_id": "7", "route_short_name": "5B", "route_long_name": "Institut \u2013 Qend\u00ebr", "route_color": "#2E7D32", "route_text_color": "#FFFFFF", "shape_id": "7_1", "direction": "1", "corridor_group": "corridor_1", "requested_offset_meters": 9.333333333333334, "offset_meters": 0.833333333, "debug": false}, "geometry": {"type": "LineString", "coordinates": [[19.81658457, 41.32675678], [19.81658658, 41.32674971], [19.81669974, 41.32634856], [19.81677874, 41.32606857], [19.81687474, 41.32573256], [19.81688775, 41.32568554], [19.8169097, 41.32560685], [19.81703599, 41.32562635], [19.81759498, 41.32571335], [19.81799696, 41.32577635], [19.818806, 41.32590535], [19.81901302, 41.32593636], [19.81909326, 41.32594884], [19.81894724, 41.32648751], [19.81890107, 41.32666014], [19.81889901, 41.32671388], [19.81891585, 41.32676126], [19.81893625, 41.32678273], [19.81910206, 41.32691958], [19.819257, 41.3271035], [19.81927283, 41.32711722], [19.81930127, 41.32713723], [19.8193353, 41.32715], [19.81940196, 41.32716538], [19.81949486, 41.32717346], [19.82043235, 41.32725546], [19.82136985, 41.32733746], [19.82188581, 41.32738245], [19.82252775, 41.32744273], [19.82270686, 41.32749534], [19.82271486, 41.32750592], [19.82266679, 41.32753298], [19.82256144, 41.32759636], [19.8224724, 41.3276673], [19.82232048, 41.3278319], [19.82212159, 41.32816383], [19.82187988, 41.32859999], [19.82184292, 41.32866092], [19.82176287, 41.328797], [19.82121786, 41.32975501], [19.82108287, 41.32998701], [19.82081089, 41.33046198], [19.82070223, 41.33064467], [19.82061293, 41.33060969], [19.82037829, 41.33059047], [19.82003752, 41.33060347], [19.81985064, 41.3305816], [19.81955476, 41.33054161], [19.81904575, 41.33047261], [19.81887274, 41.33044961], [19.81802983, 41.33033662], [19.817949, 41.33032465], [19.81776203, 41.33029465], [19.81764499, 41.33027665], [19.81692255, 41.33016573], [19.81685459, 41.33014899], [19.81670795, 41.33009945], [19.81662803, 41.33005702], [19.81660732, 41.3300442], [19.81654502, 41.33000563], [19.81640115, 41.32987764], [19.81633801, 41.32979675], [19.81619837, 41.32951845], [19.81611048, 41.32932551], [19.81602832, 41.32927581], [19.81588993, 41.32912838], [19.81584204, 41.32910662], [19.81574896, 41.32910248], [19.81562848, 41.32910861], [19.81527793, 41.32923185], [19.81496052, 41.32950105], [19.81492251, 41.32953405], [19.81463566, 41.32977793], [19.81432996, 41.33002069], [19.81423919, 41.33008553], [19.81367939, 41.33047738], [19.81354982, 41.33056011], [19.8127292, 41.3310169], [19.8126492, 41.3310589], [19.81256812, 41.33110395], [19.81193211, 41.33145295], [19.8117871, 41.33153395], [19.81167611, 41.33159495], [19.81115616, 41.33188492], [19.81085522, 41.33204589], [19.80998933, 41.33251283], [19.80989503, 41.33256048], [19.80967202, 41.33264211], [19.80870144, 41.33292499], [19.80852641, 41.332975], [19.80807039, 41.33311001], [19.80799141, 41.333133], [19.80697426, 41.33342936], [19.80677554, 41.33350269], [19.80658692, 41.33359359], [19.80650645, 41.33364658], [19.80644065, 41.33370684], [19.8061912, 41.33406748], [19.80612508, 41.33415965], [19.80608046, 41.33423342], [19.80600654, 41.33420174], [19.80572832, 41.3340392], [19.80553459, 41.33391237], [19.8051814, 41.33367357], [19.8049679, 41.33360609], [19.80471242, 41.33352294], [19.80442038, 41.3334567], [19.80435048, 41.33344657], [19.80421492, 41.33343553], [19.80394097, 41.33341947], [19.80381116, 41.33342758], [19.80348951, 41.33349895], [19.80332284, 41.33355618], [19.80284989, 41.33372116], [19.80280931, 41.33373469], [19.80266403, 41.33374843], [19.80251044, 41.33373328], [19.80222888, 41.33383117], [19.80216086, 41.33385417], [19.80204981, 41.33389319], [19.80133784, 41.33414118], [19.80130883, 41.33415118], [19.80088881, 41.33429819], [19.80002182, 41.33460019], [19.79910583, 41.33491919], [19.79796381, 41.33531619], [19.79787278, 41.3353482], [19.79778776, 41.33537821], [19.79760779, 41.3354422], [19.79719181, 41.33558719], [19.79670882, 41.33575619], [19.79553384, 41.33616418], [19.79467383, 41.33646218], [19.79353483, 41.33685819], [19.79307783, 41.33701719], [19.79303183, 41.33703318], [19.79289081, 41.33708219], [19.7927058, 41.3371472], [19.79257181, 41.33719419], [19.79230182, 41.33728819], [19.79133983, 41.33762319], [19.79037775, 41.33795821], [19.79035577, 41.33796621], [19.7902308, 41.3380092], [19.79005479, 41.3380722], [19.78970178, 41.3381942], [19.78905171, 41.33842823], [19.78840173, 41.33866222], [19.78811175, 41.33876521], [19.78752096, 41.33897614], [19.78730612, 41.33904309], [19.78670171, 41.33924022], [19.78615238, 41.33945635], [19.78592214, 41.33954744], [19.78552047, 41.33972674], [19.78518004, 41.33991799], [19.78502504, 41.34000542], [19.7845237, 41.34016113], [19.78403375, 41.34030008], [19.78362736, 41.34043197], [19.78320934, 41.34057358], [19.78271866, 41.34071236], [19.7825943, 41.34070334], [19.7824519, 41.34075216], [19.78181398, 41.34096818], [19.78186415, 41.34101803], [19.78183215, 41.34096204], [19.78174886, 41.34099017], [19.78161481, 41.34103719], [19.78137688, 41.34112017], [19.78099703, 41.34124779], [19.78091323, 41.34131745], [19.78067823, 41.34145288], [19.7805697, 41.34150664], [19.78034007, 41.34161048], [19.78018844, 41.34167233], [19.77954163, 41.34191076], [19.77889467, 41.34214924], [19.77798296, 41.3424765], [19.77788101, 41.34253053], [19.77771672, 41.34269282], [19.77762485, 41.34275209], [19.77753563, 41.34280021], [19.77748554, 41.34283627], [19.77720001, 41.342999], [19.77706723, 41.34307401], [19.77683322, 41.34340846], [19.77672128, 41.34356437], [19.77666135, 41.34364429], [19.77661033, 41.3437113], [19.77656431, 41.34377333], [19.77651733, 41.34383631], [19.77602133, 41.3444943], [19.77554733, 41.34512832], [19.77507333, 41.34576232], [19.77459932, 41.34639632], [19.77407131, 41.34710333], [19.77400532, 41.34719233], [19.77345232, 41.34793132], [19.77300332, 41.34853232], [19.77260933, 41.34906031], [19.77250833, 41.34919431], [19.77198983, 41.34988832], [19.77147127, 41.35058239], [19.7714082, 41.35067149], [19.77133419, 41.3507775], [19.77116931, 41.35101233], [19.77098742, 41.35124419], [19.77082341, 41.3514542], [19.77077745, 41.35151314], [19.77076041, 41.3515342], [19.77073933, 41.35156231], [19.77069361, 41.35162327], [19.77066003, 41.35173521], [19.77066111, 41.35180429], [19.77070437, 41.35182376], [19.7707306, 41.35184818], [19.77074474, 41.35191228], [19.77072851, 41.35194576], [19.77074693, 41.35199235], [19.77091915, 41.35217363], [19.77113224, 41.35236171], [19.77123804, 41.35246651], [19.77131914, 41.35254862], [19.77166429, 41.35286675], [19.77193739, 41.35311785], [19.77195955, 41.35313698], [19.77209274, 41.35324814], [19.77224027, 41.35336155], [19.77265877, 41.35361886], [19.77285782, 41.35373689], [19.7738548, 41.35433487], [19.77442581, 41.35467728], [19.7745118, 41.35476327], [19.77457983, 41.35484412], [19.77463915, 41.35499836], [19.77464803, 41.35508024], [19.77464605, 41.35516053], [19.77463716, 41.35522374], [19.77463716, 41.35522574], [19.7745403, 41.35553528], [19.77447729, 41.35573733], [19.7742503, 41.35651028], [19.77418834, 41.35669818], [19.7740924, 41.356986], [19.77385754, 41.35756964], [19.77381684, 41.35765502], [19.77372521, 41.35779046], [19.7735563, 41.35801734], [19.77347832, 41.35812332], [19.77344433, 41.35816831], [19.77325052, 41.35842905], [19.7731778, 41.35850974], [19.77302954, 41.35866901], [19.7727103, 41.35910234], [19.77256828, 41.35929337], [19.77232701, 41.35962575], [19.77224665, 41.3597714], [19.7722013, 41.35987721], [19.77214813, 41.36011397], [19.77212807, 41.3602554], [19.77211905, 41.36038466], [19.77211604, 41.36044476], [19.77210604, 41.36072475], [19.77209603, 41.36090905], [19.77209696, 41.36092214], [19.77208193, 41.36096159], [19.77207143, 41.3609721], [19.77206038, 41.3609806], [19.77199771, 41.36099903], [19.77191842, 41.36097944], [19.77190776, 41.36097125], [19.77190086, 41.36096347], [19.7718857, 41.36093506], [19.77188396, 41.36092549], [19.77188396, 41.36091829], [19.77190588, 41.36087159], [19.77191273, 41.36086475], [19.77196029, 41.36077771], [19.77200267, 41.36068992], [19.77200883, 41.36066224]]}}, {"type": "Feature", "properties": {"route_id": "7", "route_short_name": "5B", "route_long_name": "Institut \u2013 Qend\u00ebr", "route_color": "#2E7D32", "route_text_color": "#FFFFFF", "shape_id": "7_1", "direction": "1", "corridor_group": "corridor_1", "offset_meters": 0, "debug": true}, "geometry": {"type": "LineString", "coordinates": [[19.81657484, 41.32675521], [19.81657685, 41.32674814], [19.81669, 41.326347], [19.816769, 41.326067], [19.816865, 41.325731], [19.816878, 41.325684], [19.816902, 41.325598], [19.817038, 41.325619], [19.817597, 41.325706], [19.817999, 41.325769], [19.818808, 41.325898], [19.819015, 41.325929], [19.819105, 41.325943], [19.818957, 41.326489], [19.818911, 41.326661], [19.818909, 41.326713], [19.818925, 41.326758], [19.818944, 41.326778], [19.81911, 41.326915], [19.819265, 41.327099], [19.81928, 41.327112], [19.819307, 41.327131], [19.819339, 41.327143], [19.819404, 41.327158], [19.819496, 41.327166], [19.8204335, 41.327248], [19.821371, 41.32733], [19.821887, 41.327375], [19.82253021, 41.3274354], [19.82271376, 41.32748931], [19.82272786, 41.32750797], [19.82267288, 41.32753893], [19.8225682, 41.3276019], [19.82248014, 41.32767205], [19.82232918, 41.32783562], [19.82213072, 41.32816682], [19.821889, 41.328603], [19.821852, 41.328664], [19.821772, 41.3288], [19.821227, 41.329758], [19.821092, 41.32999], [19.82082, 41.330465], [19.820707, 41.330655], [19.82061, 41.330617], [19.820378, 41.330598], [19.820037, 41.330611], [19.819849, 41.330589], [19.819553, 41.330549], [19.819044, 41.33048], [19.818871, 41.330457], [19.818028, 41.330344], [19.817947, 41.330332], [19.81776, 41.330302], [19.817643, 41.330284], [19.81692, 41.330173], [19.816851, 41.330156], [19.816703, 41.330106], [19.816622, 41.330063], [19.816601, 41.33005], [19.816538, 41.330011], [19.816393, 41.329882], [19.816329, 41.3298], [19.816189, 41.329521], [19.816102, 41.32933], [19.816021, 41.329281], [19.815883, 41.329134], [19.815839, 41.329114], [19.815749, 41.32911], [19.815631, 41.329116], [19.815284, 41.329238], [19.814968, 41.329506], [19.81493, 41.329539], [19.814643, 41.329783], [19.814337, 41.330026], [19.814246, 41.330091], [19.813686, 41.330483], [19.813556, 41.330566], [19.812735, 41.331023], [19.812655, 41.331065], [19.812574, 41.33111], [19.811938, 41.331459], [19.811793, 41.33154], [19.811682, 41.331601], [19.811162, 41.331891], [19.810861, 41.332052], [19.809995, 41.332519], [19.8099, 41.332567], [19.809676, 41.332649], [19.808705, 41.332932], [19.80853, 41.332982], [19.808074, 41.333117], [19.807995, 41.33314], [19.80697825, 41.33343624], [19.80678043, 41.33350924], [19.80659291, 41.33359961], [19.80651362, 41.33365183], [19.806449, 41.333711], [19.8062, 41.334071], [19.806134, 41.334163], [19.806085, 41.334244], [19.806001, 41.334208], [19.805722, 41.334045], [19.805528, 41.333918], [19.805176, 41.33368], [19.804964, 41.333613], [19.804709, 41.33353], [19.804418, 41.333464], [19.804349, 41.333454], [19.804214, 41.333443], [19.803941, 41.333427], [19.803813, 41.333435], [19.803493, 41.333506], [19.803327, 41.333563], [19.802854, 41.333728], [19.802812, 41.333742], [19.802664, 41.333756], [19.802512, 41.333741], [19.802233, 41.333838], [19.802165, 41.333861], [19.802054, 41.3339], [19.801342, 41.334148], [19.801313, 41.334158], [19.800893, 41.334305], [19.800026, 41.334607], [19.79911, 41.334926], [19.797968, 41.335323], [19.797877, 41.335355], [19.797792, 41.335385], [19.797612, 41.335449], [19.797196, 41.335594], [19.796713, 41.335763], [19.795538, 41.336171], [19.794678, 41.336469], [19.793539, 41.336865], [19.793082, 41.337024], [19.793036, 41.33704], [19.792895, 41.337089], [19.79271, 41.337154], [19.792576, 41.337201], [19.792306, 41.337295], [19.791344, 41.33763], [19.790382, 41.337965], [19.79036, 41.337973], [19.790235, 41.338016], [19.790059, 41.338079], [19.789706, 41.338201], [19.789056, 41.338435], [19.788406, 41.338669], [19.788116, 41.338772], [19.787525, 41.338983], [19.78731, 41.33905], [19.786706, 41.339247], [19.786157, 41.339463], [19.785927, 41.339554], [19.785526, 41.339733], [19.785186, 41.339924], [19.78503, 41.340012], [19.78452735, 41.34016812], [19.78403747, 41.34030704], [19.78363137, 41.34043884], [19.78321314, 41.34058052], [19.78272, 41.34072], [19.782596, 41.340711], [19.782456, 41.340759], [19.781827, 41.340972], [19.781855, 41.341021], [19.781827, 41.340972], [19.781753, 41.340997], [19.781619, 41.341044], [19.781381, 41.341127], [19.781003, 41.341254], [19.78092, 41.341323], [19.780684, 41.341459], [19.780575, 41.341513], [19.780345, 41.341617], [19.780193, 41.341679], [19.779546, 41.3419175], [19.778899, 41.342156], [19.777988, 41.342483], [19.777888, 41.342536], [19.777724, 41.342698], [19.777631, 41.342758], [19.777542, 41.342806], [19.777492, 41.342842], [19.777206, 41.343005], [19.777075, 41.343079], [19.776842, 41.343412], [19.77673, 41.343568], [19.77667, 41.343648], [19.776619, 41.343715], [19.776573, 41.343777], [19.776526, 41.34384], [19.77603, 41.344498], [19.77555601, 41.345132], [19.77508201, 41.345766], [19.774608, 41.3464], [19.77408, 41.347107], [19.774014, 41.347196], [19.773461, 41.347935], [19.773012, 41.348536], [19.772618, 41.349064], [19.772517, 41.349198], [19.77199851, 41.349892], [19.77148, 41.350586], [19.771417, 41.350675], [19.771343, 41.350781], [19.771178, 41.351016], [19.770996, 41.351248], [19.770832, 41.351458], [19.770786, 41.351517], [19.770769, 41.351538], [19.770748, 41.351566], [19.770703, 41.351626], [19.77067, 41.351736], [19.770671, 41.3518], [19.770711, 41.351818], [19.77074, 41.351845], [19.770755, 41.351913], [19.770739, 41.351946], [19.770756, 41.351989], [19.770927, 41.352169], [19.77114, 41.352357], [19.771246, 41.352462], [19.771327, 41.352544], [19.771672, 41.352862], [19.771945, 41.353113], [19.771967, 41.353132], [19.7721, 41.353243], [19.772247, 41.353356], [19.772665, 41.353613], [19.772864, 41.353731], [19.773861, 41.354329], [19.774433, 41.354672], [19.77452, 41.354759], [19.774589, 41.354841], [19.774649, 41.354997], [19.774658, 41.35508], [19.774656, 41.355161], [19.774647, 41.355225], [19.774647, 41.355227], [19.77455, 41.355537], [19.774487, 41.355739], [19.77426, 41.356512], [19.774198, 41.3567], [19.774102, 41.356988], [19.773867, 41.357572], [19.773826, 41.357658], [19.773734, 41.357794], [19.773565, 41.358021], [19.773487, 41.358127], [19.773453, 41.358172], [19.773259, 41.358433], [19.773186, 41.358514], [19.773038, 41.358673], [19.772719, 41.359106], [19.772577, 41.359297], [19.772336, 41.359629], [19.772256, 41.359774], [19.772211, 41.359879], [19.772158, 41.360115], [19.772138, 41.360256], [19.772129, 41.360385], [19.772126, 41.360445], [19.772116, 41.360725], [19.772106, 41.360909], [19.772107, 41.360923], [19.772091, 41.360965], [19.772079, 41.360977], [19.772066, 41.360987], [19.771998, 41.361007], [19.771913, 41.360986], [19.7719, 41.360976], [19.771892, 41.360967], [19.771876, 41.360937], [19.771874, 41.360926], [19.771874, 41.360917], [19.771897, 41.360868], [19.771904, 41.360861], [19.771951, 41.360775], [19.771993, 41.360688], [19.771999, 41.360661]]}}, {"type": "Feature", "properties": {"route_id": "1", "route_short_name": "1A", "route_long_name": "Selit\u00eb \u2013 Allias", "route_color": "#E53935", "route_text_color": "#FFFFFF", "shape_id": "1_0", "direction": "0", "corridor_group": "corridor_0", "requested_offset_meters": -1.5, "offset_meters": -1.5, "debug": false}, "geometry": {"type": "LineString", "coordinates": [[19.79751523, 41.31544423], [19.79757422, 41.31532626], [19.79767169, 41.31512931], [19.79771353, 41.31507283], [19.79777228, 41.31502772], [19.79789962, 41.31495845], [19.79809512, 41.31488287], [19.79827239, 41.31482042], [19.7983832, 41.31479297], [19.79862778, 41.31475087], [19.79890423, 41.31469739], [19.79900938, 41.31470181], [19.79901256, 41.31468333], [19.79905997, 41.31460222], [19.79914409, 41.31453913], [19.79918013, 41.31452384], [19.79921074, 41.31451421], [19.79925127, 41.31446427], [19.79937011, 41.31435046], [19.79964085, 41.3141088], [19.79981902, 41.31397693], [19.79990876, 41.31392148], [19.79996072, 41.3138905], [19.79997724, 41.31388018], [19.80029031, 41.31372063], [19.80041451, 41.31366354], [19.80047112, 41.31363625], [19.80088481, 41.31347898], [19.80104165, 41.31341704], [19.80135762, 41.31329106], [19.80192062, 41.31306606], [19.80207865, 41.31300305], [19.80269541, 41.31275914], [19.80280013, 41.31271426], [19.80306067, 41.31260203], [19.8031697, 41.31256266], [19.80324745, 41.31253842], [19.80341902, 41.31249026], [19.80365228, 41.3124312], [19.80395012, 41.31235524], [19.80413197, 41.31230628], [19.80452506, 41.31220025], [19.80474413, 41.31214324], [19.80512773, 41.31204234], [19.80516749, 41.31203041], [19.80541049, 41.31196041], [19.8054303, 41.31195447], [19.80544271, 41.31195065], [19.80561573, 41.31188765], [19.80573152, 41.3118522], [19.80580787, 41.31201144], [19.80581614, 41.31202902], [19.8059053, 41.31228448], [19.80592518, 41.31233883], [19.80585833, 41.31235111], [19.80570239, 41.3123811], [19.80498781, 41.31251602], [19.80486947, 41.3125434], [19.80480831, 41.31257201], [19.80452281, 41.3126645], [19.80442447, 41.3126936], [19.80436533, 41.31271064], [19.80381891, 41.31286448], [19.80343893, 41.31299707], [19.80339714, 41.31303264], [19.80337031, 41.31310479], [19.80341162, 41.31329953], [19.80342753, 41.3133562], [19.80344753, 41.31342722], [19.80347114, 41.3135124], [19.80346297, 41.31356414], [19.80351097, 41.31359311], [19.80355727, 41.31360621], [19.80359739, 41.3136028], [19.8036747, 41.31357802], [19.80415847, 41.31350576], [19.80462623, 41.31343379], [19.80488513, 41.31338964], [19.80507198, 41.3133523], [19.80522624, 41.31332655], [19.80537563, 41.31329687], [19.80555445, 41.313762], [19.80559217, 41.31385859], [19.80560742, 41.3138993], [19.80562284, 41.31393019], [19.80563715, 41.31396809], [19.80581905, 41.31439584], [19.80583208, 41.31442592], [19.80585209, 41.31447495], [19.80594104, 41.31468382], [19.80596506, 41.31473886], [19.80599006, 41.31479887], [19.80600704, 41.31483783], [19.80611506, 41.31509188], [19.80627906, 41.31547788], [19.80642208, 41.31581392], [19.80645908, 41.31590291], [19.80659308, 41.31621692], [19.80661008, 41.31625792], [19.80676006, 41.31661086], [19.80677507, 41.31664589], [19.80686901, 41.31686974], [19.80688741, 41.3169096], [19.8069051, 41.31698661], [19.80689429, 41.31705793], [19.80679238, 41.31716807], [19.80672417, 41.31723283], [19.80674719, 41.31724665], [19.8067763, 41.317278], [19.8067908, 41.31731369], [19.80679302, 41.31735138], [19.8067825, 41.31738292], [19.80681721, 41.31748221], [19.80686831, 41.3176021], [19.80702395, 41.31777956], [19.80728795, 41.31808155], [19.80751193, 41.31833652], [19.807657, 41.31850061], [19.80771304, 41.31856666], [19.80782596, 41.31869656], [19.80784793, 41.31872153], [19.80793594, 41.31882154], [19.80801498, 41.31891159], [19.80807199, 41.31897759], [19.80813501, 41.31904961], [19.80817705, 41.31909866], [19.80834806, 41.31929768], [19.80858416, 41.31957479], [19.80860705, 41.31960266], [19.808641, 41.3196406], [19.80901616, 41.32008679], [19.80905614, 41.32013477], [19.80914514, 41.32023977], [19.8093442, 41.32047884], [19.80946215, 41.32062178], [19.80951411, 41.32068274], [19.80965049, 41.32084519], [19.80980971, 41.32106891], [19.80983795, 41.32114419], [19.80983691, 41.32122112], [19.80981045, 41.32134795], [19.80987139, 41.32135586], [19.80999422, 41.32138683], [19.81005265, 41.3214182], [19.81013201, 41.32149757], [19.81018461, 41.32156737], [19.81022582, 41.321623], [19.81027073, 41.32175978], [19.81030394, 41.32205059], [19.8103033, 41.32206906], [19.81042966, 41.32208878], [19.81097769, 41.32217578], [19.81113567, 41.32220078], [19.81122467, 41.32221478], [19.81230867, 41.32238578], [19.81324563, 41.32253377], [19.81340631, 41.32255849], [19.81338164, 41.32264542], [19.81337665, 41.32267037], [19.81330149, 41.32294596], [19.81328136, 41.32300836], [19.81323444, 41.32313915], [19.81314554, 41.32345976], [19.81306654, 41.32374479], [19.81301653, 41.32392179], [19.81296254, 41.32411579], [19.8128019, 41.32468781], [19.81273773, 41.32492728], [19.81340869, 41.32503278], [19.81407767, 41.32513978], [19.81520166, 41.32531477], [19.81612259, 41.32546076], [19.81620264, 41.32547277], [19.81662068, 41.32554078], [19.81669876, 41.32555279], [19.81676369, 41.32556378], [19.81690552, 41.32558475], [19.81704161, 41.32560577], [19.81760064, 41.32569277], [19.81800268, 41.32575578], [19.8188116, 41.32588477], [19.81901856, 41.32591576], [19.81912614, 41.32593249], [19.81897456, 41.32649169], [19.81892887, 41.32666254], [19.81892699, 41.32671141], [19.81894147, 41.32675213], [19.81895795, 41.32676948], [19.81912429, 41.32690676], [19.81927941, 41.3270909], [19.81929291, 41.3271026], [19.81931732, 41.32711978], [19.81934566, 41.32713041], [19.81940768, 41.32714472], [19.81949806, 41.32715258], [19.82043556, 41.32723458], [19.82137306, 41.32731658], [19.82188903, 41.32736158], [19.82205503, 41.32737558], [19.82249234, 41.32741369], [19.82261512, 41.32743825], [19.82278454, 41.32749754], [19.82263272, 41.32757883], [19.8225947, 41.32760125], [19.82254384, 41.32763744], [19.82247688, 41.32769357], [19.8224052, 41.32776623], [19.82226316, 41.32796886], [19.82209149, 41.3282663], [19.8219726, 41.3284811], [19.82190549, 41.32860831], [19.82186834, 41.32866955], [19.82178843, 41.3288054], [19.82124344, 41.32976338], [19.82110843, 41.32999539], [19.82083641, 41.33047044], [19.82071559, 41.33067359], [19.82060472, 41.33063016], [19.82037748, 41.33061155], [19.82003607, 41.33062456], [19.81984604, 41.33060233], [19.81954983, 41.3305623], [19.81904086, 41.3304933], [19.81886787, 41.3304703], [19.8180247, 41.33035728], [19.81796085, 41.33034782], [19.81793654, 41.33043379], [19.81777155, 41.33102876], [19.81760655, 41.33162375], [19.81751054, 41.33197479], [19.81750254, 41.33200279], [19.81721352, 41.33305386], [19.81717455, 41.33318377], [19.81713858, 41.33332465], [19.81688456, 41.33424672], [19.81678357, 41.33462166], [19.81675953, 41.33471284], [19.81675551, 41.3347259], [19.81660553, 41.33526981], [19.81649241, 41.33566078], [19.81650668, 41.33570359], [19.81660082, 41.33581521], [19.81675565, 41.33592073], [19.81683899, 41.3359715], [19.81702682, 41.3360028], [19.81706396, 41.33600882], [19.81724807, 41.33604184], [19.81737012, 41.33606285], [19.81752305, 41.33609102], [19.81760969, 41.33611345], [19.81771674, 41.33615081], [19.81835311, 41.33638795], [19.81860822, 41.33648799], [19.81907729, 41.33666902], [19.81915229, 41.33669902], [19.81966943, 41.33689908], [19.81993377, 41.33700922], [19.82007637, 41.33707047], [19.82017221, 41.33711789], [19.82059556, 41.33735108], [19.82089657, 41.33751609], [19.82098175, 41.33756319], [19.82128044, 41.33773559], [19.82156303, 41.33792598], [19.82220043, 41.33836626], [19.82300194, 41.33897689], [19.82356219, 41.33930686], [19.82402371, 41.33951718], [19.82418487, 41.33957886], [19.82437913, 41.3396476], [19.82468552, 41.33973941], [19.82478211, 41.3397673], [19.82501068, 41.33982618], [19.82523415, 41.33988106], [19.82543635, 41.33992289], [19.82565891, 41.33996082], [19.82570087, 41.33996781], [19.82572464, 41.33997177], [19.82619119, 41.3400397], [19.82632483, 41.34005666], [19.82655165, 41.34008264], [19.82764455, 41.34020363], [19.8279462, 41.34023559], [19.82826906, 41.3402615], [19.82858057, 41.34026447], [19.82877877, 41.34022129], [19.82881469, 41.34020901], [19.82887923, 41.34018011], [19.82901094, 41.3400887], [19.82905725, 41.34004625], [19.82911145, 41.33997638], [19.82922718, 41.34003888], [19.82930132, 41.34007595], [19.82943847, 41.34015303], [19.82957206, 41.34022282], [19.82977787, 41.34032572], [19.83047179, 41.34066868], [19.83055565, 41.34070962], [19.83067748, 41.34076753], [19.83105461, 41.34094259], [19.83112382, 41.3409767], [19.83160102, 41.3412128], [19.83255214, 41.34170886], [19.83298505, 41.34193082], [19.83304401, 41.34196079], [19.83321995, 41.34204976], [19.83326593, 41.34207275], [19.83341317, 41.34214687], [19.83362624, 41.34226091], [19.83372897, 41.34231377], [19.83382599, 41.34236178], [19.83388403, 41.3423918], [19.83393196, 41.34241577], [19.83438302, 41.3426448], [19.83456396, 41.34273676], [19.83484317, 41.34287587], [19.83500682, 41.34296422], [19.83515045, 41.3430506], [19.83533096, 41.34316793], [19.8356382, 41.3433831], [19.83632209, 41.34386103], [19.83637814, 41.34389906], [19.83647422, 41.34396712], [19.83705317, 41.34437058], [19.83763218, 41.34477409], [19.8378212, 41.3449061], [19.83805247, 41.34506829], [19.83816431, 41.34515317], [19.83821711, 41.34518837], [19.83826286, 41.34521245], [19.8382519, 41.34529687], [19.83824999, 41.34534259], [19.83834434, 41.34563557], [19.8383873, 41.34575045], [19.83840374, 41.34579771], [19.83841198, 41.34587295], [19.83840879, 41.34590485], [19.83836451, 41.3460699], [19.83833452, 41.34616488], [19.83832954, 41.34618382], [19.83825432, 41.34643252], [19.8382031, 41.34655607], [19.83812765, 41.34673413], [19.83803816, 41.34686782], [19.83679375, 41.34672641], [19.83678082, 41.34672541], [19.8357705, 41.34661638], [19.83496849, 41.34653238], [19.83472855, 41.34650638], [19.83464849, 41.34649838], [19.83440143, 41.34647037], [19.8342875, 41.34645838], [19.83404447, 41.34643237], [19.83351031, 41.34637473], [19.83351989, 41.34648716], [19.83352491, 41.34654939], [19.83353893, 41.34690186], [19.83353792, 41.34698543], [19.83352789, 41.34712493], [19.83351285, 41.34725924], [19.83349182, 41.34741748], [19.83345378, 41.34765573], [19.83340874, 41.34790295], [19.83339462, 41.34797154], [19.83336547, 41.34806803], [19.83334003, 41.34815047], [19.83330031, 41.34821361], [19.83325841, 41.34828544], [19.83316588, 41.34844364], [19.83311438, 41.34857634], [19.83298554, 41.34901979], [19.83290857, 41.34930569], [19.83289104, 41.34937065], [19.83283944, 41.34944289], [19.83279599, 41.34949342], [19.8327446, 41.34955159], [19.83249467, 41.35027738], [19.83240717, 41.35038363], [19.83227443, 41.35045], [19.83197808, 41.35054141], [19.8319209, 41.35056081], [19.83186504, 41.35057135], [19.83179256, 41.35057653], [19.83166975, 41.35057351], [19.83141809, 41.35057451], [19.83141838, 41.35057451]]}}, {"type": "Feature", "properties": {"route_id": "1", "route_short_name": "1A", "route_long_name": "Selit\u00eb \u2013 Allias", "route_color": "#E53935", "route_text_color": "#FFFFFF", "shape_id": "1_0", "direction": "0", "corridor_group": "corridor_0", "offset_meters": 0, "debug": true}, "geometry": {"type": "LineString", "coordinates": [[19.797532, 41.315449], [19.797591, 41.315331], [19.797688, 41.315135], [19.797728, 41.315081], [19.797784, 41.315038], [19.797909, 41.31497], [19.798103, 41.314895], [19.798279, 41.314833], [19.798388, 41.314806], [19.798632, 41.314764], [19.798906, 41.314711], [19.799025, 41.314716], [19.79903, 41.314687], [19.799075, 41.31461], [19.799155, 41.31455], [19.799188, 41.314536], [19.799223, 41.314525], [19.799266, 41.314472], [19.799384, 41.314359], [19.799654, 41.314118], [19.799831, 41.313987], [19.79992, 41.313932], [19.799972, 41.313901], [19.799988, 41.313891], [19.8003, 41.313732], [19.800424, 41.313675], [19.80048, 41.313648], [19.800893, 41.313491], [19.80105, 41.313429], [19.801366, 41.313303], [19.801929, 41.313078], [19.802087, 41.313015], [19.802704, 41.312771], [19.802809, 41.312726], [19.803069, 41.312614], [19.803177, 41.312575], [19.803254, 41.312551], [19.803425, 41.312503], [19.803658, 41.312444], [19.803956, 41.312368], [19.804138, 41.312319], [19.804531, 41.312213], [19.80475, 41.312156], [19.805134, 41.312055], [19.805174, 41.312043], [19.805417, 41.311973], [19.805437, 41.311967], [19.80545, 41.311963], [19.805623, 41.3119], [19.805721, 41.31187], [19.805791, 41.312016], [19.805799, 41.312033], [19.805888, 41.312288], [19.805903, 41.312329], [19.805854, 41.312338], [19.805698, 41.312368], [19.804983, 41.312503], [19.804862, 41.312531], [19.8048, 41.31256], [19.804516, 41.312652], [19.804418, 41.312681], [19.804359, 41.312698], [19.803812, 41.312852], [19.803428, 41.312986], [19.803381, 41.313026], [19.803352, 41.313104], [19.803394, 41.313302], [19.80341, 41.313359], [19.80343, 41.31343], [19.803453, 41.313513], [19.803444, 41.31357], [19.803502, 41.313605], [19.803555, 41.31362], [19.803602, 41.313616], [19.80368, 41.313591], [19.804162, 41.313519], [19.80463, 41.313447], [19.8048894, 41.31340276], [19.80507622, 41.31336543], [19.80523047, 41.31333968], [19.80536329, 41.31331329], [19.80553725, 41.31376579], [19.80557496, 41.31386233], [19.80559038, 41.31390353], [19.80560581, 41.31393442], [19.80562, 41.313972], [19.805802, 41.3144], [19.805815, 41.31443], [19.805835, 41.314479], [19.805924, 41.314688], [19.805948, 41.314743], [19.805973, 41.314803], [19.80599, 41.314842], [19.806098, 41.315096], [19.806262, 41.315482], [19.806405, 41.315818], [19.806442, 41.315907], [19.806576, 41.316221], [19.806593, 41.316262], [19.806743, 41.316615], [19.806758, 41.31665], [19.806852, 41.316874], [19.80687, 41.316913], [19.806887, 41.316987], [19.806877, 41.317053], [19.806778, 41.31716], [19.806699, 41.317235], [19.806734, 41.317256], [19.80676, 41.317284], [19.806773, 41.317316], [19.806775, 41.31735], [19.806764, 41.317383], [19.8068, 41.317486], [19.806852, 41.317608], [19.807009, 41.317787], [19.807273, 41.318089], [19.807497, 41.318344], [19.807642, 41.318508], [19.807698, 41.318574], [19.807811, 41.318704], [19.807833, 41.318729], [19.807921, 41.318829], [19.808, 41.318919], [19.808057, 41.318985], [19.80812, 41.319057], [19.808162, 41.319106], [19.808333, 41.319305], [19.808569, 41.319582], [19.808592, 41.31961], [19.808626, 41.319648], [19.809001, 41.320094], [19.809041, 41.320142], [19.80913, 41.320247], [19.809329, 41.320486], [19.809447, 41.320629], [19.809499, 41.32069], [19.809635, 41.320852], [19.809793, 41.321074], [19.80982, 41.321146], [19.809819, 41.32122], [19.80979, 41.321359], [19.809867, 41.321369], [19.809986, 41.321399], [19.81004, 41.321428], [19.810117, 41.321505], [19.810169, 41.321574], [19.810209, 41.321628], [19.810253, 41.321762], [19.810286, 41.322051], [19.810285, 41.32208], [19.810426, 41.322102], [19.810974, 41.322189], [19.811132, 41.322214], [19.811221, 41.322228], [19.812305, 41.322399], [19.813242, 41.322547], [19.813385, 41.322569], [19.813364, 41.322643], [19.813359, 41.322668], [19.813284, 41.322943], [19.813264, 41.323005], [19.813217, 41.323136], [19.813128, 41.323457], [19.813049, 41.323742], [19.812999, 41.323919], [19.812945, 41.324113], [19.81278435, 41.32468507], [19.81271663, 41.32493777], [19.813405, 41.325046], [19.814074, 41.325153], [19.815198, 41.325328], [19.816119, 41.325474], [19.816199, 41.325486], [19.816617, 41.325554], [19.816695, 41.325566], [19.81676, 41.325577], [19.816902, 41.325598], [19.817038, 41.325619], [19.817597, 41.325706], [19.817999, 41.325769], [19.818808, 41.325898], [19.819015, 41.325929], [19.819105, 41.325943], [19.818957, 41.326489], [19.818911, 41.326661], [19.818909, 41.326713], [19.818925, 41.326758], [19.818944, 41.326778], [19.81911, 41.326915], [19.819265, 41.327099], [19.81928, 41.327112], [19.819307, 41.327131], [19.819339, 41.327143], [19.819404, 41.327158], [19.819496, 41.327166], [19.8204335, 41.327248], [19.821371, 41.32733], [19.821887, 41.327375], [19.822053, 41.327389], [19.822489, 41.327427], [19.822609, 41.327451], [19.822749, 41.3275], [19.822622, 41.327568], [19.822583, 41.327591], [19.822531, 41.327628], [19.822463, 41.327685], [19.82239, 41.327759], [19.822247, 41.327963], [19.822075, 41.328261], [19.821956, 41.328476], [19.821889, 41.328603], [19.821852, 41.328664], [19.821772, 41.3288], [19.821227, 41.329758], [19.821092, 41.32999], [19.82082, 41.330465], [19.820707, 41.330655], [19.82061, 41.330617], [19.820378, 41.330598], [19.820037, 41.330611], [19.819849, 41.330589], [19.819553, 41.330549], [19.819044, 41.33048], [19.818871, 41.330457], [19.818028, 41.330344], [19.817947, 41.330332], [19.817919, 41.330431], [19.817754, 41.331026], [19.817589, 41.331621], [19.817493, 41.331972], [19.817485, 41.332], [19.817196, 41.333051], [19.817157, 41.333181], [19.817121, 41.333322], [19.816867, 41.334244], [19.816766, 41.334619], [19.816742, 41.33471], [19.816738, 41.334723], [19.816588, 41.335267], [19.816474, 41.335661], [19.81649, 41.335709], [19.816587, 41.335824], [19.816744, 41.335931], [19.816831, 41.335984], [19.817023, 41.336016], [19.81706, 41.336022], [19.817244, 41.336055], [19.817366, 41.336076], [19.817518, 41.336104], [19.817603, 41.336126], [19.817709, 41.336163], [19.818345, 41.3364], [19.8186, 41.3365], [19.819069, 41.336681], [19.819144, 41.336711], [19.819661, 41.336911], [19.819925, 41.337021], [19.820067, 41.337082], [19.820162, 41.337129], [19.820585, 41.337362], [19.820886, 41.337527], [19.820971, 41.337574], [19.821269, 41.337746], [19.821551, 41.337936], [19.822188, 41.338376], [19.82299, 41.338987], [19.823552, 41.339318], [19.824015, 41.339529], [19.824177, 41.339591], [19.824372, 41.33966], [19.824679, 41.339752], [19.824776, 41.33978], [19.825005, 41.339839], [19.825229, 41.339894], [19.825432, 41.339936], [19.825655, 41.339974], [19.825697, 41.339981], [19.825721, 41.339985], [19.826188, 41.340053], [19.826322, 41.34007], [19.826549, 41.340096], [19.827642, 41.340217], [19.827944, 41.340249], [19.828268, 41.340275], [19.828583, 41.340278], [19.828785, 41.340234], [19.828823, 41.340221], [19.82889, 41.340191], [19.829024, 41.340098], [19.829072, 41.340054], [19.829117, 41.339996], [19.829217, 41.34005], [19.829291, 41.340087], [19.829428, 41.340164], [19.829562, 41.340234], [19.829768, 41.340337], [19.830462, 41.34068], [19.830546, 41.340721], [19.830668, 41.340779], [19.831045, 41.340954], [19.831114, 41.340988], [19.831591, 41.341224], [19.832542, 41.34172], [19.832975, 41.341942], [19.833034, 41.341972], [19.83321, 41.342061], [19.833256, 41.342084], [19.833403, 41.342158], [19.833616, 41.342272], [19.833719, 41.342325], [19.833816, 41.342373], [19.833874, 41.342403], [19.833922, 41.342427], [19.834373, 41.342656], [19.834554, 41.342748], [19.834833, 41.342887], [19.834996, 41.342975], [19.835139, 41.343061], [19.835319, 41.343178], [19.835626, 41.343393], [19.83631, 41.343871], [19.836366, 41.343909], [19.836462, 41.343977], [19.837041, 41.3443805], [19.83762, 41.344784], [19.837809, 41.344916], [19.83804, 41.345078], [19.838152, 41.345163], [19.838206, 41.345199], [19.838244, 41.345219], [19.838234, 41.345296], [19.838232, 41.345344], [19.838327, 41.345639], [19.83837, 41.345754], [19.838386, 41.3458], [19.838394, 41.345873], [19.838391, 41.345903], [19.838347, 41.346067], [19.838317, 41.346162], [19.838312, 41.346181], [19.838237, 41.346429], [19.838186, 41.346552], [19.838111, 41.346729], [19.838028, 41.346853], [19.836796, 41.346713], [19.836783, 41.346712], [19.835773, 41.346603], [19.834971, 41.346519], [19.834731, 41.346493], [19.834651, 41.346485], [19.834404, 41.346457], [19.83429, 41.346445], [19.834047, 41.346419], [19.833491, 41.346359], [19.833502, 41.346488], [19.833507, 41.34655], [19.833521, 41.346902], [19.83352, 41.346985], [19.83351, 41.347124], [19.833495, 41.347258], [19.833474, 41.347416], [19.833436, 41.347654], [19.833391, 41.347901], [19.833377, 41.347969], [19.833348, 41.348065], [19.833323, 41.348146], [19.833284, 41.348208], [19.833242, 41.34828], [19.833149, 41.348439], [19.833097, 41.348573], [19.832968, 41.349017], [19.832891, 41.349303], [19.832874, 41.349366], [19.832824, 41.349436], [19.832781, 41.349486], [19.832728, 41.349546], [19.832478, 41.350272], [19.832394, 41.350374], [19.832266, 41.350438], [19.831971, 41.350529], [19.831915, 41.350548], [19.831862, 41.350558], [19.831792, 41.350563], [19.83167, 41.35056], [19.831418, 41.350561], [19.83141829, 41.350561]]}}, {"type": "Feature", "properties": {"route_id": "1", "route_short_name": "1A", "route_long_name": "Selit\u00eb \u2013 Allias", "route_color": "#E53935", "route_text_color": "#FFFFFF", "shape_id": "1_1", "direction": "1", "corridor_group": "corridor_0", "requested_offset_meters": -1.5, "offset_meters": -0.5, "debug": false}, "geometry": {"type": "LineString", "coordinates": [[19.83141826, 41.3505565], [19.83167008, 41.3505555], [19.83179181, 41.35055849], [19.83186099, 41.35055355], [19.83191303, 41.35054373], [19.83196864, 41.35052486], [19.83226319, 41.350434], [19.83238961, 41.35037079], [19.83247244, 41.35027021], [19.83272247, 41.34954414], [19.832776, 41.34948353], [19.83281885, 41.3494337], [19.83286832, 41.34936445], [19.83288514, 41.3493021], [19.83296215, 41.34901607], [19.83309121, 41.34857189], [19.83314337, 41.34843745], [19.83327856, 41.34820613], [19.83331733, 41.3481445], [19.83333717, 41.348081], [19.83334217, 41.34806401], [19.83337113, 41.34796815], [19.83338509, 41.34790035], [19.83343007, 41.34765342], [19.83346806, 41.34741551], [19.83348905, 41.34725759], [19.83350404, 41.34712369], [19.83351403, 41.34698486], [19.83351502, 41.34690205], [19.83350103, 41.3465502], [19.83349604, 41.34648828], [19.83348456, 41.34635376], [19.83404784, 41.34641454], [19.83429083, 41.34644054], [19.83440486, 41.34645254], [19.83465184, 41.34648054], [19.83473182, 41.34648854], [19.83497184, 41.34651454], [19.83577384, 41.34659854], [19.83645884, 41.34667254], [19.83679686, 41.34670854], [19.83802461, 41.34684806], [19.83810545, 41.34672729], [19.8381803, 41.34655064], [19.83823123, 41.34642783], [19.83830617, 41.34618002], [19.83831717, 41.346142], [19.83834116, 41.34606603], [19.83838507, 41.34590238], [19.83838801, 41.34587302], [19.83838009, 41.34580076], [19.83836423, 41.34575518], [19.83832122, 41.34564014], [19.838226, 41.34534447], [19.83822792, 41.34529852], [19.8381946, 41.34528372], [19.83814411, 41.34525342], [19.83808792, 41.34521429], [19.83802186, 41.34516724], [19.83799889, 41.34515027], [19.83709892, 41.34452729], [19.83671191, 41.34425028], [19.83637294, 41.34401331], [19.83618894, 41.3438853], [19.83577793, 41.3435973], [19.83517001, 41.34317235], [19.8350802, 41.34311348], [19.83493849, 41.34303065], [19.83478165, 41.34295073], [19.83415465, 41.34263173], [19.83372463, 41.34241172], [19.83366663, 41.34238172], [19.83351265, 41.34230273], [19.83320068, 41.34214475], [19.83315468, 41.34212175], [19.83297868, 41.34203275], [19.83291865, 41.34200273], [19.83273362, 41.34190671], [19.83249864, 41.34178572], [19.83249764, 41.34178472], [19.83232163, 41.34169472], [19.83153563, 41.34128872], [19.83127467, 41.34115474], [19.8311208, 41.34107781], [19.83089186, 41.34097383], [19.83077681, 41.34091881], [19.8306148, 41.3408418], [19.83053977, 41.34080579], [19.83049272, 41.34078276], [19.83041071, 41.34074176], [19.8294642, 41.340273], [19.82930753, 41.34022441], [19.82912604, 41.34021053], [19.82903716, 41.34021834], [19.82894505, 41.34026589], [19.82880221, 41.3403202], [19.82867641, 41.34034838], [19.82862674, 41.34035548], [19.82849693, 41.34036151], [19.82796033, 41.34032748], [19.82725016, 41.34025146], [19.82654013, 41.34017546], [19.82633805, 41.34015245], [19.82620596, 41.34013543], [19.82579175, 41.34007841], [19.82542957, 41.34001137], [19.82521338, 41.33997134], [19.82491804, 41.33990026], [19.82464987, 41.33982421], [19.82441573, 41.33975617], [19.82426343, 41.33970607], [19.8240301, 41.33961494], [19.82349472, 41.33937677], [19.82329335, 41.33926657], [19.82292203, 41.33903737], [19.82268279, 41.33886419], [19.82233974, 41.33859815], [19.82211485, 41.33842724], [19.82148704, 41.33799038], [19.82131419, 41.33788047], [19.82114728, 41.33777852], [19.82092841, 41.3376496], [19.82074425, 41.33754924], [19.82071423, 41.33756429], [19.8207346, 41.33754392], [19.82068743, 41.33751761], [19.82054546, 41.33743763], [19.82010365, 41.33719673], [19.82000485, 41.33714983], [19.81987203, 41.33708891], [19.81922621, 41.33682698], [19.81844027, 41.33652001], [19.81790843, 41.33631607], [19.81756399, 41.33620026], [19.81738258, 41.33616338], [19.81721871, 41.3361364], [19.8168727, 41.33607839], [19.81647674, 41.3360114], [19.81635574, 41.3359924], [19.81620715, 41.33596746], [19.81622613, 41.33588418], [19.81624712, 41.33580518], [19.81628413, 41.33564117], [19.81629815, 41.33559008], [19.81639314, 41.33525311], [19.81639614, 41.33524113], [19.81659315, 41.33452509], [19.81670415, 41.33411909], [19.81693215, 41.33329309], [19.81697515, 41.3331331], [19.81700515, 41.33302409], [19.81729415, 41.33197107], [19.81731115, 41.33191107], [19.81750815, 41.33119108], [19.81772715, 41.33040109], [19.81775295, 41.33030551], [19.81764181, 41.33028841], [19.81691847, 41.33017736], [19.81684884, 41.33016021], [19.81670003, 41.33010993], [19.81661838, 41.33006659], [19.81659721, 41.33005348], [19.81653379, 41.33001422], [19.81638811, 41.32988462], [19.81632359, 41.32980195], [19.81618338, 41.32952253], [19.81609632, 41.32933139], [19.81600211, 41.32909787], [19.81598898, 41.3289898], [19.81606712, 41.32866119], [19.81611913, 41.32845317], [19.81616512, 41.32826821], [19.81618212, 41.3281922], [19.81619614, 41.32813714], [19.81621013, 41.32808414], [19.81623413, 41.32798815], [19.81626214, 41.32788013], [19.81632514, 41.32764013], [19.81641315, 41.3273021], [19.81658816, 41.32668406], [19.81676316, 41.32606606], [19.81685916, 41.32573007], [19.81687215, 41.32568308], [19.81689615, 41.32559709], [19.81692315, 41.32549708], [19.81708916, 41.32491506], [19.81720916, 41.32449106], [19.81738416, 41.32387306], [19.81741315, 41.32377009], [19.81743998, 41.32366949], [19.81605143, 41.32345009], [19.8146571, 41.32322976], [19.81325674, 41.32300845], [19.81327817, 41.32294201], [19.81335312, 41.32266721], [19.81335812, 41.3226422], [19.81361115, 41.3217271], [19.81363814, 41.32162512], [19.81364214, 41.32161011], [19.81377815, 41.3211051], [19.81379015, 41.32106108], [19.81380516, 41.32100807], [19.81387515, 41.32075508], [19.81394515, 41.32050407], [19.81397115, 41.32041107], [19.81403615, 41.32017807], [19.81427615, 41.31931711], [19.81428414, 41.31928612], [19.81430215, 41.31922008], [19.81443615, 41.31874108], [19.81444916, 41.31869307], [19.81445715, 41.31866552], [19.8144021, 41.31864559], [19.81432433, 41.31856781], [19.81431395, 41.31851799], [19.81432374, 41.31847199], [19.81428436, 41.31842588], [19.81423847, 41.31839268], [19.81420476, 41.3183792], [19.81417756, 41.31837337], [19.81346275, 41.3182584], [19.81296474, 41.3181784], [19.81288563, 41.31816537], [19.81288082, 41.318183], [19.81286521, 41.3181929], [19.81286918, 41.318181], [19.81287396, 41.31816346], [19.81224976, 41.31806141], [19.81180977, 41.31799241], [19.81089205, 41.31784545], [19.81078393, 41.31783652], [19.81069099, 41.31784246], [19.81053413, 41.31787224], [19.8103371, 41.31794886], [19.81030536, 41.31796572], [19.80979728, 41.31821677], [19.80884337, 41.31868872], [19.80877637, 41.31872472], [19.80852929, 41.31884676], [19.80851131, 41.31885575], [19.80828845, 41.31896768], [19.8081185, 41.31906347], [19.808052, 41.31898747], [19.80799501, 41.31892147], [19.80791602, 41.31883149], [19.80782802, 41.31873149], [19.80780926, 41.31871016], [19.8077408, 41.3187322], [19.80780268, 41.31870264], [19.80769299, 41.31857645], [19.807637, 41.31851046], [19.80749202, 41.31834649], [19.80726802, 41.31809148], [19.80700402, 41.31778948], [19.80684747, 41.317611], [19.8067252, 41.31753148], [19.80665965, 41.31749274], [19.80657536, 41.31745605], [19.80653288, 41.3174429], [19.80649652, 41.31742005], [19.80647035, 41.31739073], [19.80645374, 41.31732222], [19.80651222, 41.31724322], [19.80652458, 41.31723423], [19.80654328, 41.31722772], [19.80652361, 41.31719195], [19.80646783, 41.31711525], [19.8058809, 41.31638834], [19.80585589, 41.31635734], [19.80581895, 41.31631141], [19.80550196, 41.31595042], [19.80525503, 41.3156475], [19.8052089, 41.31559937], [19.80502473, 41.31533113], [19.80481676, 41.31504816], [19.80477591, 41.31499137], [19.80472309, 41.31493456], [19.8045481, 41.31474158], [19.80436205, 41.31454453], [19.80429697, 41.31446843], [19.80418996, 41.31434241], [19.80417493, 41.31432438], [19.80364844, 41.313679], [19.80360737, 41.31365358], [19.80355217, 41.31362401], [19.80349901, 41.31360896], [19.8034412, 41.31357408], [19.803406, 41.31356647], [19.80335924, 41.31356452], [19.80325183, 41.31357546], [19.80227994, 41.31368245], [19.80190519, 41.31373141], [19.80180936, 41.31374839], [19.80170043, 41.31376737], [19.80151946, 41.31380337], [19.80145355, 41.31381535], [19.80134672, 41.31383931], [19.80124672, 41.31386231], [19.80104853, 41.31390636], [19.80097988, 41.31391847], [19.80091893, 41.31392147], [19.80085659, 41.31393334], [19.80071138, 41.31396616], [19.80056709, 41.31402885], [19.80038155, 41.31411764], [19.80007213, 41.31431527], [19.79986557, 41.31448191], [19.79971118, 41.3146353], [19.7996733, 41.3147001], [19.79961662, 41.3147697], [19.79960867, 41.31479753], [19.79955678, 41.31487383], [19.79946935, 41.31493077], [19.79943433, 41.31494416], [19.79939839, 41.3149534], [19.79932221, 41.31496153], [19.79928326, 41.31495948], [19.79924518, 41.31495433], [19.79914143, 41.31491771], [19.79906308, 41.31485463], [19.79904454, 41.31482784], [19.79903128, 41.31480133], [19.7990221, 41.31477277], [19.79901802, 41.31474418], [19.79901887, 41.31472025], [19.79890659, 41.31471554], [19.79863341, 41.31476838], [19.7983896, 41.31481034], [19.7982812, 41.31483719], [19.79810563, 41.31489904], [19.79791213, 41.31497385], [19.79778791, 41.31504143], [19.79773282, 41.31508372], [19.79769344, 41.3151369], [19.79759659, 41.31533258], [19.79753759, 41.31545059]]}}, {"type": "Feature", "properties": {"route_id": "1", "route_short_name": "1A", "route_long_name": "Selit\u00eb \u2013 Allias", "route_color": "#E53935", "route_text_color": "#FFFFFF", "shape_id": "1_1", "direction": "1", "corridor_group": "corridor_0", "offset_meters": 0, "debug": true}, "geometry": {"type": "LineString", "coordinates": [[19.83141829, 41.350561], [19.83167, 41.35056], [19.831792, 41.350563], [19.831862, 41.350558], [19.831915, 41.350548], [19.831971, 41.350529], [19.832266, 41.350438], [19.832394, 41.350374], [19.832478, 41.350272], [19.832728, 41.349546], [19.832781, 41.349486], [19.832824, 41.349436], [19.832874, 41.349366], [19.832891, 41.349303], [19.832968, 41.349017], [19.833097, 41.348573], [19.833149, 41.348439], [19.833284, 41.348208], [19.833323, 41.348146], [19.833343, 41.348082], [19.833348, 41.348065], [19.833377, 41.347969], [19.833391, 41.347901], [19.833436, 41.347654], [19.833474, 41.347416], [19.833495, 41.347258], [19.83351, 41.347124], [19.83352, 41.346985], [19.833521, 41.346902], [19.833507, 41.34655], [19.833502, 41.346488], [19.833491, 41.346359], [19.834047, 41.346419], [19.83429, 41.346445], [19.834404, 41.346457], [19.834651, 41.346485], [19.834731, 41.346493], [19.834971, 41.346519], [19.835773, 41.346603], [19.836458, 41.346677], [19.836796, 41.346713], [19.838028, 41.346853], [19.838111, 41.346729], [19.838186, 41.346552], [19.838237, 41.346429], [19.838312, 41.346181], [19.838323, 41.346143], [19.838347, 41.346067], [19.838391, 41.345903], [19.838394, 41.345873], [19.838386, 41.3458], [19.83837, 41.345754], [19.838327, 41.345639], [19.838232, 41.345344], [19.838234, 41.345296], [19.838198, 41.34528], [19.838148, 41.34525], [19.838092, 41.345211], [19.838026, 41.345164], [19.838003, 41.345147], [19.837103, 41.344524], [19.836716, 41.344247], [19.836377, 41.34401], [19.836193, 41.343882], [19.835782, 41.343594], [19.835174, 41.343169], [19.835084, 41.34311], [19.834942, 41.343027], [19.834785, 41.342947], [19.834158, 41.342628], [19.833728, 41.342408], [19.83367, 41.342378], [19.833516, 41.342299], [19.833204, 41.342141], [19.833158, 41.342118], [19.832982, 41.342029], [19.832922, 41.341999], [19.832737, 41.341903], [19.832502, 41.341782], [19.832501, 41.341781], [19.832325, 41.341691], [19.831539, 41.341285], [19.831278, 41.341151], [19.831124, 41.341074], [19.830895, 41.34097], [19.83078, 41.340915], [19.830618, 41.340838], [19.830543, 41.340802], [19.830496, 41.340779], [19.830414, 41.340738], [19.829467, 41.340269], [19.829309, 41.34022], [19.829126, 41.340206], [19.829035, 41.340214], [19.828942, 41.340262], [19.8288, 41.340316], [19.828675, 41.340344], [19.828626, 41.340351], [19.828497, 41.340357], [19.827961, 41.340323], [19.827251, 41.340247], [19.826541, 41.340171], [19.826339, 41.340148], [19.826207, 41.340131], [19.825793, 41.340074], [19.825431, 41.340007], [19.825215, 41.339967], [19.82492, 41.339896], [19.824652, 41.33982], [19.824418, 41.339752], [19.824266, 41.339702], [19.824033, 41.339611], [19.823498, 41.339373], [19.823297, 41.339263], [19.822926, 41.339034], [19.822687, 41.338861], [19.822344, 41.338595], [19.822119, 41.338424], [19.821491, 41.337987], [19.821318, 41.337877], [19.821151, 41.337775], [19.820932, 41.337646], [19.820743, 41.337543], [19.820719, 41.337567], [19.820743, 41.337543], [19.820691, 41.337514], [19.820549, 41.337434], [19.820107, 41.337193], [19.820008, 41.337146], [19.819875, 41.337085], [19.819229, 41.336823], [19.818443, 41.336516], [19.817911, 41.336312], [19.817566, 41.336196], [19.817384, 41.336159], [19.81722, 41.336132], [19.816874, 41.336074], [19.816478, 41.336007], [19.816357, 41.335988], [19.816214, 41.335964], [19.816232, 41.335885], [19.816253, 41.335806], [19.81629, 41.335642], [19.816304, 41.335591], [19.816399, 41.335254], [19.816402, 41.335242], [19.816599, 41.334526], [19.81671, 41.33412], [19.816938, 41.333294], [19.816981, 41.333134], [19.817011, 41.333025], [19.8173, 41.331972], [19.817317, 41.331912], [19.817514, 41.331192], [19.817733, 41.330402], [19.81776, 41.330302], [19.817643, 41.330284], [19.81692, 41.330173], [19.816851, 41.330156], [19.816703, 41.330106], [19.816622, 41.330063], [19.816601, 41.33005], [19.816538, 41.330011], [19.816393, 41.329882], [19.816329, 41.3298], [19.816189, 41.329521], [19.816102, 41.32933], [19.816008, 41.329097], [19.815995, 41.32899], [19.816073, 41.328662], [19.816125, 41.328454], [19.816171, 41.328269], [19.816188, 41.328193], [19.816202, 41.328138], [19.816216, 41.328085], [19.81624, 41.327989], [19.816268, 41.327881], [19.816331, 41.327641], [19.816419, 41.327303], [19.816594, 41.326685], [19.816769, 41.326067], [19.816865, 41.325731], [19.816878, 41.325684], [19.816902, 41.325598], [19.816929, 41.325498], [19.817095, 41.324916], [19.817215, 41.324492], [19.81739, 41.323874], [19.817419, 41.323771], [19.817447, 41.323666], [19.81605266, 41.32344568], [19.81465832, 41.32322535], [19.813264, 41.323005], [19.813284, 41.322943], [19.813359, 41.322668], [19.813364, 41.322643], [19.813617, 41.321728], [19.813644, 41.321626], [19.813648, 41.321611], [19.813784, 41.321106], [19.813796, 41.321062], [19.813811, 41.321009], [19.813881, 41.320756], [19.813951, 41.320505], [19.813977, 41.320412], [19.814042, 41.320179], [19.814282, 41.319318], [19.81429, 41.319287], [19.814308, 41.319221], [19.814442, 41.318742], [19.814455, 41.318694], [19.814464, 41.318663], [19.814406, 41.318642], [19.81433, 41.318566], [19.81432, 41.318518], [19.81433, 41.318471], [19.814289, 41.318423], [19.814242, 41.318389], [19.814207, 41.318375], [19.814179, 41.318369], [19.813464, 41.318254], [19.812966, 41.318174], [19.812881, 41.31816], [19.812875, 41.318182], [19.812871, 41.318194], [19.812875, 41.318182], [19.812881, 41.31816], [19.812251, 41.318057], [19.811811, 41.317988], [19.810893, 41.317841], [19.810784, 41.317832], [19.81069, 41.317838], [19.810532, 41.317868], [19.810334, 41.317945], [19.810302, 41.317962], [19.809794, 41.318213], [19.80884, 41.318685], [19.808773, 41.318721], [19.808526, 41.318843], [19.808508, 41.318852], [19.808285, 41.318964], [19.80812, 41.319057], [19.808057, 41.318985], [19.808, 41.318919], [19.807921, 41.318829], [19.807833, 41.318729], [19.807811, 41.318704], [19.807744, 41.318736], [19.807811, 41.318704], [19.807698, 41.318574], [19.807642, 41.318508], [19.807497, 41.318344], [19.807273, 41.318089], [19.807009, 41.317787], [19.806852, 41.317608], [19.806729, 41.317528], [19.806663, 41.317489], [19.806578, 41.317452], [19.806536, 41.317439], [19.806501, 41.317417], [19.806476, 41.317389], [19.80646, 41.317323], [19.806517, 41.317246], [19.806528, 41.317238], [19.806551, 41.31723], [19.806529, 41.31719], [19.806473, 41.317113], [19.805886, 41.316386], [19.805861, 41.316355], [19.805824, 41.316309], [19.805507, 41.315948], [19.80526, 41.315645], [19.805214, 41.315597], [19.80503, 41.315329], [19.804822, 41.315046], [19.804781, 41.314989], [19.804728, 41.314932], [19.804553, 41.314739], [19.804367, 41.314542], [19.804302, 41.314466], [19.804195, 41.31434], [19.80418, 41.314322], [19.803653, 41.313676], [19.803611, 41.31365], [19.803555, 41.31362], [19.803502, 41.313605], [19.803444, 41.31357], [19.803407, 41.313562], [19.803359, 41.31356], [19.803251, 41.313571], [19.802279, 41.313678], [19.801904, 41.313727], [19.801808, 41.313744], [19.801699, 41.313763], [19.801518, 41.313799], [19.801452, 41.313811], [19.801345, 41.313835], [19.801245, 41.313858], [19.801047, 41.313902], [19.800979, 41.313914], [19.800918, 41.313917], [19.800855, 41.313929], [19.800709, 41.313962], [19.800564, 41.314025], [19.800378, 41.314114], [19.800068, 41.314312], [19.799861, 41.314479], [19.799706, 41.314633], [19.799668, 41.314698], [19.799611, 41.314768], [19.799603, 41.314796], [19.799552, 41.314871], [19.799466, 41.314927], [19.799432, 41.31494], [19.799397, 41.314949], [19.799322, 41.314957], [19.799284, 41.314955], [19.799247, 41.31495], [19.799145, 41.314914], [19.799068, 41.314852], [19.79905, 41.314826], [19.799037, 41.3148], [19.799028, 41.314772], [19.799024, 41.314744], [19.799025, 41.314716], [19.798906, 41.314711], [19.798632, 41.314764], [19.798388, 41.314806], [19.798279, 41.314833], [19.798103, 41.314895], [19.797909, 41.31497], [19.797784, 41.315038], [19.797728, 41.315081], [19.797688, 41.315135], [19.797591, 41.315331], [19.797532, 41.315449]]}}, {"type": "Feature", "properties": {"route_id": "5", "route_short_name": "4", "route_long_name": "City Park \u2013 Qend\u00ebr", "route_color": "#880E4F", "route_text_color": "#FFFFFF", "shape_id": "5_0", "direction": "0", "corridor_group": "corridor_1", "requested_offset_meters": 12.0, "offset_meters": 3.75, "debug": false}, "geometry": {"type": "LineString", "coordinates": [[19.81672914, 41.33007454], [19.81664952, 41.33003617], [19.8165003, 41.32993191], [19.81636924, 41.32978459], [19.81613982, 41.32930957], [19.81605401, 41.32925766], [19.81591312, 41.32910649], [19.81581065, 41.32907486], [19.81561992, 41.32908263], [19.81525664, 41.32921035], [19.81460995, 41.32976019], [19.8143054, 41.33000303], [19.81421547, 41.33006628], [19.81365578, 41.33045806], [19.81359524, 41.33049907], [19.81317028, 41.33074788], [19.81262883, 41.33103758], [19.81191146, 41.33143179], [19.81176646, 41.33151279], [19.81165544, 41.33157379], [19.81113584, 41.33186458], [19.81085406, 41.33201246], [19.81082082, 41.33203059], [19.81051896, 41.33219351], [19.80987706, 41.33253785], [19.80965808, 41.33261801], [19.80885881, 41.33285151], [19.80805774, 41.33308553], [19.80797972, 41.33310853], [19.80752575, 41.33324152], [19.80716473, 41.33334753], [19.80685958, 41.33343716], [19.80670244, 41.33349799], [19.80667597, 41.33350835], [19.80654377, 41.33358389], [19.80641208, 41.33369135], [19.80609375, 41.33414813], [19.80606618, 41.33419369], [19.80587414, 41.33409606], [19.8055585, 41.33389357], [19.80520468, 41.33365402], [19.80487574, 41.33346315], [19.80457341, 41.33335182], [19.80435329, 41.33329271], [19.80425572, 41.3332732], [19.80401592, 41.33327424], [19.80373867, 41.33330186], [19.80361538, 41.33332926], [19.80249443, 41.33371026], [19.80221424, 41.33380733], [19.80150219, 41.33405534], [19.80087419, 41.33427434], [19.8000072, 41.33457634], [19.79909122, 41.33489534], [19.79794904, 41.3352924], [19.79787598, 41.33531842], [19.7971771, 41.33556338], [19.79669514, 41.33573236], [19.79641124, 41.33583133], [19.79553529, 41.33613482], [19.79465926, 41.33643832], [19.79352021, 41.33683434], [19.79306119, 41.33699435], [19.79269116, 41.33712336], [19.79228817, 41.33726435], [19.79131471, 41.33760334], [19.7903412, 41.33794234], [19.78968693, 41.33817043], [19.78903669, 41.33840453], [19.78838699, 41.33863841], [19.78820524, 41.33870133], [19.78754524, 41.33893133], [19.78729178, 41.33901914], [19.78669865, 41.33921151], [19.78616652, 41.33942335], [19.78550212, 41.3397058], [19.78525927, 41.33984788], [19.78500771, 41.3399825], [19.78474115, 41.34007168], [19.78413907, 41.34023871], [19.78334884, 41.34050578], [19.78314689, 41.34056377], [19.78301498, 41.34060807], [19.78283908, 41.34064362], [19.78265897, 41.34062531], [19.78251103, 41.34067174], [19.78241092, 41.34070208], [19.78179642, 41.34092462], [19.78172331, 41.34095166], [19.78097622, 41.34122627], [19.78086747, 41.34131142], [19.78055058, 41.34148462], [19.78017193, 41.34164917], [19.7795268, 41.34188717], [19.77888051, 41.34212559], [19.77796641, 41.3424537], [19.77785782, 41.34251068], [19.77760171, 41.34273278], [19.77751531, 41.34277886], [19.77704765, 41.34305224], [19.7763295, 41.34346633], [19.77629837, 41.34348484], [19.77611112, 41.34353212], [19.77592693, 41.34352941], [19.77573698, 41.34344263], [19.77548459, 41.34336765], [19.77534979, 41.34337664], [19.77521422, 41.34340584], [19.7750021, 41.3434635], [19.77482359, 41.34370299], [19.77484345, 41.34375264], [19.77483465, 41.34377792], [19.774791, 41.34380224], [19.77474719, 41.34379936], [19.77469387, 41.34376213], [19.77441877, 41.34374771], [19.77363594, 41.34401626], [19.77286345, 41.34428126], [19.77203846, 41.34456375], [19.77121347, 41.34484625], [19.77016337, 41.34520528], [19.76991525, 41.34529132], [19.76977428, 41.34534031], [19.76896484, 41.3456198], [19.76815534, 41.34589929], [19.7671613, 41.3462423], [19.76683857, 41.34635421], [19.76681154, 41.34636322], [19.76642312, 41.34649837], [19.76558225, 41.34679432], [19.76517944, 41.34693226], [19.7644273, 41.3471903], [19.76352518, 41.34750485], [19.76262318, 41.34781935], [19.76240824, 41.34789433], [19.76122234, 41.34830429], [19.76018525, 41.34866132], [19.75913314, 41.34902936], [19.75822226, 41.34934732], [19.75810582, 41.34938747], [19.75776667, 41.34951253], [19.75688105, 41.3498239], [19.75599492, 41.35013544], [19.75508651, 41.35046023], [19.75383172, 41.35086816], [19.7528002, 41.35122735], [19.75176936, 41.35158628], [19.75172539, 41.35160127], [19.75099726, 41.35185382], [19.75026931, 41.3521063], [19.74997328, 41.35220831], [19.74958524, 41.35234332], [19.74922727, 41.35246731], [19.74895029, 41.35256331], [19.74872556, 41.35264098], [19.74864127, 41.35270721], [19.74842763, 41.35278454], [19.7483351, 41.35281785], [19.74819151, 41.35282683], [19.74792533, 41.3529183], [19.74751027, 41.35306231], [19.74708831, 41.3532083], [19.74680732, 41.3533053], [19.74595382, 41.3536003], [19.74510025, 41.35389532], [19.74394934, 41.35429629], [19.74367442, 41.35439026], [19.74292084, 41.3546499], [19.74304932, 41.35470592], [19.7430023, 41.35462159], [19.74258916, 41.35476635], [19.74139875, 41.3551801], [19.74020826, 41.35559386], [19.73901775, 41.3560076], [19.73782726, 41.35642132], [19.7370613, 41.35668631], [19.73629526, 41.35695132], [19.73599311, 41.35705637], [19.73507651, 41.35737941], [19.73416023, 41.35770233], [19.73325095, 41.35801376], [19.73234145, 41.35832525], [19.73201132, 41.3584383], [19.73138819, 41.35865534], [19.73010428, 41.35910231], [19.72926436, 41.35939179], [19.72842431, 41.3596813], [19.72762817, 41.35995735], [19.72717204, 41.36011739], [19.72708429, 41.36014831], [19.72683151, 41.36023423], [19.72657447, 41.36032225], [19.72595981, 41.36053213], [19.72533222, 41.36073767], [19.72451199, 41.36096817], [19.72315716, 41.36131301], [19.72180163, 41.36165801], [19.72146853, 41.36174303], [19.72067994, 41.36194706], [19.71989155, 41.36215103], [19.71955652, 41.36223629], [19.71951649, 41.3622483], [19.71859579, 41.36248397], [19.71826485, 41.36256595], [19.71812671, 41.36260099], [19.71787773, 41.36266398], [19.71770371, 41.36270799], [19.71681375, 41.36293398], [19.71662671, 41.36298099], [19.71578812, 41.36319501], [19.71494966, 41.363409], [19.71465316, 41.36348413], [19.71433665, 41.36357127], [19.71416285, 41.36361885], [19.71398498, 41.36371529], [19.71392166, 41.36378879], [19.71387772, 41.36387887], [19.71386392, 41.36402962], [19.71405531, 41.36490139], [19.7140639, 41.36507607], [19.71403876, 41.36513221], [19.71395442, 41.3652184], [19.71361373, 41.36545639], [19.71283453, 41.36592511], [19.71205275, 41.36639538], [19.71190076, 41.36650137], [19.71127106, 41.36687959], [19.71063961, 41.36725886], [19.70968723, 41.3678611], [19.70919606, 41.36816957], [19.70877983, 41.36840799], [19.70820199, 41.36866901], [19.708044, 41.36874001], [19.70796235, 41.36877685], [19.70769522, 41.36889191], [19.7071905, 41.36912323], [19.70651874, 41.36943812], [19.70641827, 41.36948289], [19.7059975, 41.36966823], [19.70556434, 41.36987928], [19.70513296, 41.37012306], [19.70493129, 41.37023887], [19.70485069, 41.37028265], [19.70463291, 41.37040208], [19.70427656, 41.37061391], [19.70406348, 41.37068621], [19.70376436, 41.37071729], [19.70309143, 41.37073019], [19.70292064, 41.37071867], [19.70280004, 41.37069092], [19.70256096, 41.37062716], [19.70248648, 41.3706073], [19.702348, 41.37056745], [19.70196619, 41.37045751], [19.70159018, 41.37034639], [19.70145275, 41.37028872], [19.70129666, 41.37019791], [19.70123981, 41.37013023], [19.70116372, 41.36999613], [19.70106354, 41.36938202], [19.70096159, 41.36923018], [19.70086008, 41.36916927], [19.70070106, 41.36914769], [19.70044452, 41.36918197], [19.69936926, 41.36938902], [19.69936227, 41.36939001], [19.69853901, 41.36954826], [19.6978136, 41.36968524], [19.697088, 41.36982226], [19.69693191, 41.36985228], [19.69619389, 41.36999428], [19.69544182, 41.37013929], [19.69432982, 41.37035629], [19.69385317, 41.37044823], [19.69263041, 41.37067118], [19.69254332, 41.3706872], [19.69189734, 41.37080719], [19.69152035, 41.37087619], [19.69097925, 41.37097653], [19.6909396, 41.37091158], [19.69091889, 41.37079016], [19.69092073, 41.37071837], [19.69096092, 41.37059397], [19.69115673, 41.37020134], [19.69115889, 41.37007056], [19.69111767, 41.36992834], [19.69087366, 41.36918531], [19.69062785, 41.36834395], [19.69056788, 41.36812559], [19.69016631, 41.36811027], [19.68955679, 41.36808608], [19.68956576, 41.36798596], [19.68957476, 41.36784689], [19.68958719, 41.3676988], [19.68953575, 41.36754757], [19.68949677, 41.36739676], [19.68938009, 41.36722747], [19.68886164, 41.36720338], [19.6888647, 41.36716767]]}}, {"type": "Feature", "properties": {"route_id": "5", "route_short_name": "4", "route_long_name": "City Park \u2013 Qend\u00ebr", "route_color": "#880E4F", "route_text_color": "#FFFFFF", "shape_id": "5_0", "direction": "0", "corridor_group": "corridor_1", "offset_meters": 0, "debug": true}, "geometry": {"type": "LineString", "coordinates": [[19.816705, 41.330103], [19.816622, 41.330063], [19.816466, 41.329954], [19.816329, 41.3298], [19.816102, 41.32933], [19.816021, 41.329281], [19.815884, 41.329134], [19.815803, 41.329109], [19.815631, 41.329116], [19.815284, 41.329238], [19.814643, 41.329783], [19.814337, 41.330027], [19.814246, 41.330091], [19.813686, 41.330483], [19.813624, 41.330525], [19.813197, 41.330775], [19.812655, 41.331065], [19.811938, 41.331459], [19.811793, 41.33154], [19.811682, 41.331601], [19.811162, 41.331892], [19.81088, 41.33204], [19.810847, 41.332058], [19.810545, 41.332221], [19.8099, 41.332567], [19.809676, 41.332649], [19.808875, 41.332883], [19.808074, 41.333117], [19.807996, 41.33314], [19.807542, 41.333273], [19.807181, 41.333379], [19.806878, 41.333468], [19.806723, 41.333528], [19.8067, 41.333537], [19.806574, 41.333609], [19.806449, 41.333711], [19.806134, 41.334163], [19.806085, 41.334244], [19.805847, 41.334123], [19.805529, 41.333919], [19.805176, 41.33368], [19.804852, 41.333492], [19.804556, 41.333383], [19.80434, 41.333325], [19.80425, 41.333307], [19.804019, 41.333308], [19.803748, 41.333335], [19.803631, 41.333361], [19.802513, 41.333741], [19.802233, 41.333838], [19.801521, 41.334086], [19.800893, 41.334305], [19.800026, 41.334607], [19.79911, 41.334926], [19.797968, 41.335323], [19.797895, 41.335349], [19.797196, 41.335594], [19.796714, 41.335763], [19.79643, 41.335862], [19.795554, 41.3361655], [19.794678, 41.336469], [19.793539, 41.336865], [19.79308, 41.337025], [19.79271, 41.337154], [19.792307, 41.337295], [19.7913335, 41.337634], [19.79036, 41.337973], [19.789706, 41.338201], [19.789056, 41.338435], [19.788406, 41.338669], [19.788224, 41.338732], [19.787564, 41.338962], [19.78731, 41.33905], [19.786718, 41.339242], [19.786188, 41.339453], [19.785527, 41.339734], [19.785286, 41.339875], [19.78503, 41.340012], [19.784758, 41.340103], [19.784156, 41.34027], [19.783366, 41.340537], [19.783164, 41.340595], [19.78303, 41.34064], [19.782842, 41.340678], [19.782665, 41.34066], [19.782528, 41.340703], [19.782429, 41.340733], [19.781816, 41.340955], [19.781743, 41.340982], [19.781003, 41.341254], [19.780897, 41.341337], [19.780575, 41.341513], [19.780193, 41.341679], [19.7795465, 41.3419175], [19.7789, 41.342156], [19.777989, 41.342483], [19.777888, 41.342536], [19.777632, 41.342758], [19.777542, 41.342806], [19.777075, 41.343079], [19.776357, 41.343493], [19.77632, 41.343515], [19.776118, 41.343566], [19.775914, 41.343563], [19.775717, 41.343473], [19.775478, 41.343402], [19.775358, 41.34341], [19.775228, 41.343438], [19.775033, 41.343491], [19.774872, 41.343707], [19.77489, 41.343752], [19.774874, 41.343798], [19.774804, 41.343837], [19.774728, 41.343832], [19.774675, 41.343795], [19.774427, 41.343782], [19.7736545, 41.344047], [19.772882, 41.344312], [19.772057, 41.3445945], [19.771232, 41.344877], [19.770182, 41.345236], [19.769934, 41.345322], [19.769793, 41.345371], [19.7689835, 41.3456505], [19.768174, 41.34593], [19.76718, 41.346273], [19.766857, 41.346385], [19.76683, 41.346394], [19.766442, 41.346529], [19.765601, 41.346825], [19.765198, 41.346963], [19.764446, 41.347221], [19.763544, 41.3475355], [19.762642, 41.34785], [19.762427, 41.347925], [19.761241, 41.348335], [19.760204, 41.348692], [19.759152, 41.34906], [19.758241, 41.349378], [19.758125, 41.349418], [19.757786, 41.349543], [19.7569, 41.3498545], [19.756014, 41.350166], [19.755105, 41.350491], [19.75385, 41.350899], [19.75281901, 41.351258], [19.751788, 41.351617], [19.751744, 41.351632], [19.751016, 41.3518845], [19.750288, 41.352137], [19.749992, 41.352239], [19.749604, 41.352374], [19.749246, 41.352498], [19.748969, 41.352594], [19.748752, 41.352669], [19.748668, 41.352735], [19.748447, 41.352815], [19.748347, 41.352851], [19.748203, 41.35286], [19.747944, 41.352949], [19.747529, 41.353093], [19.747107, 41.353239], [19.746826, 41.353336], [19.7459725, 41.353631], [19.745119, 41.353926], [19.743968, 41.354327], [19.743693, 41.354421], [19.742979, 41.354667], [19.743008, 41.354719], [19.742979, 41.354667], [19.742608, 41.354797], [19.74141752, 41.35521077], [19.74022703, 41.35562453], [19.73903652, 41.35603827], [19.737846, 41.356452], [19.73708, 41.356717], [19.736314, 41.356982], [19.736012, 41.357087], [19.7350955, 41.35741], [19.734179, 41.357733], [19.7332695, 41.3580445], [19.73236, 41.358356], [19.73203, 41.358469], [19.731407, 41.358686], [19.730123, 41.359133], [19.729283, 41.3594225], [19.728443, 41.359712], [19.727647, 41.359988], [19.727191, 41.360148], [19.727103, 41.360179], [19.72685, 41.360265], [19.726593, 41.360353], [19.725978, 41.360563], [19.725349, 41.360769], [19.724527, 41.361], [19.72317151, 41.36134501], [19.721816, 41.36169], [19.721483, 41.361775], [19.7206945, 41.361979], [19.719906, 41.362183], [19.719572, 41.362268], [19.719532, 41.36228], [19.71861, 41.362516], [19.718279, 41.362598], [19.718141, 41.362633], [19.717892, 41.362696], [19.717718, 41.36274], [19.716828, 41.362966], [19.716641, 41.363013], [19.7158025, 41.363227], [19.714964, 41.363441], [19.714668, 41.363516], [19.714352, 41.363603], [19.714184, 41.363649], [19.714018, 41.363739], [19.713962, 41.363804], [19.713922, 41.363886], [19.713909, 41.364028], [19.7141, 41.364898], [19.714109, 41.365081], [19.714079, 41.365148], [19.713988, 41.365241], [19.713643, 41.365482], [19.71286251, 41.3659515], [19.712082, 41.366421], [19.71193, 41.366527], [19.711299, 41.366906], [19.710668, 41.367285], [19.709716, 41.367887], [19.709224, 41.368196], [19.708805, 41.368436], [19.708225, 41.368698], [19.708067, 41.368769], [19.707985, 41.368806], [19.707718, 41.368921], [19.707214, 41.369152], [19.706542, 41.369467], [19.706441, 41.369512], [19.706021, 41.369697], [19.70559, 41.369907], [19.70516, 41.37015], [19.704958, 41.370266], [19.704877, 41.37031], [19.70466, 41.370429], [19.7043, 41.370643], [19.704076, 41.370719], [19.703768, 41.370751], [19.70309, 41.370764], [19.702912, 41.370752], [19.702786, 41.370723], [19.702546, 41.370659], [19.702471, 41.370639], [19.702332, 41.370599], [19.70195, 41.370489], [19.701571, 41.370377], [19.701428, 41.370317], [19.701263, 41.370221], [19.7012, 41.370146], [19.70112, 41.370005], [19.70102, 41.369392], [19.700926, 41.369252], [19.700841, 41.369201], [19.700701, 41.369182], [19.700454, 41.369215], [19.699379, 41.369422], [19.699372, 41.369423], [19.69855, 41.369581], [19.6978245, 41.369718], [19.697099, 41.369855], [19.696943, 41.369885], [19.696205, 41.370027], [19.695453, 41.370172], [19.694341, 41.370389], [19.693864, 41.370481], [19.692641, 41.370704], [19.692554, 41.37072], [19.691908, 41.37084], [19.691531, 41.370909], [19.690954, 41.371016], [19.690896, 41.370921], [19.690874, 41.370792], [19.690876, 41.370714], [19.690918, 41.370584], [19.691112, 41.370195], [19.691114, 41.370074], [19.691074, 41.369936], [19.69083, 41.369193], [19.690584, 41.368351], [19.690531, 41.368158], [19.690164, 41.368144], [19.689509, 41.368118], [19.689521, 41.367984], [19.68953, 41.367845], [19.689542, 41.367702], [19.689492, 41.367555], [19.689454, 41.367408], [19.689352, 41.36726], [19.688814, 41.367235], [19.68881996, 41.3671655]]}}, {"type": "Feature", "properties": {"route_id": "5", "route_short_name": "4", "route_long_name": "City Park \u2013 Qend\u00ebr", "route_color": "#880E4F", "route_text_color": "#FFFFFF", "shape_id": "5_1", "direction": "1", "corridor_group": "corridor_1", "requested_offset_meters": 12.0, "offset_meters": 3.75, "debug": false}, "geometry": {"type": "LineString", "coordinates": [[19.68877522, 41.36716332], [19.68877526, 41.36716282], [19.68876636, 41.36726662], [19.68932391, 41.36729253], [19.68941123, 41.36741924], [19.68944825, 41.36756243], [19.68949681, 41.3677052], [19.68948524, 41.36784311], [19.68947405, 41.36801587], [19.69016745, 41.36804468], [19.69046465, 41.36806795], [19.69048695, 41.36816432], [19.69054015, 41.36835805], [19.69078634, 41.36920069], [19.69103033, 41.36994366], [19.69106911, 41.37007744], [19.69106727, 41.37018866], [19.69087508, 41.37057403], [19.69083127, 41.37070963], [19.69082911, 41.37079384], [19.6908524, 41.37093042], [19.69092875, 41.37105547], [19.69135267, 41.3709768], [19.69191868, 41.3708728], [19.69256468, 41.3707528], [19.69265159, 41.37073682], [19.69387483, 41.37051377], [19.69435218, 41.37042171], [19.69546418, 41.37020471], [19.69621611, 41.37005972], [19.69695409, 41.36991772], [19.69710999, 41.36988774], [19.69813791, 41.36969376], [19.698561, 41.36961374], [19.69938309, 41.36945573], [19.70046347, 41.36924804], [19.70070094, 41.36921631], [19.70082192, 41.36923273], [19.70089041, 41.36927382], [19.70097646, 41.36940198], [19.70107628, 41.37001387], [19.70116019, 41.37016177], [19.70122934, 41.37024409], [19.70140325, 41.37034528], [19.70155182, 41.37040761], [19.70193381, 41.37052049], [19.702316, 41.37063055], [19.70245552, 41.3706707], [19.70253104, 41.37069084], [19.70277196, 41.37075508], [19.70290336, 41.37078533], [19.70308857, 41.37079781], [19.70377164, 41.37078471], [19.70408852, 41.37075179], [19.70432344, 41.37067209], [19.70468709, 41.37045592], [19.70490331, 41.37033735], [19.70498471, 41.37029313], [19.70518704, 41.37017694], [19.70561566, 41.36993472], [19.70604452, 41.36972576], [19.70656506, 41.36949597], [19.70667159, 41.36944672], [19.70723752, 41.36918075], [19.70774078, 41.36895009], [19.70800765, 41.36883515], [19.70809, 41.36879799], [19.70824801, 41.36872699], [19.70883017, 41.36846401], [19.70925194, 41.36822243], [19.70974477, 41.3679129], [19.71069639, 41.36731114], [19.71132695, 41.36693241], [19.71195924, 41.36655263], [19.71211125, 41.36644662], [19.71289048, 41.3659779], [19.71367227, 41.36550761], [19.71402158, 41.3652636], [19.71411924, 41.36516379], [19.7141541, 41.36508593], [19.71414469, 41.36489461], [19.71395408, 41.36402638], [19.71396628, 41.36389313], [19.71400234, 41.36381921], [19.71405102, 41.36376271], [19.71420515, 41.36367915], [19.71436761, 41.36363466], [19.71440261, 41.36362466], [19.71468285, 41.36354787], [19.71566887, 41.3632965], [19.71665528, 41.36304502], [19.71684225, 41.36299802], [19.71773229, 41.36277201], [19.71790631, 41.36272801], [19.71796131, 41.36271401], [19.71829314, 41.36263005], [19.71862421, 41.36254803], [19.71954751, 41.3623117], [19.71958748, 41.36229971], [19.71992045, 41.36221497], [19.72127356, 41.36186494], [19.72149746, 41.36180697], [19.72251203, 41.36154867], [19.72352669, 41.36129034], [19.72454201, 41.36103183], [19.72536578, 41.36080033], [19.72599619, 41.36059387], [19.72656148, 41.36040077], [19.72661147, 41.36038378], [19.72712174, 41.36020968], [19.72720996, 41.36017861], [19.72766583, 41.36001865], [19.72846169, 41.3597427], [19.72930165, 41.35945322], [19.73014172, 41.35916369], [19.73142577, 41.35871667], [19.73189287, 41.35855463], [19.73204877, 41.35849967], [19.73312306, 41.35813175], [19.73419777, 41.35776367], [19.7351145, 41.3574406], [19.73603089, 41.35711763], [19.73633274, 41.35701268], [19.73709871, 41.3567477], [19.73786474, 41.35648268], [19.73902079, 41.35608094], [19.7401768, 41.35567919], [19.7413328, 41.35527744], [19.74248878, 41.35487567], [19.74262684, 41.35482764], [19.74299777, 41.35469767], [19.74371158, 41.35445174], [19.74398666, 41.35435771], [19.74513775, 41.35395668], [19.74599119, 41.3536617], [19.74684468, 41.3533667], [19.74712569, 41.3532697], [19.74754773, 41.35312369], [19.74796267, 41.3529797], [19.74822169, 41.3528907], [19.74877089, 41.35269963], [19.74885873, 41.35266868], [19.74898761, 41.35262473], [19.74926473, 41.35252869], [19.74962276, 41.35240468], [19.75001072, 41.35226969], [19.75030669, 41.3521677], [19.75099024, 41.35193068], [19.75167377, 41.35169367], [19.7517628, 41.35166266], [19.7528158, 41.35129617], [19.75386828, 41.35092984], [19.75512349, 41.35052177], [19.75603308, 41.35019656], [19.75691896, 41.34988511], [19.75780533, 41.34957347], [19.75814418, 41.34944853], [19.75825974, 41.34940868], [19.75917086, 41.34909064], [19.76022275, 41.34872268], [19.76125967, 41.34836571], [19.76219266, 41.34804271], [19.76244571, 41.34795569], [19.76345533, 41.34760366], [19.76446468, 41.3472517], [19.76544363, 41.34691672], [19.76561985, 41.34685564], [19.76646088, 41.34655963], [19.76684846, 41.34642478], [19.76687543, 41.34641579], [19.7671987, 41.3463037], [19.76819266, 41.34596071], [19.76900217, 41.34568121], [19.76981174, 41.34540168], [19.77007571, 41.34530969], [19.77020056, 41.34526674], [19.77125053, 41.34490775], [19.77207554, 41.34462525], [19.77290055, 41.34434274], [19.77367307, 41.34407774], [19.77444487, 41.34381298], [19.77470576, 41.34373145], [19.77474751, 41.34370695], [19.77477698, 41.34370333], [19.77483408, 41.34372922], [19.77484345, 41.34375264], [19.77482499, 41.34380571], [19.77490976, 41.34388669], [19.77500839, 41.3439398], [19.77538011, 41.34408788], [19.77547594, 41.34412581], [19.77571983, 41.34422499], [19.77585474, 41.34426067], [19.77613118, 41.34422855], [19.77618774, 41.34413115], [19.77603159, 41.34408971], [19.77614336, 41.34419823], [19.77630824, 41.3439609], [19.7763474, 41.34389671], [19.77636752, 41.34379387], [19.77634386, 41.34371105], [19.77624357, 41.34360532], [19.77613549, 41.34353248], [19.77592693, 41.34352941], [19.7757486, 41.34344794], [19.77564027, 41.34332757], [19.77554107, 41.34311944], [19.77549155, 41.34295854], [19.77550214, 41.34290296], [19.77550687, 41.34288641], [19.77551353, 41.34287491], [19.77558339, 41.34281166], [19.77563841, 41.34276223], [19.77574424, 41.34270746], [19.77647586, 41.34245264], [19.77668686, 41.34237864], [19.77690242, 41.34230349], [19.7770298, 41.34227212], [19.77713736, 41.34226209], [19.77728117, 41.34227865], [19.77755887, 41.34220634], [19.7781358, 41.34200266], [19.77883163, 41.34176372], [19.77937838, 41.3415748], [19.7799841, 41.34137356], [19.78019889, 41.34132011], [19.78046983, 41.34125437], [19.78066821, 41.34121312], [19.78090079, 41.34118773], [19.78105168, 41.3411357], [19.78218573, 41.34074268], [19.78250581, 41.34063166], [19.78257413, 41.34060774], [19.78272581, 41.34048134], [19.78294074, 41.34038356], [19.78385677, 41.34003363], [19.78477207, 41.33968396], [19.78572692, 41.33941329], [19.78604767, 41.33930704], [19.78662134, 41.33912614], [19.78699631, 41.33900715], [19.78771625, 41.33878117], [19.7880373, 41.33868016], [19.78831002, 41.33859393], [19.78841775, 41.33855668], [19.78874534, 41.33844247], [19.7888901, 41.33838856], [19.78930953, 41.33824675], [19.78958968, 41.3381497], [19.78996072, 41.33802169], [19.79009578, 41.33797467], [19.79100442, 41.33765879], [19.79185052, 41.33737776], [19.79296398, 41.3369856], [19.79407701, 41.33659359], [19.79448389, 41.33644963], [19.79503162, 41.33625972], [19.79556963, 41.33607572], [19.7959098, 41.33595766], [19.79617275, 41.33586568], [19.79638161, 41.33579373], [19.79700459, 41.33557973], [19.79770867, 41.3353377], [19.79795091, 41.33525362], [19.79812276, 41.33519267], [19.79849561, 41.33506572], [19.79956287, 41.33469463], [19.80017888, 41.33447763], [19.80096278, 41.33420467], [19.80136568, 41.3340647], [19.80139814, 41.33405354], [19.80141723, 41.33404651], [19.80189972, 41.33387869], [19.80231683, 41.33373465], [19.80248686, 41.33367464], [19.80358623, 41.33329347], [19.80380842, 41.33317822], [19.80404478, 41.33296571], [19.80408516, 41.33289201], [19.80413573, 41.3328423], [19.80428256, 41.33277204], [19.80445541, 41.33276214], [19.80453541, 41.33277934], [19.80461759, 41.33281503], [19.80497226, 41.33280762], [19.80562477, 41.33263436], [19.80591459, 41.33253473], [19.80617063, 41.33244672], [19.80639072, 41.33237069], [19.80690289, 41.33219263], [19.80745209, 41.33199856], [19.80772391, 41.33190162], [19.80845816, 41.33164821], [19.80919271, 41.33139469], [19.80970778, 41.33121567], [19.81057779, 41.33091266], [19.81174778, 41.33050567], [19.8120898, 41.33038666], [19.8125768, 41.33021666], [19.81348545, 41.32990068], [19.81439411, 41.32958468], [19.81530286, 41.32926864], [19.81564982, 41.32914665], [19.81603492, 41.32901335], [19.81611808, 41.32866806], [19.81623203, 41.32819928], [19.81626001, 41.32809133], [19.81632796, 41.32781656], [19.81637491, 41.32764771], [19.81639497, 41.3275705], [19.81646289, 41.32730979], [19.81661484, 41.32677498], [19.81664383, 41.32667], [19.81681382, 41.32607505], [19.8169366, 41.32563786], [19.8173369, 41.32570007], [19.81799086, 41.32580306], [19.81900591, 41.32596207], [19.81905218, 41.32596927], [19.8188657, 41.32665942], [19.818882, 41.32677237], [19.81907424, 41.32693551], [19.81924922, 41.32713932], [19.81939137, 41.3271909], [19.82061884, 41.32729755], [19.82188285, 41.32740855], [19.82247847, 41.32746009], [19.82266015, 41.32750879], [19.82259355, 41.3275418], [19.82249455, 41.32761193], [19.82242814, 41.32766358], [19.82229174, 41.32781445], [19.82203382, 41.32824768], [19.82184769, 41.32858992], [19.82138689, 41.32939756], [19.8210509, 41.32997654], [19.82078079, 41.33044825], [19.82065347, 41.33058172], [19.82037978, 41.33056415], [19.82003966, 41.33057708], [19.81956066, 41.33051572], [19.81905188, 41.33044775], [19.81795564, 41.33029885], [19.81776914, 41.33026893], [19.8169319, 41.33014036], [19.8167839, 41.33010146], [19.81672947, 41.33007471]]}}, {"type": "Feature", "properties": {"route_id": "5", "route_short_name": "4", "route_long_name": "City Park \u2013 Qend\u00ebr", "route_color": "#880E4F", "route_text_color": "#FFFFFF", "shape_id": "5_1", "direction": "1", "corridor_group": "corridor_1", "offset_meters": 0, "debug": true}, "geometry": {"type": "LineString", "coordinates": [[19.68881996, 41.3671655], [19.68882, 41.367165], [19.688814, 41.367235], [19.689352, 41.36726], [19.689454, 41.367408], [19.689492, 41.367555], [19.689542, 41.367702], [19.68953, 41.367845], [19.689521, 41.367984], [19.690171, 41.368011], [19.690503, 41.368037], [19.690531, 41.368158], [19.690584, 41.368351], [19.69083, 41.369193], [19.691074, 41.369936], [19.691114, 41.370074], [19.691112, 41.370195], [19.690918, 41.370584], [19.690876, 41.370714], [19.690874, 41.370792], [19.690896, 41.370921], [19.690954, 41.371016], [19.691342, 41.370944], [19.691908, 41.37084], [19.692554, 41.37072], [19.692641, 41.370704], [19.693864, 41.370481], [19.694341, 41.370389], [19.695453, 41.370172], [19.696205, 41.370027], [19.696943, 41.369885], [19.697099, 41.369855], [19.698127, 41.369661], [19.69855, 41.369581], [19.699372, 41.369423], [19.700454, 41.369215], [19.700701, 41.369182], [19.700841, 41.369201], [19.700926, 41.369252], [19.70102, 41.369392], [19.70112, 41.370005], [19.7012, 41.370146], [19.701263, 41.370221], [19.701428, 41.370317], [19.701571, 41.370377], [19.70195, 41.370489], [19.702332, 41.370599], [19.702471, 41.370639], [19.702546, 41.370659], [19.702786, 41.370723], [19.702912, 41.370752], [19.70309, 41.370764], [19.703768, 41.370751], [19.704076, 41.370719], [19.7043, 41.370643], [19.70466, 41.370429], [19.704877, 41.37031], [19.704958, 41.370266], [19.70516, 41.37015], [19.70559, 41.369907], [19.706021, 41.369697], [19.706542, 41.369467], [19.706648, 41.369418], [19.707214, 41.369152], [19.707718, 41.368921], [19.707985, 41.368806], [19.708067, 41.368769], [19.708225, 41.368698], [19.708805, 41.368436], [19.709224, 41.368196], [19.709716, 41.367887], [19.710668, 41.367285], [19.711299, 41.366906], [19.71193, 41.366527], [19.712082, 41.366421], [19.71286251, 41.3659515], [19.713643, 41.365482], [19.713988, 41.365241], [19.714079, 41.365148], [19.714109, 41.365081], [19.7141, 41.364898], [19.713909, 41.364028], [19.713922, 41.363886], [19.713962, 41.363804], [19.714018, 41.363739], [19.714184, 41.363649], [19.714352, 41.363603], [19.714387, 41.363593], [19.714668, 41.363516], [19.7156545, 41.3632645], [19.716641, 41.363013], [19.716828, 41.362966], [19.717718, 41.36274], [19.717892, 41.362696], [19.717947, 41.362682], [19.718279, 41.362598], [19.71861, 41.362516], [19.719532, 41.36228], [19.719572, 41.362268], [19.719906, 41.362183], [19.721259, 41.361833], [19.721483, 41.361775], [19.72249767, 41.36151668], [19.72351234, 41.36125834], [19.724527, 41.361], [19.725349, 41.360769], [19.725978, 41.360563], [19.726543, 41.36037], [19.726593, 41.360353], [19.727103, 41.360179], [19.727191, 41.360148], [19.727647, 41.359988], [19.728443, 41.359712], [19.729283, 41.3594225], [19.730123, 41.359133], [19.731407, 41.358686], [19.731874, 41.358524], [19.73203, 41.358469], [19.73310451, 41.35810101], [19.734179, 41.357733], [19.7350955, 41.35741], [19.736012, 41.357087], [19.736314, 41.356982], [19.73708, 41.356717], [19.737846, 41.356452], [19.73900202, 41.35605027], [19.74015803, 41.35564852], [19.74131402, 41.35524677], [19.74247, 41.354845], [19.742608, 41.354797], [19.742979, 41.354667], [19.743693, 41.354421], [19.743968, 41.354327], [19.745119, 41.353926], [19.7459725, 41.353631], [19.746826, 41.353336], [19.747107, 41.353239], [19.747529, 41.353093], [19.747944, 41.352949], [19.748203, 41.35286], [19.748752, 41.352669], [19.74884, 41.352638], [19.748969, 41.352594], [19.749246, 41.352498], [19.749604, 41.352374], [19.749992, 41.352239], [19.750288, 41.352137], [19.7509715, 41.3519], [19.751655, 41.351663], [19.751744, 41.351632], [19.75279701, 41.3512655], [19.75385, 41.350899], [19.755105, 41.350491], [19.756014, 41.350166], [19.7569, 41.3498545], [19.757786, 41.349543], [19.758125, 41.349418], [19.758241, 41.349378], [19.759152, 41.34906], [19.760204, 41.348692], [19.761241, 41.348335], [19.762174, 41.348012], [19.762427, 41.347925], [19.76343651, 41.347573], [19.764446, 41.347221], [19.765425, 41.346886], [19.765601, 41.346825], [19.766442, 41.346529], [19.76683, 41.346394], [19.766857, 41.346385], [19.76718, 41.346273], [19.768174, 41.34593], [19.7689835, 41.3456505], [19.769793, 41.345371], [19.770057, 41.345279], [19.770182, 41.345236], [19.771232, 41.344877], [19.772057, 41.3445945], [19.772882, 41.344312], [19.7736545, 41.344047], [19.774427, 41.343782], [19.774683, 41.343702], [19.774729, 41.343675], [19.774786, 41.343668], [19.774872, 41.343707], [19.77489, 41.343752], [19.774874, 41.343798], [19.774941, 41.343862], [19.775032, 41.343911], [19.775401, 41.344058], [19.775497, 41.344096], [19.775738, 41.344194], [19.775859, 41.344226], [19.7761, 41.344198], [19.776136, 41.344136], [19.776067, 41.344069], [19.776136, 41.344136], [19.776268, 41.343946], [19.776304, 41.343887], [19.776322, 41.343795], [19.776302, 41.343725], [19.77621, 41.343628], [19.776118, 41.343566], [19.775914, 41.343563], [19.775717, 41.343473], [19.7756, 41.343343], [19.775498, 41.343129], [19.775446, 41.34296], [19.775458, 41.342897], [19.775464, 41.342876], [19.775475, 41.342857], [19.775549, 41.34279], [19.775608, 41.342737], [19.775722, 41.342678], [19.776457, 41.342422], [19.776668, 41.342348], [19.776886, 41.342272], [19.77702, 41.342239], [19.777138, 41.342228], [19.777277, 41.342244], [19.777542, 41.342175], [19.778117, 41.341972], [19.778813, 41.341733], [19.77936, 41.341544], [19.779968, 41.341342], [19.780185, 41.341288], [19.780457, 41.341222], [19.780659, 41.34118], [19.780888, 41.341155], [19.781033, 41.341105], [19.782167, 41.340712], [19.782487, 41.340601], [19.782547, 41.34058], [19.782697, 41.340455], [19.782919, 41.340354], [19.7838365, 41.3400035], [19.784754, 41.339653], [19.78571, 41.339382], [19.78603, 41.339276], [19.786604, 41.339095], [19.786979, 41.338976], [19.787699, 41.33875], [19.78802, 41.338649], [19.788292, 41.338563], [19.788399, 41.338526], [19.788726, 41.338412], [19.788871, 41.338358], [19.789291, 41.338216], [19.789571, 41.338119], [19.789942, 41.337991], [19.790077, 41.337944], [19.790986, 41.337628], [19.791832, 41.337347], [19.79294501, 41.33695501], [19.794058, 41.336563], [19.794465, 41.336419], [19.795013, 41.336229], [19.795551, 41.336045], [19.795891, 41.335927], [19.796154, 41.335835], [19.796363, 41.335763], [19.796986, 41.335549], [19.79769, 41.335307], [19.797932, 41.335223], [19.798104, 41.335162], [19.798477, 41.335035], [19.799544, 41.334664], [19.80016, 41.334447], [19.800944, 41.334174], [19.801347, 41.334034], [19.801379, 41.334023], [19.801398, 41.334016], [19.801881, 41.333848], [19.802298, 41.333704], [19.802468, 41.333644], [19.803564, 41.333264], [19.803778, 41.333153], [19.804006, 41.332948], [19.804046, 41.332875], [19.804105, 41.332817], [19.804268, 41.332739], [19.80446, 41.332728], [19.804553, 41.332748], [19.804629, 41.332781], [19.804964, 41.332774], [19.805608, 41.332603], [19.805896, 41.332504], [19.806152, 41.332416], [19.806372, 41.33234], [19.806884, 41.332162], [19.807433, 41.331968], [19.807705, 41.331871], [19.8084395, 41.3316175], [19.809174, 41.331364], [19.809689, 41.331185], [19.810559, 41.330882], [19.811729, 41.330475], [19.812071, 41.330356], [19.812558, 41.330186], [19.81346668, 41.32987001], [19.81437534, 41.32955401], [19.815284, 41.329238], [19.815631, 41.329116], [19.815995, 41.32899], [19.816074, 41.328662], [19.816188, 41.328193], [19.816216, 41.328085], [19.816284, 41.32781], [19.816331, 41.327641], [19.816351, 41.327564], [19.816419, 41.327303], [19.816571, 41.326768], [19.8166, 41.326663], [19.81677, 41.326068], [19.816902, 41.325598], [19.817346, 41.325667], [19.818, 41.32577], [19.819015, 41.325929], [19.819105, 41.325943], [19.818911, 41.326661], [19.818925, 41.326758], [19.81911, 41.326915], [19.81928, 41.327113], [19.819404, 41.327158], [19.820624, 41.327264], [19.821888, 41.327375], [19.822489, 41.327427], [19.822749, 41.3275], [19.822622, 41.327568], [19.822526, 41.327636], [19.822463, 41.327685], [19.822331, 41.327831], [19.822075, 41.328261], [19.821889, 41.328603], [19.821428, 41.329411], [19.821092, 41.32999], [19.82082, 41.330465], [19.820675, 41.330617], [19.820379, 41.330598], [19.820037, 41.330611], [19.819553, 41.330549], [19.819044, 41.330481], [19.817947, 41.330332], [19.81776, 41.330302], [19.81692, 41.330173], [19.816764, 41.330132], [19.816705, 41.330103]]}}, {"type": "Feature", "properties": {"route_id": "2", "route_short_name": "2", "route_long_name": "Terminali Juglindor", "route_color": "#E91E63", "route_text_color": "#FFFFFF", "shape_id": "2_0", "direction": "0", "corridor_group": null, "requested_offset_meters": -4, "offset_meters": -1.25, "debug": false}, "geometry": {"type": "LineString", "coordinates": [[19.85842761, 41.28295428], [19.85842561, 41.28295328], [19.85794962, 41.28252929], [19.85766164, 41.2822743], [19.85737965, 41.28202431], [19.85729679, 41.28195144], [19.85690877, 41.28162725], [19.85683222, 41.28158171], [19.85658807, 41.28149967], [19.85646151, 41.28147514], [19.85630455, 41.28146533], [19.85612173, 41.28148696], [19.85591539, 41.28154323], [19.855808, 41.28159107], [19.85563739, 41.28171138], [19.8555686, 41.28178705], [19.85527852, 41.28215887], [19.85519172, 41.28233344], [19.85521241, 41.28238662], [19.85519475, 41.28244621], [19.85514195, 41.28249241], [19.85507349, 41.28251339], [19.85500605, 41.28251037], [19.85485592, 41.28254911], [19.85411572, 41.28295059], [19.85396113, 41.28306824], [19.85394852, 41.28313905], [19.85389691, 41.28322884], [19.85381523, 41.28330638], [19.85368922, 41.2833699], [19.85367346, 41.28337516], [19.8535271, 41.28351664], [19.85330701, 41.28393889], [19.85302812, 41.28455016], [19.85274913, 41.28516162], [19.85252187, 41.28567322], [19.85224886, 41.28610623], [19.85196911, 41.28673267], [19.851652, 41.28740891], [19.8512707, 41.28815349], [19.8508674, 41.28878195], [19.85036617, 41.28954431], [19.85004681, 41.28996379], [19.84965716, 41.29043446], [19.84926733, 41.29090536], [19.84866231, 41.29151707], [19.84805764, 41.2921284], [19.84745292, 41.29273978], [19.84669608, 41.29348817], [19.84593927, 41.29423652], [19.84518245, 41.29498485], [19.84442561, 41.29573318], [19.84366875, 41.29648151], [19.8429118, 41.2972299], [19.84225565, 41.29785704], [19.84179058, 41.29828811], [19.84132585, 41.29871885], [19.84086861, 41.29919659], [19.84041105, 41.29967465], [19.83983714, 41.30025856], [19.83930478, 41.30083841], [19.83877249, 41.30141818], [19.83835755, 41.3019221], [19.83785393, 41.3024898], [19.83762496, 41.30269266], [19.83738272, 41.30287359], [19.83687795, 41.30315256], [19.83651131, 41.30329922], [19.83624431, 41.30338052], [19.83552703, 41.3035741], [19.83480969, 41.30376769], [19.83457242, 41.30382198], [19.83408939, 41.30388324], [19.83353646, 41.30389127], [19.83324597, 41.30387117], [19.8328594, 41.30381795], [19.83239607, 41.30370763], [19.83144914, 41.30343301], [19.83050357, 41.30315878], [19.82999832, 41.30306809], [19.829699, 41.30303925], [19.8291191, 41.30303626], [19.82860727, 41.30309601], [19.82812029, 41.30320456], [19.82765871, 41.30336606], [19.82669382, 41.30376102], [19.82605818, 41.30399325], [19.82523553, 41.30425746], [19.82435166, 41.30450486], [19.82419586, 41.30460474], [19.82381607, 41.30472198], [19.82374602, 41.30475749], [19.82352642, 41.30495113], [19.82340725, 41.30502284], [19.82295876, 41.30528707], [19.8227834, 41.30526009], [19.82255348, 41.30523421], [19.82233721, 41.30522524], [19.82196088, 41.30521081], [19.82193641, 41.3051274], [19.82185846, 41.30485456], [19.82180166, 41.30468416], [19.82171274, 41.30466619], [19.82167411, 41.30464043], [19.82165531, 41.30459794], [19.82147257, 41.30466773], [19.82113772, 41.30483765], [19.8208644, 41.30494859], [19.82065544, 41.30498714], [19.82032, 41.30500924], [19.81992398, 41.30502327], [19.81886112, 41.30498328], [19.81815456, 41.3050183], [19.81801361, 41.30500503], [19.81765777, 41.30491285], [19.81652511, 41.30517883], [19.81580383, 41.30532088], [19.81564178, 41.30535389], [19.81552726, 41.3053758], [19.81547207, 41.30539007], [19.81522185, 41.3055315], [19.81484977, 41.30581603], [19.81458245, 41.30613622], [19.81443493, 41.30629578], [19.81426701, 41.30645164], [19.81412125, 41.30655719], [19.81385069, 41.30674658], [19.81368155, 41.30684625], [19.81345395, 41.30695253], [19.81331707, 41.30701847], [19.81305199, 41.30714751], [19.81302003, 41.30716249], [19.81285686, 41.30724308], [19.81245225, 41.30749422], [19.81226904, 41.30764258], [19.81219797, 41.30770264], [19.81195174, 41.30789682], [19.81172568, 41.30807187], [19.81154988, 41.30820695], [19.81145826, 41.30832122], [19.81133893, 41.30852308], [19.81118685, 41.30886726], [19.81112211, 41.30896741], [19.8111048, 41.30898879], [19.81096731, 41.30916443], [19.81077284, 41.30934625], [19.81083303, 41.30943069], [19.81093688, 41.30947277], [19.81094357, 41.30946917], [19.81101976, 41.30944377], [19.8111314, 41.30944271], [19.81123179, 41.30948009], [19.81129882, 41.30954712], [19.81131815, 41.3096094], [19.81130736, 41.30967413], [19.81123472, 41.30975364], [19.81126134, 41.30987437], [19.81133734, 41.3099835], [19.81188276, 41.31043819], [19.81258249, 41.31095299], [19.81331755, 41.31150704], [19.81405276, 41.31206119], [19.81425878, 41.31222921], [19.81436642, 41.31231094], [19.81468732, 41.31253915], [19.81476025, 41.31257562], [19.81477399, 41.31258249], [19.81495559, 41.31266531], [19.81542454, 41.31286915], [19.81553664, 41.31296377], [19.81560724, 41.31308041], [19.81568941, 41.313362], [19.81576913, 41.31354236], [19.81578649, 41.31357982], [19.81602055, 41.31370173], [19.81612775, 41.313726], [19.81617293, 41.31375875], [19.81621171, 41.31384277], [19.81617684, 41.31392885], [19.81608084, 41.3139823], [19.81595168, 41.31398122], [19.81594052, 41.31397602], [19.81580794, 41.3140305], [19.81562351, 41.31459965], [19.81561657, 41.31462146], [19.81552062, 41.3149693], [19.81541362, 41.31535429], [19.81539862, 41.31540928], [19.81538262, 41.3154673], [19.81525763, 41.31591727], [19.81522063, 41.31605526], [19.81519662, 41.3161423], [19.81515462, 41.3162933], [19.81496762, 41.31697029], [19.81483162, 41.31746329], [19.81481463, 41.31752527], [19.81474062, 41.31779628], [19.81468262, 41.3180063], [19.81458304, 41.31836656], [19.81465234, 41.31839086], [19.81471058, 41.3184437], [19.81473424, 41.31851038], [19.81472183, 41.31857053], [19.81476599, 41.31860851], [19.81485823, 41.31865609], [19.81505053, 41.31871822], [19.81534908, 41.31876598], [19.81575408, 41.31882998], [19.816545, 41.31895597], [19.81688389, 41.31900696], [19.81710091, 41.31903896], [19.81750992, 41.31910096], [19.81777075, 41.31913993], [19.81781577, 41.31914594], [19.81826491, 41.31921396], [19.81864973, 41.31927093], [19.81948762, 41.31938192], [19.81981861, 41.31942692], [19.82075135, 41.31955003], [19.82085437, 41.31917972], [19.82092036, 41.31893476], [19.82107125, 41.31837318], [19.82109908, 41.31820525], [19.82101674, 41.31816077], [19.8209236, 41.31804176], [19.82091091, 41.31797086], [19.82093743, 41.31784538], [19.82098991, 41.31772192], [19.82112238, 41.31762386], [19.82130218, 41.31758853], [19.82139691, 41.31759917], [19.82154454, 41.31766155], [19.82163703, 41.31776963], [19.82165512, 41.31783346], [19.82163369, 41.31797322], [19.82159379, 41.31807758], [19.82154419, 41.31813878], [19.82139525, 41.31822049], [19.8213034, 41.31823564], [19.82123137, 41.31839413], [19.82114458, 41.31867144], [19.82089263, 41.31958227], [19.82065459, 41.3204664], [19.8206086, 41.32061436], [19.82058064, 41.32072223], [19.82045062, 41.3211933], [19.82022162, 41.32202031], [19.82000366, 41.32280416], [19.81999766, 41.32282916], [19.81978761, 41.32358234], [19.81975561, 41.32369435], [19.8196876, 41.32393636], [19.81966461, 41.32401635], [19.81963962, 41.32410631], [19.81954161, 41.32445732], [19.81938161, 41.32503032], [19.81922059, 41.32560539], [19.81911961, 41.32594535], [19.8189261, 41.32666153], [19.81893933, 41.32675321], [19.81912192, 41.32690816], [19.81929026, 41.32710423], [19.81940821, 41.32714703], [19.82062572, 41.32725282], [19.82188972, 41.32736382], [19.82249251, 41.32741597], [19.82277862, 41.32749707], [19.82263148, 41.32757673], [19.82253648, 41.32764402], [19.82247462, 41.32769214], [19.82234409, 41.32783652], [19.82208873, 41.32826544], [19.82190277, 41.32860736], [19.8214417, 41.32941548], [19.82141668, 41.32945852], [19.8211057, 41.32999449], [19.82083307, 41.33047058], [19.82068977, 41.3306208], [19.82068084, 41.33081124], [19.82065983, 41.33085325], [19.82048467, 41.33115353], [19.81993967, 41.33208953], [19.81979068, 41.33234453], [19.81973668, 41.33243753], [19.81963667, 41.33260853], [19.81931518, 41.33316102], [19.81899368, 41.33371352], [19.81885869, 41.33394551], [19.81862069, 41.3343575], [19.81811671, 41.33522647], [19.81806271, 41.33532146], [19.81779052, 41.3357928], [19.81762224, 41.33604271], [19.81752698, 41.33611415], [19.81738617, 41.33617089], [19.81687077, 41.33608499], [19.81635484, 41.335999], [19.81619685, 41.33597377], [19.81621733, 41.33588385], [19.81628742, 41.33564157], [19.81630141, 41.3355946], [19.81639728, 41.33525403]]}}, {"type": "Feature", "properties": {"route_id": "2", "route_short_name": "2", "route_long_name": "Terminali Juglindor", "route_color": "#E91E63", "route_text_color": "#FFFFFF", "shape_id": "2_0", "direction": "0", "corridor_group": null, "offset_meters": 0, "debug": true}, "geometry": {"type": "LineString", "coordinates": [[19.858439, 41.282947], [19.858437, 41.282946], [19.857961, 41.282522], [19.857673, 41.282267], [19.857391, 41.282017], [19.857308, 41.281944], [19.856919, 41.281619], [19.85684, 41.281572], [19.856593, 41.281489], [19.856464, 41.281464], [19.856304, 41.281454], [19.856118, 41.281476], [19.855909, 41.281533], [19.855799, 41.281582], [19.855626, 41.281704], [19.855556, 41.281781], [19.855265, 41.282154], [19.855176, 41.282333], [19.855197, 41.282387], [19.855181, 41.282441], [19.855133, 41.282483], [19.855071, 41.282502], [19.855004, 41.282499], [19.854849, 41.282539], [19.854106, 41.282942], [19.853947, 41.283063], [19.853934, 41.283136], [19.853884, 41.283223], [19.853805, 41.283298], [19.853682, 41.28336], [19.853664, 41.283366], [19.853514, 41.283511], [19.853293, 41.283935], [19.853014, 41.2845465], [19.852735, 41.285158], [19.852508, 41.285669], [19.852235, 41.286102], [19.851955, 41.286729], [19.851638, 41.287405], [19.851257, 41.288149], [19.850854, 41.288777], [19.850353, 41.289539], [19.850034, 41.289958], [19.8496445, 41.2904285], [19.849255, 41.290899], [19.84865034, 41.29151034], [19.84804568, 41.29212167], [19.847441, 41.292733], [19.84668421, 41.29348135], [19.8459274, 41.29422969], [19.84517058, 41.29497802], [19.84441374, 41.29572635], [19.84365688, 41.29647468], [19.8429, 41.297223], [19.842244, 41.29785], [19.841779, 41.298281], [19.841314, 41.298712], [19.8408565, 41.29919], [19.840399, 41.299668], [19.839825, 41.300252], [19.8392925, 41.300832], [19.83876, 41.301412], [19.838345, 41.301916], [19.837842, 41.302483], [19.837614, 41.302685], [19.837373, 41.302865], [19.83687, 41.303143], [19.836505, 41.303289], [19.836239, 41.30337], [19.835522, 41.3035635], [19.834805, 41.303757], [19.834569, 41.303811], [19.834088, 41.303872], [19.833537, 41.30388], [19.833248, 41.30386], [19.832863, 41.303807], [19.832401, 41.303697], [19.8314545, 41.3034225], [19.830508, 41.303148], [19.830001, 41.303057], [19.8297, 41.303028], [19.829118, 41.303025], [19.828604, 41.303085], [19.828115, 41.303194], [19.827652, 41.303356], [19.826687, 41.303751], [19.826052, 41.303983], [19.82523, 41.304247], [19.824344, 41.304495], [19.824188, 41.304595], [19.823809, 41.304712], [19.823736, 41.304749], [19.823516, 41.304943], [19.823398, 41.305014], [19.822955, 41.305275], [19.822786, 41.305249], [19.822555, 41.305223], [19.822338, 41.305214], [19.821973, 41.3052], [19.821951, 41.305125], [19.821873, 41.304852], [19.821814, 41.304675], [19.82172, 41.304656], [19.821687, 41.304634], [19.821664, 41.304582], [19.821465, 41.304658], [19.82113, 41.304828], [19.820859, 41.304938], [19.820653, 41.304976], [19.820319, 41.304998], [19.819924, 41.305012], [19.818861, 41.304972], [19.818155, 41.305007], [19.818017, 41.304994], [19.817658, 41.304901], [19.816521, 41.305168], [19.8158, 41.30531], [19.815638, 41.305343], [19.815523, 41.305365], [19.815465, 41.30538], [19.815212, 41.305523], [19.814838, 41.305809], [19.81457, 41.30613], [19.814423, 41.306289], [19.814256, 41.306444], [19.814111, 41.306549], [19.813841, 41.306738], [19.813673, 41.306837], [19.813446, 41.306943], [19.813309, 41.307009], [19.813044, 41.307138], [19.813012, 41.307153], [19.812848, 41.307234], [19.812442, 41.307486], [19.812258, 41.307635], [19.812187, 41.307695], [19.811941, 41.307889], [19.811715, 41.308064], [19.811538, 41.3082], [19.811445, 41.308316], [19.811325, 41.308519], [19.811173, 41.308863], [19.811109, 41.308962], [19.811092, 41.308983], [19.810955, 41.309158], [19.810755, 41.309345], [19.810822, 41.309439], [19.810938, 41.309486], [19.810951, 41.309479], [19.811023, 41.309455], [19.811128, 41.309454], [19.811222, 41.309489], [19.811285, 41.309552], [19.811303, 41.30961], [19.811293, 41.30967], [19.811219, 41.309751], [19.811247, 41.309878], [19.811325, 41.30999], [19.811872, 41.310446], [19.812572, 41.310961], [19.81330699, 41.311515], [19.814042, 41.312069], [19.814248, 41.312237], [19.814356, 41.312319], [19.814678, 41.312548], [19.814752, 41.312585], [19.814766, 41.312592], [19.814948, 41.312675], [19.815415, 41.312878], [19.815524, 41.31297], [19.815593, 41.313084], [19.815675, 41.313365], [19.815755, 41.313546], [19.815774, 41.313587], [19.816014, 41.313712], [19.81612, 41.313736], [19.81616, 41.313765], [19.816196, 41.313843], [19.816164, 41.313922], [19.816076, 41.313971], [19.815956, 41.31397], [19.815941, 41.313963], [19.815795, 41.314023], [19.815609, 41.314597], [19.815602, 41.314619], [19.815506, 41.314967], [19.815399, 41.315352], [19.815384, 41.315407], [19.815368, 41.315465], [19.815243, 41.315915], [19.815206, 41.316053], [19.815182, 41.31614], [19.81514, 41.316291], [19.814953, 41.316968], [19.814817, 41.317461], [19.8148, 41.317523], [19.814726, 41.317794], [19.814668, 41.318004], [19.814566, 41.318373], [19.814643, 41.3184], [19.814697, 41.318449], [19.814719, 41.318511], [19.814706, 41.318574], [19.814756, 41.318617], [19.814851, 41.318666], [19.815046, 41.318729], [19.815346, 41.318777], [19.815751, 41.318841], [19.816542, 41.318967], [19.816881, 41.319018], [19.817098, 41.31905], [19.817507, 41.319112], [19.817768, 41.319151], [19.817813, 41.319157], [19.818262, 41.319225], [19.818647, 41.319282], [19.819485, 41.319393], [19.819816, 41.319438], [19.820763, 41.319563], [19.820869, 41.319182], [19.820935, 41.318937], [19.821086, 41.318375], [19.821115, 41.3182], [19.821028, 41.318153], [19.820938, 41.318038], [19.820926, 41.317971], [19.820952, 41.317848], [19.821003, 41.317728], [19.82113, 41.317634], [19.821303, 41.3176], [19.821392, 41.31761], [19.821534, 41.31767], [19.821623, 41.317774], [19.82164, 41.317834], [19.821619, 41.317971], [19.82158, 41.318073], [19.821533, 41.318131], [19.821389, 41.31821], [19.821292, 41.318226], [19.821217, 41.318391], [19.82113, 41.318669], [19.820878, 41.31958], [19.82064, 41.320464], [19.820594, 41.320612], [19.820566, 41.32072], [19.820436, 41.321191], [19.820207, 41.322018], [19.819989, 41.322802], [19.819983, 41.322827], [19.819773, 41.32358], [19.819741, 41.323692], [19.819673, 41.323934], [19.81965, 41.324014], [19.819625, 41.324104], [19.819527, 41.324455], [19.819367, 41.325028], [19.819206, 41.325603], [19.819105, 41.325943], [19.818911, 41.326661], [19.818925, 41.326758], [19.81911, 41.326915], [19.81928, 41.327113], [19.819404, 41.327158], [19.820624, 41.327264], [19.821888, 41.327375], [19.822489, 41.327427], [19.822749, 41.3275], [19.822622, 41.327568], [19.822526, 41.327636], [19.822463, 41.327685], [19.822331, 41.327831], [19.822075, 41.328261], [19.821889, 41.328603], [19.821428, 41.329411], [19.821403, 41.329454], [19.821092, 41.32999], [19.82082, 41.330465], [19.820675, 41.330617], [19.820666, 41.330809], [19.820646, 41.330849], [19.820471, 41.331149], [19.819926, 41.332085], [19.819777, 41.33234], [19.819723, 41.332433], [19.819623, 41.332604], [19.8193015, 41.3331565], [19.81898, 41.333709], [19.818845, 41.333941], [19.818607, 41.334353], [19.818103, 41.335222], [19.818049, 41.335317], [19.817777, 41.335788], [19.81761, 41.336036], [19.817518, 41.336105], [19.817384, 41.336159], [19.816874, 41.336074], [19.816358, 41.335988], [19.816214, 41.335965], [19.816232, 41.335886], [19.816302, 41.335644], [19.816316, 41.335597], [19.8164119, 41.33525637]]}}, {"type": "Feature", "properties": {"route_id": "2", "route_short_name": "2", "route_long_name": "Terminali Juglindor", "route_color": "#E91E63", "route_text_color": "#FFFFFF", "shape_id": "2_1", "direction": "1", "corridor_group": null, "requested_offset_meters": -4, "offset_meters": -3.0, "debug": false}, "geometry": {"type": "LineString", "coordinates": [[19.81637683, 41.33525074], [19.81637694, 41.33525038], [19.81658192, 41.33452445], [19.8167514, 41.33390703], [19.81692058, 41.33329068], [19.81694558, 41.33312968], [19.8172129, 41.33215752], [19.8174799, 41.33118651], [19.81771759, 41.33032306], [19.81691048, 41.33019911], [19.81674817, 41.33015645], [19.8165998, 41.33008436], [19.81654557, 41.33004578], [19.81643861, 41.32997172], [19.8162968, 41.32981232], [19.81606797, 41.32933852], [19.81597367, 41.32910227], [19.81595884, 41.32898889], [19.81603874, 41.32865715], [19.81615278, 41.32818797], [19.81618079, 41.32807993], [19.81624884, 41.32780475], [19.81629587, 41.32763563], [19.81631582, 41.3275588], [19.81638389, 41.32729757], [19.81653593, 41.32676242], [19.81656493, 41.3266574], [19.81673495, 41.32606236], [19.81686694, 41.32559238], [19.81705994, 41.32491037], [19.81735394, 41.3238684], [19.81741188, 41.32366159], [19.81742883, 41.32359678], [19.81750483, 41.3233058], [19.8175328, 41.32319792], [19.81864137, 41.32337356], [19.81962922, 41.32352999], [19.81976391, 41.3230415], [19.81980591, 41.3228895], [19.82004593, 41.32201843], [19.82028701, 41.32116713], [19.82030539, 41.32110727], [19.82048655, 41.32044074], [19.82066782, 41.31977384], [19.82071997, 41.31958462], [19.81960388, 41.31943117], [19.81864053, 41.31930858], [19.81813201, 41.3192325], [19.81780637, 41.31918356], [19.81776139, 41.31917756], [19.81749998, 41.3191385], [19.81709103, 41.3190765], [19.81687405, 41.31904451], [19.81653479, 41.31899347], [19.8157866, 41.31887444], [19.81504142, 41.31875589], [19.81478341, 41.31874668], [19.81461469, 41.31870938], [19.81442067, 41.31868284], [19.81432622, 41.31862229], [19.81428128, 41.31852535], [19.81432944, 41.31841572], [19.81443191, 41.31835629], [19.81450942, 41.31834278], [19.81453732, 41.31834432], [19.8146909, 41.31778855], [19.8147279, 41.31765155], [19.81476491, 41.3175175], [19.81491791, 41.3169625], [19.81510492, 41.31628547], [19.81514692, 41.31613448], [19.81517089, 41.31604757], [19.8152079, 41.31590955], [19.81533292, 41.31545948], [19.8153489, 41.31540153], [19.81536391, 41.31534651], [19.81547092, 41.31496148], [19.81556702, 41.3146131], [19.81557417, 41.31459064], [19.81576019, 41.31401658], [19.81580909, 41.31386596], [19.81580823, 41.3138262], [19.81573948, 41.31359443], [19.81572108, 41.31355473], [19.81564041, 41.31337219], [19.81555882, 41.31309261], [19.81549365, 41.31298495], [19.81539211, 41.31289924], [19.81492973, 41.31269825], [19.81473277, 41.31260781], [19.81465564, 41.31256924], [19.81433098, 41.31233835], [19.81422933, 41.31226117], [19.81406741, 41.31217193], [19.81418672, 41.31220898], [19.81401617, 41.31208773], [19.81328166, 41.31153411], [19.81254682, 41.31098022], [19.81184617, 41.31046475], [19.81129538, 41.31000559], [19.81121642, 41.30989221], [19.81113796, 41.30980957], [19.81110737, 41.30981519], [19.81101994, 41.30981174], [19.81093857, 41.30978617], [19.81087361, 41.30974208], [19.81083054, 41.30968388], [19.81081862, 41.3096243], [19.81077157, 41.30956506], [19.81070719, 41.30952622], [19.81062492, 41.30939606], [19.81067123, 41.30936578], [19.81072886, 41.3093264], [19.81092552, 41.30914252], [19.81100017, 41.30904823], [19.8110774, 41.30894921], [19.81113975, 41.30885277], [19.81129156, 41.30850921], [19.81141318, 41.30830346], [19.8115095, 41.30818332], [19.81168938, 41.30804511], [19.81191521, 41.30787024], [19.81216067, 41.30767666], [19.81223152, 41.3076168], [19.81241739, 41.30746628], [19.81282673, 41.3072122], [19.81299272, 41.30713022], [19.81302485, 41.30711516], [19.81342687, 41.30692015], [19.81365247, 41.3068148], [19.81381774, 41.30671742], [19.8140864, 41.30652935], [19.81422958, 41.30642567], [19.81439436, 41.30627273], [19.81454012, 41.30611507], [19.81480979, 41.30579208], [19.81486652, 41.305749], [19.81518836, 41.3055026], [19.81546953, 41.30534367], [19.81564474, 41.30548836], [19.81595734, 41.30568225], [19.81600839, 41.30570777], [19.81611092, 41.3057256], [19.8163156, 41.30570683], [19.81680016, 41.30550072], [19.81695138, 41.30545241], [19.81710053, 41.30544352], [19.81715757, 41.30541998], [19.81740591, 41.30532912], [19.81773335, 41.30523744], [19.81791197, 41.30519481], [19.8182848, 41.30513722], [19.81876678, 41.30510496], [19.81954694, 41.30511697], [19.8199872, 41.305109], [19.82076473, 41.30506415], [19.82162102, 41.30495848], [19.82222564, 41.3048519], [19.82331947, 41.30459818], [19.82441341, 41.30434442], [19.82515164, 41.30413492], [19.82594415, 41.3038794], [19.82661176, 41.30363591], [19.82725915, 41.30337566], [19.82790965, 41.30311415], [19.82832236, 41.30300693], [19.82887444, 41.30291726], [19.82915934, 41.30289597], [19.82957384, 41.30289799], [19.83000324, 41.30292924], [19.83028593, 41.30297179], [19.83073773, 41.30307946], [19.83172065, 41.30335922], [19.83270062, 41.30363814], [19.83315205, 41.3037213], [19.83361611, 41.30375593], [19.83408229, 41.30374306], [19.83450232, 41.30368858], [19.8347424, 41.30364017], [19.83545158, 41.30345152], [19.83616116, 41.30326276], [19.83642385, 41.30318049], [19.83679628, 41.30303488], [19.83718895, 41.3028242], [19.83755046, 41.30255778], [19.83773809, 41.30238298], [19.83795394, 41.30213829], [19.83859124, 41.30137954], [19.83922905, 41.30062016], [19.83968095, 41.30012016], [19.84054362, 41.29927073], [19.84140567, 41.29842189], [19.84226769, 41.29757304], [19.84312969, 41.29672418], [19.84399167, 41.29587532], [19.84485362, 41.29502645], [19.84571557, 41.29417756], [19.84643142, 41.29347471], [19.84725122, 41.2926429], [19.84785688, 41.2920256], [19.84846255, 41.29140826], [19.84906765, 41.29079149], [19.84966856, 41.29010773], [19.85010045, 41.28954817], [19.85048094, 41.28897195], [19.85086175, 41.28839524], [19.85105493, 41.28808455], [19.85138739, 41.28740766], [19.8517431, 41.28667524], [19.85201331, 41.28603612], [19.85222823, 41.2852574], [19.85238694, 41.2848526], [19.85272628, 41.28413838], [19.85306347, 41.2834287], [19.85306997, 41.28332273], [19.85304171, 41.28323794], [19.8529713, 41.28309202], [19.85296911, 41.28300871], [19.85298982, 41.28292695], [19.85307006, 41.28281248], [19.85319947, 41.28271943], [19.85332397, 41.28267505], [19.85335083, 41.28267138], [19.85345767, 41.28265777], [19.85359422, 41.28266744], [19.85372133, 41.28270407], [19.85379898, 41.28274721], [19.85387065, 41.2827981], [19.85388646, 41.28281138], [19.85406124, 41.28281584], [19.85414084, 41.28279747], [19.85436903, 41.2826731], [19.85476909, 41.28245524], [19.85486399, 41.28236592], [19.85488432, 41.28231915], [19.8549392, 41.28227321], [19.85504903, 41.28224907], [19.85512946, 41.28226334], [19.85520761, 41.28231829], [19.85522837, 41.28237167], [19.85542115, 41.28249574], [19.85544348, 41.28250792], [19.85559567, 41.28261039], [19.85566338, 41.28266193], [19.85580529, 41.28276886], [19.8559413, 41.28287087], [19.85608036, 41.28297592], [19.85624687, 41.28310199], [19.85595836, 41.28329945], [19.85585758, 41.28326844], [19.85580807, 41.28316267], [19.85573993, 41.28300436], [19.85560657, 41.28269546], [19.85554633, 41.28264961], [19.85539852, 41.28255008], [19.85538152, 41.28254081], [19.855281, 41.28251002], [19.85514, 41.28251002], [19.85507697, 41.28252934], [19.85499171, 41.28252552], [19.85489171, 41.28247243], [19.85485866, 41.28237818], [19.85488432, 41.28231915], [19.8549392, 41.28227321], [19.85503363, 41.28225245], [19.85523772, 41.2821357], [19.85552576, 41.28176649], [19.85559868, 41.28168628], [19.85577741, 41.28156024], [19.85589367, 41.28150845], [19.85610905, 41.28144971], [19.85630258, 41.28142682], [19.85643111, 41.28143427], [19.85641983, 41.28132968], [19.85628149, 41.2809619], [19.85626527, 41.28085835], [19.85629393, 41.28063381], [19.85627778, 41.28057166], [19.85623673, 41.28046273], [19.85610406, 41.28040285], [19.85576433, 41.2803797], [19.85567928, 41.28037549], [19.85555173, 41.28038669], [19.85541025, 41.28041555], [19.85528471, 41.28046886], [19.85517191, 41.28053604], [19.85505765, 41.28067984], [19.85461945, 41.28159059], [19.85425793, 41.28236694], [19.85423715, 41.28244394], [19.8542406, 41.28260962], [19.85442644, 41.28297606], [19.85451018, 41.28299516], [19.85462429, 41.28301445], [19.85469523, 41.28295962], [19.8547826, 41.28294718], [19.85487318, 41.28296719], [19.85494116, 41.283005], [19.85499544, 41.28304525], [19.85516109, 41.28316902], [19.85541217, 41.28334481], [19.85529908, 41.28344656], [19.85522993, 41.28347385], [19.85513661, 41.28348157], [19.85491452, 41.28336833], [19.85464454, 41.28321627], [19.85459493, 41.28316987], [19.85458181, 41.28316061], [19.85435626, 41.28305335], [19.8543628, 41.28300182], [19.85416916, 41.28262002], [19.8541654, 41.28243892], [19.85418871, 41.28235253], [19.85455199, 41.2815724], [19.85486936, 41.28091576], [19.8549922, 41.28065747], [19.85504728, 41.28057542], [19.85511825, 41.28049914], [19.8552447, 41.28042383], [19.85538291, 41.28036515], [19.85553816, 41.28033348], [19.85567747, 41.28032124], [19.85575776, 41.28032522], [19.8557786, 41.28031519], [19.85606098, 41.28023904], [19.85614679, 41.28016611], [19.85624078, 41.28011344], [19.85638578, 41.28010659], [19.85650786, 41.28015996], [19.85656059, 41.28021413], [19.85657761, 41.28026075], [19.85658012, 41.28029094], [19.85657041, 41.28034017], [19.85654011, 41.28039345], [19.85649325, 41.28043154], [19.85646084, 41.28048546], [19.85636515, 41.28063971], [19.85633732, 41.28085776], [19.85635197, 41.28095129], [19.85649067, 41.28132003], [19.85650389, 41.28144258], [19.85660509, 41.28146348], [19.85685867, 41.28154869], [19.85694356, 41.2815992], [19.85733489, 41.28192615], [19.85741824, 41.28199945], [19.85770027, 41.28224948], [19.85798823, 41.28250445], [19.85886648, 41.28327758], [19.85892545, 41.28330349], [19.85907573, 41.28335169], [19.85919257, 41.28338189], [19.85924129, 41.28342909], [19.85925353, 41.28347394], [19.85924982, 41.28351369], [19.85920532, 41.28357159], [19.85917055, 41.2835945], [19.8591137, 41.28361232], [19.85902213, 41.28360862], [19.85893838, 41.28357056], [19.85888828, 41.28343439], [19.85881292, 41.28331351], [19.85841194, 41.2829647]]}}, {"type": "Feature", "properties": {"route_id": "2", "route_short_name": "2", "route_long_name": "Terminali Juglindor", "route_color": "#E91E63", "route_text_color": "#FFFFFF", "shape_id": "2_1", "direction": "1", "corridor_group": null, "offset_meters": 0, "debug": true}, "geometry": {"type": "LineString", "coordinates": [[19.8164119, 41.33525637], [19.816412, 41.335256], [19.816617, 41.33453], [19.8167865, 41.3339125], [19.816956, 41.333295], [19.816981, 41.333134], [19.817248, 41.332163], [19.817515, 41.331192], [19.81776, 41.330302], [19.81692, 41.330173], [19.816764, 41.330132], [19.816622, 41.330063], [19.81657, 41.330026], [19.816466, 41.329954], [19.816329, 41.3298], [19.816102, 41.32933], [19.816009, 41.329097], [19.815995, 41.32899], [19.816074, 41.328662], [19.816188, 41.328193], [19.816216, 41.328085], [19.816284, 41.32781], [19.816331, 41.327641], [19.816351, 41.327564], [19.816419, 41.327303], [19.816571, 41.326768], [19.8166, 41.326663], [19.81677, 41.326068], [19.816902, 41.325598], [19.817095, 41.324916], [19.817389, 41.323874], [19.817447, 41.323667], [19.817464, 41.323602], [19.81754, 41.323311], [19.817561, 41.32323], [19.818634, 41.3234], [19.819657, 41.323562], [19.819799, 41.323047], [19.819841, 41.322895], [19.820081, 41.322024], [19.820322, 41.321173], [19.82034041, 41.32111303], [19.82052167, 41.32044616], [19.82070292, 41.3197793], [19.82076253, 41.31956301], [19.81961007, 41.31940455], [19.818647, 41.319282], [19.818139, 41.319206], [19.817813, 41.319157], [19.817768, 41.319151], [19.817507, 41.319112], [19.817098, 41.31905], [19.816881, 41.319018], [19.816542, 41.318967], [19.815794, 41.318848], [19.815046, 41.318729], [19.81478939, 41.31871984], [19.81462296, 41.31868305], [19.81443655, 41.31865755], [19.81435684, 41.31860646], [19.81431914, 41.31852512], [19.81436001, 41.31843209], [19.81444758, 41.31838129], [19.81451221, 41.31837003], [19.814566, 41.318373], [19.814726, 41.317794], [19.814763, 41.317657], [19.8148, 41.317523], [19.814953, 41.316968], [19.81514, 41.316291], [19.815182, 41.31614], [19.815206, 41.316053], [19.815243, 41.315915], [19.815368, 41.315465], [19.815384, 41.315407], [19.815399, 41.315352], [19.815506, 41.314967], [19.815602, 41.314619], [19.815609, 41.314597], [19.815795, 41.314023], [19.815845, 41.313869], [19.815844, 41.313823], [19.815774, 41.313587], [19.815755, 41.313546], [19.815675, 41.313365], [19.815593, 41.313084], [19.815524, 41.31297], [19.815415, 41.312878], [19.814948, 41.312675], [19.814752, 41.312585], [19.814678, 41.312548], [19.814356, 41.312319], [19.814248, 41.312237], [19.814058, 41.312198], [19.814248, 41.312237], [19.814042, 41.312069], [19.81330699, 41.311515], [19.812572, 41.310961], [19.811872, 41.310446], [19.811325, 41.30999], [19.811247, 41.309878], [19.811153, 41.309779], [19.811104, 41.309788], [19.811028, 41.309785], [19.810958, 41.309763], [19.810902, 41.309725], [19.810865, 41.309675], [19.810853, 41.309615], [19.810799, 41.309547], [19.810736, 41.309509], [19.810669, 41.309403], [19.810695, 41.309386], [19.810755, 41.309345], [19.810955, 41.309158], [19.811031, 41.309062], [19.811109, 41.308962], [19.811173, 41.308863], [19.811325, 41.308519], [19.811445, 41.308316], [19.811538, 41.3082], [19.811715, 41.308064], [19.811941, 41.307889], [19.812187, 41.307695], [19.812258, 41.307635], [19.812442, 41.307486], [19.812848, 41.307234], [19.813012, 41.307153], [19.813044, 41.307138], [19.813446, 41.306943], [19.813673, 41.306837], [19.813841, 41.306738], [19.814111, 41.306549], [19.814256, 41.306444], [19.814423, 41.306289], [19.81457, 41.30613], [19.814838, 41.305809], [19.814892, 41.305768], [19.815212, 41.305523], [19.815465, 41.30538], [19.81562, 41.305508], [19.815936, 41.305704], [19.815994, 41.305733], [19.816109, 41.305753], [19.816327, 41.305733], [19.816816, 41.305525], [19.81696, 41.305479], [19.817111, 41.30547], [19.817174, 41.305444], [19.81742, 41.305354], [19.817745, 41.305263], [19.817921, 41.305221], [19.81829, 41.305164], [19.818768, 41.305132], [19.819547, 41.305144], [19.819989, 41.305136], [19.820769, 41.305091], [19.821628, 41.304985], [19.822235, 41.304878], [19.82333, 41.30462401], [19.824425, 41.30437], [19.825165, 41.30416], [19.825959, 41.303904], [19.826628, 41.30366], [19.827276, 41.3033995], [19.827924, 41.303139], [19.828332, 41.303033], [19.82888, 41.302944], [19.829161, 41.302923], [19.829572, 41.302925], [19.829998, 41.302956], [19.830277, 41.302998], [19.830726, 41.303105], [19.831708, 41.3033845], [19.83269, 41.303664], [19.833146, 41.303748], [19.833615, 41.303783], [19.834086, 41.30377], [19.83451, 41.303715], [19.834753, 41.303666], [19.8354635, 41.303477], [19.836174, 41.303288], [19.836439, 41.303205], [19.836815, 41.303058], [19.837212, 41.302845], [19.837577, 41.302576], [19.837767, 41.302399], [19.837984, 41.302153], [19.83862151, 41.301394], [19.839259, 41.300635], [19.83971, 41.300136], [19.84057207, 41.29928716], [19.84143411, 41.29843832], [19.84229613, 41.29758947], [19.84315813, 41.29674061], [19.84402011, 41.29589175], [19.84488207, 41.29504288], [19.845744, 41.294194], [19.84646, 41.293491], [19.84728, 41.292659], [19.84788568, 41.29204167], [19.84849134, 41.29142434], [19.849097, 41.290807], [19.849699, 41.290122], [19.850132, 41.289561], [19.850513, 41.288984], [19.850894, 41.288407], [19.851088, 41.288095], [19.851421, 41.287417], [19.851777, 41.286684], [19.852048, 41.286043], [19.852263, 41.285264], [19.852421, 41.284861], [19.85276, 41.2841475], [19.853099, 41.283434], [19.853106, 41.28332], [19.853076, 41.28323], [19.853007, 41.283087], [19.853005, 41.283011], [19.853024, 41.282936], [19.853099, 41.282829], [19.85322, 41.282742], [19.853335, 41.282701], [19.853357, 41.282698], [19.853459, 41.282685], [19.853586, 41.282694], [19.853704, 41.282728], [19.853776, 41.282768], [19.853845, 41.282817], [19.85387, 41.282838], [19.854066, 41.282843], [19.854157, 41.282822], [19.85439, 41.282695], [19.854794, 41.282475], [19.854896, 41.282379], [19.854916, 41.282333], [19.854959, 41.282297], [19.85505, 41.282277], [19.855112, 41.282288], [19.855176, 41.282333], [19.855197, 41.282387], [19.855399, 41.282517], [19.855421, 41.282529], [19.855571, 41.28263], [19.855638, 41.282681], [19.85578, 41.282788], [19.855916, 41.28289], [19.856055, 41.282995], [19.856195, 41.283101], [19.855951, 41.283268], [19.855886, 41.283248], [19.855842, 41.283154], [19.855774, 41.282996], [19.855638, 41.282681], [19.855571, 41.28263], [19.855421, 41.282529], [19.855399, 41.282517], [19.855288, 41.282483], [19.855133, 41.282483], [19.855071, 41.282502], [19.855004, 41.282499], [19.854923, 41.282456], [19.854896, 41.282379], [19.854916, 41.282333], [19.854959, 41.282297], [19.85505, 41.282277], [19.855265, 41.282154], [19.855556, 41.281781], [19.855626, 41.281704], [19.855799, 41.281582], [19.855909, 41.281533], [19.856118, 41.281476], [19.856304, 41.281454], [19.85647022, 41.28146364], [19.85645525, 41.28132485], [19.85631673, 41.2809566], [19.8563013, 41.28085806], [19.85633009, 41.28063248], [19.85631264, 41.28056536], [19.8562673, 41.28044504], [19.85611543, 41.28037649], [19.85576712, 41.28035276], [19.85567838, 41.28034836], [19.85554495, 41.28036008], [19.85539658, 41.28039035], [19.85526471, 41.28044635], [19.85514456, 41.2805179], [19.85502516, 41.28066818], [19.85458572, 41.28158151], [19.85422332, 41.28235974], [19.85420128, 41.28244143], [19.85420488, 41.28261482], [19.85439926, 41.28299809], [19.85450106, 41.28302131], [19.85463597, 41.28304411], [19.85471298, 41.28298459], [19.85478079, 41.28297493], [19.85485703, 41.28299178], [19.85491786, 41.28302561], [19.85497028, 41.28306448], [19.85513629, 41.28318852], [19.85536284, 41.28334714], [19.85527619, 41.2834251], [19.85521931, 41.28344754], [19.85514578, 41.28345363], [19.85493527, 41.2833463], [19.85466959, 41.28319666], [19.85462124, 41.28315144], [19.8546038, 41.28313913], [19.85439402, 41.28303936], [19.85439926, 41.28299809], [19.85420488, 41.28261482], [19.85420128, 41.28244143], [19.85422332, 41.28235974], [19.85458572, 41.28158151], [19.85490305, 41.28092495], [19.85502516, 41.28066818], [19.85507808, 41.28058935], [19.85514456, 41.2805179], [19.85526471, 41.28044635], [19.85539658, 41.28039035], [19.85554495, 41.28036008], [19.85567838, 41.28034836], [19.85576712, 41.28035276], [19.85579446, 41.28033961], [19.85608168, 41.28026215], [19.85617112, 41.28018613], [19.85625361, 41.28013991], [19.8563772, 41.28013407], [19.85648342, 41.2801805], [19.85652781, 41.28022611], [19.85654209, 41.28026523], [19.85654413, 41.28028979], [19.85653566, 41.28033274], [19.85650964, 41.28037849], [19.85646304, 41.28041638], [19.8564283, 41.28047415], [19.85633009, 41.28063248], [19.8563013, 41.28085806], [19.85631673, 41.2809566], [19.85645525, 41.28132485], [19.85647022, 41.28146364], [19.856593, 41.281489], [19.85684, 41.281572], [19.856919, 41.281619], [19.857308, 41.281944], [19.857391, 41.282017], [19.857673, 41.282267], [19.857961, 41.282522], [19.85884322, 41.28329863], [19.85890937, 41.28332769], [19.8590629, 41.28337693], [19.85917086, 41.28340485], [19.85920789, 41.28344072], [19.85921745, 41.28347575], [19.85921467, 41.28350555], [19.8591773, 41.28355418], [19.8591514, 41.28357125], [19.85910747, 41.28358501], [19.85903297, 41.283582], [19.85896908, 41.28355296], [19.85892198, 41.28342496], [19.85884322, 41.28329863], [19.858439, 41.282947]]}}, {"type": "Feature", "properties": {"route_id": "4", "route_short_name": "3B", "route_long_name": "Kashar Antiorar", "route_color": "#0097A7", "route_text_color": "#FFFFFF", "shape_id": "4_0", "direction": "0", "corridor_group": "corridor_1", "requested_offset_meters": 0, "offset_meters": 0, "debug": false}, "geometry": {"type": "LineString", "coordinates": [[19.765475, 41.340662], [19.76537, 41.340562], [19.7648625, 41.3400755], [19.764355, 41.339589], [19.763747, 41.339043], [19.763743, 41.339039], [19.763581, 41.338893], [19.763342, 41.338704], [19.763547, 41.338532], [19.764367, 41.337907], [19.764391, 41.337889], [19.764561, 41.337763], [19.764789, 41.337595], [19.765756, 41.336859], [19.76596, 41.336691], [19.766157, 41.336542], [19.7666, 41.336188], [19.766898, 41.335949], [19.767336, 41.3356], [19.76769, 41.335313], [19.768037, 41.335036], [19.768145, 41.334923], [19.76806, 41.334856], [19.76803, 41.334829], [19.76806, 41.334856], [19.768145, 41.334923], [19.768327, 41.334731], [19.768564, 41.334467], [19.768653, 41.334387], [19.768767, 41.334316], [19.768942, 41.334253], [19.769406, 41.334123], [19.769479, 41.334103], [19.7697, 41.334042], [19.769797, 41.33401], [19.769893, 41.33395], [19.769944, 41.333905], [19.769964, 41.333885], [19.770007, 41.33384], [19.770039, 41.333809], [19.770243, 41.333597], [19.770343, 41.333494], [19.770603, 41.333214], [19.770774, 41.333009], [19.770811, 41.332949], [19.770851, 41.332879], [19.770878, 41.332828], [19.771039, 41.332359], [19.771105, 41.332214], [19.771138, 41.332171], [19.771169, 41.33213], [19.771229, 41.332064], [19.771308, 41.331991], [19.771542, 41.331794], [19.771853, 41.331532], [19.77264, 41.330848], [19.772762, 41.330691], [19.772933, 41.33045], [19.773026, 41.330318], [19.773272, 41.329933], [19.773284, 41.329913], [19.773341, 41.329809], [19.773571, 41.329402], [19.77376, 41.329095], [19.773902, 41.328861], [19.77391, 41.328849], [19.773988, 41.328667], [19.774025, 41.328402], [19.774028, 41.328371], [19.774025, 41.328345], [19.774019, 41.328293], [19.774012, 41.328234], [19.773972, 41.327893], [19.773913, 41.327413], [19.77391, 41.32739], [19.773882, 41.327173], [19.773854, 41.326963], [19.773852, 41.326942], [19.773842, 41.326861], [19.773807, 41.326552], [19.773782, 41.326282], [19.773792, 41.326167], [19.773821, 41.32606], [19.773832, 41.326028], [19.773893, 41.325809], [19.7739, 41.325781], [19.773906, 41.325765], [19.77391, 41.325753], [19.773938, 41.325656], [19.773917, 41.325539], [19.773908, 41.325487], [19.773875, 41.325448], [19.773861, 41.325404], [19.773866, 41.325358], [19.773889, 41.325316], [19.773929, 41.325281], [19.77398, 41.325257], [19.774097, 41.325103], [19.774117, 41.325048], [19.774129, 41.325019], [19.774158, 41.324959], [19.774173, 41.324932], [19.774221, 41.324864], [19.774272, 41.324812], [19.774363, 41.324771], [19.775311, 41.324341], [19.776174, 41.32395], [19.776301, 41.323891], [19.776438, 41.323835], [19.776545, 41.323807], [19.776623, 41.323795], [19.776795, 41.323769], [19.776852, 41.32376], [19.777254, 41.3237], [19.777677, 41.323637], [19.778581, 41.323503], [19.778954, 41.323447], [19.779061, 41.323431], [19.779124, 41.323422], [19.779264, 41.323401], [19.77993, 41.323301], [19.780153, 41.323267], [19.78066, 41.323191], [19.781111, 41.323123], [19.781356, 41.323086], [19.78141, 41.323078], [19.781491, 41.323066], [19.781569, 41.323051], [19.78159, 41.323045], [19.781786, 41.322995], [19.781999, 41.322925], [19.782143, 41.322878], [19.782245, 41.322845], [19.782477, 41.322747], [19.782524, 41.322727], [19.782673, 41.322632], [19.782865, 41.322354], [19.783325, 41.321673], [19.783517, 41.321366], [19.783549, 41.321295], [19.783575, 41.321238], [19.783588, 41.321212], [19.783605, 41.321172], [19.783611, 41.321131], [19.783608, 41.321079], [19.783593, 41.321028], [19.78354, 41.320921], [19.783474, 41.320816], [19.783441, 41.320757], [19.783405, 41.320585], [19.783461, 41.320367], [19.783543, 41.320226], [19.783809, 41.31992], [19.783874, 41.31987], [19.783959, 41.31983], [19.784042, 41.319804], [19.784211, 41.319864], [19.784328, 41.319903], [19.784478, 41.319953], [19.784755, 41.320046], [19.784881, 41.320087], [19.78556, 41.320306], [19.786115, 41.320496], [19.786534, 41.320639], [19.786696, 41.320694], [19.787501, 41.320973], [19.787559, 41.320993], [19.787621, 41.321012], [19.787686, 41.321033], [19.787796, 41.321068], [19.787862, 41.321089], [19.788007, 41.321135], [19.788358, 41.321254], [19.788497, 41.321299], [19.78865, 41.321349], [19.788917, 41.321398], [19.789218, 41.321409], [19.789349, 41.321417], [19.789373, 41.321411], [19.78946, 41.321402], [19.789629, 41.321437], [19.789698, 41.321478], [19.789751, 41.321531], [19.789768, 41.321558], [19.789854, 41.321615], [19.790008, 41.321724], [19.790252, 41.321849], [19.79041, 41.321895], [19.790623, 41.321961], [19.790647, 41.321968], [19.790855, 41.322027], [19.791036, 41.322078], [19.791296, 41.322152], [19.791493, 41.322207], [19.791592, 41.322232], [19.792068, 41.322368], [19.792097, 41.322377], [19.792126, 41.322385], [19.792335, 41.32245], [19.79273, 41.322561], [19.793049, 41.322651], [19.793499, 41.322776], [19.793569, 41.322795], [19.793893, 41.322887], [19.794238, 41.322984], [19.79446, 41.323047], [19.794574, 41.323079], [19.795444, 41.323324], [19.796118, 41.323514], [19.796885, 41.32373], [19.797012, 41.323765], [19.797343, 41.323859], [19.797439, 41.323886], [19.797556, 41.32392], [19.798178, 41.3241], [19.798239, 41.324117], [19.798787, 41.324276], [19.799466, 41.324476], [19.800323, 41.324732], [19.800584, 41.324811], [19.80167299, 41.32514651], [19.802762, 41.325482], [19.803185, 41.325611], [19.80335, 41.325662], [19.803433, 41.325688], [19.803537, 41.325721], [19.80364, 41.325753], [19.803807, 41.325806], [19.80425, 41.325944], [19.80429, 41.325957], [19.804664, 41.326074], [19.80528, 41.326266], [19.805348, 41.326286], [19.805429, 41.326311], [19.805463, 41.326322], [19.806312, 41.326582], [19.806667, 41.326694], [19.806874, 41.326757], [19.807761, 41.327032], [19.80779, 41.327041], [19.807833, 41.327054], [19.808119, 41.327142], [19.808454, 41.327246], [19.808598, 41.32729], [19.809211, 41.327479], [19.809624, 41.327609], [19.809678, 41.327626], [19.810009, 41.327729], [19.810162, 41.327775], [19.810778, 41.327965], [19.811094, 41.328061], [19.811263, 41.328115], [19.811417, 41.328159], [19.811514, 41.328183], [19.81172, 41.328222], [19.812132, 41.32826], [19.812291, 41.32826], [19.812384, 41.328256], [19.812905, 41.328233], [19.813011, 41.328228], [19.813546, 41.328204], [19.813659, 41.328199], [19.814009, 41.328183], [19.815236, 41.32813], [19.815592, 41.328113], [19.815637, 41.328111], [19.816065, 41.328093], [19.816216, 41.328085], [19.81624, 41.327989], [19.816268, 41.327881], [19.816331, 41.327641], [19.816419, 41.327303], [19.816594, 41.326685], [19.816769, 41.326067], [19.816865, 41.325731], [19.816878, 41.325684], [19.816902, 41.325598], [19.817038, 41.325619], [19.817597, 41.325706], [19.817999, 41.325769], [19.818808, 41.325898], [19.819015, 41.325929], [19.819105, 41.325943], [19.818957, 41.326489], [19.818911, 41.326661], [19.818909, 41.326713], [19.818925, 41.326758], [19.818944, 41.326778], [19.81911, 41.326915], [19.819265, 41.327099], [19.81928, 41.327112], [19.819307, 41.327131], [19.819339, 41.327143], [19.819404, 41.327158], [19.819496, 41.327166], [19.8204335, 41.327248], [19.821371, 41.32733], [19.821887, 41.327375], [19.82234929, 41.32741231], [19.82273841, 41.3274931], [19.82240301, 41.32772968], [19.82220664, 41.32802529], [19.82189467, 41.32861093], [19.820883, 41.328413], [19.820924, 41.328421], [19.820883, 41.328413], [19.820617, 41.328366], [19.820478, 41.328342], [19.820454, 41.328412], [19.8202075, 41.3292135], [19.819961, 41.330015], [19.819921, 41.330073], [19.820313, 41.330398], [19.820536, 41.330542], [19.820707, 41.330655], [19.82061, 41.330617], [19.820378, 41.330598], [19.820037, 41.330611], [19.819849, 41.330589], [19.819553, 41.330549], [19.819044, 41.33048], [19.818028, 41.330344], [19.817947, 41.330332], [19.81776, 41.330302], [19.817643, 41.330284], [19.81692, 41.330173], [19.816851, 41.330156], [19.816703, 41.330106], [19.816622, 41.330063], [19.816601, 41.33005], [19.816538, 41.330011], [19.816393, 41.329882], [19.816329, 41.3298], [19.816189, 41.329521], [19.816102, 41.32933], [19.816021, 41.329281], [19.815883, 41.329134], [19.815839, 41.329114], [19.815749, 41.32911], [19.815631, 41.329116], [19.815284, 41.329238], [19.814968, 41.329506], [19.81493, 41.329539], [19.814643, 41.329783], [19.814337, 41.330026], [19.814246, 41.330091], [19.813686, 41.330483], [19.813556, 41.330566], [19.812735, 41.331023], [19.812655, 41.331065], [19.812574, 41.33111], [19.811938, 41.331459], [19.811793, 41.33154], [19.811682, 41.331601], [19.811162, 41.331891], [19.810861, 41.332052], [19.809995, 41.332519], [19.8099, 41.332567], [19.809676, 41.332649], [19.808705, 41.332932], [19.80853, 41.332982], [19.808074, 41.333117], [19.80705338, 41.33341241], [19.8067156, 41.33351876], [19.80647823, 41.33367868], [19.80626376, 41.33397257], [19.80610636, 41.33425646], [19.80513549, 41.33364564], [19.80476528, 41.33344598], [19.80434, 41.333324], [19.804288, 41.333316], [19.80425, 41.333307], [19.804137, 41.333306], [19.803748, 41.333335], [19.803485, 41.333408], [19.802512, 41.333741], [19.802233, 41.333838], [19.802165, 41.333861], [19.802054, 41.3339], [19.801342, 41.334148], [19.801313, 41.334158], [19.800893, 41.334305], [19.800026, 41.334607], [19.79911, 41.334926], [19.797968, 41.335323], [19.797877, 41.335355], [19.797792, 41.335385], [19.797612, 41.335449], [19.797196, 41.335594], [19.796713, 41.335763], [19.795538, 41.336171], [19.794678, 41.336469], [19.793539, 41.336865], [19.793082, 41.337024], [19.793036, 41.33704], [19.792895, 41.337089], [19.79271, 41.337154], [19.792576, 41.337201], [19.792306, 41.337295], [19.791344, 41.33763], [19.790382, 41.337965], [19.79036, 41.337973], [19.790235, 41.338016], [19.790059, 41.338079], [19.789706, 41.338201], [19.789056, 41.338435], [19.788406, 41.338669], [19.788116, 41.338772], [19.787525, 41.338983], [19.78731, 41.33905], [19.786706, 41.339247], [19.786157, 41.339463], [19.785991, 41.339291], [19.785652, 41.338874], [19.785494, 41.338729], [19.785375, 41.338614], [19.785232, 41.338463], [19.785026, 41.33821], [19.784611, 41.3376995], [19.784196, 41.337189], [19.783614, 41.33649], [19.783534, 41.336401], [19.783442, 41.336284], [19.783331, 41.336106], [19.783272, 41.336007], [19.783138, 41.335766], [19.783059, 41.335571], [19.782957, 41.335316], [19.782944, 41.33528], [19.782921, 41.335212], [19.78283, 41.334803], [19.782798, 41.334601], [19.782791, 41.334458], [19.782799, 41.334051], [19.782816, 41.333869], [19.782855, 41.333672], [19.78292, 41.33345], [19.782941, 41.333395], [19.783046, 41.333112], [19.783282, 41.332609], [19.783552, 41.332132], [19.783824, 41.331623], [19.783858, 41.331556], [19.783953, 41.331373], [19.784256, 41.330787], [19.784457, 41.330383], [19.784547, 41.330203], [19.784647, 41.33001], [19.784635, 41.329939], [19.784549, 41.329737], [19.784397, 41.329563], [19.784333, 41.329513], [19.783671, 41.329326], [19.783405, 41.329251], [19.783338, 41.329303], [19.783263, 41.329329], [19.783181, 41.329337], [19.783099, 41.329325], [19.783039, 41.329341], [19.782997, 41.329361], [19.782902, 41.329424], [19.782611, 41.329603], [19.78231, 41.329799], [19.782242, 41.32984], [19.781849, 41.330093], [19.781804, 41.330122], [19.781744, 41.330161], [19.780856, 41.330733], [19.780563, 41.330921], [19.780541, 41.330935], [19.780411, 41.331019], [19.780314, 41.331084], [19.780111, 41.331218], [19.780106, 41.331222], [19.780017, 41.331281], [19.7794365, 41.3316665], [19.778856, 41.332052], [19.778754, 41.33212], [19.778608, 41.332216], [19.778503, 41.332286], [19.777498, 41.33296], [19.777407, 41.333021], [19.776866, 41.333384], [19.776807, 41.333424], [19.77609001, 41.3339015], [19.775373, 41.334379], [19.77524, 41.334474], [19.77518, 41.334514], [19.77432801, 41.335085], [19.773476, 41.335656], [19.77333, 41.335753], [19.77299, 41.335979], [19.772848, 41.336038], [19.772085, 41.336563], [19.77194, 41.336697], [19.771517, 41.336984], [19.77146, 41.337023], [19.771393, 41.337067], [19.771185, 41.337207], [19.771181, 41.33721], [19.771012, 41.337327], [19.770775, 41.337455], [19.769865, 41.338084], [19.769612, 41.338266], [19.769535, 41.338312], [19.769313, 41.33845], [19.769171, 41.33854], [19.768299, 41.339143], [19.767907, 41.339432], [19.767622, 41.33964], [19.76688851, 41.3401355], [19.766155, 41.340631], [19.765727, 41.340905], [19.765637, 41.340818], [19.765533, 41.340718]]}}, {"type": "Feature", "properties": {"route_id": "4", "route_short_name": "3B", "route_long_name": "Kashar Antiorar", "route_color": "#0097A7", "route_text_color": "#FFFFFF", "shape_id": "4_0", "direction": "0", "corridor_group": "corridor_1", "offset_meters": 0, "debug": true}, "geometry": {"type": "LineString", "coordinates": [[19.765475, 41.340662], [19.76537, 41.340562], [19.7648625, 41.3400755], [19.764355, 41.339589], [19.763747, 41.339043], [19.763743, 41.339039], [19.763581, 41.338893], [19.763342, 41.338704], [19.763547, 41.338532], [19.764367, 41.337907], [19.764391, 41.337889], [19.764561, 41.337763], [19.764789, 41.337595], [19.765756, 41.336859], [19.76596, 41.336691], [19.766157, 41.336542], [19.7666, 41.336188], [19.766898, 41.335949], [19.767336, 41.3356], [19.76769, 41.335313], [19.768037, 41.335036], [19.768145, 41.334923], [19.76806, 41.334856], [19.76803, 41.334829], [19.76806, 41.334856], [19.768145, 41.334923], [19.768327, 41.334731], [19.768564, 41.334467], [19.768653, 41.334387], [19.768767, 41.334316], [19.768942, 41.334253], [19.769406, 41.334123], [19.769479, 41.334103], [19.7697, 41.334042], [19.769797, 41.33401], [19.769893, 41.33395], [19.769944, 41.333905], [19.769964, 41.333885], [19.770007, 41.33384], [19.770039, 41.333809], [19.770243, 41.333597], [19.770343, 41.333494], [19.770603, 41.333214], [19.770774, 41.333009], [19.770811, 41.332949], [19.770851, 41.332879], [19.770878, 41.332828], [19.771039, 41.332359], [19.771105, 41.332214], [19.771138, 41.332171], [19.771169, 41.33213], [19.771229, 41.332064], [19.771308, 41.331991], [19.771542, 41.331794], [19.771853, 41.331532], [19.77264, 41.330848], [19.772762, 41.330691], [19.772933, 41.33045], [19.773026, 41.330318], [19.773272, 41.329933], [19.773284, 41.329913], [19.773341, 41.329809], [19.773571, 41.329402], [19.77376, 41.329095], [19.773902, 41.328861], [19.77391, 41.328849], [19.773988, 41.328667], [19.774025, 41.328402], [19.774028, 41.328371], [19.774025, 41.328345], [19.774019, 41.328293], [19.774012, 41.328234], [19.773972, 41.327893], [19.773913, 41.327413], [19.77391, 41.32739], [19.773882, 41.327173], [19.773854, 41.326963], [19.773852, 41.326942], [19.773842, 41.326861], [19.773807, 41.326552], [19.773782, 41.326282], [19.773792, 41.326167], [19.773821, 41.32606], [19.773832, 41.326028], [19.773893, 41.325809], [19.7739, 41.325781], [19.773906, 41.325765], [19.77391, 41.325753], [19.773938, 41.325656], [19.773917, 41.325539], [19.773908, 41.325487], [19.773875, 41.325448], [19.773861, 41.325404], [19.773866, 41.325358], [19.773889, 41.325316], [19.773929, 41.325281], [19.77398, 41.325257], [19.774097, 41.325103], [19.774117, 41.325048], [19.774129, 41.325019], [19.774158, 41.324959], [19.774173, 41.324932], [19.774221, 41.324864], [19.774272, 41.324812], [19.774363, 41.324771], [19.775311, 41.324341], [19.776174, 41.32395], [19.776301, 41.323891], [19.776438, 41.323835], [19.776545, 41.323807], [19.776623, 41.323795], [19.776795, 41.323769], [19.776852, 41.32376], [19.777254, 41.3237], [19.777677, 41.323637], [19.778581, 41.323503], [19.778954, 41.323447], [19.779061, 41.323431], [19.779124, 41.323422], [19.779264, 41.323401], [19.77993, 41.323301], [19.780153, 41.323267], [19.78066, 41.323191], [19.781111, 41.323123], [19.781356, 41.323086], [19.78141, 41.323078], [19.781491, 41.323066], [19.781569, 41.323051], [19.78159, 41.323045], [19.781786, 41.322995], [19.781999, 41.322925], [19.782143, 41.322878], [19.782245, 41.322845], [19.782477, 41.322747], [19.782524, 41.322727], [19.782673, 41.322632], [19.782865, 41.322354], [19.783325, 41.321673], [19.783517, 41.321366], [19.783549, 41.321295], [19.783575, 41.321238], [19.783588, 41.321212], [19.783605, 41.321172], [19.783611, 41.321131], [19.783608, 41.321079], [19.783593, 41.321028], [19.78354, 41.320921], [19.783474, 41.320816], [19.783441, 41.320757], [19.783405, 41.320585], [19.783461, 41.320367], [19.783543, 41.320226], [19.783809, 41.31992], [19.783874, 41.31987], [19.783959, 41.31983], [19.784042, 41.319804], [19.784211, 41.319864], [19.784328, 41.319903], [19.784478, 41.319953], [19.784755, 41.320046], [19.784881, 41.320087], [19.78556, 41.320306], [19.786115, 41.320496], [19.786534, 41.320639], [19.786696, 41.320694], [19.787501, 41.320973], [19.787559, 41.320993], [19.787621, 41.321012], [19.787686, 41.321033], [19.787796, 41.321068], [19.787862, 41.321089], [19.788007, 41.321135], [19.788358, 41.321254], [19.788497, 41.321299], [19.78865, 41.321349], [19.788917, 41.321398], [19.789218, 41.321409], [19.789349, 41.321417], [19.789373, 41.321411], [19.78946, 41.321402], [19.789629, 41.321437], [19.789698, 41.321478], [19.789751, 41.321531], [19.789768, 41.321558], [19.789854, 41.321615], [19.790008, 41.321724], [19.790252, 41.321849], [19.79041, 41.321895], [19.790623, 41.321961], [19.790647, 41.321968], [19.790855, 41.322027], [19.791036, 41.322078], [19.791296, 41.322152], [19.791493, 41.322207], [19.791592, 41.322232], [19.792068, 41.322368], [19.792097, 41.322377], [19.792126, 41.322385], [19.792335, 41.32245], [19.79273, 41.322561], [19.793049, 41.322651], [19.793499, 41.322776], [19.793569, 41.322795], [19.793893, 41.322887], [19.794238, 41.322984], [19.79446, 41.323047], [19.794574, 41.323079], [19.795444, 41.323324], [19.796118, 41.323514], [19.796885, 41.32373], [19.797012, 41.323765], [19.797343, 41.323859], [19.797439, 41.323886], [19.797556, 41.32392], [19.798178, 41.3241], [19.798239, 41.324117], [19.798787, 41.324276], [19.799466, 41.324476], [19.800323, 41.324732], [19.800584, 41.324811], [19.80167299, 41.32514651], [19.802762, 41.325482], [19.803185, 41.325611], [19.80335, 41.325662], [19.803433, 41.325688], [19.803537, 41.325721], [19.80364, 41.325753], [19.803807, 41.325806], [19.80425, 41.325944], [19.80429, 41.325957], [19.804664, 41.326074], [19.80528, 41.326266], [19.805348, 41.326286], [19.805429, 41.326311], [19.805463, 41.326322], [19.806312, 41.326582], [19.806667, 41.326694], [19.806874, 41.326757], [19.807761, 41.327032], [19.80779, 41.327041], [19.807833, 41.327054], [19.808119, 41.327142], [19.808454, 41.327246], [19.808598, 41.32729], [19.809211, 41.327479], [19.809624, 41.327609], [19.809678, 41.327626], [19.810009, 41.327729], [19.810162, 41.327775], [19.810778, 41.327965], [19.811094, 41.328061], [19.811263, 41.328115], [19.811417, 41.328159], [19.811514, 41.328183], [19.81172, 41.328222], [19.812132, 41.32826], [19.812291, 41.32826], [19.812384, 41.328256], [19.812905, 41.328233], [19.813011, 41.328228], [19.813546, 41.328204], [19.813659, 41.328199], [19.814009, 41.328183], [19.815236, 41.32813], [19.815592, 41.328113], [19.815637, 41.328111], [19.816065, 41.328093], [19.816216, 41.328085], [19.81624, 41.327989], [19.816268, 41.327881], [19.816331, 41.327641], [19.816419, 41.327303], [19.816594, 41.326685], [19.816769, 41.326067], [19.816865, 41.325731], [19.816878, 41.325684], [19.816902, 41.325598], [19.817038, 41.325619], [19.817597, 41.325706], [19.817999, 41.325769], [19.818808, 41.325898], [19.819015, 41.325929], [19.819105, 41.325943], [19.818957, 41.326489], [19.818911, 41.326661], [19.818909, 41.326713], [19.818925, 41.326758], [19.818944, 41.326778], [19.81911, 41.326915], [19.819265, 41.327099], [19.81928, 41.327112], [19.819307, 41.327131], [19.819339, 41.327143], [19.819404, 41.327158], [19.819496, 41.327166], [19.8204335, 41.327248], [19.821371, 41.32733], [19.821887, 41.327375], [19.82234929, 41.32741231], [19.82273841, 41.3274931], [19.82240301, 41.32772968], [19.82220664, 41.32802529], [19.82189467, 41.32861093], [19.820883, 41.328413], [19.820924, 41.328421], [19.820883, 41.328413], [19.820617, 41.328366], [19.820478, 41.328342], [19.820454, 41.328412], [19.8202075, 41.3292135], [19.819961, 41.330015], [19.819921, 41.330073], [19.820313, 41.330398], [19.820536, 41.330542], [19.820707, 41.330655], [19.82061, 41.330617], [19.820378, 41.330598], [19.820037, 41.330611], [19.819849, 41.330589], [19.819553, 41.330549], [19.819044, 41.33048], [19.818028, 41.330344], [19.817947, 41.330332], [19.81776, 41.330302], [19.817643, 41.330284], [19.81692, 41.330173], [19.816851, 41.330156], [19.816703, 41.330106], [19.816622, 41.330063], [19.816601, 41.33005], [19.816538, 41.330011], [19.816393, 41.329882], [19.816329, 41.3298], [19.816189, 41.329521], [19.816102, 41.32933], [19.816021, 41.329281], [19.815883, 41.329134], [19.815839, 41.329114], [19.815749, 41.32911], [19.815631, 41.329116], [19.815284, 41.329238], [19.814968, 41.329506], [19.81493, 41.329539], [19.814643, 41.329783], [19.814337, 41.330026], [19.814246, 41.330091], [19.813686, 41.330483], [19.813556, 41.330566], [19.812735, 41.331023], [19.812655, 41.331065], [19.812574, 41.33111], [19.811938, 41.331459], [19.811793, 41.33154], [19.811682, 41.331601], [19.811162, 41.331891], [19.810861, 41.332052], [19.809995, 41.332519], [19.8099, 41.332567], [19.809676, 41.332649], [19.808705, 41.332932], [19.80853, 41.332982], [19.808074, 41.333117], [19.80705338, 41.33341241], [19.8067156, 41.33351876], [19.80647823, 41.33367868], [19.80626376, 41.33397257], [19.80610636, 41.33425646], [19.80513549, 41.33364564], [19.80476528, 41.33344598], [19.80434, 41.333324], [19.804288, 41.333316], [19.80425, 41.333307], [19.804137, 41.333306], [19.803748, 41.333335], [19.803485, 41.333408], [19.802512, 41.333741], [19.802233, 41.333838], [19.802165, 41.333861], [19.802054, 41.3339], [19.801342, 41.334148], [19.801313, 41.334158], [19.800893, 41.334305], [19.800026, 41.334607], [19.79911, 41.334926], [19.797968, 41.335323], [19.797877, 41.335355], [19.797792, 41.335385], [19.797612, 41.335449], [19.797196, 41.335594], [19.796713, 41.335763], [19.795538, 41.336171], [19.794678, 41.336469], [19.793539, 41.336865], [19.793082, 41.337024], [19.793036, 41.33704], [19.792895, 41.337089], [19.79271, 41.337154], [19.792576, 41.337201], [19.792306, 41.337295], [19.791344, 41.33763], [19.790382, 41.337965], [19.79036, 41.337973], [19.790235, 41.338016], [19.790059, 41.338079], [19.789706, 41.338201], [19.789056, 41.338435], [19.788406, 41.338669], [19.788116, 41.338772], [19.787525, 41.338983], [19.78731, 41.33905], [19.786706, 41.339247], [19.786157, 41.339463], [19.785991, 41.339291], [19.785652, 41.338874], [19.785494, 41.338729], [19.785375, 41.338614], [19.785232, 41.338463], [19.785026, 41.33821], [19.784611, 41.3376995], [19.784196, 41.337189], [19.783614, 41.33649], [19.783534, 41.336401], [19.783442, 41.336284], [19.783331, 41.336106], [19.783272, 41.336007], [19.783138, 41.335766], [19.783059, 41.335571], [19.782957, 41.335316], [19.782944, 41.33528], [19.782921, 41.335212], [19.78283, 41.334803], [19.782798, 41.334601], [19.782791, 41.334458], [19.782799, 41.334051], [19.782816, 41.333869], [19.782855, 41.333672], [19.78292, 41.33345], [19.782941, 41.333395], [19.783046, 41.333112], [19.783282, 41.332609], [19.783552, 41.332132], [19.783824, 41.331623], [19.783858, 41.331556], [19.783953, 41.331373], [19.784256, 41.330787], [19.784457, 41.330383], [19.784547, 41.330203], [19.784647, 41.33001], [19.784635, 41.329939], [19.784549, 41.329737], [19.784397, 41.329563], [19.784333, 41.329513], [19.783671, 41.329326], [19.783405, 41.329251], [19.783338, 41.329303], [19.783263, 41.329329], [19.783181, 41.329337], [19.783099, 41.329325], [19.783039, 41.329341], [19.782997, 41.329361], [19.782902, 41.329424], [19.782611, 41.329603], [19.78231, 41.329799], [19.782242, 41.32984], [19.781849, 41.330093], [19.781804, 41.330122], [19.781744, 41.330161], [19.780856, 41.330733], [19.780563, 41.330921], [19.780541, 41.330935], [19.780411, 41.331019], [19.780314, 41.331084], [19.780111, 41.331218], [19.780106, 41.331222], [19.780017, 41.331281], [19.7794365, 41.3316665], [19.778856, 41.332052], [19.778754, 41.33212], [19.778608, 41.332216], [19.778503, 41.332286], [19.777498, 41.33296], [19.777407, 41.333021], [19.776866, 41.333384], [19.776807, 41.333424], [19.77609001, 41.3339015], [19.775373, 41.334379], [19.77524, 41.334474], [19.77518, 41.334514], [19.77432801, 41.335085], [19.773476, 41.335656], [19.77333, 41.335753], [19.77299, 41.335979], [19.772848, 41.336038], [19.772085, 41.336563], [19.77194, 41.336697], [19.771517, 41.336984], [19.77146, 41.337023], [19.771393, 41.337067], [19.771185, 41.337207], [19.771181, 41.33721], [19.771012, 41.337327], [19.770775, 41.337455], [19.769865, 41.338084], [19.769612, 41.338266], [19.769535, 41.338312], [19.769313, 41.33845], [19.769171, 41.33854], [19.768299, 41.339143], [19.767907, 41.339432], [19.767622, 41.33964], [19.76688851, 41.3401355], [19.766155, 41.340631], [19.765727, 41.340905], [19.765637, 41.340818], [19.765533, 41.340718]]}}, {"type": "Feature", "properties": {"route_id": "45", "route_short_name": "16A", "route_long_name": "Linja e gjelb\u00ebr Orar", "route_color": "#43A047", "route_text_color": "#FFFFFF", "shape_id": "45_0", "direction": "0", "corridor_group": "corridor_4", "requested_offset_meters": 0, "offset_meters": 0, "debug": false}, "geometry": {"type": "LineString", "coordinates": [[19.829328, 41.339686], [19.829332, 41.33968], [19.829402, 41.339576], [19.82964, 41.339227], [19.829806, 41.338984], [19.829872, 41.338887], [19.829958, 41.338761], [19.830423, 41.338079], [19.830719, 41.337644], [19.831129, 41.337042], [19.831252, 41.336861], [19.831473, 41.336539], [19.831474, 41.336537], [19.831689, 41.33622], [19.831931, 41.335863], [19.832222, 41.335437], [19.832401, 41.335175], [19.832796, 41.334595], [19.832968, 41.334344], [19.833014, 41.334277], [19.833117, 41.334126], [19.833257, 41.333919], [19.833451, 41.333637], [19.833649, 41.33335], [19.83375, 41.333193], [19.833855, 41.332912], [19.833881, 41.332789], [19.833984, 41.332265], [19.83407, 41.331836], [19.834211, 41.331133], [19.834307, 41.330653], [19.833942, 41.330497], [19.833808, 41.330439], [19.833444, 41.330282], [19.833297, 41.330218], [19.832973, 41.330077], [19.832925, 41.330054], [19.832426, 41.329843], [19.831971, 41.329647], [19.831898, 41.329616], [19.831694, 41.329528], [19.831592, 41.329484], [19.83159, 41.329483], [19.831224, 41.329325], [19.830887, 41.32918], [19.829998, 41.328797], [19.829803, 41.328714], [19.829133, 41.32843], [19.828468, 41.328149], [19.82815, 41.32799], [19.827888, 41.327824], [19.82769, 41.327656], [19.827411, 41.327413], [19.827272, 41.327295], [19.827268, 41.327291], [19.827031, 41.327089], [19.826581, 41.326698], [19.826031, 41.326241], [19.825199, 41.325589], [19.825112, 41.32552], [19.825008, 41.32544], [19.824853, 41.325327], [19.824624, 41.325176], [19.824471, 41.325089], [19.824448, 41.325076], [19.82421, 41.324966], [19.823667, 41.324767], [19.823072, 41.324596], [19.823013, 41.324581], [19.822673, 41.324507], [19.822117, 41.32441], [19.8208835, 41.32421201], [19.81965, 41.324014], [19.819537, 41.323996], [19.8187245, 41.323868], [19.817912, 41.32374], [19.817871, 41.323734], [19.817447, 41.323667], [19.8161655, 41.32346651], [19.814884, 41.323266], [19.814367, 41.323182], [19.813821, 41.323097], [19.813265, 41.323005], [19.812756, 41.322926], [19.812643, 41.322909], [19.81165, 41.322752], [19.811173, 41.322677], [19.810489, 41.322569], [19.809487, 41.322411], [19.80811, 41.322194], [19.80774, 41.322136], [19.807282, 41.322063], [19.806866, 41.321999], [19.806854, 41.321997], [19.806724, 41.321976], [19.805668, 41.321809], [19.805491, 41.321783], [19.805322, 41.321853], [19.805191, 41.321944], [19.805093, 41.322168], [19.804894, 41.322619], [19.804706, 41.323045], [19.804517, 41.323474], [19.804218, 41.3241535], [19.803919, 41.324833], [19.80385, 41.32499], [19.803699, 41.325334], [19.803614, 41.325527], [19.803537, 41.325721], [19.803499, 41.325816], [19.803412, 41.326032], [19.803156, 41.326628], [19.8029, 41.327224], [19.80271, 41.327656], [19.802677, 41.327743], [19.802598, 41.328041], [19.802583, 41.328368], [19.802598, 41.328614], [19.802613, 41.328872], [19.802691, 41.329152], [19.802754, 41.329293], [19.802811, 41.329412], [19.80333899, 41.330281], [19.803867, 41.33115], [19.804269, 41.331815], [19.804317, 41.33192], [19.804377, 41.33205], [19.804395, 41.332177], [19.804385, 41.332375], [19.804403, 41.332478], [19.804553, 41.332748], [19.804629, 41.332781], [19.804699, 41.332829], [19.804785, 41.332955], [19.804785, 41.333098], [19.804873, 41.333276], [19.804979, 41.333421], [19.80511, 41.333535], [19.805566, 41.333841], [19.805922, 41.334061], [19.806105, 41.33415], [19.806134, 41.334163], [19.806345, 41.334247], [19.806603, 41.334318], [19.807389, 41.334451], [19.807508, 41.33447], [19.807818, 41.33452], [19.808262, 41.334593], [19.808715, 41.334667], [19.809108, 41.334731], [19.809417, 41.334782], [19.810217, 41.334915], [19.810655, 41.334986], [19.811212, 41.33508], [19.811333, 41.335099], [19.811834, 41.335181], [19.812436, 41.335279], [19.81345633, 41.33544401], [19.81447666, 41.33560901], [19.815497, 41.335774], [19.815767, 41.335817], [19.816232, 41.335886], [19.816387, 41.335911], [19.816831, 41.335984], [19.817022, 41.336017], [19.817324, 41.33607], [19.817437, 41.33609], [19.817603, 41.336126], [19.818345, 41.3364], [19.8186, 41.3365], [19.819144, 41.336711], [19.819661, 41.336911], [19.820067, 41.337083], [19.820585, 41.337362], [19.820968, 41.337575], [19.821179, 41.337695], [19.821269, 41.337746], [19.821966, 41.338214], [19.822749, 41.338811], [19.82317, 41.339103], [19.823552, 41.339318], [19.824177, 41.339591], [19.824777, 41.33978], [19.825005, 41.33984], [19.825229, 41.339894], [19.825656, 41.339974], [19.825697, 41.339981], [19.825722, 41.339985], [19.826322, 41.340071], [19.827642, 41.340217], [19.827945, 41.340249], [19.828379, 41.340281], [19.828583, 41.340278], [19.828729, 41.340252], [19.828905, 41.340181], [19.829072, 41.340054], [19.829117, 41.339997], [19.829181, 41.339902]]}}, {"type": "Feature", "properties": {"route_id": "45", "route_short_name": "16A", "route_long_name": "Linja e gjelb\u00ebr Orar", "route_color": "#43A047", "route_text_color": "#FFFFFF", "shape_id": "45_0", "direction": "0", "corridor_group": "corridor_4", "offset_meters": 0, "debug": true}, "geometry": {"type": "LineString", "coordinates": [[19.829328, 41.339686], [19.829332, 41.33968], [19.829402, 41.339576], [19.82964, 41.339227], [19.829806, 41.338984], [19.829872, 41.338887], [19.829958, 41.338761], [19.830423, 41.338079], [19.830719, 41.337644], [19.831129, 41.337042], [19.831252, 41.336861], [19.831473, 41.336539], [19.831474, 41.336537], [19.831689, 41.33622], [19.831931, 41.335863], [19.832222, 41.335437], [19.832401, 41.335175], [19.832796, 41.334595], [19.832968, 41.334344], [19.833014, 41.334277], [19.833117, 41.334126], [19.833257, 41.333919], [19.833451, 41.333637], [19.833649, 41.33335], [19.83375, 41.333193], [19.833855, 41.332912], [19.833881, 41.332789], [19.833984, 41.332265], [19.83407, 41.331836], [19.834211, 41.331133], [19.834307, 41.330653], [19.833942, 41.330497], [19.833808, 41.330439], [19.833444, 41.330282], [19.833297, 41.330218], [19.832973, 41.330077], [19.832925, 41.330054], [19.832426, 41.329843], [19.831971, 41.329647], [19.831898, 41.329616], [19.831694, 41.329528], [19.831592, 41.329484], [19.83159, 41.329483], [19.831224, 41.329325], [19.830887, 41.32918], [19.829998, 41.328797], [19.829803, 41.328714], [19.829133, 41.32843], [19.828468, 41.328149], [19.82815, 41.32799], [19.827888, 41.327824], [19.82769, 41.327656], [19.827411, 41.327413], [19.827272, 41.327295], [19.827268, 41.327291], [19.827031, 41.327089], [19.826581, 41.326698], [19.826031, 41.326241], [19.825199, 41.325589], [19.825112, 41.32552], [19.825008, 41.32544], [19.824853, 41.325327], [19.824624, 41.325176], [19.824471, 41.325089], [19.824448, 41.325076], [19.82421, 41.324966], [19.823667, 41.324767], [19.823072, 41.324596], [19.823013, 41.324581], [19.822673, 41.324507], [19.822117, 41.32441], [19.8208835, 41.32421201], [19.81965, 41.324014], [19.819537, 41.323996], [19.8187245, 41.323868], [19.817912, 41.32374], [19.817871, 41.323734], [19.817447, 41.323667], [19.8161655, 41.32346651], [19.814884, 41.323266], [19.814367, 41.323182], [19.813821, 41.323097], [19.813265, 41.323005], [19.812756, 41.322926], [19.812643, 41.322909], [19.81165, 41.322752], [19.811173, 41.322677], [19.810489, 41.322569], [19.809487, 41.322411], [19.80811, 41.322194], [19.80774, 41.322136], [19.807282, 41.322063], [19.806866, 41.321999], [19.806854, 41.321997], [19.806724, 41.321976], [19.805668, 41.321809], [19.805491, 41.321783], [19.805322, 41.321853], [19.805191, 41.321944], [19.805093, 41.322168], [19.804894, 41.322619], [19.804706, 41.323045], [19.804517, 41.323474], [19.804218, 41.3241535], [19.803919, 41.324833], [19.80385, 41.32499], [19.803699, 41.325334], [19.803614, 41.325527], [19.803537, 41.325721], [19.803499, 41.325816], [19.803412, 41.326032], [19.803156, 41.326628], [19.8029, 41.327224], [19.80271, 41.327656], [19.802677, 41.327743], [19.802598, 41.328041], [19.802583, 41.328368], [19.802598, 41.328614], [19.802613, 41.328872], [19.802691, 41.329152], [19.802754, 41.329293], [19.802811, 41.329412], [19.80333899, 41.330281], [19.803867, 41.33115], [19.804269, 41.331815], [19.804317, 41.33192], [19.804377, 41.33205], [19.804395, 41.332177], [19.804385, 41.332375], [19.804403, 41.332478], [19.804553, 41.332748], [19.804629, 41.332781], [19.804699, 41.332829], [19.804785, 41.332955], [19.804785, 41.333098], [19.804873, 41.333276], [19.804979, 41.333421], [19.80511, 41.333535], [19.805566, 41.333841], [19.805922, 41.334061], [19.806105, 41.33415], [19.806134, 41.334163], [19.806345, 41.334247], [19.806603, 41.334318], [19.807389, 41.334451], [19.807508, 41.33447], [19.807818, 41.33452], [19.808262, 41.334593], [19.808715, 41.334667], [19.809108, 41.334731], [19.809417, 41.334782], [19.810217, 41.334915], [19.810655, 41.334986], [19.811212, 41.33508], [19.811333, 41.335099], [19.811834, 41.335181], [19.812436, 41.335279], [19.81345633, 41.33544401], [19.81447666, 41.33560901], [19.815497, 41.335774], [19.815767, 41.335817], [19.816232, 41.335886], [19.816387, 41.335911], [19.816831, 41.335984], [19.817022, 41.336017], [19.817324, 41.33607], [19.817437, 41.33609], [19.817603, 41.336126], [19.818345, 41.3364], [19.8186, 41.3365], [19.819144, 41.336711], [19.819661, 41.336911], [19.820067, 41.337083], [19.820585, 41.337362], [19.820968, 41.337575], [19.821179, 41.337695], [19.821269, 41.337746], [19.821966, 41.338214], [19.822749, 41.338811], [19.82317, 41.339103], [19.823552, 41.339318], [19.824177, 41.339591], [19.824777, 41.33978], [19.825005, 41.33984], [19.825229, 41.339894], [19.825656, 41.339974], [19.825697, 41.339981], [19.825722, 41.339985], [19.826322, 41.340071], [19.827642, 41.340217], [19.827945, 41.340249], [19.828379, 41.340281], [19.828583, 41.340278], [19.828729, 41.340252], [19.828905, 41.340181], [19.829072, 41.340054], [19.829117, 41.339997], [19.829181, 41.339902]]}}, {"type": "Feature", "properties": {"route_id": "20", "route_short_name": "13B", "route_long_name": "Tirana e re Antiorar", "route_color": "#7B1FA2", "route_text_color": "#FFFFFF", "shape_id": "20_0", "direction": "0", "corridor_group": "corridor_3", "requested_offset_meters": 0, "offset_meters": 0, "debug": false}, "geometry": {"type": "LineString", "coordinates": [[19.784457, 41.330383], [19.78494895, 41.32949363], [19.78525992, 41.32891148], [19.78557089, 41.32832934], [19.78607916, 41.32737429], [19.78658741, 41.32641925], [19.78709565, 41.3254642], [19.78722231, 41.32531063], [19.78734827, 41.32515998], [19.78743908, 41.32498257], [19.78762671, 41.32465225], [19.788161, 41.323714], [19.788387, 41.323354], [19.78863762, 41.32299163], [19.788831, 41.322661], [19.788933, 41.322443], [19.789072, 41.322095], [19.789153, 41.321875], [19.78917, 41.321834], [19.789187, 41.321793], [19.789169, 41.321772], [19.789143, 41.321724], [19.78913, 41.321628], [19.789153, 41.321558], [19.789201, 41.321496], [19.789309, 41.32143], [19.789349, 41.321417], [19.789373, 41.321411], [19.78946, 41.321402], [19.789629, 41.321437], [19.789698, 41.321478], [19.789751, 41.321531], [19.789768, 41.321558], [19.789854, 41.321615], [19.790008, 41.321724], [19.790252, 41.321849], [19.79041, 41.321895], [19.790623, 41.321961], [19.790647, 41.321968], [19.790855, 41.322027], [19.791036, 41.322078], [19.791296, 41.322152], [19.791493, 41.322207], [19.791622, 41.322113], [19.791765, 41.322007], [19.792009, 41.321823], [19.792171, 41.321692], [19.792302, 41.321587], [19.792519, 41.321426], [19.792715, 41.321295], [19.792977, 41.321163], [19.793203, 41.321071], [19.793554, 41.320952], [19.793825, 41.32086], [19.793905, 41.320833], [19.794931, 41.320487], [19.795225, 41.320401], [19.795419, 41.320348], [19.79561, 41.320302], [19.795945, 41.320238], [19.796298, 41.320186], [19.796658, 41.320155], [19.796891, 41.320144], [19.79752, 41.320144], [19.798158, 41.320194], [19.798481, 41.320237], [19.798897, 41.320294], [19.799014, 41.32031], [19.799211, 41.320335], [19.799369, 41.320358], [19.799482, 41.320373], [19.799684, 41.320403], [19.799802, 41.320422], [19.800594, 41.320549], [19.801352, 41.3206695], [19.80211, 41.32079], [19.802371, 41.320832], [19.802953, 41.320923], [19.802985, 41.320929], [19.803474, 41.321011], [19.803621, 41.321035], [19.804195, 41.321126], [19.804328, 41.321146], [19.804907, 41.321237], [19.805147, 41.321209], [19.805282, 41.321159], [19.805445, 41.32105], [19.80551, 41.320971], [19.805582, 41.320792], [19.805621, 41.320703], [19.805741, 41.320424], [19.805797, 41.320307], [19.805859, 41.320194], [19.805926, 41.320113], [19.806013, 41.32003], [19.806076, 41.31998], [19.806189, 41.319911], [19.806431, 41.319793], [19.807408, 41.319318], [19.807921, 41.319072], [19.808057, 41.318985], [19.808205, 41.318893], [19.808219, 41.318885], [19.808385, 41.318803], [19.808393, 41.318799], [19.808877, 41.318569], [19.809573, 41.318227], [19.810269, 41.317885], [19.810478, 41.317807], [19.810592, 41.317778], [19.81071, 41.31776], [19.810912, 41.317762], [19.811975, 41.317934], [19.812678, 41.3180455], [19.813381, 41.318157], [19.81339, 41.318128], [19.813381, 41.318157], [19.813469, 41.318171], [19.813647, 41.318199], [19.813691, 41.318206], [19.814201, 41.318287], [19.814409, 41.318323], [19.814438, 41.318331], [19.814463, 41.318342], [19.814503, 41.318369], [19.814541, 41.318369], [19.814566, 41.318373], [19.814606, 41.318383], [19.814697, 41.318449], [19.814717, 41.318543], [19.814706, 41.318574], [19.814756, 41.318617], [19.81494, 41.318698], [19.815046, 41.318729], [19.815151, 41.318746], [19.815346, 41.318777], [19.815751, 41.318841], [19.816092, 41.318896], [19.816432, 41.31895], [19.816542, 41.318967], [19.816623, 41.318979], [19.817764, 41.31915], [19.817813, 41.319157], [19.818214, 41.319217], [19.818263, 41.319224], [19.818604, 41.319275], [19.818647, 41.319282], [19.818754, 41.319296], [19.819485, 41.319393], [19.819816, 41.319437], [19.82067, 41.319551], [19.820763, 41.319563], [19.820786, 41.31948], [19.820869, 41.319182], [19.821086, 41.318375], [19.821099, 41.318317], [19.821108, 41.31826], [19.821115, 41.3182], [19.8211, 41.318194], [19.820973, 41.3181], [19.820938, 41.318038], [19.820926, 41.317971], [19.820952, 41.317848], [19.821003, 41.317728], [19.821058, 41.317675], [19.82113, 41.317634], [19.821303, 41.3176], [19.821392, 41.31761], [19.821468, 41.317633], [19.821534, 41.31767], [19.821623, 41.317773], [19.82164, 41.317834], [19.821619, 41.317971], [19.821607, 41.318004], [19.82158, 41.318073], [19.821533, 41.318131], [19.821468, 41.318178], [19.821301, 41.318225], [19.821292, 41.318226], [19.821256, 41.31829], [19.821237, 41.318333], [19.821217, 41.318391], [19.82113, 41.318669], [19.8209, 41.3195], [19.820878, 41.31958], [19.820851, 41.319666], [19.820639, 41.320464], [19.820594, 41.320612], [19.820566, 41.32072], [19.820459, 41.321106], [19.820457, 41.321115], [19.820436, 41.32119], [19.82041, 41.321288], [19.820207, 41.322017], [19.819991, 41.322794], [19.819989, 41.322802], [19.819982, 41.322827], [19.819972, 41.322864], [19.8198, 41.323486], [19.819773, 41.32358], [19.819741, 41.323692], [19.819673, 41.323934], [19.819669, 41.323951], [19.819664, 41.323965], [19.81965, 41.324014], [19.819618, 41.324133], [19.8194225, 41.324831], [19.819227, 41.325529], [19.819105, 41.325943], [19.818957, 41.326489], [19.818911, 41.326661], [19.818909, 41.326713], [19.818925, 41.326758], [19.818944, 41.326778], [19.81911, 41.326915], [19.819265, 41.327099], [19.81928, 41.327112], [19.819307, 41.327131], [19.819339, 41.327143], [19.819404, 41.327158], [19.819496, 41.327166], [19.8204335, 41.327248], [19.821371, 41.32733], [19.821887, 41.327375], [19.822053, 41.327389], [19.822489, 41.327427], [19.822609, 41.327451], [19.822749, 41.3275], [19.822622, 41.327568], [19.822583, 41.327591], [19.822531, 41.327628], [19.822463, 41.327685], [19.82239, 41.327759], [19.822247, 41.327963], [19.822075, 41.328261], [19.821956, 41.328476], [19.821889, 41.328603], [19.821852, 41.328664], [19.821772, 41.3288], [19.821227, 41.329758], [19.821092, 41.32999], [19.82082, 41.330465], [19.820707, 41.330655], [19.82061, 41.330617], [19.820378, 41.330598], [19.820037, 41.330611], [19.819849, 41.330589], [19.819553, 41.330549], [19.819044, 41.33048], [19.818871, 41.330457], [19.818028, 41.330344], [19.817947, 41.330332], [19.817919, 41.330431], [19.817754, 41.331026], [19.817589, 41.331621], [19.817493, 41.331972], [19.817485, 41.332], [19.817196, 41.333051], [19.817157, 41.333181], [19.817121, 41.333322], [19.816867, 41.334244], [19.816766, 41.334619], [19.816742, 41.33471], [19.816738, 41.334723], [19.816588, 41.335267], [19.816474, 41.335661], [19.81642, 41.335833], [19.816387, 41.335911], [19.816357, 41.335988], [19.816214, 41.335964], [19.816065, 41.335942], [19.814779, 41.335737], [19.813798, 41.335581], [19.813766, 41.335575], [19.812563, 41.335378], [19.812408, 41.335352], [19.812302, 41.335335], [19.81223, 41.335323], [19.811311, 41.335171], [19.811191, 41.335152], [19.811117, 41.335139], [19.811088, 41.335134], [19.810835, 41.335092], [19.810292, 41.335002], [19.809666, 41.334898], [19.808756, 41.3347465], [19.807846, 41.334595], [19.807829, 41.334592], [19.806717, 41.334417], [19.806583, 41.334395], [19.806388, 41.334353], [19.806298, 41.334325], [19.806085, 41.334244], [19.806001, 41.334208], [19.805722, 41.334045], [19.805528, 41.333918], [19.805176, 41.33368], [19.804964, 41.333613], [19.804709, 41.33353], [19.804418, 41.333464], [19.804349, 41.333454], [19.804214, 41.333443], [19.803941, 41.333427], [19.803813, 41.333435], [19.803493, 41.333506], [19.803327, 41.333563], [19.802854, 41.333728], [19.802812, 41.333742], [19.802664, 41.333756], [19.802512, 41.333741], [19.802233, 41.333838], [19.802165, 41.333861], [19.802054, 41.3339], [19.801342, 41.334148], [19.801313, 41.334158], [19.800893, 41.334305], [19.800026, 41.334607], [19.79911, 41.334926], [19.797968, 41.335323], [19.797877, 41.335355], [19.797792, 41.335385], [19.797612, 41.335449], [19.797196, 41.335594], [19.796713, 41.335763], [19.795538, 41.336171], [19.794678, 41.336469], [19.793539, 41.336865], [19.793082, 41.337024], [19.793036, 41.33704], [19.792895, 41.337089], [19.79271, 41.337154], [19.792576, 41.337201], [19.792306, 41.337295], [19.791344, 41.33763], [19.790382, 41.337965], [19.79036, 41.337973], [19.790235, 41.338016], [19.790059, 41.338079], [19.789706, 41.338201], [19.789056, 41.338435], [19.788406, 41.338669], [19.788116, 41.338772], [19.787525, 41.338983], [19.78731, 41.33905], [19.786706, 41.339247], [19.786157, 41.339463], [19.785927, 41.339554], [19.785526, 41.339733], [19.78503, 41.340012], [19.78478, 41.340128], [19.783708, 41.340448], [19.783371, 41.340552], [19.783194, 41.340606], [19.782865, 41.340702], [19.78272, 41.34072], [19.782596, 41.340711], [19.782456, 41.340759], [19.781827, 41.340972], [19.781753, 41.340997], [19.781619, 41.341044], [19.781381, 41.341127], [19.781003, 41.341254], [19.78092, 41.341323], [19.780684, 41.341459], [19.780575, 41.341513], [19.780345, 41.341617], [19.780193, 41.341679], [19.779546, 41.3419175], [19.778899, 41.342156], [19.777988, 41.342483], [19.777888, 41.342536], [19.777724, 41.342698], [19.777631, 41.342758], [19.777542, 41.342806], [19.777492, 41.342842], [19.777206, 41.343005], [19.777075, 41.343079], [19.77628051, 41.34354052], [19.776052, 41.343573], [19.775914, 41.343563], [19.775805, 41.343523], [19.775716, 41.343473], [19.775673, 41.343438], [19.7756, 41.343343], [19.775562, 41.343265], [19.775498, 41.343129], [19.775463, 41.343038], [19.775446, 41.342959], [19.775458, 41.342897], [19.775475, 41.342867], [19.775492, 41.342837], [19.775608, 41.342737], [19.775722, 41.342678], [19.776265, 41.342489], [19.776319, 41.34247], [19.776668, 41.342348], [19.776886, 41.342272], [19.77702, 41.342239], [19.777138, 41.342228], [19.777211, 41.342231], [19.777277, 41.342244], [19.777316, 41.342238], [19.777542, 41.342175], [19.778117, 41.341972], [19.778813, 41.341733], [19.779359, 41.341544], [19.779762, 41.341407], [19.779968, 41.341342], [19.780185, 41.341288], [19.780457, 41.341222], [19.780659, 41.34118], [19.78089, 41.341159], [19.781032, 41.341104], [19.781584, 41.340917], [19.781714, 41.340868], [19.782478, 41.340601], [19.782708, 41.340525], [19.782935, 41.340376], [19.78363, 41.340104], [19.784293, 41.339849], [19.78477, 41.339667], [19.78571, 41.339381], [19.785991, 41.339291], [19.785652, 41.338874], [19.785494, 41.338729], [19.785375, 41.338614], [19.785232, 41.338463], [19.785026, 41.33821], [19.784611, 41.3376995], [19.784196, 41.337189], [19.783614, 41.33649], [19.783534, 41.336401], [19.783442, 41.336284], [19.783331, 41.336106], [19.783272, 41.336007], [19.783138, 41.335766], [19.783059, 41.335571], [19.782957, 41.335316], [19.782944, 41.33528], [19.782921, 41.335212], [19.78283, 41.334803], [19.782798, 41.334601], [19.782791, 41.334458], [19.782799, 41.334051], [19.782816, 41.333869], [19.782855, 41.333672], [19.78292, 41.33345], [19.782941, 41.333395], [19.783046, 41.333112], [19.783282, 41.332609], [19.783552, 41.332132], [19.783824, 41.331623], [19.783858, 41.331556], [19.78425077, 41.33081642]]}}, {"type": "Feature", "properties": {"route_id": "20", "route_short_name": "13B", "route_long_name": "Tirana e re Antiorar", "route_color": "#7B1FA2", "route_text_color": "#FFFFFF", "shape_id": "20_0", "direction": "0", "corridor_group": "corridor_3", "offset_meters": 0, "debug": true}, "geometry": {"type": "LineString", "coordinates": [[19.784457, 41.330383], [19.78494895, 41.32949363], [19.78525992, 41.32891148], [19.78557089, 41.32832934], [19.78607916, 41.32737429], [19.78658741, 41.32641925], [19.78709565, 41.3254642], [19.78722231, 41.32531063], [19.78734827, 41.32515998], [19.78743908, 41.32498257], [19.78762671, 41.32465225], [19.788161, 41.323714], [19.788387, 41.323354], [19.78863762, 41.32299163], [19.788831, 41.322661], [19.788933, 41.322443], [19.789072, 41.322095], [19.789153, 41.321875], [19.78917, 41.321834], [19.789187, 41.321793], [19.789169, 41.321772], [19.789143, 41.321724], [19.78913, 41.321628], [19.789153, 41.321558], [19.789201, 41.321496], [19.789309, 41.32143], [19.789349, 41.321417], [19.789373, 41.321411], [19.78946, 41.321402], [19.789629, 41.321437], [19.789698, 41.321478], [19.789751, 41.321531], [19.789768, 41.321558], [19.789854, 41.321615], [19.790008, 41.321724], [19.790252, 41.321849], [19.79041, 41.321895], [19.790623, 41.321961], [19.790647, 41.321968], [19.790855, 41.322027], [19.791036, 41.322078], [19.791296, 41.322152], [19.791493, 41.322207], [19.791622, 41.322113], [19.791765, 41.322007], [19.792009, 41.321823], [19.792171, 41.321692], [19.792302, 41.321587], [19.792519, 41.321426], [19.792715, 41.321295], [19.792977, 41.321163], [19.793203, 41.321071], [19.793554, 41.320952], [19.793825, 41.32086], [19.793905, 41.320833], [19.794931, 41.320487], [19.795225, 41.320401], [19.795419, 41.320348], [19.79561, 41.320302], [19.795945, 41.320238], [19.796298, 41.320186], [19.796658, 41.320155], [19.796891, 41.320144], [19.79752, 41.320144], [19.798158, 41.320194], [19.798481, 41.320237], [19.798897, 41.320294], [19.799014, 41.32031], [19.799211, 41.320335], [19.799369, 41.320358], [19.799482, 41.320373], [19.799684, 41.320403], [19.799802, 41.320422], [19.800594, 41.320549], [19.801352, 41.3206695], [19.80211, 41.32079], [19.802371, 41.320832], [19.802953, 41.320923], [19.802985, 41.320929], [19.803474, 41.321011], [19.803621, 41.321035], [19.804195, 41.321126], [19.804328, 41.321146], [19.804907, 41.321237], [19.805147, 41.321209], [19.805282, 41.321159], [19.805445, 41.32105], [19.80551, 41.320971], [19.805582, 41.320792], [19.805621, 41.320703], [19.805741, 41.320424], [19.805797, 41.320307], [19.805859, 41.320194], [19.805926, 41.320113], [19.806013, 41.32003], [19.806076, 41.31998], [19.806189, 41.319911], [19.806431, 41.319793], [19.807408, 41.319318], [19.807921, 41.319072], [19.808057, 41.318985], [19.808205, 41.318893], [19.808219, 41.318885], [19.808385, 41.318803], [19.808393, 41.318799], [19.808877, 41.318569], [19.809573, 41.318227], [19.810269, 41.317885], [19.810478, 41.317807], [19.810592, 41.317778], [19.81071, 41.31776], [19.810912, 41.317762], [19.811975, 41.317934], [19.812678, 41.3180455], [19.813381, 41.318157], [19.81339, 41.318128], [19.813381, 41.318157], [19.813469, 41.318171], [19.813647, 41.318199], [19.813691, 41.318206], [19.814201, 41.318287], [19.814409, 41.318323], [19.814438, 41.318331], [19.814463, 41.318342], [19.814503, 41.318369], [19.814541, 41.318369], [19.814566, 41.318373], [19.814606, 41.318383], [19.814697, 41.318449], [19.814717, 41.318543], [19.814706, 41.318574], [19.814756, 41.318617], [19.81494, 41.318698], [19.815046, 41.318729], [19.815151, 41.318746], [19.815346, 41.318777], [19.815751, 41.318841], [19.816092, 41.318896], [19.816432, 41.31895], [19.816542, 41.318967], [19.816623, 41.318979], [19.817764, 41.31915], [19.817813, 41.319157], [19.818214, 41.319217], [19.818263, 41.319224], [19.818604, 41.319275], [19.818647, 41.319282], [19.818754, 41.319296], [19.819485, 41.319393], [19.819816, 41.319437], [19.82067, 41.319551], [19.820763, 41.319563], [19.820786, 41.31948], [19.820869, 41.319182], [19.821086, 41.318375], [19.821099, 41.318317], [19.821108, 41.31826], [19.821115, 41.3182], [19.8211, 41.318194], [19.820973, 41.3181], [19.820938, 41.318038], [19.820926, 41.317971], [19.820952, 41.317848], [19.821003, 41.317728], [19.821058, 41.317675], [19.82113, 41.317634], [19.821303, 41.3176], [19.821392, 41.31761], [19.821468, 41.317633], [19.821534, 41.31767], [19.821623, 41.317773], [19.82164, 41.317834], [19.821619, 41.317971], [19.821607, 41.318004], [19.82158, 41.318073], [19.821533, 41.318131], [19.821468, 41.318178], [19.821301, 41.318225], [19.821292, 41.318226], [19.821256, 41.31829], [19.821237, 41.318333], [19.821217, 41.318391], [19.82113, 41.318669], [19.8209, 41.3195], [19.820878, 41.31958], [19.820851, 41.319666], [19.820639, 41.320464], [19.820594, 41.320612], [19.820566, 41.32072], [19.820459, 41.321106], [19.820457, 41.321115], [19.820436, 41.32119], [19.82041, 41.321288], [19.820207, 41.322017], [19.819991, 41.322794], [19.819989, 41.322802], [19.819982, 41.322827], [19.819972, 41.322864], [19.8198, 41.323486], [19.819773, 41.32358], [19.819741, 41.323692], [19.819673, 41.323934], [19.819669, 41.323951], [19.819664, 41.323965], [19.81965, 41.324014], [19.819618, 41.324133], [19.8194225, 41.324831], [19.819227, 41.325529], [19.819105, 41.325943], [19.818957, 41.326489], [19.818911, 41.326661], [19.818909, 41.326713], [19.818925, 41.326758], [19.818944, 41.326778], [19.81911, 41.326915], [19.819265, 41.327099], [19.81928, 41.327112], [19.819307, 41.327131], [19.819339, 41.327143], [19.819404, 41.327158], [19.819496, 41.327166], [19.8204335, 41.327248], [19.821371, 41.32733], [19.821887, 41.327375], [19.822053, 41.327389], [19.822489, 41.327427], [19.822609, 41.327451], [19.822749, 41.3275], [19.822622, 41.327568], [19.822583, 41.327591], [19.822531, 41.327628], [19.822463, 41.327685], [19.82239, 41.327759], [19.822247, 41.327963], [19.822075, 41.328261], [19.821956, 41.328476], [19.821889, 41.328603], [19.821852, 41.328664], [19.821772, 41.3288], [19.821227, 41.329758], [19.821092, 41.32999], [19.82082, 41.330465], [19.820707, 41.330655], [19.82061, 41.330617], [19.820378, 41.330598], [19.820037, 41.330611], [19.819849, 41.330589], [19.819553, 41.330549], [19.819044, 41.33048], [19.818871, 41.330457], [19.818028, 41.330344], [19.817947, 41.330332], [19.817919, 41.330431], [19.817754, 41.331026], [19.817589, 41.331621], [19.817493, 41.331972], [19.817485, 41.332], [19.817196, 41.333051], [19.817157, 41.333181], [19.817121, 41.333322], [19.816867, 41.334244], [19.816766, 41.334619], [19.816742, 41.33471], [19.816738, 41.334723], [19.816588, 41.335267], [19.816474, 41.335661], [19.81642, 41.335833], [19.816387, 41.335911], [19.816357, 41.335988], [19.816214, 41.335964], [19.816065, 41.335942], [19.814779, 41.335737], [19.813798, 41.335581], [19.813766, 41.335575], [19.812563, 41.335378], [19.812408, 41.335352], [19.812302, 41.335335], [19.81223, 41.335323], [19.811311, 41.335171], [19.811191, 41.335152], [19.811117, 41.335139], [19.811088, 41.335134], [19.810835, 41.335092], [19.810292, 41.335002], [19.809666, 41.334898], [19.808756, 41.3347465], [19.807846, 41.334595], [19.807829, 41.334592], [19.806717, 41.334417], [19.806583, 41.334395], [19.806388, 41.334353], [19.806298, 41.334325], [19.806085, 41.334244], [19.806001, 41.334208], [19.805722, 41.334045], [19.805528, 41.333918], [19.805176, 41.33368], [19.804964, 41.333613], [19.804709, 41.33353], [19.804418, 41.333464], [19.804349, 41.333454], [19.804214, 41.333443], [19.803941, 41.333427], [19.803813, 41.333435], [19.803493, 41.333506], [19.803327, 41.333563], [19.802854, 41.333728], [19.802812, 41.333742], [19.802664, 41.333756], [19.802512, 41.333741], [19.802233, 41.333838], [19.802165, 41.333861], [19.802054, 41.3339], [19.801342, 41.334148], [19.801313, 41.334158], [19.800893, 41.334305], [19.800026, 41.334607], [19.79911, 41.334926], [19.797968, 41.335323], [19.797877, 41.335355], [19.797792, 41.335385], [19.797612, 41.335449], [19.797196, 41.335594], [19.796713, 41.335763], [19.795538, 41.336171], [19.794678, 41.336469], [19.793539, 41.336865], [19.793082, 41.337024], [19.793036, 41.33704], [19.792895, 41.337089], [19.79271, 41.337154], [19.792576, 41.337201], [19.792306, 41.337295], [19.791344, 41.33763], [19.790382, 41.337965], [19.79036, 41.337973], [19.790235, 41.338016], [19.790059, 41.338079], [19.789706, 41.338201], [19.789056, 41.338435], [19.788406, 41.338669], [19.788116, 41.338772], [19.787525, 41.338983], [19.78731, 41.33905], [19.786706, 41.339247], [19.786157, 41.339463], [19.785927, 41.339554], [19.785526, 41.339733], [19.78503, 41.340012], [19.78478, 41.340128], [19.783708, 41.340448], [19.783371, 41.340552], [19.783194, 41.340606], [19.782865, 41.340702], [19.78272, 41.34072], [19.782596, 41.340711], [19.782456, 41.340759], [19.781827, 41.340972], [19.781753, 41.340997], [19.781619, 41.341044], [19.781381, 41.341127], [19.781003, 41.341254], [19.78092, 41.341323], [19.780684, 41.341459], [19.780575, 41.341513], [19.780345, 41.341617], [19.780193, 41.341679], [19.779546, 41.3419175], [19.778899, 41.342156], [19.777988, 41.342483], [19.777888, 41.342536], [19.777724, 41.342698], [19.777631, 41.342758], [19.777542, 41.342806], [19.777492, 41.342842], [19.777206, 41.343005], [19.777075, 41.343079], [19.77628051, 41.34354052], [19.776052, 41.343573], [19.775914, 41.343563], [19.775805, 41.343523], [19.775716, 41.343473], [19.775673, 41.343438], [19.7756, 41.343343], [19.775562, 41.343265], [19.775498, 41.343129], [19.775463, 41.343038], [19.775446, 41.342959], [19.775458, 41.342897], [19.775475, 41.342867], [19.775492, 41.342837], [19.775608, 41.342737], [19.775722, 41.342678], [19.776265, 41.342489], [19.776319, 41.34247], [19.776668, 41.342348], [19.776886, 41.342272], [19.77702, 41.342239], [19.777138, 41.342228], [19.777211, 41.342231], [19.777277, 41.342244], [19.777316, 41.342238], [19.777542, 41.342175], [19.778117, 41.341972], [19.778813, 41.341733], [19.779359, 41.341544], [19.779762, 41.341407], [19.779968, 41.341342], [19.780185, 41.341288], [19.780457, 41.341222], [19.780659, 41.34118], [19.78089, 41.341159], [19.781032, 41.341104], [19.781584, 41.340917], [19.781714, 41.340868], [19.782478, 41.340601], [19.782708, 41.340525], [19.782935, 41.340376], [19.78363, 41.340104], [19.784293, 41.339849], [19.78477, 41.339667], [19.78571, 41.339381], [19.785991, 41.339291], [19.785652, 41.338874], [19.785494, 41.338729], [19.785375, 41.338614], [19.785232, 41.338463], [19.785026, 41.33821], [19.784611, 41.3376995], [19.784196, 41.337189], [19.783614, 41.33649], [19.783534, 41.336401], [19.783442, 41.336284], [19.783331, 41.336106], [19.783272, 41.336007], [19.783138, 41.335766], [19.783059, 41.335571], [19.782957, 41.335316], [19.782944, 41.33528], [19.782921, 41.335212], [19.78283, 41.334803], [19.782798, 41.334601], [19.782791, 41.334458], [19.782799, 41.334051], [19.782816, 41.333869], [19.782855, 41.333672], [19.78292, 41.33345], [19.782941, 41.333395], [19.783046, 41.333112], [19.783282, 41.332609], [19.783552, 41.332132], [19.783824, 41.331623], [19.783858, 41.331556], [19.78425077, 41.33081642]]}}, {"type": "Feature", "properties": {"route_id": "71", "route_short_name": "12A", "route_long_name": "Uzina Dinamo \u2013 Sharr\u00eb", "route_color": "#26A69A", "route_text_color": "#FFFFFF", "shape_id": "71_0", "direction": "0", "corridor_group": "corridor_1", "requested_offset_meters": 1.333333333333334, "offset_meters": 1.333333333333334, "debug": false}, "geometry": {"type": "LineString", "coordinates": [[19.80671869, 41.34741648], [19.80684344, 41.34738753], [19.80696158, 41.34736229], [19.80693458, 41.34741592], [19.80695267, 41.34749466], [19.8071538, 41.34781464], [19.80724582, 41.34785298], [19.80848381, 41.34786101], [19.80874179, 41.34786401], [19.80979301, 41.34787301], [19.81030536, 41.347868], [19.81118053, 41.34776298], [19.81144823, 41.34775604], [19.81157701, 41.34776882], [19.81166613, 41.34778565], [19.8122833, 41.34790168], [19.81246088, 41.34793212], [19.81261843, 41.34792209], [19.81270948, 41.34793286], [19.81291103, 41.34795765], [19.81294554, 41.34784965], [19.81338734, 41.34627905], [19.81347405, 41.3462918], [19.81387513, 41.34634681], [19.81414656, 41.34638454], [19.81432566, 41.34607472], [19.81441571, 41.34591261], [19.81451665, 41.34572874], [19.81462472, 41.34554561], [19.8147979, 41.34520926], [19.81501796, 41.34476214], [19.81504693, 41.34470219], [19.81530485, 41.34419135], [19.81543776, 41.34393952], [19.81576369, 41.34334866], [19.81598364, 41.34295975], [19.81603669, 41.34286765], [19.81622374, 41.34252056], [19.81626177, 41.34245151], [19.81634582, 41.34229142], [19.81649254, 41.34201195], [19.81679803, 41.3415617], [19.8171009, 41.34115887], [19.81743199, 41.34070875], [19.81747905, 41.34064267], [19.817628, 41.34043274], [19.81777496, 41.34023279], [19.81832494, 41.33947582], [19.81859114, 41.33911856], [19.81873783, 41.33888948], [19.81882808, 41.33867888], [19.81889095, 41.33854716], [19.81896144, 41.33840718], [19.81901082, 41.33834297], [19.81912853, 41.33818636], [19.81919713, 41.3381108], [19.81940009, 41.33788885], [19.81945119, 41.33783374], [19.8195524, 41.3377175], [19.81964951, 41.33760136], [19.81973253, 41.33750035], [19.82003056, 41.33714147], [19.81845037, 41.33650535], [19.81796013, 41.33631726], [19.81768085, 41.33621379], [19.81738802, 41.33614737], [19.81687744, 41.33606227], [19.81636137, 41.33597626], [19.8162323, 41.33595565], [19.81624764, 41.3358883], [19.81631756, 41.33564659], [19.81633157, 41.33559956], [19.81642758, 41.3352585], [19.81663259, 41.33453247], [19.81697174, 41.33329692], [19.81699674, 41.33313592], [19.8175306, 41.33119444], [19.81777885, 41.33029264], [19.81692423, 41.33016139], [19.81677104, 41.33012113], [19.81663181, 41.33005348], [19.8164782, 41.32994615], [19.81634323, 41.32979443], [19.81614516, 41.32940626], [19.8159944, 41.32898771], [19.81609003, 41.328663], [19.81607184, 41.32840839], [19.81604682, 41.32832187], [19.81600778, 41.32828283], [19.81593188, 41.32824969], [19.81568631, 41.32820791], [19.81506053, 41.32823599], [19.81505454, 41.32823599], [19.81473507, 41.32825001], [19.81366507, 41.32829701], [19.81314112, 41.32832001], [19.81227977, 41.32835398], [19.81194571, 41.32834802], [19.81149405, 41.32828236], [19.81136458, 41.32824974], [19.81108011, 41.32816091], [19.81071011, 41.32804491], [19.81031306, 41.32792089], [19.80972505, 41.32773989], [19.80930707, 41.3276099], [19.80872304, 41.32742889], [19.80819709, 41.3272669], [19.80784519, 41.32715594], [19.80779215, 41.32713892], [19.80772096, 41.32711686], [19.80765399, 41.32709687], [19.8074021, 41.32701791], [19.80678208, 41.3268249], [19.80541904, 41.32640089], [19.80530511, 41.32636591], [19.80523612, 41.32634391], [19.80506406, 41.32629089], [19.80462508, 41.3261539], [19.80401011, 41.32596291], [19.80386109, 41.3259159], [19.80379606, 41.32589589], [19.80350509, 41.3258049], [19.80339908, 41.3257719], [19.80313607, 41.3256899], [19.80300702, 41.32564988], [19.80041395, 41.32485786], [19.79852785, 41.32428883], [19.79802269, 41.32414078], [19.79739859, 41.32396375], [19.79697158, 41.32384375], [19.7966496, 41.32375276], [19.79531459, 41.32337376], [19.79441163, 41.32311976], [19.79337253, 41.32282074], [19.79295436, 41.32270769], [19.79267537, 41.32263269], [19.79229128, 41.32252867], [19.79204425, 41.32246466], [19.79199943, 41.32245271], [19.79153235, 41.32232169], [19.79129516, 41.32226064], [19.7906202, 41.32208565], [19.79049028, 41.32205167], [19.79016811, 41.32196536], [19.78970641, 41.3219024], [19.78959235, 41.32186818], [19.78955492, 41.32187809], [19.78939432, 41.32188389], [19.78932014, 41.32186442], [19.78919961, 41.32178536], [19.78917992, 41.32175817], [19.78915749, 41.32172825], [19.78892357, 41.32157737], [19.78871934, 41.32147676], [19.78854331, 41.32140032], [19.78816993, 41.32127118], [19.78770489, 41.32109317], [19.78713255, 41.32089805], [19.78713255, 41.32089705], [19.78650253, 41.32068305], [19.78479757, 41.32010706], [19.78396646, 41.31982002], [19.78322419, 41.31957993], [19.78288813, 41.31947492], [19.78258115, 41.31937792], [19.78171216, 41.31910393], [19.78134609, 41.3189879], [19.78031208, 41.3186709], [19.77980008, 41.3185089], [19.77815283, 41.31800482], [19.77760493, 41.31784785], [19.77729718, 41.31774993], [19.77625624, 41.31741995], [19.7758162, 41.31727694], [19.7752051, 41.31708591], [19.77507708, 41.3170459], [19.77484205, 41.31697289], [19.77477416, 41.31695193], [19.77377645, 41.31662902], [19.7733091, 41.31646824], [19.77255498, 41.31616101], [19.77245796, 41.3161], [19.77150953, 41.31571642], [19.77078354, 41.31542242], [19.77016852, 41.31517341], [19.76970352, 41.31498641], [19.76928354, 41.31481642], [19.76867954, 41.31457142], [19.76828453, 41.31441142], [19.76800951, 41.31430041], [19.76773152, 41.31418841], [19.7676475, 41.31415441], [19.76714245, 41.31395239], [19.76684845, 41.31383539], [19.76638156, 41.31364843], [19.76630162, 41.31361545], [19.76578767, 41.31340548], [19.76573764, 41.31338446], [19.76537666, 41.31323847], [19.76533165, 41.31321947], [19.76497955, 41.31307742], [19.76490357, 41.31304643], [19.76436256, 41.31282643], [19.76394953, 41.31265842], [19.76383253, 41.31261142], [19.76308055, 41.31230543], [19.7625406, 41.31208644], [19.76212866, 41.31191647], [19.76195261, 41.31184345], [19.76174557, 41.31175943], [19.76143259, 41.31163144], [19.76103858, 41.31147044], [19.76085034, 41.31139375], [19.76055287, 41.31123855], [19.76028535, 41.31105854], [19.76005124, 41.31085631], [19.75965244, 41.31047791], [19.75957812, 41.31053274], [19.75967224, 41.31049729], [19.75961181, 41.31043686], [19.75941356, 41.31023064], [19.75934937, 41.3101388], [19.75911069, 41.30972536], [19.75868471, 41.30892839], [19.7586557, 41.30887738], [19.75847076, 41.30853349], [19.75833676, 41.30828349], [19.75832276, 41.30825749], [19.75812577, 41.3078895], [19.75788176, 41.30743448], [19.75782777, 41.3073345], [19.75769584, 41.30708664], [19.75767169, 41.30703834], [19.75754268, 41.30682971], [19.75735559, 41.30664768], [19.75730648, 41.30661596], [19.7572385, 41.3065703], [19.75700447, 41.30646337], [19.75689055, 41.30642405], [19.75673554, 41.30637205], [19.75670363, 41.30636108], [19.75634862, 41.30623808], [19.75623764, 41.30620009], [19.75609466, 41.30615009], [19.75588265, 41.30607709], [19.75548066, 41.30593709], [19.75519764, 41.30583909], [19.75496074, 41.30575712], [19.75490764, 41.30573808], [19.75475423, 41.30568695], [19.75453601, 41.30561988], [19.75448364, 41.30560377], [19.75409568, 41.30550151], [19.75359507, 41.30540139], [19.75301997, 41.30528737], [19.75161391, 41.30502036], [19.75154092, 41.30500636], [19.75126398, 41.30495337], [19.75117806, 41.30493639], [19.75108809, 41.30491839], [19.75073509, 41.30484739], [19.75044909, 41.30479039], [19.75009211, 41.3047184], [19.74964907, 41.30462939], [19.74909705, 41.30452039], [19.74879011, 41.3044594], [19.74874617, 41.30445041], [19.74803292, 41.30430456], [19.74730585, 41.30409683], [19.74658002, 41.30387188], [19.7464724, 41.303839], [19.74596872, 41.30365947], [19.74570009, 41.30353013], [19.74535039, 41.3033313], [19.74533834, 41.30332487]]}}, {"type": "Feature", "properties": {"route_id": "71", "route_short_name": "12A", "route_long_name": "Uzina Dinamo \u2013 Sharr\u00eb", "route_color": "#26A69A", "route_text_color": "#FFFFFF", "shape_id": "71_0", "direction": "0", "corridor_group": "corridor_1", "offset_meters": 0, "debug": true}, "geometry": {"type": "LineString", "coordinates": [[19.806714, 41.347405], [19.806839, 41.347376], [19.806985, 41.347346], [19.806951, 41.347417], [19.806968, 41.347491], [19.807166, 41.347806], [19.80725, 41.347841], [19.808484, 41.347849], [19.808742, 41.347852], [19.809793, 41.347861], [19.810304, 41.347856], [19.811179, 41.347751], [19.811449, 41.347744], [19.81158, 41.347757], [19.81167, 41.347774], [19.812287, 41.34789], [19.812462, 41.34792], [19.812619, 41.34791], [19.812712, 41.347921], [19.812899, 41.347944], [19.81293, 41.347847], [19.813375, 41.346265], [19.813477, 41.34628], [19.813878, 41.346335], [19.814137, 41.346371], [19.814311, 41.34607], [19.814401, 41.345908], [19.814502, 41.345724], [19.81461, 41.345541], [19.814783, 41.345205], [19.815003, 41.344758], [19.815032, 41.344698], [19.81529, 41.344187], [19.815423, 41.343935], [19.815749, 41.343344], [19.815969, 41.342955], [19.816022, 41.342863], [19.816209, 41.342516], [19.816247, 41.342447], [19.816331, 41.342287], [19.816478, 41.342007], [19.816784, 41.341556], [19.817087, 41.341153], [19.817418, 41.340703], [19.817465, 41.340637], [19.817614, 41.340427], [19.817761, 41.340227], [19.818311, 41.33947], [19.818577, 41.339113], [19.818723, 41.338885], [19.818813, 41.338675], [19.818876, 41.338543], [19.818947, 41.338402], [19.818997, 41.338337], [19.819115, 41.33818], [19.819184, 41.338104], [19.819387, 41.337882], [19.819438, 41.337827], [19.819539, 41.337711], [19.819636, 41.337595], [19.819719, 41.337494], [19.820008, 41.337146], [19.818443, 41.336516], [19.817953, 41.336328], [19.817675, 41.336225], [19.817384, 41.336159], [19.816874, 41.336074], [19.816358, 41.335988], [19.816214, 41.335965], [19.816232, 41.335886], [19.816302, 41.335644], [19.816316, 41.335597], [19.816412, 41.335256], [19.816617, 41.33453], [19.816956, 41.333295], [19.816981, 41.333134], [19.817515, 41.331192], [19.81776, 41.330302], [19.81692, 41.330173], [19.816764, 41.330132], [19.816622, 41.330063], [19.816466, 41.329954], [19.816329, 41.3298], [19.81613, 41.32941], [19.815978, 41.328988], [19.816074, 41.328662], [19.816056, 41.32841], [19.816032, 41.328327], [19.815997, 41.328292], [19.815926, 41.328261], [19.815685, 41.32822], [19.815061, 41.328248], [19.815055, 41.328248], [19.814736, 41.328262], [19.813666, 41.328309], [19.813142, 41.328332], [19.81228, 41.328366], [19.811944, 41.32836], [19.81149, 41.328294], [19.811359, 41.328261], [19.811074, 41.328172], [19.810704, 41.328056], [19.810307, 41.327932], [19.809719, 41.327751], [19.809301, 41.327621], [19.808717, 41.32744], [19.808191, 41.327278], [19.807839, 41.327167], [19.807786, 41.32715], [19.807715, 41.327128], [19.807648, 41.327108], [19.807396, 41.327029], [19.806776, 41.326836], [19.805413, 41.326412], [19.805299, 41.326377], [19.80523, 41.326355], [19.805058, 41.326302], [19.804619, 41.326165], [19.804004, 41.325974], [19.803855, 41.325927], [19.80379, 41.325907], [19.803499, 41.325816], [19.803393, 41.325783], [19.80313, 41.325701], [19.803001, 41.325661], [19.800408, 41.324869], [19.798522, 41.3243], [19.798017, 41.324152], [19.797393, 41.323975], [19.796966, 41.323855], [19.796644, 41.323764], [19.795309, 41.323385], [19.794406, 41.323131], [19.793367, 41.322832], [19.792949, 41.322719], [19.79267, 41.322644], [19.792286, 41.32254], [19.792039, 41.322476], [19.791994, 41.322464], [19.791527, 41.322333], [19.79129, 41.322272], [19.790615, 41.322097], [19.790485, 41.322063], [19.790164, 41.321977], [19.789702, 41.321914], [19.789592, 41.321881], [19.789558, 41.32189], [19.789392, 41.321896], [19.789312, 41.321875], [19.789187, 41.321793], [19.789166, 41.321764], [19.789145, 41.321736], [19.788914, 41.321587], [19.788711, 41.321487], [19.788536, 41.321411], [19.788163, 41.321282], [19.787698, 41.321104], [19.787126, 41.320909], [19.787126, 41.320908], [19.786496, 41.320694], [19.784791, 41.320118], [19.78396, 41.319831], [19.783218, 41.319591], [19.782882, 41.319486], [19.782575, 41.319389], [19.781706, 41.319115], [19.78134, 41.318999], [19.780306, 41.318682], [19.779794, 41.31852], [19.778147, 41.318016], [19.777599, 41.317859], [19.777291, 41.317761], [19.77625, 41.317431], [19.77581, 41.317288], [19.775199, 41.317097], [19.775071, 41.317057], [19.774836, 41.316984], [19.774768, 41.316963], [19.77377, 41.31664], [19.773302, 41.316479], [19.772546, 41.316171], [19.772449, 41.31611], [19.771502, 41.315727], [19.770776, 41.315433], [19.770161, 41.315184], [19.769696, 41.314997], [19.769276, 41.314827], [19.768672, 41.314582], [19.768277, 41.314422], [19.768002, 41.314311], [19.767724, 41.314199], [19.76764, 41.314165], [19.767135, 41.313963], [19.766841, 41.313846], [19.766374, 41.313659], [19.766294, 41.313626], [19.76578, 41.313416], [19.76573, 41.313395], [19.765369, 41.313249], [19.765324, 41.31323], [19.764972, 41.313088], [19.764896, 41.313057], [19.764355, 41.312837], [19.763942, 41.312669], [19.763825, 41.312622], [19.763073, 41.312316], [19.762533, 41.312097], [19.762121, 41.311927], [19.761945, 41.311854], [19.761738, 41.31177], [19.761425, 41.311642], [19.761031, 41.311481], [19.760842, 41.311404], [19.760543, 41.311248], [19.760274, 41.311067], [19.760039, 41.310864], [19.759648, 41.310493], [19.759571, 41.310522], [19.759648, 41.310493], [19.759599, 41.310444], [19.7594, 41.310237], [19.759335, 41.310144], [19.759096, 41.30973], [19.75867, 41.308933], [19.758641, 41.308882], [19.758456, 41.308538], [19.758322, 41.308288], [19.758308, 41.308262], [19.758111, 41.307894], [19.757867, 41.307439], [19.757813, 41.307339], [19.757681, 41.307091], [19.757657, 41.307043], [19.757529, 41.306836], [19.757344, 41.306656], [19.757296, 41.306625], [19.757229, 41.30658], [19.756997, 41.306474], [19.756884, 41.306435], [19.756729, 41.306383], [19.756697, 41.306372], [19.756342, 41.306249], [19.756231, 41.306211], [19.756088, 41.306161], [19.755876, 41.306088], [19.755474, 41.305948], [19.755191, 41.30585], [19.754954, 41.305768], [19.754901, 41.305749], [19.754748, 41.305698], [19.75453, 41.305631], [19.754478, 41.305615], [19.754091, 41.305513], [19.753591, 41.305413], [19.753016, 41.305299], [19.75161, 41.305032], [19.751537, 41.305018], [19.75126, 41.304965], [19.751174, 41.304948], [19.751084, 41.30493], [19.750731, 41.304859], [19.750445, 41.304802], [19.750088, 41.30473], [19.749645, 41.304641], [19.749093, 41.304532], [19.748786, 41.304471], [19.748742, 41.304462], [19.748028, 41.304316], [19.7473, 41.304108], [19.746574, 41.303883], [19.746466, 41.30385], [19.745961, 41.30367], [19.745691, 41.30354], [19.745341, 41.303341], [19.74532914, 41.30333468]]}}, {"type": "Feature", "properties": {"route_id": "71", "route_short_name": "12A", "route_long_name": "Uzina Dinamo \u2013 Sharr\u00eb", "route_color": "#26A69A", "route_text_color": "#FFFFFF", "shape_id": "71_1", "direction": "1", "corridor_group": "corridor_1", "requested_offset_meters": 1.333333333333334, "offset_meters": 1.333333333333334, "debug": false}, "geometry": {"type": "LineString", "coordinates": [[19.74531995, 41.30334448], [19.7453168, 41.3033428], [19.74533161, 41.3033507], [19.74568191, 41.30354987], [19.74595328, 41.30368053], [19.7464596, 41.303861], [19.74656798, 41.30389412], [19.74729415, 41.30411917], [19.74802308, 41.30432744], [19.74873783, 41.30447359], [19.74878189, 41.3044826], [19.74908895, 41.30454361], [19.74964093, 41.30465261], [19.75008389, 41.3047416], [19.75044091, 41.30481361], [19.75075691, 41.30487661], [19.75107991, 41.30494161], [19.75116994, 41.30495961], [19.75125602, 41.30497663], [19.75153308, 41.30502964], [19.75160609, 41.30504364], [19.75301203, 41.30531063], [19.75358693, 41.30542461], [19.75408632, 41.30552449], [19.75447238, 41.30562624], [19.75457999, 41.30565912], [19.75474176, 41.30570905], [19.75489436, 41.30575992], [19.75494726, 41.30577888], [19.75518436, 41.30586091], [19.75546734, 41.30595891], [19.75586935, 41.30609891], [19.75608134, 41.30617191], [19.75622436, 41.30622191], [19.75633538, 41.30625992], [19.75669037, 41.30638292], [19.75672246, 41.30639395], [19.75687745, 41.30644595], [19.75698953, 41.30648463], [19.75721954, 41.30658972], [19.75731053, 41.30665005], [19.75733238, 41.3066643], [19.75751532, 41.30684229], [19.75764231, 41.30704766], [19.75766616, 41.30709536], [19.75779823, 41.3073435], [19.75785224, 41.30744352], [19.75809623, 41.3078985], [19.75829324, 41.30826651], [19.75830724, 41.30829251], [19.75844124, 41.30854251], [19.7586263, 41.30888662], [19.75865529, 41.30893761], [19.75908131, 41.30973464], [19.75932063, 41.3101492], [19.75938644, 41.31024336], [19.75958619, 41.31045114], [19.75963542, 41.31050037], [19.75972154, 41.31058148], [19.76002675, 41.31087168], [19.76026265, 41.31107546], [19.76053313, 41.31125745], [19.76083366, 41.31141425], [19.76102342, 41.31149156], [19.76141741, 41.31165256], [19.76173043, 41.31178057], [19.76193739, 41.31186455], [19.76211334, 41.31193753], [19.7625254, 41.31210756], [19.76306544, 41.31232657], [19.76354444, 41.31252157], [19.76381745, 41.31263257], [19.76434745, 41.31284757], [19.76488843, 41.31306757], [19.76496445, 41.31309858], [19.76531635, 41.31324053], [19.76536134, 41.31325953], [19.76572236, 41.31340554], [19.76577233, 41.31342652], [19.76628638, 41.31363655], [19.76636644, 41.31366957], [19.76683355, 41.31385661], [19.76712755, 41.31397361], [19.76771651, 41.3142096], [19.76799431, 41.31432152], [19.76800131, 41.31432452], [19.76826948, 41.31443258], [19.76866446, 41.31459258], [19.76926846, 41.31483758], [19.76968848, 41.31500759], [19.77015348, 41.31519459], [19.77076846, 41.31544358], [19.77170647, 41.31582358], [19.77244313, 41.31612125], [19.77256427, 41.31614528], [19.77267384, 41.31618773], [19.77333032, 41.31643191], [19.77451875, 41.31681804], [19.7747918, 41.31690506], [19.77486074, 41.31692704], [19.77504777, 41.31698805], [19.77527676, 41.31706005], [19.77583263, 41.31724201], [19.7762766, 41.317389], [19.77641879, 41.31743606], [19.77721197, 41.31768012], [19.77758791, 41.3177961], [19.77827688, 41.31801309], [19.77845293, 41.3180681], [19.77980899, 41.31848712], [19.78059086, 41.31872608], [19.78139275, 41.31898605], [19.78139275, 41.31898705], [19.78153084, 41.31903107], [19.78194897, 41.31916212], [19.78234796, 41.31928311], [19.7840367, 41.31981503], [19.7843236, 41.319911], [19.78442157, 41.31994299], [19.78477257, 41.32006199], [19.78555354, 41.32031698], [19.78610842, 41.32050694], [19.78652749, 41.32064996], [19.78657847, 41.32066695], [19.78735938, 41.32093592], [19.78761461, 41.321024], [19.78785573, 41.32110004], [19.78849104, 41.32131014], [19.78880256, 41.32139684], [19.78935096, 41.32142916], [19.78937557, 41.32142301], [19.78954364, 41.32142301], [19.78968717, 41.32148712], [19.78973741, 41.32153736], [19.78975619, 41.32156552], [19.79013125, 41.32181017], [19.79040371, 41.32190604], [19.79084928, 41.32203821], [19.79148853, 41.32221928], [19.79158557, 41.32224529], [19.7920622, 41.32237819], [19.7921201, 41.32239615], [19.79272436, 41.32257223], [19.79349242, 41.32278725], [19.79388742, 41.32289925], [19.79456844, 41.32309025], [19.79543843, 41.32333525], [19.79553442, 41.32336225], [19.79601642, 41.32349825], [19.79611243, 41.32352525], [19.79700643, 41.32377725], [19.79743337, 41.32389723], [19.79823329, 41.32412821], [19.79878223, 41.32428719], [19.79946016, 41.32448817], [19.80031707, 41.32474315], [19.80275701, 41.32549313], [19.80317997, 41.32562211], [19.80342687, 41.32569908], [19.80353084, 41.32573207], [19.80380089, 41.32581709], [19.8042439, 41.32595509], [19.8046589, 41.32608509], [19.80527406, 41.32627714], [19.80534209, 41.32629715], [19.80542284, 41.32632208], [19.80545686, 41.32633308], [19.80630597, 41.32659311], [19.80686893, 41.3267681], [19.80768791, 41.3270221], [19.80775491, 41.3270431], [19.807784, 41.32705213], [19.80782696, 41.32706511], [19.80788393, 41.3270831], [19.80811297, 41.32715312], [19.80844795, 41.32725711], [19.80896698, 41.32741712], [19.80920492, 41.3274901], [19.8096158, 41.32762006], [19.8096178, 41.32762006], [19.80969888, 41.32764609], [19.81015599, 41.32778612], [19.81108804, 41.32807314], [19.81141156, 41.32817029], [19.81150995, 41.32819464], [19.81196513, 41.32826296], [19.81228312, 41.32827202], [19.81238488, 41.32826799], [19.81290593, 41.32824499], [19.81356904, 41.32821598], [19.81366006, 41.32821098], [19.81400994, 41.32819499], [19.81523693, 41.32814199], [19.81558997, 41.32812599], [19.81622938, 41.32809641], [19.81629963, 41.32781233], [19.81634661, 41.32764339], [19.81643461, 41.32730542], [19.81654957, 41.32690153], [19.81657058, 41.3268285], [19.81661559, 41.32666549], [19.81678558, 41.32607051], [19.8169143, 41.32561217], [19.81734277, 41.32567876], [19.81901177, 41.32594076], [19.81908622, 41.32595234], [19.81889489, 41.32666044], [19.81890971, 41.32676311], [19.81909728, 41.32692229], [19.81926906, 41.32712236], [19.81939951, 41.3271697], [19.82062217, 41.32727593], [19.82188617, 41.32738693], [19.82248547, 41.32743878], [19.82266069, 41.32748403], [19.82268495, 41.32751175], [19.82261137, 41.32755905], [19.82251482, 41.32762744], [19.82245061, 41.32767738], [19.82231704, 41.32782511], [19.82206036, 41.32825626], [19.82187431, 41.32859835], [19.82144437, 41.32935224], [19.82141339, 41.32940621], [19.82107739, 41.32998521], [19.82080606, 41.33045905], [19.82066734, 41.33060446], [19.82037928, 41.33058597], [19.82003794, 41.33059894], [19.81955572, 41.33053717], [19.81904683, 41.33046918], [19.81887385, 41.33044518], [19.81793457, 41.33031812], [19.81747741, 41.33197054], [19.81714141, 41.33317853], [19.81709142, 41.33335749], [19.81673138, 41.33461263], [19.81670832, 41.33470587], [19.81670534, 41.33471879], [19.8165714, 41.33522157], [19.81644944, 41.3356544], [19.81636784, 41.33592014], [19.81682752, 41.33599572], [19.81701841, 41.3360287], [19.81732037, 41.33608169], [19.81743297, 41.33610162], [19.81759725, 41.33613725], [19.81833782, 41.33641072], [19.81859268, 41.33651067], [19.81913672, 41.33672168], [19.81965346, 41.33692158], [19.8200438, 41.33708695], [19.81999473, 41.33713935], [19.81970547, 41.33748765], [19.81962249, 41.33758863], [19.81956552, 41.3376566], [19.81952559, 41.33770451], [19.81942481, 41.33782026], [19.81937391, 41.33787515], [19.81917087, 41.3380972], [19.81910148, 41.33817362], [19.81893254, 41.33839686], [19.81886105, 41.33853884], [19.81879792, 41.33867112], [19.81870817, 41.33888052], [19.81856286, 41.33910744], [19.81829706, 41.33946418], [19.81774704, 41.34022121], [19.81760001, 41.34042126], [19.81740404, 41.34069721], [19.81736509, 41.34074914], [19.8170731, 41.34114713], [19.81676997, 41.3415503], [19.81646346, 41.34200205], [19.81631618, 41.34228258], [19.81623222, 41.34244251], [19.81620125, 41.34249946], [19.81600731, 41.34285834], [19.81595436, 41.34295025], [19.81573431, 41.34333934], [19.81540824, 41.34393048], [19.81527515, 41.34418265], [19.81501707, 41.34469381], [19.81498804, 41.34475386], [19.8147681, 41.34520074], [19.81459528, 41.34553638], [19.8144914, 41.34571218], [19.81448732, 41.34571932], [19.81429634, 41.3460653], [19.81412744, 41.34635746], [19.81388087, 41.34632319], [19.81347995, 41.3462682], [19.81337794, 41.3462532], [19.81308362, 41.34621329], [19.81261431, 41.34611165], [19.81018912, 41.34534291], [19.80928909, 41.3450639], [19.80881314, 41.34491492], [19.8087943, 41.34490897], [19.80878517, 41.34490593], [19.80818494, 41.34472606], [19.80806183, 41.34502133], [19.80783779, 41.34553742], [19.80777473, 41.34569757], [19.80755678, 41.34624543], [19.80721514, 41.34704159], [19.80719253, 41.34707797], [19.80716076, 41.34713059], [19.80713648, 41.34716361], [19.80697074, 41.3473404], [19.80693458, 41.34741592], [19.8069487, 41.34747739], [19.80660873, 41.34745363], [19.80665632, 41.34743087], [19.80671867, 41.34741648]]}}, {"type": "Feature", "properties": {"route_id": "71", "route_short_name": "12A", "route_long_name": "Uzina Dinamo \u2013 Sharr\u00eb", "route_color": "#26A69A", "route_text_color": "#FFFFFF", "shape_id": "71_1", "direction": "1", "corridor_group": "corridor_1", "offset_meters": 0, "debug": true}, "geometry": {"type": "LineString", "coordinates": [[19.74532914, 41.30333468], [19.745326, 41.303333], [19.745341, 41.303341], [19.745691, 41.30354], [19.745961, 41.30367], [19.746466, 41.30385], [19.746574, 41.303883], [19.7473, 41.304108], [19.748028, 41.304316], [19.748742, 41.304462], [19.748786, 41.304471], [19.749093, 41.304532], [19.749645, 41.304641], [19.750088, 41.30473], [19.750445, 41.304802], [19.750761, 41.304865], [19.751084, 41.30493], [19.751174, 41.304948], [19.75126, 41.304965], [19.751537, 41.305018], [19.75161, 41.305032], [19.753016, 41.305299], [19.753591, 41.305413], [19.754091, 41.305513], [19.754478, 41.305615], [19.754586, 41.305648], [19.754748, 41.305698], [19.754901, 41.305749], [19.754954, 41.305768], [19.755191, 41.30585], [19.755474, 41.305948], [19.755876, 41.306088], [19.756088, 41.306161], [19.756231, 41.306211], [19.756342, 41.306249], [19.756697, 41.306372], [19.756729, 41.306383], [19.756884, 41.306435], [19.756997, 41.306474], [19.757229, 41.30658], [19.757321, 41.306641], [19.757344, 41.306656], [19.757529, 41.306836], [19.757657, 41.307043], [19.757681, 41.307091], [19.757813, 41.307339], [19.757867, 41.307439], [19.758111, 41.307894], [19.758308, 41.308262], [19.758322, 41.308288], [19.758456, 41.308538], [19.758641, 41.308882], [19.75867, 41.308933], [19.759096, 41.30973], [19.759335, 41.310144], [19.7594, 41.310237], [19.759599, 41.310444], [19.759648, 41.310493], [19.759734, 41.310574], [19.760039, 41.310864], [19.760274, 41.311067], [19.760543, 41.311248], [19.760842, 41.311404], [19.761031, 41.311481], [19.761425, 41.311642], [19.761738, 41.31177], [19.761945, 41.311854], [19.762121, 41.311927], [19.762533, 41.312097], [19.763073, 41.312316], [19.763552, 41.312511], [19.763825, 41.312622], [19.764355, 41.312837], [19.764896, 41.313057], [19.764972, 41.313088], [19.765324, 41.31323], [19.765369, 41.313249], [19.76573, 41.313395], [19.76578, 41.313416], [19.766294, 41.313626], [19.766374, 41.313659], [19.766841, 41.313846], [19.767135, 41.313963], [19.767724, 41.314199], [19.768002, 41.314311], [19.768009, 41.314314], [19.768277, 41.314422], [19.768672, 41.314582], [19.769276, 41.314827], [19.769696, 41.314997], [19.770161, 41.315184], [19.770776, 41.315433], [19.771714, 41.315813], [19.772449, 41.31611], [19.77257, 41.316134], [19.772681, 41.316177], [19.773337, 41.316421], [19.774525, 41.316807], [19.774798, 41.316894], [19.774867, 41.316916], [19.775054, 41.316977], [19.775283, 41.317049], [19.775839, 41.317231], [19.776283, 41.317378], [19.776425, 41.317425], [19.777218, 41.317669], [19.777594, 41.317785], [19.778283, 41.318002], [19.778459, 41.318057], [19.779815, 41.318476], [19.780597, 41.318715], [19.781399, 41.318975], [19.781399, 41.318976], [19.781537, 41.31902], [19.781955, 41.319151], [19.782354, 41.319272], [19.784043, 41.319804], [19.78433, 41.3199], [19.784428, 41.319932], [19.784779, 41.320051], [19.78556, 41.320306], [19.786115, 41.320496], [19.786534, 41.320639], [19.786585, 41.320656], [19.787366, 41.320925], [19.787621, 41.321013], [19.787862, 41.321089], [19.788497, 41.321299], [19.788806, 41.321385], [19.789349, 41.321417], [19.789373, 41.321411], [19.789548, 41.321411], [19.789698, 41.321478], [19.789751, 41.321531], [19.789769, 41.321558], [19.79014, 41.3218], [19.79041, 41.321895], [19.790855, 41.322027], [19.791494, 41.322208], [19.791591, 41.322234], [19.792068, 41.322367], [19.792126, 41.322385], [19.79273, 41.322561], [19.793498, 41.322776], [19.793893, 41.322888], [19.794574, 41.323079], [19.795444, 41.323324], [19.79554, 41.323351], [19.796022, 41.323487], [19.796118, 41.323514], [19.797012, 41.323766], [19.797439, 41.323886], [19.798239, 41.324117], [19.798788, 41.324276], [19.799466, 41.324477], [19.800323, 41.324732], [19.802763, 41.325482], [19.803186, 41.325611], [19.803433, 41.325688], [19.803537, 41.325721], [19.803807, 41.325806], [19.80425, 41.325944], [19.804665, 41.326074], [19.80528, 41.326266], [19.805348, 41.326286], [19.805429, 41.326311], [19.805463, 41.326322], [19.806312, 41.326582], [19.806875, 41.326757], [19.807694, 41.327011], [19.807761, 41.327032], [19.80779, 41.327041], [19.807833, 41.327054], [19.80789, 41.327072], [19.808119, 41.327142], [19.808454, 41.327246], [19.808973, 41.327406], [19.809211, 41.327479], [19.809622, 41.327609], [19.809624, 41.327609], [19.809705, 41.327635], [19.810162, 41.327775], [19.811094, 41.328062], [19.811417, 41.328159], [19.811514, 41.328183], [19.811967, 41.328251], [19.812283, 41.32826], [19.812384, 41.328256], [19.812905, 41.328233], [19.813568, 41.328204], [19.813659, 41.328199], [19.814009, 41.328183], [19.815236, 41.32813], [19.815589, 41.328114], [19.816216, 41.328085], [19.816284, 41.32781], [19.816331, 41.327641], [19.816419, 41.327303], [19.816534, 41.326899], [19.816555, 41.326826], [19.8166, 41.326663], [19.81677, 41.326068], [19.816902, 41.325598], [19.817346, 41.325667], [19.819015, 41.325929], [19.819105, 41.325943], [19.818911, 41.326661], [19.818925, 41.326758], [19.81911, 41.326915], [19.81928, 41.327113], [19.819404, 41.327158], [19.820624, 41.327264], [19.821888, 41.327375], [19.822489, 41.327427], [19.822671, 41.327474], [19.822706, 41.327514], [19.822622, 41.327568], [19.822526, 41.327636], [19.822463, 41.327685], [19.822331, 41.327831], [19.822075, 41.328261], [19.821889, 41.328603], [19.821459, 41.329357], [19.821428, 41.329411], [19.821092, 41.32999], [19.82082, 41.330465], [19.820675, 41.330617], [19.820379, 41.330598], [19.820037, 41.330611], [19.819553, 41.330549], [19.819044, 41.330481], [19.818871, 41.330457], [19.817947, 41.330332], [19.817493, 41.331973], [19.817157, 41.333181], [19.817107, 41.33336], [19.816747, 41.334615], [19.816724, 41.334708], [19.816721, 41.334721], [19.816587, 41.335224], [19.816465, 41.335657], [19.816387, 41.335911], [19.816831, 41.335984], [19.817022, 41.336017], [19.817324, 41.33607], [19.817437, 41.33609], [19.817603, 41.336126], [19.818345, 41.3364], [19.8186, 41.3365], [19.819144, 41.336711], [19.819661, 41.336911], [19.820067, 41.337083], [19.820008, 41.337146], [19.819719, 41.337494], [19.819636, 41.337595], [19.819579, 41.337663], [19.819539, 41.337711], [19.819438, 41.337827], [19.819387, 41.337882], [19.819184, 41.338104], [19.819115, 41.33818], [19.818947, 41.338402], [19.818876, 41.338543], [19.818813, 41.338675], [19.818723, 41.338885], [19.818577, 41.339113], [19.818311, 41.33947], [19.817761, 41.340227], [19.817614, 41.340427], [19.817418, 41.340703], [19.817379, 41.340755], [19.817087, 41.341153], [19.816784, 41.341556], [19.816478, 41.342007], [19.816331, 41.342287], [19.816247, 41.342447], [19.816216, 41.342504], [19.816022, 41.342863], [19.815969, 41.342955], [19.815749, 41.343344], [19.815423, 41.343935], [19.81529, 41.344187], [19.815032, 41.344698], [19.815003, 41.344758], [19.814783, 41.345205], [19.81461, 41.345541], [19.814506, 41.345717], [19.814502, 41.345724], [19.814311, 41.34607], [19.814137, 41.346371], [19.813878, 41.346335], [19.813477, 41.34628], [19.813375, 41.346265], [19.81308, 41.346225], [19.812609, 41.346123], [19.810183, 41.345354], [19.809283, 41.345075], [19.808807, 41.344926], [19.808788, 41.34492], [19.808779, 41.344917], [19.808195, 41.344742], [19.808077, 41.345025], [19.807853, 41.345541], [19.80779, 41.345701], [19.807572, 41.346249], [19.80723, 41.347046], [19.807207, 41.347083], [19.807175, 41.347136], [19.80715, 41.34717], [19.806985, 41.347346], [19.806951, 41.347417], [19.806968, 41.347491], [19.806578, 41.34746], [19.806649, 41.34742], [19.806714, 41.347405]]}}, {"type": "Feature", "properties": {"route_id": "72", "route_short_name": "12B", "route_long_name": "Uzina Dinamo \u2013 5 Maji", "route_color": "#00796B", "route_text_color": "#FFFFFF", "shape_id": "72_0", "direction": "0", "corridor_group": "corridor_1", "requested_offset_meters": 12.88888888888889, "offset_meters": 4.388888889, "debug": false}, "geometry": {"type": "LineString", "coordinates": [[19.82387085, 41.3490087], [19.82414289, 41.3481986], [19.8241658, 41.34812887], [19.82438169, 41.34752217], [19.82444772, 41.34733407], [19.82458671, 41.34693512], [19.82470999, 41.34658733], [19.82471893, 41.34655653], [19.82475964, 41.34644632], [19.82482072, 41.34627108], [19.82489262, 41.34606637], [19.8250236, 41.34571241], [19.82513493, 41.34539849], [19.82518904, 41.34521914], [19.82528816, 41.34491775], [19.82535439, 41.34467592], [19.82542845, 41.34440071], [19.82548657, 41.34417625], [19.82557666, 41.34379485], [19.82558561, 41.34375605], [19.82580747, 41.34286862], [19.82586432, 41.34265917], [19.82589023, 41.34256949], [19.82606018, 41.34199264], [19.82611417, 41.34181268], [19.82620217, 41.34151667], [19.82629365, 41.34121106], [19.82632211, 41.34105556], [19.82632522, 41.34103071], [19.82640758, 41.34037279], [19.82638917, 41.34011621], [19.82549093, 41.33998163], [19.82544618, 41.33997116], [19.82493802, 41.33985857], [19.82428817, 41.33966609], [19.82383486, 41.33948101], [19.82332807, 41.33923208], [19.82296127, 41.33900468], [19.82238097, 41.33856796], [19.82193182, 41.3382331], [19.82145377, 41.3379154], [19.82135546, 41.33784953], [19.8207968, 41.33752557], [19.82057995, 41.33740208], [19.82003559, 41.33711229], [19.81846725, 41.33648095], [19.81797647, 41.33629265], [19.81769426, 41.33618809], [19.81739724, 41.33612072], [19.81688532, 41.3360354], [19.8163691, 41.33594937], [19.81627423, 41.33593421], [19.81628349, 41.33589356], [19.81635321, 41.33565254], [19.81636724, 41.33560543], [19.8164633, 41.33526422], [19.81666833, 41.33453812], [19.81700782, 41.33330131], [19.81703282, 41.33314032], [19.81756635, 41.33120003], [19.81782204, 41.33027119], [19.81693393, 41.3301348], [19.81678716, 41.33009622], [19.81665428, 41.33003165], [19.81650614, 41.32992815], [19.81637583, 41.32978167], [19.81617991, 41.32939769], [19.816032, 41.32898705], [19.81612675, 41.32866528], [19.81610814, 41.32840469], [19.81608079, 41.32831012], [19.81603248, 41.32826181], [19.81594536, 41.32822377], [19.8156893, 41.32818021], [19.81505944, 41.32820847], [19.81505347, 41.32820847], [19.81473295, 41.32822254], [19.81366295, 41.32826954], [19.81313911, 41.32829253], [19.81227925, 41.32832645], [19.81194963, 41.32832056], [19.81150333, 41.32825568], [19.81137737, 41.32822395], [19.8110941, 41.32813549], [19.81072411, 41.32801949], [19.81032695, 41.32789544], [19.80973891, 41.32771443], [19.80932097, 41.32758445], [19.80873689, 41.32740342], [19.80821104, 41.32724147], [19.80785939, 41.32713058], [19.80780624, 41.32711353], [19.80773462, 41.32709134], [19.80766772, 41.32707137], [19.80741608, 41.32699248], [19.80679601, 41.32679946], [19.80543289, 41.32637543], [19.8053191, 41.32634049], [19.80525014, 41.3263185], [19.80507795, 41.32626544], [19.80463902, 41.32612846], [19.80402411, 41.32593749], [19.80387503, 41.32589047], [19.80380996, 41.32587044], [19.80351905, 41.32577948], [19.80341303, 41.32574647], [19.80315, 41.32566446], [19.80302082, 41.3256244], [19.80042759, 41.32483233], [19.79854124, 41.32426323], [19.79803573, 41.32411508], [19.79741139, 41.32393798], [19.79698436, 41.32381797], [19.79666244, 41.323727], [19.79532741, 41.32334799], [19.79442452, 41.32309402], [19.7933852, 41.32279493], [19.79296666, 41.32268178], [19.79268767, 41.32260678], [19.79230339, 41.32250271], [19.79205627, 41.32243867], [19.79201189, 41.32242684], [19.79154462, 41.32229577], [19.791307, 41.32223461], [19.79063212, 41.32205964], [19.79050237, 41.3220257], [19.79017754, 41.32193868], [19.7897165, 41.32187581], [19.78959315, 41.3218388], [19.78954785, 41.32185079], [19.78939964, 41.32185615], [19.78933879, 41.32184018], [19.78922852, 41.32176784], [19.78921184, 41.3217448], [19.7891861, 41.32171049], [19.78894552, 41.32155531], [19.78873845, 41.3214533], [19.78856007, 41.32137583], [19.78818581, 41.3212464], [19.78772068, 41.32106835], [19.78714757, 41.32087297], [19.78714757, 41.32087197], [19.78651749, 41.32065794], [19.78481264, 41.32008199], [19.78398126, 41.31979486], [19.78323838, 41.31955458], [19.78290217, 41.31944951], [19.78259525, 41.31935254], [19.78172628, 41.31907855], [19.78136004, 41.31896247], [19.78032602, 41.31864547], [19.77981401, 41.31848346], [19.77816617, 41.31797921], [19.77761851, 41.3178223], [19.77731135, 41.31772457], [19.77627054, 41.31739463], [19.77583042, 41.31725159], [19.77521908, 41.31706048], [19.77509103, 41.31702047], [19.77485592, 41.31694744], [19.77478828, 41.31692655], [19.77379123, 41.31660385], [19.77332537, 41.31644359], [19.77257555, 41.31613811], [19.77247849, 41.31607707], [19.7715268, 41.31569217], [19.77080081, 41.31539818], [19.77018574, 41.31514915], [19.76972074, 41.31496215], [19.76930082, 41.31479218], [19.76869683, 41.31454718], [19.76830178, 41.31438716], [19.76802673, 41.31427614], [19.76774875, 41.31416415], [19.76766469, 41.31413013], [19.76715952, 41.31392806], [19.76686553, 41.31381107], [19.76639888, 41.3136242], [19.76631907, 41.31359128], [19.76580525, 41.31338136], [19.76575515, 41.31336031], [19.7653942, 41.31321434], [19.76534918, 41.31319533], [19.76499684, 41.31305319], [19.76492092, 41.31302222], [19.76437989, 41.31280221], [19.76396677, 41.31263416], [19.76384978, 41.31258716], [19.76309787, 41.3122812], [19.762558, 41.31206226], [19.76214622, 41.31189234], [19.76197006, 41.31181928], [19.76176292, 41.31173522], [19.76144999, 41.31160725], [19.76105595, 41.31144624], [19.76086946, 41.31137026], [19.76057549, 41.31121688], [19.76031135, 41.31103915], [19.76007929, 41.31083869], [19.7596626, 41.31044332], [19.75959443, 41.31055736], [19.75972779, 41.31050713], [19.75964116, 41.3104205], [19.75944464, 41.31021608], [19.75938229, 41.31012687], [19.75914436, 41.30971472], [19.75871841, 41.30891782], [19.75868939, 41.30886678], [19.75850459, 41.30852317], [19.75837059, 41.30827316], [19.75835659, 41.30824717], [19.75815961, 41.30787919], [19.75791558, 41.30742414], [19.7578616, 41.30732418], [19.75772986, 41.30707666], [19.75770535, 41.30702765], [19.75757403, 41.30681528], [19.75738216, 41.3066286], [19.75733049, 41.30659523], [19.75726028, 41.30654807], [19.75702157, 41.30643901], [19.75690556, 41.30639897], [19.75675053, 41.30634696], [19.75671882, 41.30633606], [19.75636378, 41.30621304], [19.75625286, 41.30617507], [19.75610991, 41.30612509], [19.75589788, 41.30605208], [19.75549593, 41.3059121], [19.75521287, 41.30581408], [19.75497619, 41.30573218], [19.75492286, 41.30571307], [19.75476849, 41.30566161], [19.7545498, 41.3055944], [19.75449656, 41.30557802], [19.75410639, 41.30547518], [19.75360438, 41.30537478], [19.75302907, 41.30526072], [19.75162286, 41.30499368], [19.75154991, 41.30497969], [19.75127309, 41.30492672], [19.75118737, 41.30490978], [19.75109747, 41.3048918], [19.75074445, 41.3048208], [19.75045847, 41.3047638], [19.75010152, 41.30469181], [19.74965839, 41.30460278], [19.74910632, 41.30449377], [19.74879954, 41.30443281], [19.74875572, 41.30442385], [19.74804418, 41.30427835], [19.74731925, 41.30407123], [19.74659381, 41.3038464], [19.74648706, 41.30381378], [19.74598641, 41.30363533], [19.74572093, 41.30350751], [19.74537192, 41.30330908], [19.74535941, 41.3033024]]}}, {"type": "Feature", "properties": {"route_id": "72", "route_short_name": "12B", "route_long_name": "Uzina Dinamo \u2013 5 Maji", "route_color": "#00796B", "route_text_color": "#FFFFFF", "shape_id": "72_0", "direction": "0", "corridor_group": "corridor_1", "offset_meters": 0, "debug": true}, "geometry": {"type": "LineString", "coordinates": [[19.82382, 41.348999], [19.824092, 41.348189], [19.824115, 41.348119], [19.824331, 41.347512], [19.824397, 41.347324], [19.824536, 41.346925], [19.824659, 41.346578], [19.824668, 41.346547], [19.824709, 41.346436], [19.82477, 41.346261], [19.824842, 41.346056], [19.824973, 41.345702], [19.825084, 41.345389], [19.825138, 41.34521], [19.825237, 41.344909], [19.825303, 41.344668], [19.825377, 41.344393], [19.825435, 41.344169], [19.825525, 41.343788], [19.825534, 41.343749], [19.825756, 41.342861], [19.825813, 41.342651], [19.825839, 41.342561], [19.826009, 41.341984], [19.826063, 41.341804], [19.826151, 41.341508], [19.826242, 41.341204], [19.82627, 41.341051], [19.826273, 41.341027], [19.826355, 41.340372], [19.826339, 41.340149], [19.825478, 41.34002], [19.825431, 41.340009], [19.824921, 41.339896], [19.824266, 41.339702], [19.823808, 41.339515], [19.823297, 41.339264], [19.822926, 41.339034], [19.822344, 41.338596], [19.821896, 41.338262], [19.821419, 41.337945], [19.821322, 41.33788], [19.820765, 41.337557], [19.820549, 41.337434], [19.820008, 41.337146], [19.818443, 41.336516], [19.817953, 41.336328], [19.817675, 41.336225], [19.817384, 41.336159], [19.816874, 41.336074], [19.816358, 41.335988], [19.816214, 41.335965], [19.816232, 41.335886], [19.816302, 41.335644], [19.816316, 41.335597], [19.816412, 41.335256], [19.816617, 41.33453], [19.816956, 41.333295], [19.816981, 41.333134], [19.817515, 41.331192], [19.81776, 41.330302], [19.81692, 41.330173], [19.816764, 41.330132], [19.816622, 41.330063], [19.816466, 41.329954], [19.816329, 41.3298], [19.81613, 41.32941], [19.815978, 41.328988], [19.816074, 41.328662], [19.816056, 41.32841], [19.816032, 41.328327], [19.815997, 41.328292], [19.815926, 41.328261], [19.815685, 41.32822], [19.815061, 41.328248], [19.815055, 41.328248], [19.814736, 41.328262], [19.813666, 41.328309], [19.813142, 41.328332], [19.81228, 41.328366], [19.811944, 41.32836], [19.81149, 41.328294], [19.811359, 41.328261], [19.811074, 41.328172], [19.810704, 41.328056], [19.810307, 41.327932], [19.809719, 41.327751], [19.809301, 41.327621], [19.808717, 41.32744], [19.808191, 41.327278], [19.807839, 41.327167], [19.807786, 41.32715], [19.807715, 41.327128], [19.807648, 41.327108], [19.807396, 41.327029], [19.806776, 41.326836], [19.805413, 41.326412], [19.805299, 41.326377], [19.80523, 41.326355], [19.805058, 41.326302], [19.804619, 41.326165], [19.804004, 41.325974], [19.803855, 41.325927], [19.80379, 41.325907], [19.803499, 41.325816], [19.803393, 41.325783], [19.80313, 41.325701], [19.803001, 41.325661], [19.800408, 41.324869], [19.798522, 41.3243], [19.798017, 41.324152], [19.797393, 41.323975], [19.796966, 41.323855], [19.796644, 41.323764], [19.795309, 41.323385], [19.794406, 41.323131], [19.793367, 41.322832], [19.792949, 41.322719], [19.79267, 41.322644], [19.792286, 41.32254], [19.792039, 41.322476], [19.791994, 41.322464], [19.791527, 41.322333], [19.79129, 41.322272], [19.790615, 41.322097], [19.790485, 41.322063], [19.790164, 41.321977], [19.789702, 41.321914], [19.789592, 41.321881], [19.789558, 41.32189], [19.789392, 41.321896], [19.789312, 41.321875], [19.789187, 41.321793], [19.789166, 41.321764], [19.789145, 41.321736], [19.788914, 41.321587], [19.788711, 41.321487], [19.788536, 41.321411], [19.788163, 41.321282], [19.787698, 41.321104], [19.787126, 41.320909], [19.787126, 41.320908], [19.786496, 41.320694], [19.784791, 41.320118], [19.78396, 41.319831], [19.783218, 41.319591], [19.782882, 41.319486], [19.782575, 41.319389], [19.781706, 41.319115], [19.78134, 41.318999], [19.780306, 41.318682], [19.779794, 41.31852], [19.778147, 41.318016], [19.777599, 41.317859], [19.777291, 41.317761], [19.77625, 41.317431], [19.77581, 41.317288], [19.775199, 41.317097], [19.775071, 41.317057], [19.774836, 41.316984], [19.774768, 41.316963], [19.77377, 41.31664], [19.773302, 41.316479], [19.772546, 41.316171], [19.772449, 41.31611], [19.771502, 41.315727], [19.770776, 41.315433], [19.770161, 41.315184], [19.769696, 41.314997], [19.769276, 41.314827], [19.768672, 41.314582], [19.768277, 41.314422], [19.768002, 41.314311], [19.767724, 41.314199], [19.76764, 41.314165], [19.767135, 41.313963], [19.766841, 41.313846], [19.766374, 41.313659], [19.766294, 41.313626], [19.76578, 41.313416], [19.76573, 41.313395], [19.765369, 41.313249], [19.765324, 41.31323], [19.764972, 41.313088], [19.764896, 41.313057], [19.764355, 41.312837], [19.763942, 41.312669], [19.763825, 41.312622], [19.763073, 41.312316], [19.762533, 41.312097], [19.762121, 41.311927], [19.761945, 41.311854], [19.761738, 41.31177], [19.761425, 41.311642], [19.761031, 41.311481], [19.760842, 41.311404], [19.760543, 41.311248], [19.760274, 41.311067], [19.760039, 41.310864], [19.759648, 41.310493], [19.759571, 41.310522], [19.759648, 41.310493], [19.759599, 41.310444], [19.7594, 41.310237], [19.759335, 41.310144], [19.759096, 41.30973], [19.75867, 41.308933], [19.758641, 41.308882], [19.758456, 41.308538], [19.758322, 41.308288], [19.758308, 41.308262], [19.758111, 41.307894], [19.757867, 41.307439], [19.757813, 41.307339], [19.757681, 41.307091], [19.757657, 41.307043], [19.757529, 41.306836], [19.757344, 41.306656], [19.757296, 41.306625], [19.757229, 41.30658], [19.756997, 41.306474], [19.756884, 41.306435], [19.756729, 41.306383], [19.756697, 41.306372], [19.756342, 41.306249], [19.756231, 41.306211], [19.756088, 41.306161], [19.755876, 41.306088], [19.755474, 41.305948], [19.755191, 41.30585], [19.754954, 41.305768], [19.754901, 41.305749], [19.754748, 41.305698], [19.75453, 41.305631], [19.754478, 41.305615], [19.754091, 41.305513], [19.753591, 41.305413], [19.753016, 41.305299], [19.75161, 41.305032], [19.751537, 41.305018], [19.75126, 41.304965], [19.751174, 41.304948], [19.751084, 41.30493], [19.750731, 41.304859], [19.750445, 41.304802], [19.750088, 41.30473], [19.749645, 41.304641], [19.749093, 41.304532], [19.748786, 41.304471], [19.748742, 41.304462], [19.748028, 41.304316], [19.7473, 41.304108], [19.746574, 41.303883], [19.746466, 41.30385], [19.745961, 41.30367], [19.745691, 41.30354], [19.745341, 41.303341], [19.74532914, 41.30333468]]}}, {"type": "Feature", "properties": {"route_id": "72", "route_short_name": "12B", "route_long_name": "Uzina Dinamo \u2013 5 Maji", "route_color": "#00796B", "route_text_color": "#FFFFFF", "shape_id": "72_1", "direction": "1", "corridor_group": "corridor_1", "requested_offset_meters": 12.88888888888889, "offset_meters": 2.138888889, "debug": false}, "geometry": {"type": "LineString", "coordinates": [[19.74531439, 41.3033504], [19.74531125, 41.30334873], [19.74532593, 41.30335656], [19.74567641, 41.30355583], [19.74594862, 41.30368689], [19.74645574, 41.30386765], [19.74656435, 41.30390084], [19.74729062, 41.30412592], [19.74802011, 41.30433435], [19.74873531, 41.30448059], [19.7487794, 41.30448961], [19.74908651, 41.30455063], [19.74963848, 41.30465963], [19.75008141, 41.30474861], [19.75043843, 41.30482062], [19.75075444, 41.30488362], [19.75107743, 41.30494862], [19.75116749, 41.30496663], [19.75125362, 41.30498365], [19.75153071, 41.30503667], [19.75160373, 41.30505068], [19.75300963, 41.30531766], [19.75358448, 41.30543163], [19.7540835, 41.30553143], [19.75446898, 41.30563303], [19.75457636, 41.30566584], [19.75473799, 41.30571573], [19.75489035, 41.30576651], [19.75494319, 41.30578545], [19.75518034, 41.30586751], [19.75546331, 41.3059655], [19.75586534, 41.30610551], [19.75607732, 41.3061785], [19.75622035, 41.30622851], [19.75633139, 41.30626652], [19.75668637, 41.30638952], [19.75671851, 41.30640056], [19.75687349, 41.30645256], [19.75698502, 41.30649105], [19.75721383, 41.30659559], [19.75730421, 41.30665552], [19.75732536, 41.30666932], [19.75750705, 41.3068461], [19.75763344, 41.30705048], [19.75765719, 41.30709799], [19.75778931, 41.30734622], [19.75784333, 41.30744624], [19.75808731, 41.30790122], [19.75828432, 41.30826923], [19.75829832, 41.30829523], [19.75843232, 41.30854523], [19.75861742, 41.30888942], [19.75864641, 41.3089404], [19.75907243, 41.30973745], [19.75931195, 41.31015235], [19.75937825, 41.3102472], [19.75957846, 41.31045545], [19.75962782, 41.31050482], [19.75971402, 41.310586], [19.76001936, 41.31087633], [19.7602558, 41.31108057], [19.76052717, 41.31126316], [19.76082862, 41.31142044], [19.76101884, 41.31149794], [19.76141282, 41.31165894], [19.76172586, 41.31178695], [19.76193279, 41.31187092], [19.76210871, 41.31194389], [19.76252082, 41.31211393], [19.76306088, 41.31233296], [19.76353987, 41.31252795], [19.76381288, 41.31263896], [19.76434288, 41.31285396], [19.76488386, 41.31307395], [19.76495989, 41.31310496], [19.76531173, 41.3132469], [19.76535672, 41.31326589], [19.76571774, 41.3134119], [19.7657677, 41.31343288], [19.76628178, 41.31364292], [19.76636188, 41.31367596], [19.76682904, 41.31386302], [19.76712304, 41.31398002], [19.76771198, 41.314216], [19.76798966, 41.31432787], [19.76799666, 41.31433087], [19.76826493, 41.31443898], [19.7686599, 41.31459897], [19.7692639, 41.31484397], [19.76968394, 41.31501399], [19.77014894, 41.31520098], [19.77076391, 41.31544997], [19.77170192, 41.31582997], [19.77243959, 41.31612805], [19.7725608, 41.3161521], [19.77266951, 41.31619421], [19.77332628, 41.3164385], [19.77451497, 41.31682472], [19.77478805, 41.31691174], [19.77485695, 41.31693371], [19.77504401, 41.31699473], [19.77527299, 41.31706673], [19.77582877, 41.31724865], [19.77627273, 41.31739564], [19.77641503, 41.31744274], [19.77720833, 41.31768683], [19.77758424, 41.3178028], [19.77827318, 41.31801979], [19.77844926, 41.31807481], [19.77980535, 41.31849384], [19.78058715, 41.31873278], [19.78138898, 41.31899272], [19.78138898, 41.31899372], [19.78152712, 41.31903777], [19.78194533, 41.31916883], [19.78234431, 41.31928982], [19.78403289, 41.31982169], [19.78431974, 41.31991764], [19.78441768, 41.31994962], [19.78476868, 41.32006862], [19.78554964, 41.32032361], [19.78610445, 41.32051354], [19.78652356, 41.32065658], [19.78657452, 41.32067357], [19.78735537, 41.32094252], [19.78761075, 41.32103065], [19.78785194, 41.32110671], [19.78848743, 41.32131687], [19.78880047, 41.321404], [19.78935215, 41.32143651], [19.78937713, 41.32143026], [19.789541, 41.32143026], [19.78968063, 41.32149263], [19.7897292, 41.32154121], [19.78974844, 41.32157007], [19.79012597, 41.32181632], [19.79039991, 41.32191271], [19.79084583, 41.32204498], [19.79148522, 41.32222609], [19.79158229, 41.32225211], [19.7920587, 41.32238495], [19.79211653, 41.32240289], [19.79272095, 41.32257901], [19.79348905, 41.32279405], [19.79388405, 41.32290604], [19.79456507, 41.32309705], [19.79543506, 41.32334205], [19.79553105, 41.32336905], [19.79601305, 41.32350505], [19.79610906, 41.32353205], [19.79700306, 41.32378405], [19.79742997, 41.32390402], [19.79822985, 41.32413499], [19.79877874, 41.32429396], [19.79945663, 41.32449492], [19.80031348, 41.32474988], [19.80275338, 41.32549985], [19.80317632, 41.32562883], [19.80342316, 41.32570578], [19.80352712, 41.32573877], [19.8037972, 41.32582379], [19.80424022, 41.3259618], [19.80465521, 41.32609179], [19.80527047, 41.32628387], [19.80533851, 41.32630389], [19.80541912, 41.32632877], [19.80545315, 41.32633978], [19.80630232, 41.32659983], [19.80686527, 41.32677481], [19.80768423, 41.3270288], [19.80775123, 41.3270498], [19.80778038, 41.32705885], [19.80782331, 41.32707182], [19.80788026, 41.32708981], [19.80810933, 41.32715983], [19.8084443, 41.32726382], [19.80896335, 41.32742384], [19.80920124, 41.3274968], [19.80961205, 41.32762674], [19.80961405, 41.32762674], [19.80969518, 41.32765279], [19.81015236, 41.32779284], [19.81108444, 41.32807987], [19.81140828, 41.32817712], [19.8115075, 41.32820167], [19.811964, 41.32827019], [19.81228319, 41.32827928], [19.81238542, 41.32827523], [19.81290649, 41.32825223], [19.81356967, 41.32822322], [19.8136607, 41.32821822], [19.8140105, 41.32820223], [19.8152375, 41.32814923], [19.81559055, 41.32813323], [19.81623747, 41.32810331], [19.81630907, 41.32781374], [19.81635605, 41.32764483], [19.81644403, 41.32730688], [19.81655898, 41.32690306], [19.81658, 41.32683], [19.816625, 41.32666699], [19.81679499, 41.32607202], [19.81692174, 41.32562074], [19.81734081, 41.32568586], [19.81900981, 41.32594786], [19.81907487, 41.32595798], [19.81888516, 41.3266601], [19.81890048, 41.3267662], [19.8190896, 41.3269267], [19.81926245, 41.32712801], [19.8193968, 41.32717677], [19.82062106, 41.32728314], [19.82188506, 41.32739414], [19.82248334, 41.3274459], [19.82265447, 41.32749009], [19.82267223, 41.32751039], [19.82260495, 41.32755364], [19.82250806, 41.32762227], [19.82244312, 41.32767278], [19.82230861, 41.32782156], [19.82205151, 41.3282534], [19.82186544, 41.32859554], [19.82143553, 41.32934937], [19.82140457, 41.32940331], [19.82106856, 41.32998232], [19.82079763, 41.33045545], [19.82066272, 41.33059688], [19.82037944, 41.33057869], [19.82003852, 41.33059165], [19.81955737, 41.33053002], [19.81904854, 41.33046204], [19.81887557, 41.33043805], [19.81792705, 41.33030973], [19.81746798, 41.33196906], [19.81713199, 41.33317704], [19.817082, 41.33335598], [19.81672194, 41.3346112], [19.81669885, 41.33470458], [19.81669588, 41.33471745], [19.81656197, 41.3352201], [19.81644005, 41.33565283], [19.81635626, 41.33592566], [19.81682542, 41.3360028], [19.81701625, 41.33603577], [19.81731818, 41.33608876], [19.81743054, 41.33610864], [19.81759377, 41.33614404], [19.81833348, 41.3364172], [19.81858825, 41.33651711], [19.81913232, 41.33672813], [19.8196489, 41.33692797], [19.82005327, 41.33709928], [19.82056998, 41.33737759], [19.82095271, 41.33759044], [19.82116362, 41.33771039], [19.82125279, 41.33776092], [19.82194839, 41.33822798], [19.82273125, 41.33882487], [19.82315366, 41.33911784], [19.8235379, 41.33933411], [19.82416562, 41.33960829], [19.82476785, 41.339798], [19.82499689, 41.33985827], [19.82522202, 41.33991254], [19.82565009, 41.33999274], [19.82569152, 41.33999982], [19.82571696, 41.34000389], [19.82629967, 41.34008741], [19.82631355, 41.34015109], [19.82632937, 41.34037161], [19.82624755, 41.34102519], [19.8262446, 41.34104878], [19.82621683, 41.34120056], [19.82612606, 41.34150377], [19.82598405, 41.34197981], [19.82591904, 41.34220183], [19.82581404, 41.34255686], [19.82578799, 41.34264702], [19.82573092, 41.34285729], [19.82550885, 41.34374557], [19.82549982, 41.34378466], [19.82540987, 41.34416547], [19.82535193, 41.34438923], [19.82521207, 41.34490473], [19.82515419, 41.34507937], [19.82511312, 41.34520557], [19.82505918, 41.34538438], [19.82494834, 41.34569693], [19.82481733, 41.34605095], [19.82474528, 41.34625609], [19.82468432, 41.34643097], [19.82464318, 41.34654235], [19.82463415, 41.34657345], [19.82451129, 41.34692007], [19.82437228, 41.34731909], [19.8243063, 41.34750704], [19.82409024, 41.34811419], [19.8240672, 41.34818432], [19.82379522, 41.34899427]]}}, {"type": "Feature", "properties": {"route_id": "72", "route_short_name": "12B", "route_long_name": "Uzina Dinamo \u2013 5 Maji", "route_color": "#00796B", "route_text_color": "#FFFFFF", "shape_id": "72_1", "direction": "1", "corridor_group": "corridor_1", "offset_meters": 0, "debug": true}, "geometry": {"type": "LineString", "coordinates": [[19.74532914, 41.30333468], [19.745326, 41.303333], [19.745341, 41.303341], [19.745691, 41.30354], [19.745961, 41.30367], [19.746466, 41.30385], [19.746574, 41.303883], [19.7473, 41.304108], [19.748028, 41.304316], [19.748742, 41.304462], [19.748786, 41.304471], [19.749093, 41.304532], [19.749645, 41.304641], [19.750088, 41.30473], [19.750445, 41.304802], [19.750761, 41.304865], [19.751084, 41.30493], [19.751174, 41.304948], [19.75126, 41.304965], [19.751537, 41.305018], [19.75161, 41.305032], [19.753016, 41.305299], [19.753591, 41.305413], [19.754091, 41.305513], [19.754478, 41.305615], [19.754586, 41.305648], [19.754748, 41.305698], [19.754901, 41.305749], [19.754954, 41.305768], [19.755191, 41.30585], [19.755474, 41.305948], [19.755876, 41.306088], [19.756088, 41.306161], [19.756231, 41.306211], [19.756342, 41.306249], [19.756697, 41.306372], [19.756729, 41.306383], [19.756884, 41.306435], [19.756997, 41.306474], [19.757229, 41.30658], [19.757321, 41.306641], [19.757344, 41.306656], [19.757529, 41.306836], [19.757657, 41.307043], [19.757681, 41.307091], [19.757813, 41.307339], [19.757867, 41.307439], [19.758111, 41.307894], [19.758308, 41.308262], [19.758322, 41.308288], [19.758456, 41.308538], [19.758641, 41.308882], [19.75867, 41.308933], [19.759096, 41.30973], [19.759335, 41.310144], [19.7594, 41.310237], [19.759599, 41.310444], [19.759648, 41.310493], [19.759734, 41.310574], [19.760039, 41.310864], [19.760274, 41.311067], [19.760543, 41.311248], [19.760842, 41.311404], [19.761031, 41.311481], [19.761425, 41.311642], [19.761738, 41.31177], [19.761945, 41.311854], [19.762121, 41.311927], [19.762533, 41.312097], [19.763073, 41.312316], [19.763552, 41.312511], [19.763825, 41.312622], [19.764355, 41.312837], [19.764896, 41.313057], [19.764972, 41.313088], [19.765324, 41.31323], [19.765369, 41.313249], [19.76573, 41.313395], [19.76578, 41.313416], [19.766294, 41.313626], [19.766374, 41.313659], [19.766841, 41.313846], [19.767135, 41.313963], [19.767724, 41.314199], [19.768002, 41.314311], [19.768009, 41.314314], [19.768277, 41.314422], [19.768672, 41.314582], [19.769276, 41.314827], [19.769696, 41.314997], [19.770161, 41.315184], [19.770776, 41.315433], [19.771714, 41.315813], [19.772449, 41.31611], [19.77257, 41.316134], [19.772681, 41.316177], [19.773337, 41.316421], [19.774525, 41.316807], [19.774798, 41.316894], [19.774867, 41.316916], [19.775054, 41.316977], [19.775283, 41.317049], [19.775839, 41.317231], [19.776283, 41.317378], [19.776425, 41.317425], [19.777218, 41.317669], [19.777594, 41.317785], [19.778283, 41.318002], [19.778459, 41.318057], [19.779815, 41.318476], [19.780597, 41.318715], [19.781399, 41.318975], [19.781399, 41.318976], [19.781537, 41.31902], [19.781955, 41.319151], [19.782354, 41.319272], [19.784043, 41.319804], [19.78433, 41.3199], [19.784428, 41.319932], [19.784779, 41.320051], [19.78556, 41.320306], [19.786115, 41.320496], [19.786534, 41.320639], [19.786585, 41.320656], [19.787366, 41.320925], [19.787621, 41.321013], [19.787862, 41.321089], [19.788497, 41.321299], [19.788806, 41.321385], [19.789349, 41.321417], [19.789373, 41.321411], [19.789548, 41.321411], [19.789698, 41.321478], [19.789751, 41.321531], [19.789769, 41.321558], [19.79014, 41.3218], [19.79041, 41.321895], [19.790855, 41.322027], [19.791494, 41.322208], [19.791591, 41.322234], [19.792068, 41.322367], [19.792126, 41.322385], [19.79273, 41.322561], [19.793498, 41.322776], [19.793893, 41.322888], [19.794574, 41.323079], [19.795444, 41.323324], [19.79554, 41.323351], [19.796022, 41.323487], [19.796118, 41.323514], [19.797012, 41.323766], [19.797439, 41.323886], [19.798239, 41.324117], [19.798788, 41.324276], [19.799466, 41.324477], [19.800323, 41.324732], [19.802763, 41.325482], [19.803186, 41.325611], [19.803433, 41.325688], [19.803537, 41.325721], [19.803807, 41.325806], [19.80425, 41.325944], [19.804665, 41.326074], [19.80528, 41.326266], [19.805348, 41.326286], [19.805429, 41.326311], [19.805463, 41.326322], [19.806312, 41.326582], [19.806875, 41.326757], [19.807694, 41.327011], [19.807761, 41.327032], [19.80779, 41.327041], [19.807833, 41.327054], [19.80789, 41.327072], [19.808119, 41.327142], [19.808454, 41.327246], [19.808973, 41.327406], [19.809211, 41.327479], [19.809622, 41.327609], [19.809624, 41.327609], [19.809705, 41.327635], [19.810162, 41.327775], [19.811094, 41.328062], [19.811417, 41.328159], [19.811514, 41.328183], [19.811967, 41.328251], [19.812283, 41.32826], [19.812384, 41.328256], [19.812905, 41.328233], [19.813568, 41.328204], [19.813659, 41.328199], [19.814009, 41.328183], [19.815236, 41.32813], [19.815589, 41.328114], [19.816216, 41.328085], [19.816284, 41.32781], [19.816331, 41.327641], [19.816419, 41.327303], [19.816534, 41.326899], [19.816555, 41.326826], [19.8166, 41.326663], [19.81677, 41.326068], [19.816902, 41.325598], [19.817346, 41.325667], [19.819015, 41.325929], [19.819105, 41.325943], [19.818911, 41.326661], [19.818925, 41.326758], [19.81911, 41.326915], [19.81928, 41.327113], [19.819404, 41.327158], [19.820624, 41.327264], [19.821888, 41.327375], [19.822489, 41.327427], [19.822671, 41.327474], [19.822706, 41.327514], [19.822622, 41.327568], [19.822526, 41.327636], [19.822463, 41.327685], [19.822331, 41.327831], [19.822075, 41.328261], [19.821889, 41.328603], [19.821459, 41.329357], [19.821428, 41.329411], [19.821092, 41.32999], [19.82082, 41.330465], [19.820675, 41.330617], [19.820379, 41.330598], [19.820037, 41.330611], [19.819553, 41.330549], [19.819044, 41.330481], [19.818871, 41.330457], [19.817947, 41.330332], [19.817493, 41.331973], [19.817157, 41.333181], [19.817107, 41.33336], [19.816747, 41.334615], [19.816724, 41.334708], [19.816721, 41.334721], [19.816587, 41.335224], [19.816465, 41.335657], [19.816387, 41.335911], [19.816831, 41.335984], [19.817022, 41.336017], [19.817324, 41.33607], [19.817437, 41.33609], [19.817603, 41.336126], [19.818345, 41.3364], [19.8186, 41.3365], [19.819144, 41.336711], [19.819661, 41.336911], [19.820067, 41.337083], [19.820585, 41.337362], [19.820968, 41.337575], [19.821179, 41.337695], [19.821269, 41.337746], [19.821966, 41.338214], [19.822749, 41.338811], [19.82317, 41.339103], [19.823552, 41.339318], [19.824177, 41.339591], [19.824777, 41.33978], [19.825005, 41.33984], [19.825229, 41.339894], [19.825656, 41.339974], [19.825697, 41.339981], [19.825722, 41.339985], [19.826322, 41.340071], [19.826339, 41.340149], [19.826355, 41.340372], [19.826273, 41.341027], [19.82627, 41.341051], [19.826242, 41.341204], [19.826151, 41.341508], [19.826009, 41.341984], [19.825944, 41.342206], [19.825839, 41.342561], [19.825813, 41.342651], [19.825756, 41.342861], [19.825534, 41.343749], [19.825525, 41.343788], [19.825435, 41.344169], [19.825377, 41.344393], [19.825237, 41.344909], [19.825179, 41.345084], [19.825138, 41.34521], [19.825084, 41.345389], [19.824973, 41.345702], [19.824842, 41.346056], [19.82477, 41.346261], [19.824709, 41.346436], [19.824668, 41.346547], [19.824659, 41.346578], [19.824536, 41.346925], [19.824397, 41.347324], [19.824331, 41.347512], [19.824115, 41.348119], [19.824092, 41.348189], [19.82382, 41.348999]]}}, {"type": "Feature", "properties": {"route_id": "70", "route_short_name": "6", "route_long_name": "Lapraka", "route_color": "#EC407A", "route_text_color": "#FFFFFF", "shape_id": "70_0", "direction": "0", "corridor_group": null, "requested_offset_meters": -4, "offset_meters": -1.5, "debug": false}, "geometry": {"type": "LineString", "coordinates": [[19.75756907, 41.365895], [19.75756907, 41.36586928], [19.7575493, 41.36551058], [19.75736991, 41.36532133], [19.75726816, 41.36518905], [19.75721497, 41.36501925], [19.75722115, 41.36492334], [19.7573515, 41.36443101], [19.75741484, 41.36424301], [19.75758126, 41.36390016], [19.75778837, 41.36351194], [19.75799038, 41.36313694], [19.75818385, 41.36277505], [19.75822057, 41.36272931], [19.75817337, 41.36273278], [19.75824852, 41.36259988], [19.75821863, 41.36270322], [19.75824761, 41.36270164], [19.75870404, 41.36259301], [19.75925015, 41.36248619], [19.75943642, 41.3624254], [19.75957127, 41.36233906], [19.75968618, 41.36220059], [19.75993688, 41.36178707], [19.76024027, 41.36134751], [19.76030848, 41.36125823], [19.76043919, 41.36108932], [19.76056314, 41.36097342], [19.76081089, 41.36075055], [19.76098454, 41.3604876], [19.76140436, 41.35964695], [19.7614391, 41.35935911], [19.76145908, 41.35899245], [19.7614641, 41.35889823], [19.76147015, 41.35883671], [19.7615316, 41.35844381], [19.7616069, 41.35834027], [19.76168386, 41.35829178], [19.76179368, 41.35824662], [19.76227621, 41.35811874], [19.76237833, 41.35807109], [19.76245828, 41.35801878], [19.76269125, 41.35786779], [19.76316743, 41.35755399], [19.76338341, 41.35731202], [19.763486, 41.35725058], [19.76329153, 41.35724054], [19.76351577, 41.35722664], [19.7639254, 41.35713837], [19.76405017, 41.35709038], [19.76408881, 41.35705174], [19.76412908, 41.35701348], [19.76539568, 41.35586694], [19.76560903, 41.3557029], [19.7659759, 41.35548721], [19.76609616, 41.35544989], [19.76633228, 41.35542265], [19.76681367, 41.35536683], [19.76699041, 41.35532068], [19.76741571, 41.35513044], [19.76780084, 41.35495131], [19.76795849, 41.35483381], [19.76807877, 41.35466581], [19.76849527, 41.35423029], [19.76851135, 41.35421221], [19.76871773, 41.35400282], [19.76880875, 41.3539148], [19.76930091, 41.35341965], [19.76957907, 41.35304079], [19.76964287, 41.3529411], [19.76988798, 41.35256393], [19.7701384, 41.35219831], [19.77024988, 41.35206374], [19.77036528, 41.35193012], [19.77047684, 41.35185507], [19.77051031, 41.35183101], [19.77055764, 41.35181139], [19.77065926, 41.3518136], [19.77071568, 41.35183946], [19.7707577, 41.35190192], [19.77074204, 41.35196845], [19.77091003, 41.35213159], [19.77113768, 41.35234202], [19.77188835, 41.3519711], [19.77259265, 41.35153409], [19.7725227, 41.35149144], [19.77250425, 41.35142225], [19.77268492, 41.35113654], [19.77322679, 41.3512248], [19.7733181, 41.35123968], [19.77362074, 41.35127054], [19.77395013, 41.35128547], [19.77435493, 41.35127155], [19.77476428, 41.35121392], [19.77500839, 41.35114743], [19.77761015, 41.35030051], [19.77784119, 41.3502318], [19.77807613, 41.35012969], [19.77854598, 41.3498659], [19.77868207, 41.34975545], [19.77880205, 41.34962853], [19.77935763, 41.34895004], [19.77942656, 41.34886114], [19.77947592, 41.34879868], [19.77979104, 41.34845747], [19.78025129, 41.34808846], [19.78117346, 41.34742934], [19.78119833, 41.34741044], [19.7815627, 41.34713916], [19.7817617, 41.34700449], [19.78198796, 41.34688025], [19.78221492, 41.34680359], [19.78241521, 41.3467415], [19.7827062, 41.34665219], [19.78293307, 41.34660459], [19.7831061, 41.34659747], [19.78363981, 41.34662371], [19.78372931, 41.34619079], [19.78378035, 41.34597262], [19.78379536, 41.34591059], [19.7839388, 41.34530976], [19.78397866, 41.34524825], [19.784072, 41.34523232], [19.78478096, 41.34529257], [19.78540302, 41.34534258], [19.78595307, 41.34539258], [19.78622498, 41.34541557], [19.78690723, 41.34547243], [19.78700747, 41.34546599], [19.78710022, 41.34538917], [19.78766457, 41.34458652], [19.78770913, 41.34449343], [19.78773696, 41.3444348], [19.787767, 41.34435868], [19.78810531, 41.34368306], [19.78817728, 41.34355011], [19.7882392, 41.34342329], [19.78825791, 41.34338586], [19.78831769, 41.34331664], [19.78846211, 41.34323454], [19.78851182, 41.343137], [19.7885012, 41.3430328], [19.78846239, 41.34288053], [19.78839367, 41.34260664], [19.78778757, 41.34138246], [19.78770919, 41.34126738], [19.78763847, 41.34117174], [19.78762388, 41.34115327], [19.78700429, 41.34046962], [19.78680609, 41.34013528], [19.78651995, 41.33977986], [19.78648524, 41.33963471], [19.78655325, 41.33954079], [19.78661632, 41.33950701], [19.78676609, 41.3394932], [19.78684818, 41.33951569], [19.78723087, 41.33990343], [19.78740631, 41.34011998], [19.78758333, 41.34033999], [19.78804994, 41.34091979], [19.78824864, 41.34097066], [19.78837435, 41.34097811], [19.78949377, 41.34030547], [19.78987073, 41.34007549], [19.79023575, 41.33985348], [19.79049574, 41.33969549], [19.79079353, 41.33951401], [19.79109468, 41.33936994], [19.79228203, 41.33867532], [19.79249181, 41.33855328], [19.79275887, 41.3384656], [19.79299307, 41.33838954], [19.79316927, 41.33833548], [19.79322531, 41.33831847], [19.79339328, 41.33826763], [19.79344936, 41.33836147], [19.79378737, 41.33893249], [19.79395637, 41.3392175], [19.79409937, 41.3394595], [19.79425742, 41.33972659], [19.79443987, 41.34004737], [19.79449364, 41.34018129], [19.79452977, 41.34043018], [19.79463867, 41.34093373], [19.79480435, 41.34163838], [19.79483565, 41.34170005], [19.79486618, 41.34171492], [19.79495566, 41.34172238], [19.79504246, 41.34171263], [19.79565985, 41.34164859], [19.79594223, 41.34162648], [19.79609908, 41.34162852], [19.79644896, 41.34168599], [19.79682135, 41.34178663], [19.79712605, 41.34191133], [19.7972564, 41.34197302], [19.79733023, 41.34199731], [19.79755009, 41.34204805], [19.79831894, 41.34221401], [19.79859706, 41.34227402], [19.79864678, 41.3422614], [19.79863232, 41.34228165], [19.79877694, 41.34231301], [19.79892096, 41.34234402], [19.79905793, 41.34237401], [19.80019176, 41.34261455], [19.80026964, 41.34261645], [19.80051544, 41.34258204], [19.8006106, 41.34254812], [19.80070771, 41.34245678], [19.80083688, 41.34225209], [19.80092591, 41.34211704], [19.80096391, 41.34205805], [19.80140992, 41.34138103], [19.80167088, 41.34097909], [19.80171586, 41.34090912], [19.80174791, 41.34085905], [19.802051, 41.3404009], [19.80226006, 41.34009381], [19.80231903, 41.34000786], [19.80246196, 41.33979397], [19.80251693, 41.33971001], [19.80294995, 41.33905198], [19.80314094, 41.338764], [19.80337188, 41.3384101], [19.80351187, 41.33819011], [19.80362491, 41.33801604], [19.80377795, 41.33778198], [19.80380198, 41.33774593], [19.80384796, 41.33767697], [19.80400785, 41.33743314], [19.80429481, 41.3369712], [19.80436385, 41.33686315], [19.80443586, 41.33675012], [19.8046098, 41.33648022], [19.80462081, 41.3364622], [19.8051539, 41.33564307], [19.80524693, 41.33549901], [19.80536897, 41.33531596], [19.80551295, 41.33509799], [19.80571894, 41.334785], [19.8058339, 41.33461007], [19.80597081, 41.3343962], [19.80606873, 41.33423834], [19.80612557, 41.33414437], [19.80635229, 41.33423462], [19.80660806, 41.33430501], [19.80739282, 41.3344378], [19.80751173, 41.33445679], [19.80782179, 41.33450679], [19.80826581, 41.3345798], [19.80871879, 41.3346538], [19.80911181, 41.3347178], [19.80942085, 41.3347688], [19.81022081, 41.3349018], [19.81065884, 41.3349728], [19.81121579, 41.33506679], [19.81133673, 41.33508579], [19.81183779, 41.3351678], [19.81243977, 41.33526579], [19.81550073, 41.33576079], [19.81577058, 41.33580376], [19.81623561, 41.33587277], [19.81639079, 41.33589779], [19.81683491, 41.33597082], [19.81702604, 41.33600384], [19.81732808, 41.33605684], [19.81743589, 41.33607593], [19.81759515, 41.33603215], [19.81776075, 41.33578229], [19.81808657, 41.3352166], [19.81859057, 41.3343476], [19.81882858, 41.33393559], [19.81896359, 41.33370357], [19.81960659, 41.33259856], [19.81970659, 41.33242757], [19.81976059, 41.33233457], [19.81990959, 41.33207956], [19.82045459, 41.33114357], [19.8206294, 41.3308439], [19.82064819, 41.33080631], [19.82065649, 41.33062937], [19.82037869, 41.33061154], [19.82003594, 41.33062457], [19.81954993, 41.33056231], [19.81904081, 41.33049429], [19.81886779, 41.33047029], [19.81794355, 41.33034526], [19.81775635, 41.33031523], [19.81691524, 41.33018606], [19.81675604, 41.33014422], [19.81669521, 41.33011432], [19.81669427, 41.33011386]]}}, {"type": "Feature", "properties": {"route_id": "70", "route_short_name": "6", "route_long_name": "Lapraka", "route_color": "#EC407A", "route_text_color": "#FFFFFF", "shape_id": "70_0", "direction": "0", "corridor_group": null, "offset_meters": 0, "debug": true}, "geometry": {"type": "LineString", "coordinates": [[19.757587, 41.365895], [19.757587, 41.365869], [19.757567, 41.365506], [19.757385, 41.365314], [19.757285, 41.365184], [19.757233, 41.365018], [19.757239, 41.364925], [19.757369, 41.364434], [19.757432, 41.364247], [19.757598, 41.363905], [19.757805, 41.363517], [19.758007, 41.363142], [19.7582, 41.362781], [19.758251, 41.362715], [19.758196, 41.362718], [19.758231, 41.362597], [19.758196, 41.362718], [19.758251, 41.362715], [19.758709, 41.362606], [19.759256, 41.362499], [19.759446, 41.362437], [19.759585, 41.362348], [19.759702, 41.362207], [19.759953, 41.361793], [19.760256, 41.361354], [19.760324, 41.361265], [19.760454, 41.361097], [19.760577, 41.360982], [19.760826, 41.360758], [19.761001, 41.360493], [19.761422, 41.35965], [19.761457, 41.35936], [19.761477, 41.358993], [19.761482, 41.358899], [19.761488, 41.358838], [19.761549, 41.358448], [19.761621, 41.358349], [19.761694, 41.358303], [19.761801, 41.358259], [19.762284, 41.358131], [19.762389, 41.358082], [19.76247, 41.358029], [19.762703, 41.357878], [19.763181, 41.357563], [19.763397, 41.357321], [19.763519, 41.35724], [19.763293, 41.357254], [19.763519, 41.35724], [19.763932, 41.357151], [19.764062, 41.357101], [19.764103, 41.35706], [19.764143, 41.357022], [19.765409, 41.355876], [19.765621, 41.355713], [19.765985, 41.355499], [19.766101, 41.355463], [19.766335, 41.355436], [19.766818, 41.35538], [19.766998, 41.355333], [19.767425, 41.355142], [19.767812, 41.354962], [19.767973, 41.354842], [19.768094, 41.354673], [19.76851, 41.354238], [19.768526, 41.35422], [19.768732, 41.354011], [19.768823, 41.353923], [19.769316, 41.353427], [19.769595, 41.353047], [19.769659, 41.352947], [19.769904, 41.35257], [19.770154, 41.352205], [19.770265, 41.352071], [19.770379, 41.351939], [19.770489, 41.351865], [19.770521, 41.351842], [19.770562, 41.351825], [19.770654, 41.351827], [19.770702, 41.351849], [19.770739, 41.351904], [19.770723, 41.351972], [19.770896, 41.35214], [19.771134, 41.35236], [19.771899, 41.351982], [19.772621, 41.351534], [19.772539, 41.351484], [19.772523, 41.351424], [19.772695, 41.351152], [19.773223, 41.351238], [19.773315, 41.351253], [19.773619, 41.351284], [19.77395, 41.351299], [19.774357, 41.351285], [19.774769, 41.351227], [19.775015, 41.35116], [19.777617, 41.350313], [19.777849, 41.350244], [19.778086, 41.350141], [19.778558, 41.349876], [19.778696, 41.349764], [19.778817, 41.349636], [19.779373, 41.348957], [19.779442, 41.348868], [19.779491, 41.348806], [19.779805, 41.348466], [19.780264, 41.348098], [19.781186, 41.347439], [19.781211, 41.34742], [19.781575, 41.347149], [19.781773, 41.347015], [19.781997, 41.346892], [19.782222, 41.346816], [19.782422, 41.346754], [19.782712, 41.346665], [19.782936, 41.346618], [19.783106, 41.346611], [19.783655, 41.346638], [19.783747, 41.346193], [19.783798, 41.345975], [19.783813, 41.345913], [19.783956, 41.345314], [19.783991, 41.34526], [19.784073, 41.345246], [19.784779, 41.345306], [19.785401, 41.345356], [19.785951, 41.345406], [19.786223, 41.345429], [19.786907, 41.345486], [19.787016, 41.345479], [19.787115, 41.345397], [19.787681, 41.344592], [19.787726, 41.344498], [19.787754, 41.344439], [19.787784, 41.344363], [19.788122, 41.343688], [19.788194, 41.343555], [19.788256, 41.343428], [19.788274, 41.343392], [19.788331, 41.343326], [19.788477, 41.343243], [19.78853, 41.343139], [19.788519, 41.343031], [19.78848, 41.342878], [19.788411, 41.342603], [19.787804, 41.341377], [19.787725, 41.341261], [19.787654, 41.341165], [19.787639, 41.341146], [19.78702, 41.340463], [19.786822, 41.340129], [19.786537, 41.339775], [19.786504, 41.339637], [19.786567, 41.33955], [19.786623, 41.33952], [19.786764, 41.339507], [19.786837, 41.339527], [19.787216, 41.339911], [19.787391, 41.340127], [19.787568, 41.340347], [19.788038, 41.340931], [19.788245, 41.340984], [19.78838, 41.340992], [19.789505, 41.340316], [19.789882, 41.340086], [19.790247, 41.339864], [19.790507, 41.339706], [19.790804, 41.339525], [19.791105, 41.339381], [19.792293, 41.338686], [19.792501, 41.338565], [19.792766, 41.338478], [19.793, 41.338402], [19.793176, 41.338348], [19.793232, 41.338331], [19.793384, 41.338285], [19.793433, 41.338367], [19.793771, 41.338938], [19.79394, 41.339223], [19.794083, 41.339465], [19.794241, 41.339732], [19.794423, 41.340052], [19.794476, 41.340184], [19.794512, 41.340432], [19.794621, 41.340936], [19.794787, 41.341642], [19.794821, 41.341709], [19.79486, 41.341728], [19.794956, 41.341736], [19.795045, 41.341726], [19.795662, 41.341662], [19.795943, 41.34164], [19.796097, 41.341642], [19.796444, 41.341699], [19.796814, 41.341799], [19.797117, 41.341923], [19.797248, 41.341985], [19.797324, 41.34201], [19.797545, 41.342061], [19.798314, 41.342227], [19.798606, 41.34229], [19.798631, 41.342255], [19.798606, 41.34229], [19.798772, 41.342326], [19.798916, 41.342357], [19.799053, 41.342387], [19.800189, 41.342628], [19.800271, 41.34263], [19.800521, 41.342595], [19.800622, 41.342559], [19.800723, 41.342464], [19.800853, 41.342258], [19.800942, 41.342123], [19.80098, 41.342064], [19.801426, 41.341387], [19.801687, 41.340985], [19.801732, 41.340915], [19.801764, 41.340865], [19.802067, 41.340407], [19.802276, 41.3401], [19.802335, 41.340014], [19.802478, 41.3398], [19.802533, 41.339716], [19.802966, 41.339058], [19.803157, 41.33877], [19.803388, 41.338416], [19.803528, 41.338196], [19.803641, 41.338022], [19.803794, 41.337788], [19.803818, 41.337752], [19.803864, 41.337683], [19.804024, 41.337439], [19.804311, 41.336977], [19.80438, 41.336869], [19.804452, 41.336756], [19.804626, 41.336486], [19.804637, 41.336468], [19.80517, 41.335649], [19.805263, 41.335505], [19.805385, 41.335322], [19.805529, 41.335104], [19.805735, 41.334791], [19.80585, 41.334616], [19.805987, 41.334402], [19.806085, 41.334244], [19.806134, 41.334163], [19.806345, 41.334247], [19.806603, 41.334318], [19.807389, 41.334451], [19.807508, 41.33447], [19.807818, 41.33452], [19.808262, 41.334593], [19.808715, 41.334667], [19.809108, 41.334731], [19.809417, 41.334782], [19.810217, 41.334915], [19.810655, 41.334986], [19.811212, 41.33508], [19.811333, 41.335099], [19.811834, 41.335181], [19.812436, 41.335279], [19.815497, 41.335774], [19.815767, 41.335817], [19.816232, 41.335886], [19.816387, 41.335911], [19.816831, 41.335984], [19.817022, 41.336017], [19.817324, 41.33607], [19.817437, 41.33609], [19.817608, 41.336043], [19.817777, 41.335788], [19.818103, 41.335222], [19.818607, 41.334353], [19.818845, 41.333941], [19.81898, 41.333709], [19.819623, 41.332604], [19.819723, 41.332433], [19.819777, 41.33234], [19.819926, 41.332085], [19.820471, 41.331149], [19.820646, 41.330849], [19.820666, 41.330809], [19.820675, 41.330617], [19.820379, 41.330598], [19.820037, 41.330611], [19.819553, 41.330549], [19.819044, 41.330481], [19.818871, 41.330457], [19.817947, 41.330332], [19.81776, 41.330302], [19.81692, 41.330173], [19.816764, 41.330132], [19.816705, 41.330103], [19.81670406, 41.33010255]]}}, {"type": "Feature", "properties": {"route_id": "70", "route_short_name": "6", "route_long_name": "Lapraka", "route_color": "#EC407A", "route_text_color": "#FFFFFF", "shape_id": "70_1", "direction": "1", "corridor_group": null, "requested_offset_meters": -4, "offset_meters": -4, "debug": false}, "geometry": {"type": "LineString", "coordinates": [[19.81667832, 41.3301329], [19.81659265, 41.33009161], [19.81642941, 41.32997756], [19.81628632, 41.32981671], [19.81608675, 41.3294256], [19.81591925, 41.32920775], [19.81585787, 41.32916486], [19.81579484, 41.32914541], [19.81564282, 41.3291516], [19.8153132, 41.32926749], [19.81502377, 41.3295139], [19.81467825, 41.32980734], [19.8143707, 41.33005257], [19.81427857, 41.33011737], [19.81371824, 41.3305096], [19.81365467, 41.33055266], [19.81322551, 41.33080393], [19.81268294, 41.33109423], [19.81182118, 41.3315691], [19.81171033, 41.33163002], [19.81118991, 41.33192125], [19.81090767, 41.33206938], [19.81087492, 41.33208724], [19.81057277, 41.33225032], [19.80992447, 41.33259809], [19.80969511, 41.33268206], [19.80809134, 41.33315057], [19.80801336, 41.33317356], [19.80755933, 41.33330657], [19.80719835, 41.33341257], [19.80689765, 41.33350089], [19.80674493, 41.33356001], [19.80672563, 41.33356756], [19.80660624, 41.33363578], [19.80648839, 41.33373196], [19.80617694, 41.33417886], [19.8061284, 41.3342591], [19.80603018, 41.33441746], [19.80589294, 41.33463182], [19.80577783, 41.334807], [19.8055718, 41.33512003], [19.80542775, 41.33533812], [19.80530585, 41.33552097], [19.80521295, 41.33566482], [19.80468017, 41.33648347], [19.80466921, 41.33650141], [19.80449504, 41.33677167], [19.80442308, 41.33688461], [19.80435418, 41.33699245], [19.80406706, 41.33745464], [19.80386077, 41.33776809], [19.8038368, 41.33780405], [19.80368385, 41.33803796], [19.80363392, 41.33811386], [19.80357106, 41.33821164], [19.803431, 41.33843174], [19.80319984, 41.33878598], [19.80275581, 41.33945802], [19.80257585, 41.33973196], [19.80252078, 41.33981607], [19.80237758, 41.34003038], [19.8023185, 41.3401165], [19.80210966, 41.34042326], [19.80180692, 41.34088086], [19.80177501, 41.34093072], [19.80155094, 41.34127683], [19.80146887, 41.34140294], [19.80102291, 41.34207988], [19.80098491, 41.34213888], [19.80089599, 41.34227375], [19.80076378, 41.34248326], [19.80065241, 41.34258801], [19.80053583, 41.34262957], [19.80027463, 41.34266613], [19.80018164, 41.34266387], [19.79903985, 41.34242164], [19.79890277, 41.34239162], [19.79875882, 41.34236063], [19.79859294, 41.34232466], [19.79850292, 41.34230565], [19.79830078, 41.34226162], [19.79753142, 41.34209554], [19.79730739, 41.34204384], [19.7972256, 41.34201694], [19.79709286, 41.34195412], [19.79679441, 41.34183198], [19.79643079, 41.3417337], [19.79609144, 41.34167796], [19.79594507, 41.34167606], [19.79566774, 41.34169777], [19.79503476, 41.34176366], [19.79495687, 41.34177232], [19.79484353, 41.34176287], [19.79478193, 41.34173286], [19.79474072, 41.34165166], [19.79457387, 41.34094204], [19.79446462, 41.34043686], [19.79442896, 41.34019124], [19.79437802, 41.34006435], [19.7941972, 41.33974643], [19.79403934, 41.33947967], [19.79389635, 41.33923768], [19.79372735, 41.33895269], [19.79338938, 41.33838174], [19.79335927, 41.33833134], [19.7932564, 41.33836256], [19.79324947, 41.33836454], [19.79301845, 41.33843524], [19.792785, 41.33851106], [19.79252552, 41.33859625], [19.79232226, 41.33871449], [19.79113253, 41.3394105], [19.79083193, 41.33955431], [19.79053705, 41.33973402], [19.79010199, 41.33999905], [19.789912, 41.34011405], [19.78953494, 41.34034409], [19.78842234, 41.34101263], [19.78835137, 41.341222], [19.78872956, 41.34167893], [19.78892903, 41.34191992], [19.78906237, 41.34218456], [19.78914689, 41.34240351], [19.78923985, 41.34292085], [19.78923477, 41.34317206], [19.78920534, 41.34339534], [19.78915978, 41.34356644], [19.7889288, 41.34435336], [19.78858443, 41.34567496], [19.78855569, 41.3459395], [19.78854193, 41.34612041], [19.78857333, 41.34638239], [19.7886669, 41.34669461], [19.78880167, 41.34696316], [19.78885051, 41.34705888], [19.78901504, 41.34728746], [19.7891746, 41.34746966], [19.78950151, 41.34777274], [19.78967266, 41.34791943], [19.78972942, 41.34800067], [19.78975457, 41.34809101], [19.78973287, 41.34819725], [19.78966085, 41.34829018], [19.78946992, 41.3483884], [19.78922562, 41.34841604], [19.78906381, 41.34836914], [19.78899047, 41.34830038], [19.788854, 41.34814761], [19.78867083, 41.34788997], [19.78841698, 41.34753076], [19.78815881, 41.34709006], [19.78809984, 41.34692639], [19.78798907, 41.3466152], [19.78792626, 41.3462789], [19.78791615, 41.34591683], [19.78795852, 41.34554561], [19.78810093, 41.34487467], [19.7882372, 41.34435362], [19.78840707, 41.34377507], [19.78841886, 41.343723], [19.78846747, 41.34350379], [19.78844204, 41.34346096], [19.78839748, 41.343443], [19.78833028, 41.34343716], [19.78829491, 41.34345263], [19.78823858, 41.34356803], [19.7881665, 41.34370117], [19.78782933, 41.34437451], [19.78779944, 41.34445024], [19.78772484, 41.3446066], [19.78767124, 41.34468286], [19.78715442, 41.34541788], [19.78703874, 41.3455137], [19.7869064, 41.3455222], [19.78621771, 41.3454648], [19.78594547, 41.34544178], [19.7853956, 41.3453918], [19.78477379, 41.34534181], [19.78407568, 41.34528248], [19.7840239, 41.34529132], [19.78400187, 41.34532531], [19.78386006, 41.34591933], [19.78383607, 41.3460213], [19.78379416, 41.34619893], [19.78369551, 41.34667609], [19.78310575, 41.34664709], [19.78294381, 41.34665376], [19.78272745, 41.34669916], [19.78239317, 41.34680132], [19.78224097, 41.34684907], [19.78202111, 41.34692333], [19.78180313, 41.34704303], [19.78160779, 41.34717523], [19.78124477, 41.3474455], [19.78121943, 41.34746476], [19.7802979, 41.34812343], [19.77984222, 41.34848876], [19.77953588, 41.34881989], [19.77953185, 41.34882472], [19.77941395, 41.3489756], [19.77885686, 41.34965593], [19.77873314, 41.3497868], [19.77859007, 41.34990292], [19.77811232, 41.35017115], [19.77786983, 41.35027654], [19.77763526, 41.3503463], [19.77503262, 41.35119351], [19.7747816, 41.35126188], [19.77436251, 41.35132087], [19.77394965, 41.35133508], [19.77361435, 41.35131988], [19.77330673, 41.35128851], [19.77268274, 41.35118686], [19.77240272, 41.35112038], [19.77227535, 41.35109053], [19.77207401, 41.35104731], [19.77170311, 41.35100719], [19.77141965, 41.35102083], [19.77120794, 41.35104864], [19.77103719, 41.35126629], [19.77081149, 41.35155591], [19.77074954, 41.35163944], [19.77070711, 41.35180917], [19.77073848, 41.35182356], [19.77078886, 41.35189844], [19.77076705, 41.35199116], [19.77066943, 41.35205303], [19.77054255, 41.35205303], [19.77048955, 41.35202185], [19.77041862, 41.35205953], [19.77029774, 41.35209952], [19.77019559, 41.35222283], [19.76994675, 41.35258613], [19.76991798, 41.35263077], [19.76963743, 41.35306364], [19.76935624, 41.35344661], [19.768861, 41.35394487], [19.76877005, 41.35403281], [19.76856508, 41.35424078], [19.76854927, 41.35425856], [19.76813461, 41.35469216], [19.76801169, 41.35486383], [19.76784175, 41.3549905], [19.76744976, 41.35517282], [19.76701824, 41.35536584], [19.76682955, 41.35541511], [19.76611392, 41.35549795], [19.76600926, 41.35553043], [19.76565292, 41.35573993], [19.76544451, 41.35590017], [19.76418011, 41.35704472], [19.76414083, 41.35708204], [19.76409356, 41.35712931], [19.76394961, 41.35718468], [19.76354252, 41.3572724], [19.76343315, 41.35734502], [19.76332668, 41.3574631], [19.76321727, 41.35758696], [19.76273437, 41.35790519], [19.76250219, 41.3580563], [19.76241732, 41.35811116], [19.76230476, 41.35816369], [19.76182051, 41.35829202], [19.76172105, 41.35833292], [19.7616586, 41.35837227], [19.7615954, 41.35845917], [19.76153561, 41.35884144], [19.76152974, 41.35890107], [19.76152578, 41.35897348], [19.76150473, 41.35936237], [19.76146903, 41.35965812], [19.7610449, 41.3605074], [19.76086629, 41.36077786], [19.76061395, 41.36100487], [19.76049353, 41.36111746], [19.76037135, 41.36127609], [19.76029791, 41.36137137], [19.75999599, 41.3618088], [19.7597442, 41.36222411], [19.75962162, 41.36237183], [19.75947154, 41.36246793], [19.7592716, 41.36253317], [19.75872222, 41.36264063], [19.75830741, 41.36273935], [19.75828303, 41.36274516], [19.75824306, 41.36279687], [19.75805133, 41.3631555], [19.75784934, 41.36353049], [19.75764265, 41.36391791], [19.75747775, 41.36425765], [19.75741565, 41.36444196], [19.75728659, 41.36492942], [19.75728109, 41.36501467], [19.75732992, 41.36517054], [19.75742524, 41.36529446], [19.75761419, 41.36549379], [19.75763482, 41.36586825], [19.75763482, 41.365895]]}}, {"type": "Feature", "properties": {"route_id": "70", "route_short_name": "6", "route_long_name": "Lapraka", "route_color": "#EC407A", "route_text_color": "#FFFFFF", "shape_id": "70_1", "direction": "1", "corridor_group": null, "offset_meters": 0, "debug": true}, "geometry": {"type": "LineString", "coordinates": [[19.81670406, 41.33010255], [19.816622, 41.330063], [19.816466, 41.329954], [19.816329, 41.3298], [19.81613, 41.32941], [19.815957, 41.329185], [19.815884, 41.329134], [19.815803, 41.329109], [19.815631, 41.329116], [19.815284, 41.329238], [19.814988, 41.32949], [19.814643, 41.329783], [19.814337, 41.330027], [19.814246, 41.330091], [19.813686, 41.330483], [19.813624, 41.330525], [19.813197, 41.330775], [19.812655, 41.331065], [19.811793, 41.33154], [19.811682, 41.331601], [19.811162, 41.331892], [19.81088, 41.33204], [19.810847, 41.332058], [19.810545, 41.332221], [19.8099, 41.332567], [19.809676, 41.332649], [19.808074, 41.333117], [19.807996, 41.33314], [19.807542, 41.333273], [19.807181, 41.333379], [19.806878, 41.333468], [19.806723, 41.333528], [19.8067, 41.333537], [19.806574, 41.333609], [19.806449, 41.333711], [19.806134, 41.334163], [19.806085, 41.334244], [19.805987, 41.334402], [19.80585, 41.334616], [19.805735, 41.334791], [19.805529, 41.335104], [19.805385, 41.335322], [19.805263, 41.335505], [19.80517, 41.335649], [19.804637, 41.336468], [19.804626, 41.336486], [19.804452, 41.336756], [19.80438, 41.336869], [19.804311, 41.336977], [19.804024, 41.337439], [19.803818, 41.337752], [19.803794, 41.337788], [19.803641, 41.338022], [19.803591, 41.338098], [19.803528, 41.338196], [19.803388, 41.338416], [19.803157, 41.33877], [19.802713, 41.339442], [19.802533, 41.339716], [19.802478, 41.3398], [19.802335, 41.340014], [19.802276, 41.3401], [19.802067, 41.340407], [19.801764, 41.340865], [19.801732, 41.340915], [19.801508, 41.341261], [19.801426, 41.341387], [19.80098, 41.342064], [19.800942, 41.342123], [19.800853, 41.342258], [19.800723, 41.342464], [19.800622, 41.342559], [19.800521, 41.342595], [19.800271, 41.34263], [19.800189, 41.342628], [19.799053, 41.342387], [19.798916, 41.342357], [19.798772, 41.342326], [19.798606, 41.34229], [19.798516, 41.342271], [19.798314, 41.342227], [19.797545, 41.342061], [19.797324, 41.34201], [19.797248, 41.341985], [19.797117, 41.341923], [19.796814, 41.341799], [19.796444, 41.341699], [19.796097, 41.341642], [19.795943, 41.34164], [19.795662, 41.341662], [19.795028, 41.341728], [19.794956, 41.341736], [19.79486, 41.341728], [19.794821, 41.341709], [19.794787, 41.341642], [19.794621, 41.340936], [19.794512, 41.340432], [19.794476, 41.340184], [19.794423, 41.340052], [19.794241, 41.339732], [19.794083, 41.339465], [19.79394, 41.339223], [19.793771, 41.338938], [19.793433, 41.338367], [19.793384, 41.338285], [19.793239, 41.338329], [19.793232, 41.338331], [19.793, 41.338402], [19.792766, 41.338478], [19.792501, 41.338565], [19.792293, 41.338686], [19.791105, 41.339381], [19.790804, 41.339525], [19.790507, 41.339706], [19.790072, 41.339971], [19.789882, 41.340086], [19.789505, 41.340316], [19.78838, 41.340992], [19.7883, 41.341228], [19.788689, 41.341698], [19.788886, 41.341936], [19.789017, 41.342196], [19.7891, 41.342411], [19.789192, 41.342923], [19.789187, 41.34317], [19.789158, 41.34339], [19.789113, 41.343559], [19.788882, 41.344346], [19.788537, 41.34567], [19.788508, 41.345937], [19.788494, 41.346121], [19.788526, 41.346388], [19.788621, 41.346705], [19.788757, 41.346976], [19.788807, 41.347074], [19.788974, 41.347306], [19.789136, 41.347491], [19.789465, 41.347796], [19.789633, 41.34794], [19.789684, 41.348013], [19.789706, 41.348092], [19.789687, 41.348185], [19.789625, 41.348265], [19.789452, 41.348354], [19.789231, 41.348379], [19.789093, 41.348339], [19.789029, 41.348279], [19.788895, 41.348129], [19.788713, 41.347873], [19.78846, 41.347515], [19.788204, 41.347078], [19.788146, 41.346917], [19.788036, 41.346608], [19.787974, 41.346276], [19.787964, 41.345918], [19.788006, 41.34555], [19.788148, 41.344881], [19.788284, 41.344361], [19.788454, 41.343782], [19.788466, 41.343729], [19.788517, 41.343499], [19.788479, 41.343435], [19.788412, 41.343408], [19.78832, 41.3434], [19.788256, 41.343428], [19.788194, 41.343555], [19.788122, 41.343688], [19.787784, 41.344363], [19.787754, 41.344439], [19.787681, 41.344592], [19.787629, 41.344666], [19.787115, 41.345397], [19.787016, 41.345479], [19.786907, 41.345486], [19.786223, 41.345429], [19.785951, 41.345406], [19.785401, 41.345356], [19.784779, 41.345306], [19.784073, 41.345246], [19.783991, 41.34526], [19.783956, 41.345314], [19.783813, 41.345913], [19.783789, 41.346015], [19.783747, 41.346193], [19.783655, 41.346638], [19.783106, 41.346611], [19.782936, 41.346618], [19.782712, 41.346665], [19.782375, 41.346768], [19.782222, 41.346816], [19.781997, 41.346892], [19.781773, 41.347015], [19.781575, 41.347149], [19.781211, 41.34742], [19.781186, 41.347439], [19.780264, 41.348098], [19.779805, 41.348466], [19.779496, 41.3488], [19.779491, 41.348806], [19.779373, 41.348957], [19.778817, 41.349636], [19.778696, 41.349764], [19.778558, 41.349876], [19.778086, 41.350141], [19.777849, 41.350244], [19.777617, 41.350313], [19.775015, 41.35116], [19.774769, 41.351227], [19.774357, 41.351285], [19.77395, 41.351299], [19.773619, 41.351284], [19.773315, 41.351253], [19.772695, 41.351152], [19.772417, 41.351086], [19.772289, 41.351056], [19.772084, 41.351012], [19.771705, 41.350971], [19.771414, 41.350985], [19.771178, 41.351016], [19.770996, 41.351248], [19.77077, 41.351538], [19.770704, 41.351627], [19.770654, 41.351827], [19.770702, 41.351849], [19.770739, 41.351904], [19.770723, 41.351972], [19.770652, 41.352017], [19.770559, 41.352017], [19.770491, 41.351977], [19.770395, 41.352028], [19.770265, 41.352071], [19.770154, 41.352205], [19.769904, 41.35257], [19.769875, 41.352615], [19.769595, 41.353047], [19.769316, 41.353427], [19.768823, 41.353923], [19.768732, 41.354011], [19.768526, 41.35422], [19.76851, 41.354238], [19.768094, 41.354673], [19.767973, 41.354842], [19.767812, 41.354962], [19.767425, 41.355142], [19.766998, 41.355333], [19.766818, 41.35538], [19.766101, 41.355463], [19.765985, 41.355499], [19.765621, 41.355713], [19.765409, 41.355876], [19.764143, 41.357022], [19.764103, 41.35706], [19.764062, 41.357101], [19.763932, 41.357151], [19.763519, 41.35724], [19.763397, 41.357321], [19.763287, 41.357443], [19.763181, 41.357563], [19.762703, 41.357878], [19.762471, 41.358029], [19.762389, 41.358082], [19.762284, 41.358131], [19.761801, 41.358259], [19.761694, 41.358303], [19.761621, 41.358349], [19.761549, 41.358448], [19.761488, 41.358838], [19.761482, 41.358899], [19.761478, 41.358972], [19.761457, 41.35936], [19.761422, 41.35965], [19.761001, 41.360493], [19.760826, 41.360758], [19.760577, 41.360982], [19.760454, 41.361097], [19.76033, 41.361258], [19.760256, 41.361354], [19.759953, 41.361793], [19.759702, 41.362207], [19.759585, 41.362348], [19.759446, 41.362437], [19.759256, 41.362499], [19.758709, 41.362606], [19.758293, 41.362705], [19.758251, 41.362715], [19.7582, 41.362781], [19.758007, 41.363142], [19.757805, 41.363517], [19.757598, 41.363905], [19.757432, 41.364247], [19.757369, 41.364434], [19.757239, 41.364925], [19.757233, 41.365018], [19.757285, 41.365184], [19.757385, 41.365314], [19.757567, 41.365506], [19.757587, 41.365869], [19.757587, 41.365895]]}}, {"type": "Feature", "properties": {"route_id": "46", "route_short_name": "13A", "route_long_name": "Tirana e re Orar", "route_color": "#9C27B0", "route_text_color": "#FFFFFF", "shape_id": "46_0", "direction": "0", "corridor_group": "corridor_3", "requested_offset_meters": 0, "offset_meters": 0, "debug": false}, "geometry": {"type": "LineString", "coordinates": [[19.783773, 41.332574], [19.783702, 41.332703], [19.783463, 41.33318], [19.783414, 41.333293], [19.783375, 41.333382], [19.783277, 41.33366], [19.783232, 41.333892], [19.783206, 41.334091], [19.7832, 41.334408], [19.783207, 41.334621], [19.783242, 41.334819], [19.783299, 41.335077], [19.783379, 41.335293], [19.783417, 41.33539], [19.783436, 41.335437], [19.783453, 41.335479], [19.783532, 41.335647], [19.783646, 41.335837], [19.783852, 41.336125], [19.784086, 41.336413], [19.784192, 41.336546], [19.7846375, 41.337027], [19.785083, 41.337508], [19.785439, 41.337876], [19.785815, 41.338283], [19.786609, 41.339093], [19.78732, 41.33887], [19.788292, 41.338563], [19.788726, 41.338412], [19.788751, 41.338403], [19.789459, 41.338158], [19.789571, 41.338119], [19.789903, 41.338006], [19.789943, 41.337992], [19.789991, 41.337974], [19.790077, 41.337944], [19.790345, 41.337851], [19.790986, 41.337628], [19.79228, 41.337179], [19.792388, 41.337142], [19.79252, 41.337096], [19.792649, 41.337052], [19.79348, 41.336763], [19.794399, 41.336444], [19.795141, 41.336187], [19.796363, 41.335762], [19.796994, 41.335547], [19.79736, 41.335421], [19.797552, 41.335355], [19.798103, 41.335162], [19.798477, 41.335035], [19.799196, 41.334783], [19.799544, 41.334663], [19.800524, 41.334319], [19.801292, 41.334052], [19.801347, 41.334034], [19.801378, 41.334023], [19.801398, 41.334016], [19.80188, 41.333848], [19.80185, 41.333799], [19.80188, 41.333848], [19.802297, 41.333704], [19.802452, 41.33365], [19.802468, 41.333644], [19.803564, 41.333264], [19.803815, 41.333122], [19.804006, 41.332947], [19.804046, 41.332875], [19.804104, 41.332816], [19.804267, 41.332739], [19.80446, 41.332727], [19.804553, 41.332748], [19.804592, 41.332763], [19.804629, 41.332781], [19.804699, 41.332829], [19.804752, 41.332888], [19.804785, 41.332954], [19.804796, 41.333025], [19.804793, 41.333062], [19.804784, 41.333098], [19.804872, 41.333275], [19.804978, 41.33342], [19.80511, 41.333535], [19.805278, 41.333647], [19.805566, 41.333841], [19.805737, 41.333949], [19.806032, 41.334117], [19.806134, 41.334163], [19.806241, 41.334208], [19.806344, 41.334247], [19.806391, 41.334261], [19.80648, 41.334289], [19.806738, 41.334342], [19.807389, 41.33445], [19.807509, 41.334469], [19.807694, 41.3345], [19.807818, 41.33452], [19.808262, 41.334593], [19.808715, 41.334667], [19.809107, 41.334731], [19.809417, 41.334782], [19.809687, 41.334828], [19.810217, 41.334915], [19.810654, 41.334986], [19.811108, 41.335063], [19.811211, 41.33508], [19.811334, 41.335099], [19.811354, 41.335103], [19.811453, 41.335119], [19.811696, 41.335159], [19.812254, 41.335251], [19.812436, 41.335279], [19.812584, 41.335304], [19.813819, 41.335509], [19.814286, 41.335583], [19.815008, 41.335698], [19.815497, 41.335774], [19.815767, 41.335817], [19.815963, 41.335794], [19.816081, 41.335751], [19.81629, 41.335642], [19.816304, 41.335591], [19.816399, 41.335254], [19.816402, 41.335242], [19.816599, 41.334526], [19.81671, 41.33412], [19.816938, 41.333294], [19.816981, 41.333134], [19.817011, 41.333025], [19.8173, 41.331972], [19.817317, 41.331912], [19.817514, 41.331192], [19.817733, 41.330402], [19.81776, 41.330302], [19.817643, 41.330284], [19.81692, 41.330173], [19.816851, 41.330156], [19.816703, 41.330106], [19.816622, 41.330063], [19.816601, 41.33005], [19.816538, 41.330011], [19.816393, 41.329882], [19.816329, 41.3298], [19.816189, 41.329521], [19.816102, 41.32933], [19.816008, 41.329097], [19.815995, 41.32899], [19.816073, 41.328662], [19.816125, 41.328454], [19.816171, 41.328269], [19.816188, 41.328193], [19.816202, 41.328138], [19.816216, 41.328085], [19.81624, 41.327989], [19.816268, 41.327881], [19.816312, 41.327715], [19.816331, 41.327641], [19.816419, 41.327303], [19.81669, 41.326347], [19.816769, 41.326067], [19.816865, 41.325731], [19.816878, 41.325684], [19.816902, 41.325598], [19.817038, 41.325619], [19.817597, 41.325706], [19.817999, 41.325769], [19.818808, 41.325898], [19.819015, 41.325929], [19.819124, 41.325513], [19.81925, 41.325048], [19.819497, 41.324138], [19.819504, 41.324115], [19.819537, 41.323996], [19.81955, 41.323947], [19.81956, 41.323914], [19.819629, 41.323669], [19.819639, 41.323629], [19.819657, 41.323562], [19.819683, 41.323468], [19.819691, 41.323437], [19.819799, 41.323047], [19.819841, 41.322895], [19.820081, 41.322024], [19.820294, 41.321268], [19.820322, 41.321172], [19.8205425, 41.3203675], [19.820763, 41.319563], [19.819816, 41.319437], [19.818647, 41.319282], [19.818604, 41.319275], [19.818214, 41.319217], [19.818139, 41.319206], [19.817813, 41.319157], [19.817764, 41.31915], [19.816623, 41.318979], [19.816542, 41.318967], [19.816432, 41.31895], [19.816092, 41.318896], [19.815751, 41.318841], [19.815346, 41.318777], [19.815151, 41.318746], [19.815046, 41.318729], [19.814913, 41.318733], [19.81483, 41.318728], [19.814543, 41.318668], [19.814464, 41.318663], [19.814406, 41.318642], [19.81433, 41.318566], [19.81432, 41.318518], [19.81433, 41.318471], [19.814289, 41.318423], [19.814242, 41.318389], [19.814207, 41.318375], [19.814179, 41.318369], [19.813464, 41.318254], [19.812966, 41.318174], [19.812881, 41.31816], [19.812875, 41.318182], [19.812871, 41.318194], [19.812875, 41.318182], [19.812881, 41.31816], [19.812251, 41.318057], [19.811811, 41.317988], [19.810893, 41.317841], [19.810784, 41.317832], [19.81069, 41.317838], [19.810532, 41.317868], [19.810334, 41.317945], [19.810302, 41.317962], [19.809794, 41.318213], [19.80884, 41.318685], [19.808773, 41.318721], [19.808526, 41.318843], [19.808508, 41.318852], [19.808285, 41.318964], [19.80812, 41.319057], [19.807981, 41.319141], [19.807646, 41.3193], [19.806693, 41.319762], [19.806485, 41.319861], [19.806182, 41.320017], [19.806103, 41.320071], [19.805955, 41.320232], [19.805895, 41.320344], [19.805851, 41.320445], [19.805619, 41.320972], [19.805608, 41.320996], [19.805508, 41.321227], [19.805464, 41.321324], [19.805436, 41.321388], [19.805432, 41.321396], [19.805421, 41.321421], [19.805316, 41.32166], [19.805303, 41.321688], [19.805276, 41.32175], [19.805175, 41.321734], [19.805096, 41.321721], [19.804953, 41.321699], [19.804632, 41.321651], [19.804233, 41.32159], [19.80334, 41.321449], [19.802234, 41.321274], [19.802171, 41.321264], [19.801607, 41.321176], [19.80071, 41.321036], [19.799318, 41.320829], [19.79918, 41.320807], [19.799, 41.320775], [19.798807, 41.320736], [19.798674, 41.320708], [19.798609, 41.320696], [19.798402, 41.320656], [19.798091, 41.320598], [19.797723, 41.320552], [19.797472, 41.320538], [19.79711, 41.320543], [19.796896, 41.320553], [19.796573, 41.320576], [19.796196, 41.320624], [19.795911, 41.32068], [19.795587, 41.32076], [19.795187, 41.320868], [19.794756, 41.32101], [19.794297, 41.321161], [19.794162, 41.321209], [19.794071, 41.321241], [19.793095, 41.32159], [19.792991, 41.32164], [19.792782, 41.321806], [19.79275, 41.321834], [19.792656, 41.32192], [19.792519, 41.322044], [19.792212, 41.32231], [19.792126, 41.322385], [19.792039, 41.322476], [19.791994, 41.322464], [19.791527, 41.322333], [19.791449, 41.322313], [19.79129, 41.322272], [19.790615, 41.322097], [19.790584, 41.322089], [19.790499, 41.322066], [19.790485, 41.322063], [19.79047, 41.322063], [19.790137, 41.32205], [19.789995, 41.322069], [19.789882, 41.322094], [19.789686, 41.322175], [19.789537, 41.322277], [19.789486, 41.32233], [19.789244, 41.322663], [19.789181, 41.32278], [19.78914562, 41.32296363], [19.78910315, 41.32320212], [19.78905173, 41.32333402], [19.78890594, 41.32366511], [19.78887174, 41.32374135], [19.78874855, 41.32390148], [19.78827705, 41.32450775], [19.78784104, 41.32512141], [19.78759601, 41.32549875], [19.787311, 41.32592], [19.787118, 41.326258], [19.787089, 41.326309], [19.786592, 41.327235], [19.786226, 41.327969], [19.785894, 41.328605], [19.785562, 41.329241], [19.785486, 41.329382], [19.78531, 41.329715], [19.785268, 41.329793], [19.785071, 41.330168], [19.785042, 41.330224], [19.7846795, 41.330914], [19.784317, 41.331604], [19.784213, 41.331826], [19.784129, 41.331987], [19.783853, 41.332429]]}}, {"type": "Feature", "properties": {"route_id": "46", "route_short_name": "13A", "route_long_name": "Tirana e re Orar", "route_color": "#9C27B0", "route_text_color": "#FFFFFF", "shape_id": "46_0", "direction": "0", "corridor_group": "corridor_3", "offset_meters": 0, "debug": true}, "geometry": {"type": "LineString", "coordinates": [[19.783773, 41.332574], [19.783702, 41.332703], [19.783463, 41.33318], [19.783414, 41.333293], [19.783375, 41.333382], [19.783277, 41.33366], [19.783232, 41.333892], [19.783206, 41.334091], [19.7832, 41.334408], [19.783207, 41.334621], [19.783242, 41.334819], [19.783299, 41.335077], [19.783379, 41.335293], [19.783417, 41.33539], [19.783436, 41.335437], [19.783453, 41.335479], [19.783532, 41.335647], [19.783646, 41.335837], [19.783852, 41.336125], [19.784086, 41.336413], [19.784192, 41.336546], [19.7846375, 41.337027], [19.785083, 41.337508], [19.785439, 41.337876], [19.785815, 41.338283], [19.786609, 41.339093], [19.78732, 41.33887], [19.788292, 41.338563], [19.788726, 41.338412], [19.788751, 41.338403], [19.789459, 41.338158], [19.789571, 41.338119], [19.789903, 41.338006], [19.789943, 41.337992], [19.789991, 41.337974], [19.790077, 41.337944], [19.790345, 41.337851], [19.790986, 41.337628], [19.79228, 41.337179], [19.792388, 41.337142], [19.79252, 41.337096], [19.792649, 41.337052], [19.79348, 41.336763], [19.794399, 41.336444], [19.795141, 41.336187], [19.796363, 41.335762], [19.796994, 41.335547], [19.79736, 41.335421], [19.797552, 41.335355], [19.798103, 41.335162], [19.798477, 41.335035], [19.799196, 41.334783], [19.799544, 41.334663], [19.800524, 41.334319], [19.801292, 41.334052], [19.801347, 41.334034], [19.801378, 41.334023], [19.801398, 41.334016], [19.80188, 41.333848], [19.80185, 41.333799], [19.80188, 41.333848], [19.802297, 41.333704], [19.802452, 41.33365], [19.802468, 41.333644], [19.803564, 41.333264], [19.803815, 41.333122], [19.804006, 41.332947], [19.804046, 41.332875], [19.804104, 41.332816], [19.804267, 41.332739], [19.80446, 41.332727], [19.804553, 41.332748], [19.804592, 41.332763], [19.804629, 41.332781], [19.804699, 41.332829], [19.804752, 41.332888], [19.804785, 41.332954], [19.804796, 41.333025], [19.804793, 41.333062], [19.804784, 41.333098], [19.804872, 41.333275], [19.804978, 41.33342], [19.80511, 41.333535], [19.805278, 41.333647], [19.805566, 41.333841], [19.805737, 41.333949], [19.806032, 41.334117], [19.806134, 41.334163], [19.806241, 41.334208], [19.806344, 41.334247], [19.806391, 41.334261], [19.80648, 41.334289], [19.806738, 41.334342], [19.807389, 41.33445], [19.807509, 41.334469], [19.807694, 41.3345], [19.807818, 41.33452], [19.808262, 41.334593], [19.808715, 41.334667], [19.809107, 41.334731], [19.809417, 41.334782], [19.809687, 41.334828], [19.810217, 41.334915], [19.810654, 41.334986], [19.811108, 41.335063], [19.811211, 41.33508], [19.811334, 41.335099], [19.811354, 41.335103], [19.811453, 41.335119], [19.811696, 41.335159], [19.812254, 41.335251], [19.812436, 41.335279], [19.812584, 41.335304], [19.813819, 41.335509], [19.814286, 41.335583], [19.815008, 41.335698], [19.815497, 41.335774], [19.815767, 41.335817], [19.815963, 41.335794], [19.816081, 41.335751], [19.81629, 41.335642], [19.816304, 41.335591], [19.816399, 41.335254], [19.816402, 41.335242], [19.816599, 41.334526], [19.81671, 41.33412], [19.816938, 41.333294], [19.816981, 41.333134], [19.817011, 41.333025], [19.8173, 41.331972], [19.817317, 41.331912], [19.817514, 41.331192], [19.817733, 41.330402], [19.81776, 41.330302], [19.817643, 41.330284], [19.81692, 41.330173], [19.816851, 41.330156], [19.816703, 41.330106], [19.816622, 41.330063], [19.816601, 41.33005], [19.816538, 41.330011], [19.816393, 41.329882], [19.816329, 41.3298], [19.816189, 41.329521], [19.816102, 41.32933], [19.816008, 41.329097], [19.815995, 41.32899], [19.816073, 41.328662], [19.816125, 41.328454], [19.816171, 41.328269], [19.816188, 41.328193], [19.816202, 41.328138], [19.816216, 41.328085], [19.81624, 41.327989], [19.816268, 41.327881], [19.816312, 41.327715], [19.816331, 41.327641], [19.816419, 41.327303], [19.81669, 41.326347], [19.816769, 41.326067], [19.816865, 41.325731], [19.816878, 41.325684], [19.816902, 41.325598], [19.817038, 41.325619], [19.817597, 41.325706], [19.817999, 41.325769], [19.818808, 41.325898], [19.819015, 41.325929], [19.819124, 41.325513], [19.81925, 41.325048], [19.819497, 41.324138], [19.819504, 41.324115], [19.819537, 41.323996], [19.81955, 41.323947], [19.81956, 41.323914], [19.819629, 41.323669], [19.819639, 41.323629], [19.819657, 41.323562], [19.819683, 41.323468], [19.819691, 41.323437], [19.819799, 41.323047], [19.819841, 41.322895], [19.820081, 41.322024], [19.820294, 41.321268], [19.820322, 41.321172], [19.8205425, 41.3203675], [19.820763, 41.319563], [19.819816, 41.319437], [19.818647, 41.319282], [19.818604, 41.319275], [19.818214, 41.319217], [19.818139, 41.319206], [19.817813, 41.319157], [19.817764, 41.31915], [19.816623, 41.318979], [19.816542, 41.318967], [19.816432, 41.31895], [19.816092, 41.318896], [19.815751, 41.318841], [19.815346, 41.318777], [19.815151, 41.318746], [19.815046, 41.318729], [19.814913, 41.318733], [19.81483, 41.318728], [19.814543, 41.318668], [19.814464, 41.318663], [19.814406, 41.318642], [19.81433, 41.318566], [19.81432, 41.318518], [19.81433, 41.318471], [19.814289, 41.318423], [19.814242, 41.318389], [19.814207, 41.318375], [19.814179, 41.318369], [19.813464, 41.318254], [19.812966, 41.318174], [19.812881, 41.31816], [19.812875, 41.318182], [19.812871, 41.318194], [19.812875, 41.318182], [19.812881, 41.31816], [19.812251, 41.318057], [19.811811, 41.317988], [19.810893, 41.317841], [19.810784, 41.317832], [19.81069, 41.317838], [19.810532, 41.317868], [19.810334, 41.317945], [19.810302, 41.317962], [19.809794, 41.318213], [19.80884, 41.318685], [19.808773, 41.318721], [19.808526, 41.318843], [19.808508, 41.318852], [19.808285, 41.318964], [19.80812, 41.319057], [19.807981, 41.319141], [19.807646, 41.3193], [19.806693, 41.319762], [19.806485, 41.319861], [19.806182, 41.320017], [19.806103, 41.320071], [19.805955, 41.320232], [19.805895, 41.320344], [19.805851, 41.320445], [19.805619, 41.320972], [19.805608, 41.320996], [19.805508, 41.321227], [19.805464, 41.321324], [19.805436, 41.321388], [19.805432, 41.321396], [19.805421, 41.321421], [19.805316, 41.32166], [19.805303, 41.321688], [19.805276, 41.32175], [19.805175, 41.321734], [19.805096, 41.321721], [19.804953, 41.321699], [19.804632, 41.321651], [19.804233, 41.32159], [19.80334, 41.321449], [19.802234, 41.321274], [19.802171, 41.321264], [19.801607, 41.321176], [19.80071, 41.321036], [19.799318, 41.320829], [19.79918, 41.320807], [19.799, 41.320775], [19.798807, 41.320736], [19.798674, 41.320708], [19.798609, 41.320696], [19.798402, 41.320656], [19.798091, 41.320598], [19.797723, 41.320552], [19.797472, 41.320538], [19.79711, 41.320543], [19.796896, 41.320553], [19.796573, 41.320576], [19.796196, 41.320624], [19.795911, 41.32068], [19.795587, 41.32076], [19.795187, 41.320868], [19.794756, 41.32101], [19.794297, 41.321161], [19.794162, 41.321209], [19.794071, 41.321241], [19.793095, 41.32159], [19.792991, 41.32164], [19.792782, 41.321806], [19.79275, 41.321834], [19.792656, 41.32192], [19.792519, 41.322044], [19.792212, 41.32231], [19.792126, 41.322385], [19.792039, 41.322476], [19.791994, 41.322464], [19.791527, 41.322333], [19.791449, 41.322313], [19.79129, 41.322272], [19.790615, 41.322097], [19.790584, 41.322089], [19.790499, 41.322066], [19.790485, 41.322063], [19.79047, 41.322063], [19.790137, 41.32205], [19.789995, 41.322069], [19.789882, 41.322094], [19.789686, 41.322175], [19.789537, 41.322277], [19.789486, 41.32233], [19.789244, 41.322663], [19.789181, 41.32278], [19.78914562, 41.32296363], [19.78910315, 41.32320212], [19.78905173, 41.32333402], [19.78890594, 41.32366511], [19.78887174, 41.32374135], [19.78874855, 41.32390148], [19.78827705, 41.32450775], [19.78784104, 41.32512141], [19.78759601, 41.32549875], [19.787311, 41.32592], [19.787118, 41.326258], [19.787089, 41.326309], [19.786592, 41.327235], [19.786226, 41.327969], [19.785894, 41.328605], [19.785562, 41.329241], [19.785486, 41.329382], [19.78531, 41.329715], [19.785268, 41.329793], [19.785071, 41.330168], [19.785042, 41.330224], [19.7846795, 41.330914], [19.784317, 41.331604], [19.784213, 41.331826], [19.784129, 41.331987], [19.783853, 41.332429]]}}, {"type": "Feature", "properties": {"route_id": "10", "route_short_name": "8A", "route_long_name": "Terminali Juglindor - Qend\u00ebr", "route_color": "#5E35B1", "route_text_color": "#FFFFFF", "shape_id": "10_0", "direction": "0", "corridor_group": "corridor_2", "requested_offset_meters": 12.0, "offset_meters": 2.5, "debug": false}, "geometry": {"type": "LineString", "coordinates": [[19.82140598, 41.3293934], [19.8214008, 41.32940169], [19.8210646, 41.32998103], [19.82079386, 41.33045384], [19.82066064, 41.33059348], [19.82037952, 41.33057544], [19.82003877, 41.33058839], [19.81955811, 41.33052682], [19.81904926, 41.33045883], [19.81795276, 41.3303099], [19.81776609, 41.33027996], [19.81692794, 41.33015124], [19.81677719, 41.33011162], [19.81664039, 41.33004514], [19.81648887, 41.32993927], [19.81635583, 41.32978973], [19.81613036, 41.3293229], [19.81603844, 41.32909261], [19.81602514, 41.32899092], [19.81610339, 41.32866604], [19.81621735, 41.32819719], [19.81624533, 41.32808928], [19.81629731, 41.32788533], [19.81634131, 41.32771935], [19.81636032, 41.32764531], [19.81644826, 41.32730753], [19.81660023, 41.32677265], [19.81662922, 41.32666767], [19.81679921, 41.3260727], [19.81692507, 41.32562458], [19.81733993, 41.32568905], [19.81799391, 41.32579204], [19.81900894, 41.32595105], [19.81906978, 41.32596051], [19.8188808, 41.32665995], [19.81889634, 41.32676758], [19.81908616, 41.32692867], [19.81925948, 41.32713054], [19.81939558, 41.32717993], [19.82062056, 41.32728637], [19.82188457, 41.32739737], [19.82248198, 41.32744906], [19.82275162, 41.32752476], [19.82304496, 41.32739949], [19.82353951, 41.32717925], [19.82362443, 41.32713928], [19.82376527, 41.32707748], [19.82392408, 41.32697659], [19.8242546, 41.3268368], [19.82449004, 41.32669818], [19.82463007, 41.32656853], [19.8247235, 41.32639091], [19.82503694, 41.32544558], [19.82507193, 41.32534461], [19.82518421, 41.32501078], [19.82520537, 41.32492295], [19.82515811, 41.32473186], [19.82504779, 41.32443801], [19.8248553, 41.32389943], [19.82484478, 41.32384492], [19.82483886, 41.32373535], [19.82483786, 41.32369049], [19.82482187, 41.32326277], [19.82482484, 41.3229655], [19.82486973, 41.32280936], [19.82493972, 41.3226684], [19.82534459, 41.32195863], [19.82540551, 41.32184377], [19.82573529, 41.32128716], [19.82588831, 41.32102711], [19.82621433, 41.32047009], [19.82661193, 41.31979047], [19.82681544, 41.31958697], [19.82704248, 41.31942158], [19.82744143, 41.31927049], [19.82846343, 41.3189518], [19.8290455, 41.31876984], [19.82920726, 41.31868391], [19.82935118, 41.31861939], [19.82947862, 41.31856308], [19.83036142, 41.31826982], [19.83047255, 41.3181829], [19.83048455, 41.31813818], [19.83050463, 41.31810639], [19.83057682, 41.31805404], [19.83061871, 41.31804035], [19.83071879, 41.31803765], [19.83077359, 41.31805109], [19.83113551, 41.31800778], [19.83176725, 41.31779753], [19.83223211, 41.31763689], [19.83251669, 41.31750477], [19.83265776, 41.31739768], [19.83277247, 41.31727989], [19.832845, 41.31717365], [19.83298039, 41.31693897], [19.83299943, 41.31690591], [19.83320857, 41.31653767], [19.83321549, 41.3165248], [19.83379381, 41.31554113], [19.83437281, 41.31455626], [19.83448034, 41.31432193], [19.83450092, 41.31417582], [19.83449585, 41.31406027], [19.83447692, 41.31361388], [19.83450039, 41.3134535], [19.83454689, 41.31333626], [19.83468159, 41.31313026], [19.83471929, 41.31307668], [19.83518254, 41.31243882], [19.83564587, 41.31180082], [19.83610929, 41.31116269], [19.83624829, 41.31096527], [19.83632332, 41.31081419], [19.8365606, 41.31021848], [19.83672858, 41.30979654], [19.8371394, 41.30878597], [19.83717622, 41.30870537], [19.83726134, 41.30852127], [19.83746303, 41.30824938], [19.83763891, 41.30807548], [19.83794878, 41.30782123], [19.83807018, 41.3077429], [19.8382296, 41.30766075], [19.83845682, 41.30758468], [19.83873934, 41.30754642], [19.83971666, 41.30751238], [19.83984686, 41.3074857], [19.83995969, 41.30742609], [19.84004384, 41.3073582], [19.84017256, 41.30733357], [19.84035077, 41.30734645], [19.84045247, 41.30731854], [19.84059423, 41.30725841], [19.84066088, 41.30721707], [19.84083061, 41.3071307], [19.8408952, 41.30708558], [19.84097821, 41.30702858], [19.8410485, 41.30697938], [19.84120764, 41.30686427], [19.84151024, 41.30664656], [19.84190589, 41.3063808], [19.84194608, 41.30635367], [19.84204124, 41.30628755], [19.84237021, 41.30605858], [19.84273507, 41.30580668], [19.84314024, 41.30553192], [19.84383121, 41.30519291], [19.84392578, 41.30514712], [19.84420573, 41.30501978], [19.84431437, 41.30493539], [19.84475687, 41.30430807], [19.84519739, 41.30368354], [19.84553114, 41.30320589], [19.84599836, 41.30259627], [19.84646596, 41.30198613], [19.84670909, 41.30165795], [19.84674681, 41.30160669], [19.847001, 41.30137221], [19.84715681, 41.30128067], [19.84760388, 41.30108252], [19.8484465, 41.30072526], [19.84878994, 41.30055606], [19.84909642, 41.30035846], [19.84993334, 41.29971275], [19.85012036, 41.29956873], [19.85015146, 41.29954466], [19.85039266, 41.2993555], [19.85076772, 41.29905345], [19.85086181, 41.29897879], [19.85097448, 41.29884028], [19.85115172, 41.29839516], [19.85132183, 41.29791687], [19.85149879, 41.29742597], [19.85156876, 41.29723605], [19.85173276, 41.29679505], [19.85178176, 41.29666204], [19.8519508, 41.29620494], [19.85218034, 41.29555832], [19.85240984, 41.29491183], [19.85251984, 41.29460283], [19.85270587, 41.29407875], [19.85282489, 41.29373368], [19.85288477, 41.29356102], [19.85297565, 41.29332734], [19.85318248, 41.29279678], [19.85337153, 41.29237391], [19.85379791, 41.291764], [19.85422546, 41.29115243], [19.85445591, 41.29081677], [19.85493895, 41.28999917], [19.85542161, 41.28918217], [19.85590414, 41.28836539], [19.85624067, 41.28782753], [19.85635586, 41.28757796], [19.85641865, 41.28734403], [19.85642995, 41.28722173], [19.85639854, 41.28696846], [19.85629258, 41.28661359], [19.85624892, 41.28621074], [19.85626672, 41.28598038], [19.85631166, 41.28576065], [19.85631367, 41.28574238], [19.8563561, 41.28543844], [19.85640789, 41.28535597], [19.85642743, 41.28534067], [19.85679556, 41.28505589], [19.85701295, 41.28495982], [19.85729967, 41.28489599], [19.85801244, 41.28480756], [19.85833074, 41.28475539], [19.85840972, 41.28471674], [19.85849131, 41.28454415], [19.85863945, 41.28418782], [19.85868334, 41.28408508], [19.85876952, 41.2838939], [19.85886457, 41.28375682], [19.85897405, 41.28350818], [19.85897159, 41.28346392], [19.8588696, 41.28328491], [19.8588194, 41.28324111], [19.85863013, 41.28308205], [19.85854579, 41.28302504], [19.85846366, 41.28294949], [19.85844622, 41.28293773], [19.85798396, 41.28250761], [19.85769573, 41.2822524], [19.8574137, 41.28200237], [19.85733011, 41.28192886], [19.85691917, 41.28160642], [19.85682712, 41.28156437], [19.85657627, 41.28148008], [19.85646386, 41.28145731], [19.85648238, 41.28143511], [19.85646181, 41.28133514], [19.85641925, 41.28118812], [19.85635331, 41.28102009], [19.85630975, 41.28088916], [19.85633346, 41.2807852], [19.85635579, 41.28065584], [19.85635229, 41.28053538], [19.85634949, 41.28048469], [19.85632162, 41.28042547], [19.85626141, 41.28042094], [19.85622915, 41.28041517], [19.85619802, 41.28040248], [19.85616655, 41.28038714], [19.85613939, 41.28036647], [19.85608803, 41.28035956], [19.85601536, 41.28035586], [19.85564604, 41.28033338], [19.85546012, 41.28036217], [19.85531289, 41.28041043], [19.8551372, 41.28049956], [19.85504772, 41.28059244], [19.85501123, 41.2806676], [19.85495931, 41.28077672], [19.85490253, 41.28089406], [19.85483315, 41.28104209], [19.8545838, 41.28154243], [19.85423979, 41.28227377], [19.8541825, 41.28243347], [19.85417745, 41.28250935], [19.85417937, 41.28256108], [19.85420145, 41.28264691], [19.85423844, 41.28272042], [19.8542749, 41.28279181], [19.85432825, 41.28289408], [19.85439227, 41.283006], [19.85447604, 41.28303368], [19.85456697, 41.28304735], [19.85465702, 41.2830599], [19.8547084, 41.28302298], [19.85473583, 41.28300569], [19.85476662, 41.28300066], [19.85480751, 41.28300182], [19.85485105, 41.28300991], [19.85495251, 41.28307844], [19.85504563, 41.28314684], [19.85510028, 41.28318704]]}}, {"type": "Feature", "properties": {"route_id": "10", "route_short_name": "8A", "route_long_name": "Terminali Juglindor - Qend\u00ebr", "route_color": "#5E35B1", "route_text_color": "#FFFFFF", "shape_id": "10_0", "direction": "0", "corridor_group": "corridor_2", "offset_meters": 0, "debug": true}, "geometry": {"type": "LineString", "coordinates": [[19.821433, 41.329403], [19.821428, 41.329411], [19.821092, 41.32999], [19.82082, 41.330465], [19.820675, 41.330617], [19.820379, 41.330598], [19.820037, 41.330611], [19.819553, 41.330549], [19.819044, 41.330481], [19.817947, 41.330332], [19.81776, 41.330302], [19.81692, 41.330173], [19.816764, 41.330132], [19.816622, 41.330063], [19.816466, 41.329954], [19.816329, 41.3298], [19.816102, 41.32933], [19.816009, 41.329097], [19.815995, 41.32899], [19.816074, 41.328662], [19.816188, 41.328193], [19.816216, 41.328085], [19.816268, 41.327881], [19.816312, 41.327715], [19.816331, 41.327641], [19.816419, 41.327303], [19.816571, 41.326768], [19.8166, 41.326663], [19.81677, 41.326068], [19.816902, 41.325598], [19.817346, 41.325667], [19.818, 41.32577], [19.819015, 41.325929], [19.819105, 41.325943], [19.818911, 41.326661], [19.818925, 41.326758], [19.81911, 41.326915], [19.81928, 41.327113], [19.819404, 41.327158], [19.820624, 41.327264], [19.821888, 41.327375], [19.822489, 41.327427], [19.822749, 41.3275], [19.82303, 41.32738], [19.823524, 41.32716], [19.823609, 41.32712], [19.823748, 41.327059], [19.823907, 41.326958], [19.824238, 41.326818], [19.824469, 41.326682], [19.824604, 41.326557], [19.824695, 41.326384], [19.825008, 41.32544], [19.825043, 41.325339], [19.825155, 41.325006], [19.825175, 41.324923], [19.825129, 41.324737], [19.825019, 41.324444], [19.824826, 41.323904], [19.824815, 41.323847], [19.824809, 41.323736], [19.824808, 41.323691], [19.824792, 41.323263], [19.824795, 41.322963], [19.824841, 41.322803], [19.824912, 41.32266], [19.825317, 41.32195], [19.825378, 41.321835], [19.825708, 41.321278], [19.825861, 41.321018], [19.826187, 41.320461], [19.826586, 41.319779], [19.826793, 41.319572], [19.827025, 41.319403], [19.827429, 41.31925], [19.828452, 41.318931], [19.829031, 41.31875], [19.829191, 41.318665], [19.829336, 41.3186], [19.829465, 41.318543], [19.830344, 41.318251], [19.830445, 41.318172], [19.830456, 41.318131], [19.83048, 41.318093], [19.83056, 41.318035], [19.830612, 41.318018], [19.830723, 41.318015], [19.830776, 41.318028], [19.831127, 41.317986], [19.831755, 41.317777], [19.832218, 41.317617], [19.832498, 41.317487], [19.832635, 41.317383], [19.832747, 41.317268], [19.832818, 41.317164], [19.832953, 41.31693], [19.832972, 41.316897], [19.833181, 41.316529], [19.833188, 41.316516], [19.83376651, 41.315532], [19.834345, 41.314548], [19.834451, 41.314317], [19.834471, 41.314175], [19.834466, 41.314061], [19.834447, 41.313613], [19.834471, 41.313449], [19.834519, 41.313328], [19.834655, 41.31312], [19.834693, 41.313066], [19.83515634, 41.312428], [19.83561968, 41.31179], [19.836083, 41.311152], [19.836221, 41.310956], [19.836295, 41.310807], [19.836532, 41.310212], [19.8367, 41.30979], [19.837111, 41.308779], [19.837148, 41.308698], [19.837234, 41.308512], [19.837438, 41.308237], [19.837616, 41.308061], [19.837928, 41.307805], [19.838052, 41.307725], [19.838215, 41.307641], [19.838448, 41.307563], [19.838736, 41.307524], [19.839712, 41.30749], [19.839834, 41.307465], [19.83994, 41.307409], [19.840028, 41.307338], [19.84017024, 41.30731079], [19.8403469, 41.30732355], [19.84043996, 41.30729801], [19.8405773, 41.30723976], [19.840643, 41.307199], [19.840812, 41.307113], [19.840875, 41.307069], [19.840958, 41.307012], [19.841028, 41.306963], [19.841187, 41.306848], [19.84149, 41.30663], [19.841886, 41.306364], [19.841926, 41.306337], [19.842021, 41.306271], [19.84235, 41.306042], [19.842715, 41.30579], [19.843122, 41.305514], [19.843815, 41.305174], [19.84391, 41.305128], [19.844187, 41.305002], [19.84429, 41.304922], [19.8447305, 41.3042975], [19.845171, 41.303673], [19.845505, 41.303195], [19.8459725, 41.302585], [19.84644, 41.301975], [19.846683, 41.301647], [19.846722, 41.301594], [19.84698, 41.301356], [19.84714, 41.301262], [19.847589, 41.301063], [19.848431, 41.300706], [19.848772, 41.300538], [19.849076, 41.300342], [19.849912, 41.299697], [19.850099, 41.299553], [19.85013, 41.299529], [19.850371, 41.29934], [19.850746, 41.299038], [19.850838, 41.298965], [19.850947, 41.298831], [19.851123, 41.298389], [19.851293, 41.297911], [19.85147, 41.29742], [19.85154, 41.29723], [19.851704, 41.296789], [19.851753, 41.296656], [19.851922, 41.296199], [19.8521515, 41.2955525], [19.852381, 41.294906], [19.852491, 41.294597], [19.852677, 41.294073], [19.852796, 41.293728], [19.852856, 41.293555], [19.852947, 41.293321], [19.853154, 41.29279], [19.853344, 41.292365], [19.8537715, 41.2917535], [19.854199, 41.291142], [19.854429, 41.290807], [19.85491168, 41.28999], [19.85539435, 41.289173], [19.855877, 41.288356], [19.856213, 41.287819], [19.856327, 41.287572], [19.856389, 41.287341], [19.8564, 41.287222], [19.856369, 41.286972], [19.856263, 41.286617], [19.856219, 41.286211], [19.856237, 41.285978], [19.856282, 41.285758], [19.85628394, 41.28574027], [19.85632694, 41.28543227], [19.856383, 41.285343], [19.856406, 41.285325], [19.856777, 41.285038], [19.857001, 41.284939], [19.857293, 41.284874], [19.85800684, 41.28478543], [19.85831907, 41.28473426], [19.858385, 41.284702], [19.858463, 41.284537], [19.858611, 41.284181], [19.858655, 41.284078], [19.858742, 41.283885], [19.858837, 41.283748], [19.858944, 41.283505], [19.858942, 41.283469], [19.858844, 41.283297], [19.858797, 41.283256], [19.858609, 41.283098], [19.85852416, 41.28304066], [19.85844205, 41.28296512], [19.85842454, 41.28295332], [19.857961, 41.282522], [19.857673, 41.282267], [19.857391, 41.282017], [19.857308, 41.281944], [19.85690037, 41.28162415], [19.85681326, 41.28158436], [19.85656626, 41.28150136], [19.85641706, 41.28147114], [19.85645117, 41.28143024], [19.85643246, 41.28133928], [19.85639032, 41.28119372], [19.85632451, 41.28102603], [19.85627926, 41.28089003], [19.85630394, 41.28078184], [19.85632589, 41.28065463], [19.85632245, 41.2805361], [19.85631986, 41.28048902], [19.85629983, 41.28044646], [19.85625646, 41.2804432], [19.85621843, 41.28043639], [19.85618281, 41.28042187], [19.85614764, 41.28040473], [19.85612484, 41.28038739], [19.85608439, 41.28038195], [19.85601315, 41.28037832], [19.85564788, 41.28035608], [19.85546917, 41.28038376], [19.85532729, 41.28043027], [19.85515824, 41.28051602], [19.85507431, 41.28060313], [19.8550393, 41.28067527], [19.85498737, 41.28078439], [19.85493062, 41.28090167], [19.85486119, 41.28104981], [19.85461184, 41.28155016], [19.8542683, 41.28228049], [19.85421216, 41.28243701], [19.85420733, 41.2825096], [19.85420914, 41.2825586], [19.85423027, 41.28264072], [19.85426632, 41.28271238], [19.85430272, 41.28278364], [19.85435585, 41.28288549], [19.85441502, 41.28298894], [19.85448505, 41.28301207], [19.8545726, 41.28302523], [19.85464746, 41.28303567], [19.85468852, 41.28300618], [19.85472233, 41.28298485], [19.85476399, 41.28297805], [19.85481168, 41.28297941], [19.85486542, 41.28298939], [19.85497288, 41.28306198], [19.85506647, 41.28313072], [19.85512112, 41.28317092]]}}, {"type": "Feature", "properties": {"route_id": "10", "route_short_name": "8A", "route_long_name": "Terminali Juglindor - Qend\u00ebr", "route_color": "#5E35B1", "route_text_color": "#FFFFFF", "shape_id": "10_1", "direction": "1", "corridor_group": "corridor_2", "requested_offset_meters": 12.0, "offset_meters": 0.75, "debug": false}, "geometry": {"type": "LineString", "coordinates": [[19.85511487, 41.28317575], [19.85514606, 41.2831987], [19.85524212, 41.28326453], [19.85542674, 41.28339555], [19.85557034, 41.2835019], [19.85558467, 41.28354669], [19.85558907, 41.28358843], [19.85558091, 41.28359302], [19.85555667, 41.28359444], [19.85550751, 41.28359444], [19.85547634, 41.28361992], [19.85546168, 41.28364563], [19.85545046, 41.28365678], [19.85542934, 41.28364223], [19.85540319, 41.28361588], [19.8553644, 41.28357945], [19.85530677, 41.28352739], [19.85515982, 41.28345324], [19.85511307, 41.28342642], [19.85499894, 41.28337347], [19.85486758, 41.28330396], [19.85481276, 41.28327431], [19.85474917, 41.28323825], [19.85465822, 41.283176], [19.85463746, 41.28315311], [19.85462211, 41.28311763], [19.85462494, 41.28308783], [19.85463927, 41.28304744], [19.85456564, 41.28303658], [19.85450185, 41.28302279], [19.85444236, 41.28301172], [19.8543989, 41.28298839], [19.85436581, 41.2829439], [19.85421477, 41.28263571], [19.85419425, 41.28255704], [19.85419454, 41.28244595], [19.85421896, 41.28236538], [19.85428758, 41.28221701], [19.85436248, 41.28206882], [19.85446572, 41.28183153], [19.85453756, 41.2816884], [19.85459071, 41.2815679], [19.85466071, 41.28142278], [19.85500176, 41.28070584], [19.85506704, 41.28058793], [19.85514581, 41.28050959], [19.85528193, 41.28043736], [19.855399, 41.28038866], [19.85553979, 41.28035683], [19.85566926, 41.28034607], [19.85584584, 41.28035329], [19.85601645, 41.28036575], [19.85611738, 41.28037423], [19.8561223, 41.28032513], [19.85612821, 41.28027848], [19.85615199, 41.28023228], [19.85619089, 41.28019672], [19.85624082, 41.28016749], [19.85634521, 41.28014134], [19.8564465, 41.28016433], [19.85652789, 41.28021652], [19.85653897, 41.28028348], [19.85652394, 41.28032622], [19.8564559, 41.28040515], [19.85634805, 41.28045656], [19.85631637, 41.28081687], [19.85630413, 41.28089187], [19.85634673, 41.28102324], [19.85642882, 41.28121533], [19.85647271, 41.28145856], [19.85668729, 41.28150836], [19.85682534, 41.28155921], [19.85696009, 41.28163533], [19.85706679, 41.28172591], [19.85717241, 41.28180709], [19.85755991, 41.28214474], [19.85803085, 41.28256586], [19.85832102, 41.28282422], [19.85846906, 41.28296476], [19.85863758, 41.2831016], [19.85879338, 41.28324318], [19.85884741, 41.2832861], [19.85898745, 41.28335606], [19.85914055, 41.28337946], [19.85921568, 41.2834326], [19.85921027, 41.28349167], [19.85918115, 41.28353672], [19.85882996, 41.28374357], [19.85873374, 41.28388233], [19.8586465, 41.28407586], [19.85837748, 41.28469762], [19.85831551, 41.28472766], [19.85800516, 41.28477879], [19.857291, 41.2848674], [19.85699742, 41.28493275], [19.85677143, 41.28503263], [19.85639957, 41.2853203], [19.85637563, 41.28533904], [19.85632028, 41.28542103], [19.85628166, 41.28568266], [19.8562731, 41.28575719], [19.85622808, 41.28597729], [19.85621002, 41.28621108], [19.85625413, 41.28661802], [19.85636014, 41.28697306], [19.85639102, 41.28722208], [19.85638011, 41.28734009], [19.85631834, 41.28757021], [19.8562047, 41.28781644], [19.85586886, 41.28835318], [19.85538616, 41.28917025], [19.8549035, 41.28998725], [19.85442093, 41.29080407], [19.85419106, 41.29113887], [19.85376358, 41.29175035], [19.85333574, 41.29236233], [19.85314546, 41.29278797], [19.85293841, 41.2933191], [19.85284737, 41.2935532], [19.85276833, 41.2937813], [19.85266834, 41.29407128], [19.85248235, 41.29459525], [19.85237235, 41.29490425], [19.85214285, 41.29555075], [19.85191336, 41.29619722], [19.85174437, 41.29665419], [19.85169537, 41.29678718], [19.85153137, 41.29722818], [19.85146136, 41.29741821], [19.85128435, 41.29790924], [19.85111438, 41.29838715], [19.85093876, 41.29882822], [19.85083084, 41.29896088], [19.85070847, 41.29905938], [19.85036451, 41.29933535], [19.85012356, 41.2995243], [19.85009259, 41.29954828], [19.8499056, 41.29969228], [19.84906987, 41.30033706], [19.84876662, 41.30053258], [19.84842635, 41.30070022], [19.8477326, 41.30099411], [19.84758453, 41.30105715], [19.84713496, 41.3012564], [19.8469737, 41.30135114], [19.84671456, 41.30159019], [19.84643221, 41.30197166], [19.84596475, 41.30258162], [19.84549716, 41.30319173], [19.84516308, 41.30366984], [19.8447226, 41.30429433], [19.84428269, 41.30491798], [19.84418138, 41.30499667], [19.84390524, 41.30512227], [19.84315213, 41.30549133], [19.84311654, 41.30550861], [19.84270898, 41.305785], [19.84234394, 41.30603703], [19.84201493, 41.30626603], [19.84191998, 41.306332], [19.84188003, 41.30635896], [19.84148392, 41.30662503], [19.84102186, 41.30695808], [19.84095194, 41.30700703], [19.84086894, 41.30706402], [19.84080551, 41.30710833], [19.84068123, 41.30721958], [19.84041793, 41.30744237], [19.84042427, 41.30745758], [19.84043295, 41.30749617], [19.84042327, 41.30755816], [19.84038961, 41.30761393], [19.84029758, 41.3076769], [19.84017884, 41.30770104], [19.84005814, 41.30767979], [19.83996198, 41.30761833], [19.8398515, 41.30757639], [19.83971516, 41.30756723], [19.83951352, 41.30757525], [19.83865469, 41.30761129], [19.83846108, 41.30764658], [19.83826872, 41.30771205], [19.83809553, 41.30779562], [19.83800871, 41.30785518], [19.83770216, 41.30810163], [19.83753951, 41.30826226], [19.83733086, 41.30853912], [19.83722951, 41.30874183], [19.83699742, 41.30932305], [19.83676542, 41.30990405], [19.83665141, 41.31019007], [19.83663541, 41.31023107], [19.83639353, 41.31083779], [19.83625391, 41.31110506], [19.83616024, 41.31122762], [19.83593117, 41.31152572], [19.83565109, 41.31192283], [19.83540114, 41.31227875], [19.83476011, 41.31313079], [19.83472381, 41.31318423], [19.83459532, 41.31343419], [19.83455902, 41.3135925], [19.83457703, 41.31419273], [19.83455617, 41.31434372], [19.83451354, 41.31445772], [19.8344348, 41.31459328], [19.83405431, 41.31524327], [19.83367379, 41.31589329], [19.83349779, 41.31619929], [19.83293682, 41.31715424], [19.83288809, 41.31723579], [19.83274902, 41.31740168], [19.83250954, 41.31757359], [19.8322738, 41.31768002], [19.83161519, 41.31790989], [19.83154028, 41.31793685], [19.8310103, 41.31811118], [19.83090035, 41.3181786], [19.8308972, 41.31821107], [19.83082636, 41.31831005], [19.83073954, 41.31834631], [19.83063281, 41.31834919], [19.83053196, 41.31831424], [19.83039304, 41.31831424], [19.82932069, 41.31868506], [19.82905388, 41.31881397], [19.82893566, 41.31884973], [19.82867264, 41.31892974], [19.82819064, 41.31907674], [19.82745645, 41.3193008], [19.82720076, 41.31938903], [19.82706434, 41.3194527], [19.82684723, 41.31962156], [19.82665032, 41.31981244], [19.82623485, 41.3204752], [19.82591179, 41.32103029], [19.82572382, 41.32135325], [19.82570281, 41.32138826], [19.8254348, 41.32185328], [19.82537273, 41.32195839], [19.8253227, 41.32205446], [19.82497662, 41.3226756], [19.82487007, 41.3229108], [19.82485903, 41.32326615], [19.82490009, 41.32371981], [19.82492119, 41.32381126], [19.82493727, 41.32387054], [19.82501133, 41.32408072], [19.82507832, 41.32427469], [19.8251783, 41.32456862], [19.82523526, 41.32475049], [19.82527696, 41.32489544], [19.82526612, 41.32499096], [19.82524327, 41.32506648], [19.82514027, 41.32539847], [19.8251033, 41.32551839], [19.8248993, 41.32611539], [19.82480735, 41.32641122], [19.82475869, 41.32652841], [19.8246787, 41.32664395], [19.82448123, 41.3267918], [19.82430831, 41.32688323], [19.823963, 41.32702155], [19.82374482, 41.32705258], [19.82360437, 41.32711421], [19.82351935, 41.32715423], [19.82302551, 41.32737415], [19.82274418, 41.32749429], [19.82261631, 41.32756276], [19.82251971, 41.32763119], [19.82245603, 41.32768072], [19.82232315, 41.32782769], [19.82206676, 41.32825834], [19.82188074, 41.32860039], [19.82142477, 41.32940033]]}}, {"type": "Feature", "properties": {"route_id": "10", "route_short_name": "8A", "route_long_name": "Terminali Juglindor - Qend\u00ebr", "route_color": "#5E35B1", "route_text_color": "#FFFFFF", "shape_id": "10_1", "direction": "1", "corridor_group": "corridor_2", "offset_meters": 0, "debug": true}, "geometry": {"type": "LineString", "coordinates": [[19.85512112, 41.28317092], [19.8551522, 41.28319378], [19.8552482, 41.28325957], [19.85543294, 41.28339068], [19.85557845, 41.28349844], [19.85559354, 41.28354562], [19.85559839, 41.28359161], [19.85558418, 41.28359961], [19.85555702, 41.2836012], [19.85551143, 41.2836012], [19.85548396, 41.28362365], [19.85546947, 41.28364906], [19.85545166, 41.28366675], [19.85542268, 41.28364679], [19.85539611, 41.28362002], [19.85535747, 41.28358373], [19.85530072, 41.28353246], [19.85515461, 41.28345874], [19.855108, 41.28343199], [19.85499402, 41.28337911], [19.8548624, 41.28330947], [19.85480746, 41.28327975], [19.85474346, 41.28324346], [19.85465143, 41.28318047], [19.85462935, 41.28315612], [19.85461305, 41.28311847], [19.85461607, 41.28308671], [19.85462814, 41.28305268], [19.85456354, 41.28304315], [19.85449954, 41.28302932], [19.85443856, 41.28301797], [19.85439207, 41.28299302], [19.85435766, 41.28294674], [19.85420612, 41.28263755], [19.85418529, 41.2825577], [19.85418559, 41.28244518], [19.85421034, 41.28236351], [19.85427917, 41.2822147], [19.85435404, 41.28206656], [19.85445728, 41.28182928], [19.85452913, 41.28168613], [19.85458226, 41.28156568], [19.85465229, 41.28142049], [19.85499341, 41.2807034], [19.85505922, 41.28058453], [19.85513952, 41.28050467], [19.85527718, 41.28043163], [19.85539551, 41.2803824], [19.855538, 41.28035018], [19.85566901, 41.2803393], [19.85584651, 41.28034656], [19.85601738, 41.28035903], [19.85610915, 41.28036675], [19.85611337, 41.28032455], [19.85611941, 41.28027691], [19.85614416, 41.28022882], [19.85618462, 41.28019184], [19.85623654, 41.28016144], [19.85634507, 41.28013426], [19.85645087, 41.28015826], [19.85653634, 41.28021308], [19.85654808, 41.28028394], [19.85653223, 41.28032899], [19.85646234, 41.28041008], [19.85635669, 41.28046044], [19.85632529, 41.28081751], [19.85631322, 41.28089146], [19.85635536, 41.2810214], [19.85643759, 41.28121383], [19.85648081, 41.28145337], [19.85669059, 41.28150206], [19.85683003, 41.28155343], [19.85696618, 41.28163033], [19.85707334, 41.2817213], [19.857179, 41.28180251], [19.85756672, 41.28214035], [19.85803769, 41.2825615], [19.85832794, 41.28281993], [19.85847586, 41.28296035], [19.85864431, 41.28309714], [19.85880007, 41.2832387], [19.8588532, 41.28328089], [19.85899094, 41.2833497], [19.85914482, 41.28337322], [19.85922491, 41.28342986], [19.85921908, 41.28349344], [19.85918829, 41.28354108], [19.858837, 41.283748], [19.858742, 41.283885], [19.858655, 41.284078], [19.858385, 41.284702], [19.858319, 41.284734], [19.85800684, 41.28478543], [19.857293, 41.284874], [19.857001, 41.284939], [19.856777, 41.285038], [19.856406, 41.285325], [19.856383, 41.285343], [19.856329, 41.285423], [19.85629057, 41.28568333], [19.856282, 41.285758], [19.856237, 41.285978], [19.856219, 41.286211], [19.856263, 41.286617], [19.856369, 41.286972], [19.8564, 41.287222], [19.856389, 41.287341], [19.856327, 41.287572], [19.856213, 41.287819], [19.855877, 41.288356], [19.85539435, 41.289173], [19.85491168, 41.28999], [19.854429, 41.290807], [19.854199, 41.291142], [19.8537715, 41.2917535], [19.853344, 41.292365], [19.853154, 41.29279], [19.852947, 41.293321], [19.852856, 41.293555], [19.852777, 41.293783], [19.852677, 41.294073], [19.852491, 41.294597], [19.852381, 41.294906], [19.8521515, 41.2955525], [19.851922, 41.296199], [19.851753, 41.296656], [19.851704, 41.296789], [19.85154, 41.29723], [19.85147, 41.29742], [19.851293, 41.297911], [19.851123, 41.298389], [19.850947, 41.298831], [19.850838, 41.298965], [19.850715, 41.299064], [19.850371, 41.29934], [19.85013, 41.299529], [19.850099, 41.299553], [19.849912, 41.299697], [19.849076, 41.300342], [19.848772, 41.300538], [19.848431, 41.300706], [19.847737, 41.301], [19.847589, 41.301063], [19.84714, 41.301262], [19.84698, 41.301356], [19.846722, 41.301594], [19.84644, 41.301975], [19.8459725, 41.302585], [19.845505, 41.303195], [19.845171, 41.303673], [19.8447305, 41.3042975], [19.84429, 41.304922], [19.844187, 41.305002], [19.84391, 41.305128], [19.843157, 41.305497], [19.843122, 41.305514], [19.842715, 41.30579], [19.84235, 41.306042], [19.842021, 41.306271], [19.841926, 41.306337], [19.841886, 41.306364], [19.84149, 41.30663], [19.841028, 41.306963], [19.840958, 41.307012], [19.840875, 41.307069], [19.840812, 41.307113], [19.840688, 41.307224], [19.840428, 41.307444], [19.840433, 41.307456], [19.840442, 41.307496], [19.840432, 41.30756], [19.840397, 41.307618], [19.840302, 41.307683], [19.840179, 41.307708], [19.840054, 41.307686], [19.839957, 41.307624], [19.839849, 41.307583], [19.839715, 41.307574], [19.839514, 41.307582], [19.838656, 41.307618], [19.838464, 41.307653], [19.838273, 41.307718], [19.838101, 41.307801], [19.838015, 41.30786], [19.837709, 41.308106], [19.837547, 41.308266], [19.837339, 41.308542], [19.837238, 41.308744], [19.837006, 41.309325], [19.836774, 41.309906], [19.83666, 41.310192], [19.836644, 41.310233], [19.836402, 41.31084], [19.836262, 41.311108], [19.836168, 41.311231], [19.835939, 41.311529], [19.835659, 41.311926], [19.835409, 41.312282], [19.834768, 41.313134], [19.834732, 41.313187], [19.834604, 41.313436], [19.834568, 41.313593], [19.834586, 41.314193], [19.834565, 41.314345], [19.834522, 41.31446], [19.834443, 41.314596], [19.8340625, 41.315246], [19.833682, 41.315896], [19.833506, 41.316202], [19.832945, 41.317157], [19.832896, 41.317239], [19.832756, 41.317406], [19.832515, 41.317579], [19.832278, 41.317686], [19.831619, 41.317916], [19.831544, 41.317943], [19.831015, 41.318117], [19.830909, 41.318182], [19.830906, 41.318213], [19.830833, 41.318315], [19.830742, 41.318353], [19.830631, 41.318356], [19.83053, 41.318321], [19.830395, 41.318321], [19.829325, 41.318691], [19.829058, 41.31882], [19.828939, 41.318856], [19.828676, 41.318936], [19.828194, 41.319083], [19.82746, 41.319307], [19.827205, 41.319395], [19.82707, 41.319458], [19.826854, 41.319626], [19.826658, 41.319816], [19.826243, 41.320478], [19.82592, 41.321033], [19.825732, 41.321356], [19.825711, 41.321391], [19.825443, 41.321856], [19.825381, 41.321961], [19.825331, 41.322057], [19.824985, 41.322678], [19.824879, 41.322912], [19.824868, 41.323266], [19.824909, 41.323719], [19.82493, 41.32381], [19.824946, 41.323869], [19.82502, 41.324079], [19.825087, 41.324273], [19.825187, 41.324567], [19.825244, 41.324749], [19.825286, 41.324895], [19.825275, 41.324992], [19.825252, 41.325068], [19.825149, 41.3254], [19.825112, 41.32552], [19.824908, 41.326117], [19.824816, 41.326413], [19.824767, 41.326531], [19.824686, 41.326648], [19.824487, 41.326797], [19.824313, 41.326889], [19.823966, 41.327028], [19.823748, 41.327059], [19.823609, 41.32712], [19.823524, 41.32716], [19.82303, 41.32738], [19.822749, 41.3275], [19.822622, 41.327568], [19.822526, 41.327636], [19.822463, 41.327685], [19.822331, 41.327831], [19.822075, 41.328261], [19.821889, 41.328603], [19.821433, 41.329403]]}}, {"type": "Feature", "properties": {"route_id": "22", "route_short_name": "15A", "route_long_name": "Kombinat \u2013 Kinostudio", "route_color": "#FF5722", "route_text_color": "#FFFFFF", "shape_id": "22_0", "direction": "0", "corridor_group": "corridor_1", "requested_offset_meters": -2.2222222222222223, "offset_meters": -2.2222222222222223, "debug": false}, "geometry": {"type": "LineString", "coordinates": [[19.76802151, 41.31429635], [19.76828954, 41.31440436], [19.76868457, 41.31456437], [19.76928857, 41.31480937], [19.76970853, 41.31497935], [19.77017353, 41.31516635], [19.77078856, 41.31541537], [19.77172655, 41.31579536], [19.77245878, 41.31609124], [19.77257956, 41.3161152], [19.77269294, 41.31615912], [19.77334813, 41.31640282], [19.77453542, 41.31678859], [19.77480834, 41.31687557], [19.77487744, 41.3168976], [19.77506438, 41.31695858], [19.7752934, 41.31703058], [19.77584962, 41.31721266], [19.77629367, 41.31735967], [19.77643535, 41.31740657], [19.77722804, 41.31765047], [19.77760414, 41.3177665], [19.7782932, 41.31798352], [19.77846912, 41.3180385], [19.77914707, 41.31824798], [19.77982502, 41.31845747], [19.78060723, 41.31869653], [19.78140941, 41.31895659], [19.78140941, 41.31895759], [19.78154727, 41.31900154], [19.78196505, 41.31913247], [19.78236407, 41.31925348], [19.78320873, 41.31951954], [19.7840535, 41.31978562], [19.78434066, 41.31988167], [19.78443872, 41.31991369], [19.78478972, 41.32003269], [19.78557076, 41.3202877], [19.78612596, 41.32047777], [19.78654484, 41.32062073], [19.78659588, 41.32063774], [19.78737704, 41.3209068], [19.78763165, 41.32099466], [19.78787246, 41.3210706], [19.78850694, 41.32128043], [19.78881174, 41.32136526], [19.78934573, 41.32139673], [19.78936871, 41.32139099], [19.78955527, 41.32139099], [19.78971604, 41.3214628], [19.78977364, 41.3215204], [19.78979036, 41.32154546], [19.79015458, 41.32178304], [19.79042048, 41.3218766], [19.79086453, 41.32200832], [19.79150312, 41.3221892], [19.79160005, 41.32221518], [19.79207766, 41.32234835], [19.79213584, 41.32236641], [19.79273941, 41.32254228], [19.79350729, 41.32275725], [19.7939023, 41.32286925], [19.79458327, 41.32306025], [19.79545329, 41.32330525], [19.79554929, 41.32333225], [19.79603129, 41.32346825], [19.79612729, 41.32349525], [19.79702129, 41.32374725], [19.79744839, 41.32386728], [19.79824851, 41.32409831], [19.79879762, 41.32425735], [19.79947573, 41.32445838], [19.80033289, 41.32471342], [19.80155302, 41.32508847], [19.80277299, 41.32546346], [19.80319605, 41.32559248], [19.80344322, 41.32566953], [19.80354727, 41.32570254], [19.80381719, 41.32578752], [19.80426016, 41.32592551], [19.80467517, 41.32605551], [19.80528991, 41.32624743], [19.80535786, 41.32626741], [19.80543927, 41.32629254], [19.80547323, 41.32630353], [19.80632206, 41.32656348], [19.80688511, 41.32673849], [19.80770415, 41.3269925], [19.80777115, 41.32701351], [19.8078, 41.32702246], [19.80784307, 41.32703548], [19.80790012, 41.3270535], [19.80812904, 41.32712347], [19.80846408, 41.32722748], [19.80898303, 41.32738747], [19.80922114, 41.3274605], [19.80963234, 41.32759056], [19.80963434, 41.32759056], [19.8097152, 41.32761652], [19.81017202, 41.32775646], [19.81110393, 41.32804344], [19.81142606, 41.32814018], [19.81152076, 41.32816361], [19.81197011, 41.32823106], [19.8122828, 41.32823997], [19.81238253, 41.32823602], [19.81290345, 41.32821302], [19.81356627, 41.32818403], [19.81365723, 41.32817903], [19.81400744, 41.32816302], [19.81523444, 41.32811002], [19.81558739, 41.32809402], [19.81619369, 41.32806598], [19.81625795, 41.32780611], [19.81630498, 41.32763702], [19.81639299, 41.32729898], [19.81654502, 41.32676386], [19.81657402, 41.32665885], [19.81674403, 41.32606382], [19.81688149, 41.32557438], [19.81735139, 41.3256474], [19.81818591, 41.32577841], [19.81902039, 41.3259094], [19.8191363, 41.32592743], [19.81893784, 41.32666194], [19.81895048, 41.32674948], [19.81913119, 41.32690285], [19.81929824, 41.32709741], [19.81941149, 41.3271385], [19.82062706, 41.32724412], [19.82189105, 41.32735512], [19.82249524, 41.32740739], [19.82280165, 41.32749479], [19.82263886, 41.32758352], [19.82254463, 41.32765027], [19.82248366, 41.32769769], [19.82235426, 41.32784081], [19.8220994, 41.3282689], [19.82191348, 41.32861075], [19.82148338, 41.32936493], [19.82145235, 41.32941898], [19.82111635, 41.32999798], [19.82084324, 41.33047492], [19.8207076, 41.33061711], [19.82079934, 41.33071508], [19.82105782, 41.33096558], [19.82116665, 41.33106741], [19.82143074, 41.3313125], [19.82166814, 41.33153989], [19.8218544, 41.33173115], [19.82193474, 41.3318135], [19.82218861, 41.33209948], [19.8224154, 41.33240052], [19.82265111, 41.33275058], [19.8228955, 41.33318828], [19.82304052, 41.33345131], [19.82344844, 41.33419017], [19.82350544, 41.33428917], [19.82359457, 41.3344504], [19.82365356, 41.33456039], [19.82417758, 41.33550542], [19.82461859, 41.33633644], [19.82480227, 41.33666887], [19.82501389, 41.33700625], [19.82512739, 41.3371775], [19.82550879, 41.33767372], [19.82583745, 41.33807431], [19.82588516, 41.33812997], [19.82594255, 41.33819406], [19.8261542, 41.33831513], [19.82623592, 41.33830133], [19.82619644, 41.3383394], [19.82656316, 41.33855112], [19.82706135, 41.33883923], [19.82710627, 41.33886618], [19.82756284, 41.33912593], [19.82817082, 41.33946092], [19.82840908, 41.33959607], [19.82896806, 41.3399199], [19.82913055, 41.33997971], [19.82923231, 41.34003365], [19.82957693, 41.34021745], [19.82976556, 41.34031026], [19.8305605, 41.34070423], [19.83123063, 41.34103029], [19.83189385, 41.34136741], [19.83255687, 41.34170442], [19.83304884, 41.3419554], [19.83322477, 41.34204436], [19.83341792, 41.34214144], [19.83383106, 41.34235652], [19.83388886, 41.34238641], [19.83393675, 41.34241036], [19.83438886, 41.34263941], [19.83456916, 41.34273156], [19.83515537, 41.34304621], [19.83533668, 41.34316306], [19.83564406, 41.34337833], [19.83632907, 41.34385633], [19.83648006, 41.34396233], [19.83730004, 41.34453331], [19.83763805, 41.34476932], [19.83782707, 41.34490133], [19.83805803, 41.34506331], [19.83825958, 41.34520291], [19.83840728, 41.34524991], [19.83843414, 41.34525471], [19.83922263, 41.34544595], [19.84001016, 41.34563695], [19.84061317, 41.34578396], [19.84096319, 41.3458692], [19.84114636, 41.34592651], [19.84125441, 41.34598854], [19.84155341, 41.34608322], [19.84225385, 41.34642216], [19.84295237, 41.34676017], [19.84309222, 41.34682809], [19.84345231, 41.3469972], [19.84376856, 41.34709899], [19.84405567, 41.34715443], [19.84409941, 41.3471604], [19.84443295, 41.34721949], [19.84462628, 41.34725221], [19.84485458, 41.34726985], [19.84508593, 41.34724642], [19.84536146, 41.3471763], [19.8458635, 41.34701262], [19.84611721, 41.34693071], [19.84632982, 41.34685684], [19.84638388, 41.34683782], [19.84675976, 41.34670887], [19.84702261, 41.34661392], [19.8472628, 41.34652885], [19.84763482, 41.34639985], [19.84817882, 41.34620785], [19.84882494, 41.3459838], [19.849751, 41.34566578], [19.85038691, 41.34544781], [19.85051617, 41.34540257], [19.850547, 41.34540992], [19.85054654, 41.3454098]]}}, {"type": "Feature", "properties": {"route_id": "22", "route_short_name": "15A", "route_long_name": "Kombinat \u2013 Kinostudio", "route_color": "#FF5722", "route_text_color": "#FFFFFF", "shape_id": "22_0", "direction": "0", "corridor_group": "corridor_1", "offset_meters": 0, "debug": true}, "geometry": {"type": "LineString", "coordinates": [[19.768009, 41.314314], [19.768277, 41.314422], [19.768672, 41.314582], [19.769276, 41.314827], [19.769696, 41.314997], [19.770161, 41.315184], [19.770776, 41.315433], [19.771714, 41.315813], [19.772449, 41.31611], [19.77257, 41.316134], [19.772681, 41.316177], [19.773337, 41.316421], [19.774525, 41.316807], [19.774798, 41.316894], [19.774867, 41.316916], [19.775054, 41.316977], [19.775283, 41.317049], [19.775839, 41.317231], [19.776283, 41.317378], [19.776425, 41.317425], [19.777218, 41.317669], [19.777594, 41.317785], [19.778283, 41.318002], [19.778459, 41.318057], [19.779137, 41.3182665], [19.779815, 41.318476], [19.780597, 41.318715], [19.781399, 41.318975], [19.781399, 41.318976], [19.781537, 41.31902], [19.781955, 41.319151], [19.782354, 41.319272], [19.7831985, 41.319538], [19.784043, 41.319804], [19.78433, 41.3199], [19.784428, 41.319932], [19.784779, 41.320051], [19.78556, 41.320306], [19.786115, 41.320496], [19.786534, 41.320639], [19.786585, 41.320656], [19.787366, 41.320925], [19.787621, 41.321013], [19.787862, 41.321089], [19.788497, 41.321299], [19.788806, 41.321385], [19.789349, 41.321417], [19.789373, 41.321411], [19.789548, 41.321411], [19.789698, 41.321478], [19.789751, 41.321531], [19.789769, 41.321558], [19.79014, 41.3218], [19.79041, 41.321895], [19.790855, 41.322027], [19.791494, 41.322208], [19.791591, 41.322234], [19.792068, 41.322367], [19.792126, 41.322385], [19.79273, 41.322561], [19.793498, 41.322776], [19.793893, 41.322888], [19.794574, 41.323079], [19.795444, 41.323324], [19.79554, 41.323351], [19.796022, 41.323487], [19.796118, 41.323514], [19.797012, 41.323766], [19.797439, 41.323886], [19.798239, 41.324117], [19.798788, 41.324276], [19.799466, 41.324477], [19.800323, 41.324732], [19.80154299, 41.32510701], [19.802763, 41.325482], [19.803186, 41.325611], [19.803433, 41.325688], [19.803537, 41.325721], [19.803807, 41.325806], [19.80425, 41.325944], [19.804665, 41.326074], [19.80528, 41.326266], [19.805348, 41.326286], [19.805429, 41.326311], [19.805463, 41.326322], [19.806312, 41.326582], [19.806875, 41.326757], [19.807694, 41.327011], [19.807761, 41.327032], [19.80779, 41.327041], [19.807833, 41.327054], [19.80789, 41.327072], [19.808119, 41.327142], [19.808454, 41.327246], [19.808973, 41.327406], [19.809211, 41.327479], [19.809622, 41.327609], [19.809624, 41.327609], [19.809705, 41.327635], [19.810162, 41.327775], [19.811094, 41.328062], [19.811417, 41.328159], [19.811514, 41.328183], [19.811967, 41.328251], [19.812283, 41.32826], [19.812384, 41.328256], [19.812905, 41.328233], [19.813568, 41.328204], [19.813659, 41.328199], [19.814009, 41.328183], [19.815236, 41.32813], [19.815589, 41.328114], [19.816216, 41.328085], [19.816284, 41.32781], [19.816331, 41.327641], [19.816419, 41.327303], [19.816571, 41.326768], [19.8166, 41.326663], [19.81677, 41.326068], [19.816902, 41.325598], [19.817346, 41.325667], [19.8181805, 41.325798], [19.819015, 41.325929], [19.819105, 41.325943], [19.818911, 41.326661], [19.818925, 41.326758], [19.81911, 41.326915], [19.81928, 41.327113], [19.819404, 41.327158], [19.820624, 41.327264], [19.821888, 41.327375], [19.822489, 41.327427], [19.822749, 41.3275], [19.822622, 41.327568], [19.822526, 41.327636], [19.822463, 41.327685], [19.822331, 41.327831], [19.822075, 41.328261], [19.821889, 41.328603], [19.821459, 41.329357], [19.821428, 41.329411], [19.821092, 41.32999], [19.82082, 41.330465], [19.820675, 41.330617], [19.820778, 41.330727], [19.821037, 41.330978], [19.821146, 41.33108], [19.82141, 41.331325], [19.821647, 41.331552], [19.821833, 41.331743], [19.821913, 41.331825], [19.822166, 41.33211], [19.822392, 41.33241], [19.822627, 41.332759], [19.822871, 41.333196], [19.823016, 41.333459], [19.823424, 41.334198], [19.823481, 41.334297], [19.82357, 41.334458], [19.823629, 41.334568], [19.824153, 41.335513], [19.824594, 41.336344], [19.824778, 41.336677], [19.82499, 41.337015], [19.825104, 41.337187], [19.825486, 41.337684], [19.825815, 41.338085], [19.825863, 41.338141], [19.825923, 41.338208], [19.826159, 41.338343], [19.826215, 41.338289], [19.826159, 41.338343], [19.826547, 41.338567], [19.827045, 41.338855], [19.82709, 41.338882], [19.827547, 41.339142], [19.828155, 41.339477], [19.828393, 41.339612], [19.828954, 41.339937], [19.829117, 41.339997], [19.829217, 41.34005], [19.829562, 41.340234], [19.829751, 41.340327], [19.830546, 41.340721], [19.831216, 41.341047], [19.831879, 41.341384], [19.832542, 41.341721], [19.833034, 41.341972], [19.83321, 41.342061], [19.833403, 41.342158], [19.833816, 41.342373], [19.833874, 41.342403], [19.833922, 41.342427], [19.834374, 41.342656], [19.834554, 41.342748], [19.835139, 41.343062], [19.835319, 41.343178], [19.835626, 41.343393], [19.836311, 41.343871], [19.836462, 41.343977], [19.837282, 41.344548], [19.83762, 41.344784], [19.837809, 41.344916], [19.83804, 41.345078], [19.838245, 41.34522], [19.838399, 41.345269], [19.838427, 41.345274], [19.8392145, 41.345465], [19.840002, 41.345656], [19.840605, 41.345803], [19.840954, 41.345888], [19.841133, 41.345944], [19.841241, 41.346006], [19.841541, 41.346101], [19.8422395, 41.346439], [19.842938, 41.346777], [19.843078, 41.346845], [19.84344, 41.347015], [19.84376, 41.347118], [19.84405, 41.347174], [19.844094, 41.34718], [19.844427, 41.347239], [19.844622, 41.347272], [19.844855, 41.34729], [19.845092, 41.347266], [19.845371, 41.347195], [19.845874, 41.347031], [19.846128, 41.346949], [19.846341, 41.346875], [19.846395, 41.346856], [19.846771, 41.346727], [19.847034, 41.346632], [19.847274, 41.346547], [19.847646, 41.346418], [19.84819, 41.346226], [19.848836, 41.346002], [19.849762, 41.345684], [19.850398, 41.345466], [19.850518, 41.345424], [19.850539, 41.345429], [19.85053854, 41.34542889]]}}, {"type": "Feature", "properties": {"route_id": "22", "route_short_name": "15A", "route_long_name": "Kombinat \u2013 Kinostudio", "route_color": "#FF5722", "route_text_color": "#FFFFFF", "shape_id": "22_1", "direction": "1", "corridor_group": "corridor_1", "requested_offset_meters": -2.2222222222222223, "offset_meters": -2.2222222222222223, "debug": false}, "geometry": {"type": "LineString", "coordinates": [[19.85053053, 41.34544797], [19.85051983, 41.34544543], [19.85040909, 41.34548419], [19.849773, 41.34570222], [19.84884706, 41.3460202], [19.84820118, 41.34624415], [19.84765718, 41.34643615], [19.8472852, 41.34656515], [19.84704539, 41.34665008], [19.84678226, 41.34674513], [19.84635229, 41.34689312], [19.84634132, 41.34689711], [19.84613878, 41.34696729], [19.8458845, 41.34704938], [19.84538054, 41.3472137], [19.84509807, 41.34728558], [19.84485542, 41.34731015], [19.84461772, 41.34729179], [19.84442105, 41.34725851], [19.84408859, 41.3471996], [19.84404433, 41.34719357], [19.84375144, 41.34713701], [19.84342769, 41.3470328], [19.84306378, 41.34686191], [19.84292363, 41.34679383], [19.84222515, 41.34645584], [19.84152859, 41.34611878], [19.84123383, 41.34602544], [19.84109797, 41.34601056], [19.84083684, 41.34594705], [19.83989084, 41.34571705], [19.8389449, 41.34548706], [19.83822125, 41.34531395], [19.83807758, 41.34522713], [19.83798493, 41.34516167], [19.83711089, 41.34455564], [19.83669786, 41.34426162], [19.83638395, 41.34404268], [19.83617493, 41.34389667], [19.83576393, 41.34360867], [19.83515628, 41.34318391], [19.83506852, 41.34312672], [19.83476978, 41.34296441], [19.83414311, 41.34264457], [19.83314316, 41.3421346], [19.83296706, 41.34204555], [19.83273602, 41.34192553], [19.83248707, 41.34179855], [19.83231, 41.34170752], [19.83152529, 41.34130167], [19.8312186, 41.34115282], [19.83093755, 41.34101579], [19.8307927, 41.34094487], [19.83060273, 41.34085488], [19.83052857, 41.3408188], [19.83048143, 41.34079573], [19.83039938, 41.34075471], [19.83022942, 41.34067073], [19.82945188, 41.34028546], [19.82915654, 41.34012328], [19.82905286, 41.34006832], [19.82898303, 41.33999233], [19.82893575, 41.33995167], [19.82837692, 41.33962793], [19.82813918, 41.33949308], [19.82753116, 41.33915807], [19.82707373, 41.33889782], [19.82702865, 41.33887077], [19.82653084, 41.33858288], [19.8261429, 41.33835892], [19.82590345, 41.33822194], [19.82584074, 41.33815192], [19.82583561, 41.33814577], [19.82579256, 41.33809571], [19.82546321, 41.33769428], [19.82508061, 41.3371965], [19.82496611, 41.33702375], [19.82475373, 41.33668513], [19.82456941, 41.33635156], [19.82412842, 41.33552058], [19.82360444, 41.33457561], [19.82354543, 41.3344656], [19.82345656, 41.33430483], [19.82339956, 41.33420583], [19.82312298, 41.33370469], [19.82284649, 41.33320371], [19.82277152, 41.33306875], [19.8226029, 41.33276743], [19.8223686, 41.33241948], [19.82214339, 41.33212052], [19.82189126, 41.3318365], [19.8218116, 41.33175485], [19.82162586, 41.33156411], [19.82138926, 41.3313375], [19.82112535, 41.33109259], [19.82101618, 41.33099042], [19.82075666, 41.33073892], [19.82066043, 41.33063615], [19.82037854, 41.33061806], [19.82003543, 41.3306311], [19.81954846, 41.33056872], [19.81916636, 41.33051771], [19.81903932, 41.3305007], [19.81794188, 41.33035164], [19.81775459, 41.33032159], [19.81691295, 41.33019234], [19.81675227, 41.33015011], [19.81660566, 41.33007887], [19.81644567, 41.32996709], [19.81630515, 41.32980913], [19.81607679, 41.32933631], [19.81598283, 41.3291009], [19.81596821, 41.32898918], [19.81604732, 41.32866073], [19.8160296, 41.32841269], [19.8160073, 41.32833555], [19.81597904, 41.32830729], [19.8159162, 41.32827985], [19.81568282, 41.32824015], [19.81506179, 41.32826801], [19.81505577, 41.32826801], [19.81473754, 41.32828198], [19.81366754, 41.32832898], [19.81314347, 41.32835198], [19.81228038, 41.32838603], [19.81194115, 41.32837997], [19.81148325, 41.3283134], [19.8113497, 41.32827976], [19.81106383, 41.32819049], [19.81029689, 41.32795051], [19.80970892, 41.32776952], [19.80929089, 41.32763951], [19.80870693, 41.32745852], [19.80818086, 41.3272965], [19.80782868, 41.32718544], [19.80777575, 41.32716846], [19.80770506, 41.32714656], [19.80763801, 41.32712655], [19.80738583, 41.32704749], [19.80676587, 41.3268545], [19.80608437, 41.3266425], [19.80540293, 41.32643052], [19.80528882, 41.32639549], [19.8052198, 41.32637348], [19.8050479, 41.32632051], [19.80460886, 41.3261835], [19.80399382, 41.32599248], [19.80384486, 41.3259455], [19.8037799, 41.32592551], [19.80348885, 41.32583449], [19.80338286, 41.3258015], [19.80311988, 41.3257195], [19.80299096, 41.32567953], [19.80169452, 41.32528356], [19.80039808, 41.32488757], [19.79945513, 41.32460309], [19.79851226, 41.32431862], [19.79800751, 41.32417069], [19.79738369, 41.32399374], [19.7969567, 41.32387375], [19.79663466, 41.32378274], [19.79529968, 41.32340374], [19.79439662, 41.32314973], [19.79335778, 41.32285077], [19.79294006, 41.32273785], [19.79266105, 41.32266284], [19.7922772, 41.32255888], [19.79203026, 41.3224949], [19.79198494, 41.32248281], [19.79151808, 41.32235185], [19.79128139, 41.32229093], [19.79060633, 41.32211592], [19.7904762, 41.32208188], [19.79015715, 41.3219964], [19.78969466, 41.32193334], [19.78959142, 41.32190237], [19.78956314, 41.32190985], [19.78938813, 41.32191618], [19.78929843, 41.32189263], [19.78916598, 41.32180574], [19.78914279, 41.32177372], [19.78912419, 41.32174892], [19.78889804, 41.32160305], [19.7886971, 41.32150406], [19.78852381, 41.32142881], [19.78815145, 41.32130003], [19.78768651, 41.32112205], [19.78711508, 41.32092724], [19.78711508, 41.32092624], [19.78648512, 41.32071226], [19.78563264, 41.32042427], [19.78478004, 41.32013623], [19.78394924, 41.3198493], [19.78320768, 41.31960944], [19.78287179, 41.31950447], [19.78256475, 41.31940746], [19.78169566, 41.31913344], [19.78151871, 41.31907645], [19.78132992, 41.31901752], [19.78029586, 41.3187005], [19.77978387, 41.3185385], [19.77896051, 41.31828655], [19.77813729, 41.31803463], [19.77758912, 41.31787758], [19.77728069, 41.31777944], [19.7762396, 41.31744942], [19.77579966, 41.31730643], [19.77518883, 41.31711549], [19.77506086, 41.3170755], [19.77482591, 41.31700251], [19.77475773, 41.31698146], [19.77375925, 41.3166583], [19.77329017, 41.31649693], [19.77253104, 41.31618765], [19.77243407, 41.31612667], [19.77148944, 41.31574463], [19.77076344, 41.31545063], [19.77014847, 41.31520165], [19.76968347, 41.31501465], [19.76926343, 41.31484463], [19.76865943, 41.31459963], [19.76826445, 41.31443964], [19.76798948, 41.31432865], [19.76771152, 41.31421666], [19.76714595, 41.31399005], [19.76697247, 41.31423536], [19.76695646, 41.31425837], [19.76671635, 41.31459685], [19.76599384, 41.31427538], [19.76596077, 41.31419822], [19.76601405, 41.31409927], [19.76621888, 41.31382617], [19.76636356, 41.31363216], [19.76685342, 41.31382831], [19.76714742, 41.31394531], [19.76773648, 41.31418134], [19.76801482, 41.31429347], [19.76802212, 41.3142966]]}}, {"type": "Feature", "properties": {"route_id": "22", "route_short_name": "15A", "route_long_name": "Kombinat \u2013 Kinostudio", "route_color": "#FF5722", "route_text_color": "#FFFFFF", "shape_id": "22_1", "direction": "1", "corridor_group": "corridor_1", "offset_meters": 0, "debug": true}, "geometry": {"type": "LineString", "coordinates": [[19.85053854, 41.34542889], [19.850518, 41.345424], [19.850398, 41.345466], [19.849762, 41.345684], [19.848836, 41.346002], [19.84819, 41.346226], [19.847646, 41.346418], [19.847274, 41.346547], [19.847034, 41.346632], [19.846771, 41.346727], [19.846341, 41.346875], [19.84633, 41.346879], [19.846128, 41.346949], [19.845874, 41.347031], [19.845371, 41.347195], [19.845092, 41.347266], [19.844855, 41.34729], [19.844622, 41.347272], [19.844427, 41.347239], [19.844094, 41.34718], [19.84405, 41.347174], [19.84376, 41.347118], [19.84344, 41.347015], [19.843078, 41.346845], [19.842938, 41.346777], [19.8422395, 41.346439], [19.841541, 41.346101], [19.841241, 41.346006], [19.841104, 41.345991], [19.840845, 41.345928], [19.839899, 41.345698], [19.838953, 41.345468], [19.838234, 41.345296], [19.838095, 41.345212], [19.838003, 41.345147], [19.837129, 41.344541], [19.836716, 41.344247], [19.836402, 41.344028], [19.836193, 41.343882], [19.835782, 41.343594], [19.835174, 41.343169], [19.835085, 41.343111], [19.834785, 41.342948], [19.834158, 41.342628], [19.833158, 41.342118], [19.832982, 41.342029], [19.832751, 41.341909], [19.832502, 41.341782], [19.832325, 41.341691], [19.83154, 41.341285], [19.831233, 41.341136], [19.830952, 41.340999], [19.830807, 41.340928], [19.830617, 41.340838], [19.830543, 41.340802], [19.830496, 41.340779], [19.830414, 41.340738], [19.830244, 41.340654], [19.829467, 41.340269], [19.829172, 41.340107], [19.829072, 41.340054], [19.829004, 41.33998], [19.828954, 41.339937], [19.828393, 41.339612], [19.828155, 41.339477], [19.827547, 41.339142], [19.82709, 41.338882], [19.827045, 41.338855], [19.826547, 41.338567], [19.826159, 41.338343], [19.825923, 41.338208], [19.825863, 41.338141], [19.825858, 41.338135], [19.825815, 41.338085], [19.825486, 41.337684], [19.825104, 41.337187], [19.82499, 41.337015], [19.824778, 41.336677], [19.824594, 41.336344], [19.824153, 41.335513], [19.823629, 41.334568], [19.82357, 41.334458], [19.823481, 41.334297], [19.823424, 41.334198], [19.8231475, 41.333697], [19.822871, 41.333196], [19.822796, 41.333061], [19.822627, 41.332759], [19.822392, 41.33241], [19.822166, 41.33211], [19.821913, 41.331825], [19.821833, 41.331743], [19.821647, 41.331552], [19.82141, 41.331325], [19.821146, 41.33108], [19.821037, 41.330978], [19.820778, 41.330727], [19.820675, 41.330617], [19.820379, 41.330598], [19.820037, 41.330611], [19.819553, 41.330549], [19.819171, 41.330498], [19.819044, 41.330481], [19.817947, 41.330332], [19.81776, 41.330302], [19.81692, 41.330173], [19.816764, 41.330132], [19.816622, 41.330063], [19.816466, 41.329954], [19.816329, 41.3298], [19.816102, 41.32933], [19.816009, 41.329097], [19.815995, 41.32899], [19.816074, 41.328662], [19.816056, 41.32841], [19.816032, 41.328327], [19.815997, 41.328292], [19.815926, 41.328261], [19.815685, 41.32822], [19.815061, 41.328248], [19.815055, 41.328248], [19.814736, 41.328262], [19.813666, 41.328309], [19.813142, 41.328332], [19.81228, 41.328366], [19.811944, 41.32836], [19.81149, 41.328294], [19.811359, 41.328261], [19.811074, 41.328172], [19.810307, 41.327932], [19.809719, 41.327751], [19.809301, 41.327621], [19.808717, 41.32744], [19.808191, 41.327278], [19.807839, 41.327167], [19.807786, 41.32715], [19.807715, 41.327128], [19.807648, 41.327108], [19.807396, 41.327029], [19.806776, 41.326836], [19.8060945, 41.326624], [19.805413, 41.326412], [19.805299, 41.326377], [19.80523, 41.326355], [19.805058, 41.326302], [19.804619, 41.326165], [19.804004, 41.325974], [19.803855, 41.325927], [19.80379, 41.325907], [19.803499, 41.325816], [19.803393, 41.325783], [19.80313, 41.325701], [19.803001, 41.325661], [19.80170449, 41.32526501], [19.800408, 41.324869], [19.799465, 41.3245845], [19.798522, 41.3243], [19.798017, 41.324152], [19.797393, 41.323975], [19.796966, 41.323855], [19.796644, 41.323764], [19.795309, 41.323385], [19.794406, 41.323131], [19.793367, 41.322832], [19.792949, 41.322719], [19.79267, 41.322644], [19.792286, 41.32254], [19.792039, 41.322476], [19.791994, 41.322464], [19.791527, 41.322333], [19.79129, 41.322272], [19.790615, 41.322097], [19.790485, 41.322063], [19.790164, 41.321977], [19.789702, 41.321914], [19.789592, 41.321881], [19.789558, 41.32189], [19.789392, 41.321896], [19.789312, 41.321875], [19.789187, 41.321793], [19.789166, 41.321764], [19.789145, 41.321736], [19.788914, 41.321587], [19.788711, 41.321487], [19.788536, 41.321411], [19.788163, 41.321282], [19.787698, 41.321104], [19.787126, 41.320909], [19.787126, 41.320908], [19.786496, 41.320694], [19.7856435, 41.320406], [19.784791, 41.320118], [19.78396, 41.319831], [19.783218, 41.319591], [19.782882, 41.319486], [19.782575, 41.319389], [19.781706, 41.319115], [19.781529, 41.319058], [19.78134, 41.318999], [19.780306, 41.318682], [19.779794, 41.31852], [19.7789705, 41.318268], [19.778147, 41.318016], [19.777599, 41.317859], [19.777291, 41.317761], [19.77625, 41.317431], [19.77581, 41.317288], [19.775199, 41.317097], [19.775071, 41.317057], [19.774836, 41.316984], [19.774768, 41.316963], [19.77377, 41.31664], [19.773302, 41.316479], [19.772546, 41.316171], [19.772449, 41.31611], [19.771502, 41.315727], [19.770776, 41.315433], [19.770161, 41.315184], [19.769696, 41.314997], [19.769276, 41.314827], [19.768672, 41.314582], [19.768277, 41.314422], [19.768002, 41.314311], [19.767724, 41.314199], [19.767135, 41.313963], [19.766949, 41.314226], [19.766933, 41.314249], [19.766706, 41.314569], [19.766016, 41.314262], [19.765989, 41.314199], [19.766038, 41.314108], [19.766242, 41.313836], [19.766374, 41.313659], [19.766841, 41.313846], [19.767135, 41.313963], [19.767724, 41.314199], [19.768002, 41.314311], [19.768009, 41.314314]]}}, {"type": "Feature", "properties": {"route_id": "15", "route_short_name": "10A", "route_long_name": "Materniteti i ri \u2013 Qend\u00ebr", "route_color": "#FF9800", "route_text_color": "#000000", "shape_id": "15_0", "direction": "0", "corridor_group": "corridor_2", "requested_offset_meters": 2.8571428571428568, "offset_meters": 1.357142857, "debug": false}, "geometry": {"type": "LineString", "coordinates": [[19.84981379, 41.32439239], [19.84983678, 41.32493202], [19.84983482, 41.32498301], [19.84982605, 41.3250327], [19.8498054, 41.32509463], [19.84971462, 41.32530714], [19.84958751, 41.32558537], [19.84954399, 41.32570378], [19.84953182, 41.3258011], [19.84949091, 41.32638594], [19.84938762, 41.32665308], [19.84928295, 41.32685745], [19.84916019, 41.32708001], [19.84899761, 41.32733535], [19.84884888, 41.32753399], [19.84883113, 41.32755765], [19.84877577, 41.32762175], [19.84868009, 41.32768107], [19.84837711, 41.32775435], [19.84835892, 41.32775863], [19.84824269, 41.32780247], [19.84808688, 41.32788442], [19.84735983, 41.32838077], [19.84732262, 41.32839438], [19.84717052, 41.32842006], [19.84708376, 41.32843419], [19.84707976, 41.32843519], [19.84685518, 41.32849057], [19.84656619, 41.3285869], [19.84616223, 41.32873389], [19.84576432, 41.32886486], [19.84572917, 41.32887727], [19.84570127, 41.32889066], [19.84568245, 41.32890713], [19.84558624, 41.3290489], [19.84543697, 41.32932541], [19.84537594, 41.32943948], [19.84532859, 41.32953013], [19.84529235, 41.32962979], [19.84522726, 41.32981105], [19.84522109, 41.32983162], [19.84520004, 41.32992484], [19.84517997, 41.33000512], [19.84507992, 41.33061737], [19.84483047, 41.33088825], [19.84446823, 41.33132154], [19.84443722, 41.33135956], [19.84439561, 41.33140974], [19.84449282, 41.33146851], [19.84494552, 41.3317456], [19.84490716, 41.33179063], [19.84486699, 41.33184285], [19.84469278, 41.33206711], [19.84446359, 41.33240339], [19.84424272, 41.33272421], [19.84420992, 41.33276858], [19.84415813, 41.3328079], [19.84408726, 41.33285082], [19.84378951, 41.33306764], [19.84370853, 41.33311263], [19.84359456, 41.33306779], [19.8434556, 41.33302953], [19.84331102, 41.33298909], [19.84300327, 41.33295579], [19.84281083, 41.33295376], [19.84203445, 41.33304693], [19.84125946, 41.33313993], [19.84078286, 41.33319688], [19.84068695, 41.33320471], [19.84038942, 41.33318182], [19.84037366, 41.33318095], [19.839988, 41.33306594], [19.83893797, 41.33261935], [19.83823446, 41.33232035], [19.83753096, 41.33202135], [19.83713987, 41.33185531], [19.83707678, 41.33182927], [19.83698706, 41.33179239], [19.83692317, 41.33176344], [19.836766, 41.33169637], [19.83601402, 41.33137438], [19.83542507, 41.3311214], [19.83486012, 41.33087542], [19.83453199, 41.33073236], [19.83439777, 41.33067627], [19.83431383, 41.3306423], [19.83408203, 41.33054338], [19.83395007, 41.3304864], [19.83381606, 41.3304284], [19.83345208, 41.3302714], [19.8333051, 41.33020741], [19.83297481, 41.33006429], [19.8329268, 41.33004528], [19.83243306, 41.32983239], [19.83197911, 41.32963641], [19.83190609, 41.32960441], [19.831701, 41.32951637], [19.83160002, 41.32947337], [19.83159802, 41.32947237], [19.83123205, 41.32931439], [19.83089504, 41.32916939], [19.83067906, 41.32907639], [19.83000598, 41.32878536], [19.82981092, 41.32870334], [19.82914098, 41.32841936], [19.8284952, 41.32814245], [19.82847338, 41.32813254], [19.82829212, 41.32804988], [19.82796857, 41.3278647], [19.82789958, 41.32781443], [19.82781607, 41.32774683], [19.82742319, 41.32740494], [19.82728456, 41.32728725], [19.82728057, 41.32728326], [19.8270432, 41.32708095], [19.82659311, 41.32668987], [19.82631595, 41.32646174], [19.82617706, 41.32634783], [19.82604299, 41.32623276], [19.82590976, 41.32612659], [19.82556871, 41.32585654], [19.8252626, 41.32561746], [19.82510342, 41.32549642], [19.82505529, 41.32564098], [19.82489226, 41.32611307], [19.82480034, 41.32640881], [19.82477266, 41.32647702], [19.82471952, 41.32658132], [19.82464651, 41.3266631], [19.82447658, 41.32678659], [19.82433578, 41.32686294], [19.82430451, 41.32687858], [19.82422329, 41.32691325], [19.82396065, 41.32701533], [19.8238309, 41.327034], [19.82374116, 41.32704741], [19.82360075, 41.32710948], [19.8234717, 41.3271675], [19.82302183, 41.32736944], [19.82285002, 41.32744336], [19.82274032, 41.32748965], [19.8226123, 41.3275582], [19.82257242, 41.32758172], [19.82251939, 41.32761945], [19.82245044, 41.32767725], [19.82237624, 41.32775246], [19.82223238, 41.3279577], [19.82206008, 41.32825621], [19.82194098, 41.32847139], [19.82187915, 41.32858858], [19.82175296, 41.32856515], [19.82144301, 41.32850516], [19.82109193, 41.32843814], [19.82102173, 41.3284251], [19.82092782, 41.32840912], [19.82088688, 41.32840113], [19.82062066, 41.32835409], [19.82046625, 41.32832743], [19.82043825, 41.32840909], [19.82019171, 41.32921074], [19.81994567, 41.33001073], [19.8199014, 41.33007492], [19.82030168, 41.33040679], [19.82052538, 41.33055124], [19.82069361, 41.3306481], [19.82061478, 41.3306051], [19.82037847, 41.33058574], [19.82003784, 41.33059873], [19.81985168, 41.33057694], [19.81955587, 41.33053697], [19.81904684, 41.33046797], [19.81887383, 41.33044496], [19.81803098, 41.33033198], [19.81795025, 41.33032002], [19.81776331, 41.33029003], [19.81764624, 41.33027202], [19.81692415, 41.33016116], [19.81685685, 41.33014458], [19.81671106, 41.33009533], [19.81663183, 41.33005327], [19.81654942, 41.33000226], [19.81640627, 41.3298749], [19.81634368, 41.3297947], [19.81620426, 41.32951685], [19.81611743, 41.32932624], [19.816024, 41.32909464], [19.81601135, 41.32899053], [19.81608895, 41.32866421], [19.81614094, 41.32845626], [19.81618697, 41.32827114], [19.81620396, 41.32819517], [19.81621791, 41.32814035], [19.81623192, 41.32808733], [19.81625593, 41.3279913], [19.81628391, 41.32788337], [19.81632791, 41.32771736], [19.81633519, 41.32768901]]}}, {"type": "Feature", "properties": {"route_id": "15", "route_short_name": "10A", "route_long_name": "Materniteti i ri \u2013 Qend\u00ebr", "route_color": "#FF9800", "route_text_color": "#000000", "shape_id": "15_0", "direction": "0", "corridor_group": "corridor_2", "offset_meters": 0, "debug": true}, "geometry": {"type": "LineString", "coordinates": [[19.84983, 41.324392], [19.849853, 41.324932], [19.849851, 41.324984], [19.849842, 41.325035], [19.849821, 41.325098], [19.84973, 41.325311], [19.849603, 41.325589], [19.84956, 41.325706], [19.849548, 41.325802], [19.849507, 41.326388], [19.849403, 41.326657], [19.849298, 41.326862], [19.849175, 41.327085], [19.849012, 41.327341], [19.848863, 41.32754], [19.848845, 41.327564], [19.848788, 41.32763], [19.848688, 41.327692], [19.848382, 41.327766], [19.848365, 41.32777], [19.848251, 41.327813], [19.848097, 41.327894], [19.847369, 41.328391], [19.847328, 41.328406], [19.847174, 41.328432], [19.847088, 41.328446], [19.847084, 41.328447], [19.846861, 41.328502], [19.846573, 41.328598], [19.846169, 41.328745], [19.845771, 41.328876], [19.845737, 41.328888], [19.845712, 41.3289], [19.845696, 41.328914], [19.845601, 41.329054], [19.845452, 41.32933], [19.845391, 41.329444], [19.845344, 41.329534], [19.845308, 41.329633], [19.845243, 41.329814], [19.845237, 41.329834], [19.845216, 41.329927], [19.845196, 41.330007], [19.84509552, 41.33062186], [19.844844, 41.330895], [19.844482, 41.331328], [19.844451, 41.331366], [19.844417, 41.331407], [19.844503, 41.331459], [19.844967, 41.331743], [19.844921, 41.331797], [19.844881, 41.331849], [19.844707, 41.332073], [19.844478, 41.332409], [19.844257, 41.33273], [19.844223, 41.332776], [19.844169, 41.332817], [19.844098, 41.33286], [19.8438, 41.333077], [19.84371, 41.333127], [19.843588, 41.333079], [19.84345, 41.333041], [19.843307, 41.333001], [19.843002, 41.332968], [19.842812, 41.332966], [19.842037, 41.333059], [19.841262, 41.333152], [19.840785, 41.333209], [19.840687, 41.333217], [19.840388, 41.333194], [19.84037, 41.333193], [19.839981, 41.333077], [19.83893, 41.33263], [19.8382265, 41.332331], [19.837523, 41.332032], [19.837132, 41.331866], [19.837069, 41.33184], [19.836979, 41.331803], [19.836915, 41.331774], [19.836758, 41.331707], [19.836006, 41.331385], [19.835417, 41.331132], [19.834852, 41.330886], [19.834524, 41.330743], [19.83439, 41.330687], [19.834306, 41.330653], [19.834074, 41.330554], [19.833942, 41.330497], [19.833808, 41.330439], [19.833444, 41.330282], [19.833297, 41.330218], [19.832967, 41.330075], [19.832919, 41.330056], [19.832425, 41.329843], [19.831971, 41.329647], [19.831898, 41.329615], [19.831693, 41.329527], [19.831592, 41.329484], [19.83159, 41.329483], [19.831224, 41.329325], [19.830887, 41.32918], [19.830671, 41.329087], [19.829998, 41.328796], [19.829803, 41.328714], [19.829133, 41.32843], [19.828487, 41.328153], [19.828465, 41.328143], [19.828283, 41.32806], [19.827958, 41.327874], [19.827888, 41.327823], [19.827804, 41.327755], [19.827411, 41.327413], [19.827272, 41.327295], [19.827268, 41.327291], [19.827031, 41.327089], [19.826581, 41.326698], [19.826304, 41.32647], [19.826165, 41.326356], [19.826031, 41.326241], [19.825898, 41.326135], [19.825557, 41.325865], [19.825251, 41.325626], [19.825112, 41.32552], [19.825071, 41.325644], [19.824908, 41.326116], [19.824816, 41.326412], [19.824788, 41.326481], [19.824734, 41.326587], [19.824659, 41.326671], [19.824487, 41.326796], [19.824345, 41.326873], [19.824313, 41.326889], [19.824231, 41.326924], [19.823966, 41.327027], [19.823834, 41.327046], [19.823747, 41.327059], [19.823609, 41.32712], [19.82348, 41.327178], [19.82303, 41.32738], [19.822858, 41.327454], [19.822749, 41.3275], [19.822622, 41.327568], [19.822583, 41.327591], [19.822531, 41.327628], [19.822463, 41.327685], [19.82239, 41.327759], [19.822247, 41.327963], [19.822075, 41.328261], [19.821956, 41.328476], [19.821889, 41.328603], [19.821749, 41.328577], [19.821439, 41.328517], [19.821088, 41.32845], [19.821018, 41.328437], [19.820924, 41.328421], [19.820883, 41.328413], [19.820617, 41.328366], [19.820478, 41.328342], [19.820454, 41.328412], [19.8202075, 41.3292135], [19.819961, 41.330015], [19.819921, 41.330073], [19.820313, 41.330398], [19.820536, 41.330542], [19.820707, 41.330655], [19.82061, 41.330617], [19.820378, 41.330598], [19.820037, 41.330611], [19.819849, 41.330589], [19.819553, 41.330549], [19.819044, 41.33048], [19.818871, 41.330457], [19.818028, 41.330344], [19.817947, 41.330332], [19.81776, 41.330302], [19.817643, 41.330284], [19.81692, 41.330173], [19.816851, 41.330156], [19.816703, 41.330106], [19.816622, 41.330063], [19.816538, 41.330011], [19.816393, 41.329882], [19.816329, 41.3298], [19.816189, 41.329521], [19.816102, 41.32933], [19.816008, 41.329097], [19.815995, 41.32899], [19.816073, 41.328662], [19.816125, 41.328454], [19.816171, 41.328269], [19.816188, 41.328193], [19.816202, 41.328138], [19.816216, 41.328085], [19.81624, 41.327989], [19.816268, 41.327881], [19.816312, 41.327715], [19.81631927, 41.32768668]]}}, {"type": "Feature", "properties": {"route_id": "15", "route_short_name": "10A", "route_long_name": "Materniteti i ri \u2013 Qend\u00ebr", "route_color": "#FF9800", "route_text_color": "#000000", "shape_id": "15_1", "direction": "1", "corridor_group": "corridor_2", "requested_offset_meters": 2.8571428571428568, "offset_meters": 1.357142857, "debug": false}, "geometry": {"type": "LineString", "coordinates": [[19.81633519, 41.32768901], [19.81634692, 41.32764334], [19.81643489, 41.32730545], [19.81660986, 41.32668755], [19.81678485, 41.32606956], [19.81688086, 41.32573353], [19.81689387, 41.32568651], [19.81691455, 41.32561241], [19.81703473, 41.32563097], [19.81759371, 41.32571797], [19.81799567, 41.32578096], [19.81880474, 41.32590997], [19.81901178, 41.32594098], [19.81908587, 41.32595251], [19.81894111, 41.32648657], [19.81889483, 41.32665961], [19.81889272, 41.32671444], [19.8189101, 41.32676331], [19.81893138, 41.32678571], [19.81909707, 41.32692245], [19.81925196, 41.32710633], [19.81926832, 41.3271205], [19.81929766, 41.32714115], [19.81933297, 41.32715439], [19.81940067, 41.32717001], [19.81949414, 41.32717814], [19.82043163, 41.32726015], [19.82136913, 41.32734214], [19.82188517, 41.32738714], [19.82205117, 41.32740115], [19.82248597, 41.32743904], [19.82260346, 41.32746254], [19.82274969, 41.32751372], [19.82286598, 41.32746464], [19.82303817, 41.32739056], [19.8234883, 41.3271885], [19.82361725, 41.32713052], [19.82375637, 41.32706903], [19.82391625, 41.3269681], [19.82424654, 41.32682841], [19.82437515, 41.32676258], [19.82450899, 41.32666828], [19.82461801, 41.32656334], [19.82468926, 41.32644222], [19.82471065, 41.32638721], [19.82497874, 41.32558094], [19.82502374, 41.32544295], [19.82504872, 41.32536801], [19.82517089, 41.32500849], [19.82517797, 41.32497514], [19.82518514, 41.32494622], [19.82526362, 41.32500072], [19.82541513, 41.32512133], [19.82598004, 41.32558625], [19.82602009, 41.3256193], [19.82614904, 41.32572325], [19.82676883, 41.32624508], [19.82730578, 41.32671203], [19.82777081, 41.32711206], [19.82818381, 41.32746706], [19.82823387, 41.32751011], [19.82826541, 41.32753657], [19.82832737, 41.32758024], [19.82846056, 41.32766096], [19.82852445, 41.32769139], [19.82864666, 41.32774748], [19.82898389, 41.32789759], [19.82931999, 41.32804063], [19.82976994, 41.32823461], [19.83053194, 41.32856361], [19.83129392, 41.3288926], [19.831478, 41.32897263], [19.83196308, 41.32917667], [19.83215907, 41.32925966], [19.83229975, 41.32931895], [19.83230576, 41.32932095], [19.83337606, 41.32977066], [19.83362899, 41.32987863], [19.83396899, 41.33002463], [19.83409298, 41.33007762], [19.8342439, 41.33014259], [19.83438988, 41.33020658], [19.8344731, 41.33024268], [19.83458619, 41.33028871], [19.83462409, 41.33030467], [19.83516105, 41.33053065], [19.83568004, 41.33075265], [19.83670799, 41.33118663], [19.83688085, 41.33126157], [19.83720382, 41.33140456], [19.83730208, 41.33144752], [19.8375645, 41.33155277], [19.83763253, 41.33157959], [19.83780068, 41.33165135], [19.83788949, 41.33168709], [19.83808584, 41.33178636], [19.83824519, 41.33184758], [19.83851899, 41.3319588], [19.83963845, 41.33241993], [19.84032545, 41.3327264], [19.84076226, 41.33277662], [19.84144397, 41.33268821], [19.84211641, 41.33262721], [19.84277681, 41.33257962], [19.84327773, 41.33255322], [19.84339999, 41.33258531], [19.84381136, 41.33269328], [19.84410371, 41.3327932], [19.84425372, 41.33274096], [19.84435763, 41.33261429], [19.84456986, 41.33233119], [19.84498532, 41.33174757], [19.84444043, 41.33140432], [19.84485595, 41.33090446], [19.84510843, 41.33062658], [19.84523204, 41.32992884], [19.84525291, 41.32983638], [19.84525874, 41.32981695], [19.84532369, 41.32963609], [19.84532568, 41.32963011], [19.8453594, 41.32953787], [19.84540606, 41.32944852], [19.84546703, 41.32933459], [19.84561576, 41.3290591], [19.84570955, 41.32892087], [19.84572273, 41.32890934], [19.84574483, 41.32889873], [19.84577768, 41.32888714], [19.84617577, 41.32875611], [19.84657981, 41.3286091], [19.84686682, 41.32851343], [19.84708828, 41.3284588], [19.84709228, 41.3284578], [19.84733336, 41.32841762], [19.84737808, 41.32840127], [19.84740682, 41.32838211], [19.84810714, 41.32790357], [19.84821026, 41.32784903], [19.84825927, 41.32782355], [19.84837114, 41.32778135], [19.8486959, 41.32770293], [19.84880023, 41.32763825], [19.84885887, 41.32757035], [19.84887712, 41.32754601], [19.84902639, 41.32734665], [19.84918981, 41.32708999], [19.84931305, 41.32686655], [19.84941838, 41.32666092], [19.84952309, 41.32639006], [19.84956418, 41.3258029], [19.84957601, 41.32570822], [19.84961849, 41.32559263], [19.84974538, 41.32531486], [19.8498366, 41.32510137], [19.84985795, 41.3250373], [19.84986718, 41.32498499], [19.84986922, 41.32493198], [19.84984621, 41.32439161]]}}, {"type": "Feature", "properties": {"route_id": "15", "route_short_name": "10A", "route_long_name": "Materniteti i ri \u2013 Qend\u00ebr", "route_color": "#FF9800", "route_text_color": "#000000", "shape_id": "15_1", "direction": "1", "corridor_group": "corridor_2", "offset_meters": 0, "debug": true}, "geometry": {"type": "LineString", "coordinates": [[19.81631927, 41.32768668], [19.816331, 41.327641], [19.816419, 41.327303], [19.816594, 41.326685], [19.816769, 41.326067], [19.816865, 41.325731], [19.816878, 41.325684], [19.816902, 41.325598], [19.817038, 41.325619], [19.817597, 41.325706], [19.817999, 41.325769], [19.818808, 41.325898], [19.819015, 41.325929], [19.819105, 41.325943], [19.818957, 41.326489], [19.818911, 41.326661], [19.818909, 41.326713], [19.818925, 41.326758], [19.818944, 41.326778], [19.81911, 41.326915], [19.819265, 41.327099], [19.81928, 41.327112], [19.819307, 41.327131], [19.819339, 41.327143], [19.819404, 41.327158], [19.819496, 41.327166], [19.8204335, 41.327248], [19.821371, 41.32733], [19.821887, 41.327375], [19.822053, 41.327389], [19.822489, 41.327427], [19.822609, 41.327451], [19.822749, 41.3275], [19.822858, 41.327454], [19.82303, 41.32738], [19.82348, 41.327178], [19.823609, 41.32712], [19.823747, 41.327059], [19.823907, 41.326958], [19.824238, 41.326818], [19.824365, 41.326753], [19.824497, 41.32666], [19.824604, 41.326557], [19.824674, 41.326438], [19.824695, 41.326384], [19.824963, 41.325578], [19.825008, 41.32544], [19.825033, 41.325365], [19.825155, 41.325006], [19.825162, 41.324973], [19.825175, 41.324923], [19.825275, 41.324992], [19.825427, 41.325113], [19.825992, 41.325578], [19.826032, 41.325611], [19.826161, 41.325715], [19.826781, 41.326237], [19.827318, 41.326704], [19.827783, 41.327104], [19.828196, 41.327459], [19.828246, 41.327502], [19.828277, 41.327528], [19.828338, 41.327571], [19.82847, 41.327651], [19.828533, 41.327681], [19.828655, 41.327737], [19.828992, 41.327887], [19.829328, 41.32803], [19.829778, 41.328224], [19.83054, 41.328553], [19.831302, 41.328882], [19.831486, 41.328962], [19.831971, 41.329166], [19.832167, 41.329249], [19.832307, 41.329308], [19.832313, 41.32931], [19.833384, 41.32976], [19.833637, 41.329868], [19.833977, 41.330014], [19.834101, 41.330067], [19.834252, 41.330132], [19.834398, 41.330196], [19.834481, 41.330232], [19.834594, 41.330278], [19.834632, 41.330294], [19.835169, 41.33052], [19.835688, 41.330742], [19.836716, 41.331176], [19.836889, 41.331251], [19.837212, 41.331394], [19.83730996, 41.33143683], [19.83757206, 41.33154196], [19.83764028, 41.33156885], [19.83780849, 41.33164064], [19.83789785, 41.33167659], [19.83809407, 41.3317758], [19.83825272, 41.33183676], [19.83852673, 41.33194805], [19.83964647, 41.33240931], [19.84033101, 41.33271467], [19.8407621, 41.33276424], [19.84144163, 41.33267611], [19.84211467, 41.33261505], [19.84277548, 41.33256743], [19.84327992, 41.33254085], [19.84340533, 41.33257377], [19.84381739, 41.33268192], [19.84410365, 41.33277976], [19.84424249, 41.33273141], [19.84434367, 41.33260806], [19.84455565, 41.3323253], [19.84496478, 41.33175056], [19.84441918, 41.33140687], [19.84484239, 41.33089776], [19.84509286, 41.33062208], [19.845216, 41.329927], [19.845237, 41.329834], [19.845243, 41.329814], [19.845308, 41.329633], [19.84531, 41.329627], [19.845344, 41.329534], [19.845391, 41.329444], [19.845452, 41.32933], [19.845601, 41.329054], [19.845696, 41.328914], [19.845712, 41.3289], [19.845737, 41.328888], [19.845771, 41.328876], [19.846169, 41.328745], [19.846573, 41.328598], [19.846861, 41.328502], [19.847084, 41.328447], [19.847088, 41.328446], [19.847328, 41.328406], [19.847369, 41.328391], [19.847396, 41.328373], [19.848097, 41.327894], [19.848201, 41.327839], [19.848251, 41.327813], [19.848365, 41.32777], [19.848688, 41.327692], [19.848788, 41.32763], [19.848845, 41.327564], [19.848863, 41.32754], [19.849012, 41.327341], [19.849175, 41.327085], [19.849298, 41.326862], [19.849403, 41.326657], [19.849507, 41.326388], [19.849548, 41.325802], [19.84956, 41.325706], [19.849603, 41.325589], [19.84973, 41.325311], [19.849821, 41.325098], [19.849842, 41.325035], [19.849851, 41.324984], [19.849853, 41.324932], [19.84983, 41.324392]]}}, {"type": "Feature", "properties": {"route_id": "3", "route_short_name": "3A", "route_long_name": "Kashar Orar", "route_color": "#00BCD4", "route_text_color": "#000000", "shape_id": "3_0", "direction": "0", "corridor_group": "corridor_1", "requested_offset_meters": 0, "offset_meters": 0, "debug": false}, "geometry": {"type": "LineString", "coordinates": [[19.765611, 41.340793], [19.765637, 41.340819], [19.765727, 41.340905], [19.766156, 41.340631], [19.76686551, 41.3401515], [19.767575, 41.339672], [19.767932, 41.339414], [19.768299, 41.339143], [19.769313, 41.33845], [19.769535, 41.338312], [19.769612, 41.338266], [19.7701935, 41.3378605], [19.770775, 41.337455], [19.770961, 41.337281], [19.771354, 41.33701], [19.771419, 41.336965], [19.771774, 41.336707], [19.772085, 41.336563], [19.772773, 41.33609], [19.772849, 41.336038], [19.772935, 41.335942], [19.773449, 41.335581], [19.77434, 41.334979], [19.775019, 41.334521], [19.775134, 41.334443], [19.775203, 41.334396], [19.775358, 41.334291], [19.775433, 41.33424], [19.776123, 41.333774], [19.776813, 41.333308], [19.777328, 41.33296], [19.778218, 41.332358], [19.778536, 41.332143], [19.779564, 41.331457], [19.780354, 41.330955], [19.780418, 41.330914], [19.780652, 41.330764], [19.780695, 41.330737], [19.78143901, 41.330261], [19.782183, 41.329785], [19.782922, 41.329301], [19.782947, 41.329212], [19.782933, 41.329106], [19.782996, 41.32901], [19.783106, 41.328956], [19.78319, 41.328945], [19.783273, 41.328955], [19.783351, 41.328987], [19.783406, 41.329031], [19.78344, 41.329085], [19.78345, 41.329147], [19.784052, 41.329325], [19.784441, 41.32944], [19.78481, 41.329549], [19.784902, 41.329576], [19.784935, 41.329586], [19.785264, 41.329683], [19.785313, 41.329697], [19.785261, 41.329796], [19.785069, 41.330157], [19.785034, 41.33022], [19.784691, 41.330833], [19.784365, 41.331513], [19.784238, 41.331816], [19.784148, 41.331981], [19.783854, 41.332414], [19.783773, 41.332576], [19.783414, 41.333293], [19.783289, 41.333662], [19.783223, 41.334093], [19.783223, 41.334624], [19.783302, 41.33503], [19.783307, 41.335053], [19.783378, 41.335299], [19.783435, 41.335424], [19.783535, 41.335646], [19.783657, 41.335851], [19.783866, 41.33612], [19.784095, 41.336413], [19.7845855, 41.3369445], [19.785076, 41.337476], [19.785499, 41.337918], [19.785813, 41.338247], [19.785958, 41.338361], [19.786204, 41.338596], [19.786491, 41.338949], [19.786604, 41.339095], [19.786979, 41.338976], [19.787699, 41.33875], [19.78802, 41.338649], [19.788292, 41.338563], [19.788399, 41.338526], [19.788726, 41.338412], [19.788871, 41.338358], [19.789291, 41.338216], [19.789571, 41.338119], [19.789942, 41.337991], [19.790077, 41.337944], [19.790986, 41.337628], [19.791832, 41.337347], [19.792287, 41.337182], [19.792649, 41.337052], [19.79348, 41.336763], [19.794058, 41.336563], [19.794465, 41.336419], [19.795013, 41.336229], [19.795551, 41.336045], [19.795891, 41.335927], [19.796154, 41.335835], [19.796363, 41.335763], [19.796986, 41.335549], [19.79769, 41.335307], [19.797932, 41.335223], [19.798104, 41.335162], [19.798477, 41.335035], [19.799544, 41.334664], [19.80016, 41.334447], [19.800944, 41.334174], [19.801347, 41.334034], [19.801379, 41.334023], [19.801398, 41.334016], [19.801881, 41.333848], [19.802298, 41.333704], [19.802468, 41.333644], [19.803564, 41.333264], [19.803778, 41.333153], [19.804006, 41.332948], [19.804046, 41.332875], [19.804105, 41.332817], [19.804268, 41.332739], [19.80446, 41.332728], [19.804553, 41.332748], [19.804629, 41.332781], [19.804964, 41.332774], [19.805608, 41.332603], [19.805896, 41.332504], [19.806152, 41.332416], [19.806372, 41.33234], [19.806884, 41.332162], [19.807433, 41.331968], [19.807705, 41.331871], [19.8084395, 41.3316175], [19.809174, 41.331364], [19.809689, 41.331185], [19.810559, 41.330882], [19.811729, 41.330475], [19.812071, 41.330356], [19.812558, 41.330186], [19.81370451, 41.32978701], [19.814851, 41.329388], [19.815284, 41.329238], [19.815631, 41.329116], [19.815995, 41.32899], [19.816074, 41.328662], [19.816056, 41.32841], [19.816032, 41.328327], [19.815997, 41.328292], [19.815926, 41.328261], [19.815685, 41.32822], [19.815061, 41.328248], [19.815055, 41.328248], [19.814736, 41.328262], [19.813666, 41.328309], [19.813142, 41.328332], [19.81228, 41.328366], [19.811944, 41.32836], [19.81149, 41.328294], [19.811359, 41.328261], [19.811074, 41.328172], [19.810307, 41.327932], [19.809719, 41.327751], [19.809301, 41.327621], [19.808717, 41.32744], [19.808191, 41.327278], [19.807839, 41.327167], [19.807786, 41.32715], [19.807715, 41.327128], [19.807648, 41.327108], [19.807396, 41.327029], [19.806776, 41.326836], [19.8060945, 41.326624], [19.805413, 41.326412], [19.805299, 41.326377], [19.80523, 41.326355], [19.805058, 41.326302], [19.804619, 41.326165], [19.804004, 41.325974], [19.803855, 41.325927], [19.80379, 41.325907], [19.803499, 41.325816], [19.803393, 41.325783], [19.80313, 41.325701], [19.803001, 41.325661], [19.80170449, 41.32526501], [19.800408, 41.324869], [19.799465, 41.3245845], [19.798522, 41.3243], [19.798017, 41.324152], [19.797393, 41.323975], [19.796966, 41.323855], [19.796644, 41.323764], [19.795309, 41.323385], [19.794406, 41.323131], [19.793367, 41.322832], [19.792949, 41.322719], [19.79267, 41.322644], [19.792286, 41.32254], [19.792039, 41.322476], [19.791994, 41.322464], [19.791527, 41.322333], [19.79129, 41.322272], [19.790615, 41.322097], [19.790485, 41.322063], [19.790164, 41.321977], [19.789702, 41.321914], [19.789592, 41.321881], [19.789558, 41.32189], [19.789392, 41.321896], [19.789312, 41.321875], [19.789187, 41.321793], [19.789166, 41.321764], [19.789145, 41.321736], [19.788914, 41.321587], [19.788711, 41.321487], [19.788536, 41.321411], [19.788163, 41.321282], [19.787698, 41.321104], [19.787126, 41.320909], [19.787126, 41.320908], [19.786496, 41.320694], [19.7856435, 41.320406], [19.784791, 41.320118], [19.78396, 41.319831], [19.783874, 41.31987], [19.783706, 41.320029], [19.783544, 41.320226], [19.783462, 41.320367], [19.783405, 41.320586], [19.783414, 41.320681], [19.783475, 41.320816], [19.783571, 41.320975], [19.783608, 41.321079], [19.783611, 41.321131], [19.783589, 41.321239], [19.783539, 41.321369], [19.783325, 41.321673], [19.783073, 41.322047], [19.782829, 41.32241], [19.782662, 41.322642], [19.782523, 41.322729], [19.782437, 41.322764], [19.782244, 41.322842], [19.782003, 41.322929], [19.781836, 41.32298], [19.781684, 41.323027], [19.781386, 41.323094], [19.780668, 41.3232], [19.780203, 41.323257], [19.780026, 41.323286], [19.77993, 41.323301], [19.779266, 41.323401], [19.779061, 41.323431], [19.779034, 41.323435], [19.778954, 41.323447], [19.778581, 41.323503], [19.778142, 41.323568], [19.777767, 41.323624], [19.777677, 41.323637], [19.776852, 41.32376], [19.776795, 41.323769], [19.776685, 41.323786], [19.776545, 41.323807], [19.776439, 41.323835], [19.776174, 41.32395], [19.775528, 41.324242], [19.774682, 41.324626], [19.774272, 41.324812], [19.774218, 41.324872], [19.774187, 41.324917], [19.774158, 41.324959], [19.774117, 41.325048], [19.774097, 41.325103], [19.774119, 41.325253], [19.774211, 41.325303], [19.774251, 41.325383], [19.774223, 41.325468], [19.774183, 41.325503], [19.774072, 41.325538], [19.773939, 41.325656], [19.77391, 41.325753], [19.773894, 41.32581], [19.773832, 41.326028], [19.773821, 41.32606], [19.773783, 41.326282], [19.773801, 41.326524], [19.773804, 41.326554], [19.773851, 41.326927], [19.773882, 41.327173], [19.77391, 41.32739], [19.773913, 41.327413], [19.774019, 41.328293], [19.774029, 41.328371], [19.774024, 41.328402], [19.773988, 41.328667], [19.773903, 41.328861], [19.773571, 41.329403], [19.773284, 41.329913], [19.773272, 41.329933], [19.772933, 41.33045], [19.77264, 41.330848], [19.77197401, 41.3314195], [19.771308, 41.331991], [19.771138, 41.332171], [19.771039, 41.33236], [19.770937, 41.332684], [19.770852, 41.332879], [19.770775, 41.333009], [19.770603, 41.333214], [19.770322, 41.333514], [19.770246, 41.333593], [19.770015, 41.333833], [19.769964, 41.333885], [19.769797, 41.33401], [19.769406, 41.334123], [19.768942, 41.334254], [19.768767, 41.334316], [19.768653, 41.334387], [19.768145, 41.334924], [19.768037, 41.335036], [19.767185, 41.335721], [19.767017, 41.335855], [19.766898, 41.33595], [19.766601, 41.336188], [19.76596, 41.336691], [19.765757, 41.336859], [19.765022, 41.337418], [19.764827, 41.337566], [19.764789, 41.337595], [19.764561, 41.337763], [19.764391, 41.337889], [19.763906, 41.338263], [19.763905, 41.338264], [19.763372, 41.338714], [19.763744, 41.339039], [19.764355, 41.339589], [19.76494399, 41.3401535], [19.765533, 41.340718]]}}, {"type": "Feature", "properties": {"route_id": "3", "route_short_name": "3A", "route_long_name": "Kashar Orar", "route_color": "#00BCD4", "route_text_color": "#000000", "shape_id": "3_0", "direction": "0", "corridor_group": "corridor_1", "offset_meters": 0, "debug": true}, "geometry": {"type": "LineString", "coordinates": [[19.765611, 41.340793], [19.765637, 41.340819], [19.765727, 41.340905], [19.766156, 41.340631], [19.76686551, 41.3401515], [19.767575, 41.339672], [19.767932, 41.339414], [19.768299, 41.339143], [19.769313, 41.33845], [19.769535, 41.338312], [19.769612, 41.338266], [19.7701935, 41.3378605], [19.770775, 41.337455], [19.770961, 41.337281], [19.771354, 41.33701], [19.771419, 41.336965], [19.771774, 41.336707], [19.772085, 41.336563], [19.772773, 41.33609], [19.772849, 41.336038], [19.772935, 41.335942], [19.773449, 41.335581], [19.77434, 41.334979], [19.775019, 41.334521], [19.775134, 41.334443], [19.775203, 41.334396], [19.775358, 41.334291], [19.775433, 41.33424], [19.776123, 41.333774], [19.776813, 41.333308], [19.777328, 41.33296], [19.778218, 41.332358], [19.778536, 41.332143], [19.779564, 41.331457], [19.780354, 41.330955], [19.780418, 41.330914], [19.780652, 41.330764], [19.780695, 41.330737], [19.78143901, 41.330261], [19.782183, 41.329785], [19.782922, 41.329301], [19.782947, 41.329212], [19.782933, 41.329106], [19.782996, 41.32901], [19.783106, 41.328956], [19.78319, 41.328945], [19.783273, 41.328955], [19.783351, 41.328987], [19.783406, 41.329031], [19.78344, 41.329085], [19.78345, 41.329147], [19.784052, 41.329325], [19.784441, 41.32944], [19.78481, 41.329549], [19.784902, 41.329576], [19.784935, 41.329586], [19.785264, 41.329683], [19.785313, 41.329697], [19.785261, 41.329796], [19.785069, 41.330157], [19.785034, 41.33022], [19.784691, 41.330833], [19.784365, 41.331513], [19.784238, 41.331816], [19.784148, 41.331981], [19.783854, 41.332414], [19.783773, 41.332576], [19.783414, 41.333293], [19.783289, 41.333662], [19.783223, 41.334093], [19.783223, 41.334624], [19.783302, 41.33503], [19.783307, 41.335053], [19.783378, 41.335299], [19.783435, 41.335424], [19.783535, 41.335646], [19.783657, 41.335851], [19.783866, 41.33612], [19.784095, 41.336413], [19.7845855, 41.3369445], [19.785076, 41.337476], [19.785499, 41.337918], [19.785813, 41.338247], [19.785958, 41.338361], [19.786204, 41.338596], [19.786491, 41.338949], [19.786604, 41.339095], [19.786979, 41.338976], [19.787699, 41.33875], [19.78802, 41.338649], [19.788292, 41.338563], [19.788399, 41.338526], [19.788726, 41.338412], [19.788871, 41.338358], [19.789291, 41.338216], [19.789571, 41.338119], [19.789942, 41.337991], [19.790077, 41.337944], [19.790986, 41.337628], [19.791832, 41.337347], [19.792287, 41.337182], [19.792649, 41.337052], [19.79348, 41.336763], [19.794058, 41.336563], [19.794465, 41.336419], [19.795013, 41.336229], [19.795551, 41.336045], [19.795891, 41.335927], [19.796154, 41.335835], [19.796363, 41.335763], [19.796986, 41.335549], [19.79769, 41.335307], [19.797932, 41.335223], [19.798104, 41.335162], [19.798477, 41.335035], [19.799544, 41.334664], [19.80016, 41.334447], [19.800944, 41.334174], [19.801347, 41.334034], [19.801379, 41.334023], [19.801398, 41.334016], [19.801881, 41.333848], [19.802298, 41.333704], [19.802468, 41.333644], [19.803564, 41.333264], [19.803778, 41.333153], [19.804006, 41.332948], [19.804046, 41.332875], [19.804105, 41.332817], [19.804268, 41.332739], [19.80446, 41.332728], [19.804553, 41.332748], [19.804629, 41.332781], [19.804964, 41.332774], [19.805608, 41.332603], [19.805896, 41.332504], [19.806152, 41.332416], [19.806372, 41.33234], [19.806884, 41.332162], [19.807433, 41.331968], [19.807705, 41.331871], [19.8084395, 41.3316175], [19.809174, 41.331364], [19.809689, 41.331185], [19.810559, 41.330882], [19.811729, 41.330475], [19.812071, 41.330356], [19.812558, 41.330186], [19.81370451, 41.32978701], [19.814851, 41.329388], [19.815284, 41.329238], [19.815631, 41.329116], [19.815995, 41.32899], [19.816074, 41.328662], [19.816056, 41.32841], [19.816032, 41.328327], [19.815997, 41.328292], [19.815926, 41.328261], [19.815685, 41.32822], [19.815061, 41.328248], [19.815055, 41.328248], [19.814736, 41.328262], [19.813666, 41.328309], [19.813142, 41.328332], [19.81228, 41.328366], [19.811944, 41.32836], [19.81149, 41.328294], [19.811359, 41.328261], [19.811074, 41.328172], [19.810307, 41.327932], [19.809719, 41.327751], [19.809301, 41.327621], [19.808717, 41.32744], [19.808191, 41.327278], [19.807839, 41.327167], [19.807786, 41.32715], [19.807715, 41.327128], [19.807648, 41.327108], [19.807396, 41.327029], [19.806776, 41.326836], [19.8060945, 41.326624], [19.805413, 41.326412], [19.805299, 41.326377], [19.80523, 41.326355], [19.805058, 41.326302], [19.804619, 41.326165], [19.804004, 41.325974], [19.803855, 41.325927], [19.80379, 41.325907], [19.803499, 41.325816], [19.803393, 41.325783], [19.80313, 41.325701], [19.803001, 41.325661], [19.80170449, 41.32526501], [19.800408, 41.324869], [19.799465, 41.3245845], [19.798522, 41.3243], [19.798017, 41.324152], [19.797393, 41.323975], [19.796966, 41.323855], [19.796644, 41.323764], [19.795309, 41.323385], [19.794406, 41.323131], [19.793367, 41.322832], [19.792949, 41.322719], [19.79267, 41.322644], [19.792286, 41.32254], [19.792039, 41.322476], [19.791994, 41.322464], [19.791527, 41.322333], [19.79129, 41.322272], [19.790615, 41.322097], [19.790485, 41.322063], [19.790164, 41.321977], [19.789702, 41.321914], [19.789592, 41.321881], [19.789558, 41.32189], [19.789392, 41.321896], [19.789312, 41.321875], [19.789187, 41.321793], [19.789166, 41.321764], [19.789145, 41.321736], [19.788914, 41.321587], [19.788711, 41.321487], [19.788536, 41.321411], [19.788163, 41.321282], [19.787698, 41.321104], [19.787126, 41.320909], [19.787126, 41.320908], [19.786496, 41.320694], [19.7856435, 41.320406], [19.784791, 41.320118], [19.78396, 41.319831], [19.783874, 41.31987], [19.783706, 41.320029], [19.783544, 41.320226], [19.783462, 41.320367], [19.783405, 41.320586], [19.783414, 41.320681], [19.783475, 41.320816], [19.783571, 41.320975], [19.783608, 41.321079], [19.783611, 41.321131], [19.783589, 41.321239], [19.783539, 41.321369], [19.783325, 41.321673], [19.783073, 41.322047], [19.782829, 41.32241], [19.782662, 41.322642], [19.782523, 41.322729], [19.782437, 41.322764], [19.782244, 41.322842], [19.782003, 41.322929], [19.781836, 41.32298], [19.781684, 41.323027], [19.781386, 41.323094], [19.780668, 41.3232], [19.780203, 41.323257], [19.780026, 41.323286], [19.77993, 41.323301], [19.779266, 41.323401], [19.779061, 41.323431], [19.779034, 41.323435], [19.778954, 41.323447], [19.778581, 41.323503], [19.778142, 41.323568], [19.777767, 41.323624], [19.777677, 41.323637], [19.776852, 41.32376], [19.776795, 41.323769], [19.776685, 41.323786], [19.776545, 41.323807], [19.776439, 41.323835], [19.776174, 41.32395], [19.775528, 41.324242], [19.774682, 41.324626], [19.774272, 41.324812], [19.774218, 41.324872], [19.774187, 41.324917], [19.774158, 41.324959], [19.774117, 41.325048], [19.774097, 41.325103], [19.774119, 41.325253], [19.774211, 41.325303], [19.774251, 41.325383], [19.774223, 41.325468], [19.774183, 41.325503], [19.774072, 41.325538], [19.773939, 41.325656], [19.77391, 41.325753], [19.773894, 41.32581], [19.773832, 41.326028], [19.773821, 41.32606], [19.773783, 41.326282], [19.773801, 41.326524], [19.773804, 41.326554], [19.773851, 41.326927], [19.773882, 41.327173], [19.77391, 41.32739], [19.773913, 41.327413], [19.774019, 41.328293], [19.774029, 41.328371], [19.774024, 41.328402], [19.773988, 41.328667], [19.773903, 41.328861], [19.773571, 41.329403], [19.773284, 41.329913], [19.773272, 41.329933], [19.772933, 41.33045], [19.77264, 41.330848], [19.77197401, 41.3314195], [19.771308, 41.331991], [19.771138, 41.332171], [19.771039, 41.33236], [19.770937, 41.332684], [19.770852, 41.332879], [19.770775, 41.333009], [19.770603, 41.333214], [19.770322, 41.333514], [19.770246, 41.333593], [19.770015, 41.333833], [19.769964, 41.333885], [19.769797, 41.33401], [19.769406, 41.334123], [19.768942, 41.334254], [19.768767, 41.334316], [19.768653, 41.334387], [19.768145, 41.334924], [19.768037, 41.335036], [19.767185, 41.335721], [19.767017, 41.335855], [19.766898, 41.33595], [19.766601, 41.336188], [19.76596, 41.336691], [19.765757, 41.336859], [19.765022, 41.337418], [19.764827, 41.337566], [19.764789, 41.337595], [19.764561, 41.337763], [19.764391, 41.337889], [19.763906, 41.338263], [19.763905, 41.338264], [19.763372, 41.338714], [19.763744, 41.339039], [19.764355, 41.339589], [19.76494399, 41.3401535], [19.765533, 41.340718]]}}, {"type": "Feature", "properties": {"route_id": "14", "route_short_name": "9B", "route_long_name": "Vilat gjermane \u2013 Jordan Misja", "route_color": "#9E9D24", "route_text_color": "#FFFFFF", "shape_id": "14_0", "direction": "0", "corridor_group": "corridor_2", "requested_offset_meters": 6.285714285714286, "offset_meters": 1.785714286, "debug": false}, "geometry": {"type": "LineString", "coordinates": [[19.8533275, 41.3210306], [19.85330918, 41.32103747], [19.85318395, 41.32111753], [19.85302295, 41.32125754], [19.85290105, 41.32133555], [19.85232213, 41.32156074], [19.8519414, 41.32171224], [19.851682, 41.32178181], [19.8511168, 41.32192611], [19.85021342, 41.32226425], [19.85011687, 41.32229213], [19.85007118, 41.32230735], [19.85003228, 41.32232102], [19.84998639, 41.32234532], [19.84987553, 41.32236798], [19.84999761, 41.32237868], [19.85005372, 41.32234898], [19.85008882, 41.32233665], [19.85013313, 41.32232187], [19.85023862, 41.32229143], [19.85036179, 41.32204296], [19.85025634, 41.32183307], [19.85007678, 41.32132533], [19.84993243, 41.32078803], [19.84971193, 41.32041986], [19.84956366, 41.32030351], [19.84944749, 41.32024696], [19.84922889, 41.32016684], [19.84912116, 41.32007991], [19.84906534, 41.31992784], [19.84906634, 41.3197011], [19.84904101, 41.31953595], [19.84893778, 41.31924954], [19.84883567, 41.31912451], [19.84859412, 41.31900526], [19.84843437, 41.31893694], [19.84799037, 41.31875453], [19.84755176, 41.31861101], [19.84722726, 41.31852587], [19.84696933, 41.31845288], [19.84691612, 41.31838784], [19.84674942, 41.31832116], [19.84666505, 41.31830007], [19.8465479, 41.31829493], [19.84634727, 41.31829098], [19.84601781, 41.31821974], [19.84584194, 41.31816836], [19.84577413, 41.31814084], [19.8456729, 41.3180996], [19.8456558, 41.31806774], [19.84567221, 41.31795724], [19.8451625, 41.31784846], [19.84487631, 41.31779442], [19.84470055, 41.31775947], [19.84427197, 41.31767056], [19.84336296, 41.31745956], [19.84296156, 41.31737647], [19.84288558, 41.31736128], [19.84267725, 41.31733384], [19.84228088, 41.31735085], [19.84143115, 41.3172612], [19.84102307, 41.31718215], [19.84092503, 41.31713036], [19.84089701, 41.31708366], [19.84095848, 41.31676439], [19.84094375, 41.31664972], [19.84090143, 41.31659824], [19.84082421, 41.31656304], [19.84033069, 41.31655295], [19.84016223, 41.3165362], [19.83998479, 41.31649952], [19.83987487, 41.31647554], [19.83909065, 41.31630828], [19.83895037, 41.31629087], [19.83883306, 41.31629401], [19.83872459, 41.31632217], [19.83836356, 41.31646274], [19.83824359, 41.31654772], [19.83819123, 41.31656793], [19.83779465, 41.31665022], [19.83749885, 41.31668188], [19.83738588, 41.31667898], [19.83717907, 41.31664156], [19.83692122, 41.3165726], [19.83683456, 41.31655589], [19.83659519, 41.31655795], [19.83640982, 41.31660786], [19.83583157, 41.31676392], [19.83560055, 41.31683093], [19.83497707, 41.31700051], [19.83477301, 41.31703419], [19.83453552, 41.31706313], [19.83443779, 41.31707557], [19.83428233, 41.31692971], [19.83410393, 41.31681628], [19.83393931, 41.31678587], [19.83350607, 41.3167941], [19.8334727, 41.31682302], [19.83313854, 41.31694796], [19.83301032, 41.31700891], [19.83284058, 41.31728273], [19.83268545, 41.31744082], [19.83263145, 41.31748615], [19.83240673, 41.31761624], [19.83197387, 41.31777446], [19.83160992, 41.31790144], [19.83153514, 41.31792837], [19.8310038, 41.31810314], [19.83088873, 41.3181737], [19.83088506, 41.31819937], [19.83084915, 41.31827488], [19.83073477, 41.3183371], [19.8306353, 41.31833979], [19.83053467, 41.31830492], [19.83039034, 41.31830492], [19.82931475, 41.31867685], [19.82904819, 41.31880564], [19.82893104, 41.31884108], [19.82866801, 41.31892109], [19.828186, 41.31906809], [19.82745155, 41.31929223], [19.82719491, 41.31938079], [19.82705652, 41.31944537], [19.82683787, 41.31961543], [19.82663972, 41.31980753], [19.82622358, 41.32047133], [19.82590046, 41.32102654], [19.82571251, 41.32134945], [19.82569149, 41.3213845], [19.82562841, 41.32149462], [19.82548346, 41.32174755], [19.8254235, 41.32184947], [19.82536131, 41.3219548], [19.82531622, 41.32204196], [19.82496505, 41.32267228], [19.82485775, 41.32290915], [19.82484665, 41.32326636], [19.82488779, 41.32372093], [19.82490903, 41.32381299], [19.82492522, 41.32387268], [19.82499937, 41.32408309], [19.82506634, 41.32427702], [19.82516628, 41.32457085], [19.82522319, 41.32475255], [19.82526447, 41.32489604], [19.82525387, 41.32498951], [19.82523121, 41.32506438], [19.82512822, 41.32539635], [19.82509126, 41.32551623], [19.82479554, 41.32640838], [19.8247156, 41.3265801], [19.82466891, 41.32663822], [19.82456063, 41.32672504], [19.82430141, 41.32687543], [19.82395885, 41.32701265], [19.82374044, 41.32704371], [19.82359798, 41.32710623], [19.82351292, 41.32714625], [19.82301944, 41.32736602], [19.82269382, 41.32750069], [19.82260776, 41.32755601], [19.82251103, 41.32762454], [19.8224464, 41.3276748], [19.82231231, 41.32782312], [19.82205539, 41.32825466], [19.82187627, 41.328584], [19.82128225, 41.32847141], [19.82102325, 41.32842141], [19.82092832, 41.32840342], [19.82046418, 41.32831122], [19.82009621, 41.32950837], [19.81997024, 41.32991927], [19.81994089, 41.33000929], [19.81989522, 41.33007551], [19.82029793, 41.33041041], [19.82042155, 41.33049409], [19.82042077, 41.3305424], [19.82036953, 41.33058226], [19.82003826, 41.33059485], [19.81966558, 41.33054714], [19.81955665, 41.33053315], [19.81904776, 41.33046517], [19.81804973, 41.33032916], [19.81793033, 41.33031348], [19.81747211, 41.33196971], [19.81713612, 41.33317769], [19.81708613, 41.33335664], [19.81672608, 41.33461183], [19.816703, 41.33470515], [19.81670002, 41.33471804], [19.8165661, 41.33522075], [19.81644417, 41.33565352], [19.81636633, 41.33590699], [19.81634292, 41.33596915], [19.81621846, 41.33594927], [19.81575144, 41.33587327], [19.81478339, 41.33572026], [19.81377047, 41.33555927], [19.81256956, 41.33536229], [19.81239235, 41.33533294], [19.81236021, 41.33542936], [19.81223913, 41.33585764], [19.81193319, 41.33693342], [19.81191622, 41.33698633], [19.81188219, 41.33709943], [19.81177033, 41.33746898], [19.81164989, 41.33778351], [19.81144519, 41.338134], [19.81140204, 41.3382233], [19.81135607, 41.33831124], [19.81113106, 41.33876626], [19.81089611, 41.33921917], [19.81082303, 41.33936133], [19.81071123, 41.33959198], [19.81065081, 41.33988805], [19.81062082, 41.34013896], [19.81056021, 41.34041518], [19.81044409, 41.34068413], [19.81031762, 41.34089126], [19.810276, 41.34095902], [19.80994622, 41.34123317], [19.80975174, 41.34139357], [19.80962708, 41.34151215], [19.80945272, 41.34175807], [19.80933424, 41.34196992], [19.80928998, 41.34205442], [19.80913942, 41.34238365], [19.80905307, 41.34268186], [19.80897309, 41.34301677], [19.80889148, 41.34328348], [19.8087721, 41.34353617], [19.80865731, 41.3437408], [19.80862328, 41.34380285], [19.80851311, 41.34400316], [19.80830081, 41.34444178], [19.80817466, 41.34473713], [19.80805668, 41.34502009], [19.80783262, 41.34553621], [19.80776955, 41.3456964], [19.80755162, 41.34624422], [19.8072101, 41.34704009], [19.80718762, 41.34707626], [19.80715592, 41.34712876], [19.8071319, 41.34716144], [19.8069659, 41.3473385], [19.80692901, 41.34741555], [19.80694215, 41.34747277], [19.80661916, 41.34745147], [19.8066588, 41.34743456], [19.80671951, 41.34742055]]}}, {"type": "Feature", "properties": {"route_id": "14", "route_short_name": "9B", "route_long_name": "Vilat gjermane \u2013 Jordan Misja", "route_color": "#9E9D24", "route_text_color": "#FFFFFF", "shape_id": "14_0", "direction": "0", "corridor_group": "corridor_2", "offset_meters": 0, "debug": true}, "geometry": {"type": "LineString", "coordinates": [[19.853337, 41.321045], [19.853321, 41.321051], [19.853199, 41.321129], [19.853038, 41.321269], [19.852913, 41.321349], [19.852332, 41.321575], [19.85195, 41.321727], [19.851689, 41.321797], [19.851125, 41.321941], [19.850222, 41.322279], [19.850125, 41.322307], [19.85008, 41.322322], [19.850043, 41.322335], [19.849992, 41.322362], [19.849878, 41.322352], [19.849992, 41.322362], [19.850043, 41.322335], [19.85008, 41.322322], [19.850125, 41.322307], [19.850222, 41.322279], [19.850339, 41.322043], [19.850236, 41.321838], [19.850056, 41.321329], [19.849912, 41.320793], [19.849694, 41.320429], [19.84955, 41.320316], [19.849437, 41.320261], [19.849216, 41.32018], [19.849102, 41.320088], [19.849044, 41.31993], [19.849045, 41.319702], [19.84902, 41.319539], [19.848918, 41.319256], [19.84882, 41.319136], [19.848583, 41.319019], [19.848424, 41.318951], [19.847981, 41.318769], [19.847544, 41.318626], [19.84722, 41.318541], [19.846955, 41.318466], [19.846901, 41.3184], [19.846741, 41.318336], [19.846661, 41.318316], [19.846547, 41.318311], [19.846344, 41.318307], [19.846011, 41.318235], [19.845833, 41.318183], [19.845764, 41.318155], [19.845656, 41.318111], [19.845634, 41.31807], [19.845649, 41.317969], [19.845157, 41.317864], [19.844871, 41.31781], [19.844695, 41.317775], [19.844266, 41.317686], [19.843357, 41.317475], [19.842956, 41.317392], [19.842881, 41.317377], [19.842676, 41.31735], [19.84228, 41.317367], [19.841427, 41.317277], [19.841014, 41.317197], [19.840908, 41.317141], [19.840875, 41.317086], [19.840937, 41.316764], [19.840923, 41.316655], [19.840886, 41.31661], [19.840818, 41.316579], [19.840329, 41.316569], [19.840158, 41.316552], [19.839979, 41.316515], [19.839869, 41.316491], [19.839086, 41.316324], [19.838949, 41.316307], [19.838837, 41.31631], [19.838733, 41.316337], [19.838376, 41.316476], [19.838256, 41.316561], [19.838199, 41.316583], [19.837799, 41.316666], [19.8375, 41.316698], [19.837383, 41.316695], [19.837173, 41.316657], [19.836915, 41.316588], [19.836832, 41.316572], [19.836599, 41.316574], [19.836417, 41.316623], [19.835839, 41.316779], [19.835608, 41.316846], [19.834983, 41.317016], [19.834777, 41.31705], [19.834539, 41.317079], [19.834429, 41.317093], [19.834267, 41.316941], [19.834094, 41.316831], [19.833937, 41.316802], [19.833516, 41.31681], [19.833486, 41.316836], [19.833149, 41.316962], [19.833027, 41.31702], [19.832859, 41.317291], [19.832702, 41.317451], [19.832646, 41.317498], [19.832418, 41.31763], [19.831983, 41.317789], [19.831619, 41.317916], [19.831544, 41.317943], [19.831015, 41.318117], [19.830909, 41.318182], [19.830906, 41.318203], [19.830867, 41.318285], [19.830742, 41.318353], [19.830631, 41.318356], [19.83053, 41.318321], [19.830395, 41.318321], [19.829325, 41.318691], [19.829058, 41.31882], [19.828939, 41.318856], [19.828676, 41.318936], [19.828194, 41.319083], [19.82746, 41.319307], [19.827205, 41.319395], [19.82707, 41.319458], [19.826854, 41.319626], [19.826658, 41.319816], [19.826243, 41.320478], [19.82592, 41.321033], [19.825732, 41.321356], [19.825711, 41.321391], [19.825648, 41.321501], [19.825503, 41.321754], [19.825443, 41.321856], [19.825381, 41.321961], [19.825336, 41.322048], [19.824985, 41.322678], [19.824879, 41.322912], [19.824868, 41.323266], [19.824909, 41.323719], [19.82493, 41.32381], [19.824946, 41.323869], [19.82502, 41.324079], [19.825087, 41.324273], [19.825187, 41.324567], [19.825244, 41.324749], [19.825286, 41.324895], [19.825275, 41.324992], [19.825252, 41.325068], [19.825149, 41.3254], [19.825112, 41.32552], [19.824816, 41.326413], [19.824735, 41.326587], [19.824686, 41.326648], [19.824575, 41.326737], [19.824313, 41.326889], [19.823966, 41.327028], [19.823748, 41.327059], [19.823609, 41.32712], [19.823524, 41.32716], [19.82303, 41.32738], [19.822706, 41.327514], [19.822622, 41.327568], [19.822526, 41.327636], [19.822463, 41.327685], [19.822331, 41.327831], [19.822075, 41.328261], [19.821889, 41.328603], [19.821277, 41.328487], [19.821018, 41.328437], [19.820923, 41.328419], [19.82048, 41.328331], [19.820117, 41.329512], [19.819991, 41.329923], [19.819961, 41.330015], [19.819921, 41.330073], [19.820313, 41.330399], [19.820443, 41.330487], [19.820442, 41.330549], [19.820379, 41.330598], [19.820037, 41.330611], [19.819662, 41.330563], [19.819553, 41.330549], [19.819044, 41.330481], [19.818046, 41.330345], [19.817947, 41.330332], [19.817493, 41.331973], [19.817157, 41.333181], [19.817107, 41.33336], [19.816747, 41.334615], [19.816724, 41.334708], [19.816721, 41.334721], [19.816587, 41.335224], [19.816465, 41.335657], [19.816387, 41.335911], [19.816358, 41.335988], [19.816214, 41.335965], [19.815747, 41.335889], [19.814779, 41.335736], [19.813766, 41.335575], [19.812565, 41.335378], [19.812408, 41.335352], [19.812381, 41.335433], [19.81226, 41.335861], [19.811954, 41.336937], [19.811937, 41.33699], [19.811903, 41.337103], [19.811791, 41.337473], [19.81167, 41.337789], [19.811465, 41.33814], [19.811422, 41.338229], [19.811376, 41.338317], [19.811151, 41.338772], [19.810916, 41.339225], [19.810843, 41.339367], [19.810732, 41.339596], [19.810672, 41.33989], [19.810642, 41.340141], [19.810581, 41.340419], [19.810464, 41.34069], [19.810337, 41.340898], [19.810294, 41.340968], [19.809962, 41.341244], [19.809768, 41.341404], [19.809645, 41.341521], [19.809472, 41.341765], [19.809354, 41.341976], [19.80931, 41.34206], [19.80916, 41.342388], [19.809074, 41.342685], [19.808994, 41.34302], [19.808912, 41.343288], [19.808792, 41.343542], [19.808677, 41.343747], [19.808643, 41.343809], [19.808533, 41.344009], [19.808321, 41.344447], [19.808195, 41.344742], [19.808077, 41.345025], [19.807853, 41.345541], [19.80779, 41.345701], [19.807572, 41.346249], [19.80723, 41.347046], [19.807207, 41.347083], [19.807175, 41.347136], [19.80715, 41.34717], [19.806985, 41.347346], [19.806951, 41.347417], [19.806968, 41.347491], [19.806578, 41.34746], [19.806649, 41.34742], [19.80671326, 41.34740517]]}}, {"type": "Feature", "properties": {"route_id": "14", "route_short_name": "9B", "route_long_name": "Vilat gjermane \u2013 Jordan Misja", "route_color": "#9E9D24", "route_text_color": "#FFFFFF", "shape_id": "14_1", "direction": "1", "corridor_group": "corridor_2", "requested_offset_meters": 6.285714285714286, "offset_meters": 3.785714286, "debug": false}, "geometry": {"type": "LineString", "coordinates": [[19.80672658, 41.34743776], [19.80672731, 41.34743759], [19.80685161, 41.34740875], [19.80701258, 41.34737567], [19.80718838, 41.34718815], [19.80721544, 41.34715135], [19.80724808, 41.34709729], [19.80727218, 41.34705853], [19.8076152, 41.34625913], [19.80789617, 41.34555121], [19.80794399, 41.34544162], [19.80812009, 41.3450354], [19.80823812, 41.34475233], [19.8083638, 41.34445807], [19.80857517, 41.34402138], [19.80868477, 41.3438221], [19.80875571, 41.34369422], [19.80883418, 41.34355437], [19.8089555, 41.34329758], [19.80903833, 41.34302685], [19.80911838, 41.34269166], [19.80920364, 41.34239722], [19.80935245, 41.34207182], [19.80939589, 41.34198888], [19.80951288, 41.34177969], [19.80968299, 41.34153977], [19.80980247, 41.34142611], [19.80999546, 41.34126695], [19.81033213, 41.34098707], [19.81040608, 41.34086729], [19.81050622, 41.34070241], [19.81062508, 41.3404271], [19.81068691, 41.34014532], [19.81071693, 41.33989413], [19.81077603, 41.33960452], [19.81088531, 41.33937908], [19.81098714, 41.33918341], [19.81119328, 41.33878414], [19.81141825, 41.3383292], [19.81146431, 41.33824108], [19.811507, 41.33815272], [19.81171263, 41.33780065], [19.81183482, 41.33748153], [19.81194709, 41.33711064], [19.81199818, 41.33694433], [19.81201626, 41.33687906], [19.81230424, 41.33586813], [19.81242507, 41.33544071], [19.81245168, 41.33536089], [19.81246775, 41.33531901], [19.81548758, 41.33580735], [19.81576703, 41.33585185], [19.81604025, 41.33580809], [19.81634201, 41.33566533], [19.8163602, 41.33560427], [19.81645625, 41.33526309], [19.81666127, 41.334537], [19.8170007, 41.33330045], [19.8170257, 41.33313945], [19.81755929, 41.33119892], [19.81781351, 41.33027542], [19.81693202, 41.33014005], [19.81678398, 41.33010114], [19.81665002, 41.33003605], [19.81660083, 41.33000105], [19.81650057, 41.32993164], [19.8163694, 41.32978419], [19.81617305, 41.32939939], [19.81602458, 41.32898718], [19.81611834, 41.32866877], [19.81623244, 41.32819934], [19.81626043, 41.32809139], [19.81632838, 41.3278166], [19.81636226, 41.32769403], [19.81637532, 41.32764784], [19.81646331, 41.32730986], [19.81657822, 41.32690619], [19.81659925, 41.32683309], [19.81664425, 41.32667006], [19.81681423, 41.32607512], [19.81693693, 41.32563824], [19.81733682, 41.32570039], [19.81900582, 41.32596239], [19.81905167, 41.32596952], [19.81886527, 41.3266594], [19.81888159, 41.32677251], [19.8190739, 41.3269357], [19.81924893, 41.32713957], [19.81939125, 41.32719121], [19.82061879, 41.32729787], [19.8218828, 41.32740887], [19.82247897, 41.32746045], [19.82264174, 41.32750249], [19.8226912, 41.32755901], [19.82305239, 41.32740963], [19.82354748, 41.32718914], [19.82363236, 41.3271492], [19.82377415, 41.32708698], [19.82393287, 41.32698615], [19.82426313, 41.32684647], [19.82450086, 41.32670651], [19.82464348, 41.32657445], [19.82473815, 41.32639446], [19.82505182, 41.32544844], [19.8250868, 41.3253475], [19.82519923, 41.32501325], [19.82522099, 41.32492292], [19.82517309, 41.32472922], [19.8250626, 41.32443492], [19.82487037, 41.32389709], [19.8248601, 41.32384384], [19.82485421, 41.32373502], [19.82485322, 41.32369023], [19.82483723, 41.32326265], [19.82484019, 41.32296678], [19.82488451, 41.32281264], [19.82495398, 41.32267272], [19.82535878, 41.32196307], [19.82541966, 41.32184829], [19.82574932, 41.32129187], [19.82590236, 41.3210318], [19.82622838, 41.32047476], [19.82662527, 41.31979637], [19.82682698, 41.31959466], [19.82705147, 41.31943113], [19.82744782, 41.31928103], [19.8284693, 41.3189625], [19.82905295, 41.31878005], [19.82921562, 41.31869363], [19.82935899, 41.31862936], [19.82948562, 41.31857341], [19.83037038, 41.3182795], [19.83048671, 41.3181885], [19.83049923, 41.31814187], [19.83051729, 41.31811327], [19.83058547, 41.31806384], [19.83062216, 41.31805184], [19.83071662, 41.31804929], [19.83077235, 41.31806296], [19.83113989, 41.31801898], [19.83177356, 41.3178081], [19.83223936, 41.31764713], [19.8325263, 41.31751391], [19.83266946, 41.31740523], [19.83278557, 41.317286], [19.83286451, 41.31717038], [19.83284792, 41.31706255], [19.83277126, 41.31695566], [19.83258614, 41.31676703], [19.83272729, 41.31669348], [19.83281811, 41.31668946], [19.83295738, 41.31672872], [19.83323557, 41.31681609], [19.83333746, 41.31683994], [19.83351587, 41.31684411], [19.8339321, 41.3168362], [19.83407294, 41.31686222], [19.83423449, 41.31696493], [19.83441026, 41.31712985], [19.83469634, 41.31709464], [19.83478554, 41.31708349], [19.83499556, 41.31704883], [19.8356238, 41.31687795], [19.83585476, 41.31681096], [19.83625323, 41.3167031], [19.83660707, 41.31660803], [19.83682656, 41.31660615], [19.83690181, 41.31662065], [19.83716013, 41.31668974], [19.83737689, 41.31672896], [19.83750243, 41.31673218], [19.83780822, 41.31669945], [19.83821548, 41.31661495], [19.8382823, 41.31658915], [19.83840236, 41.31650411], [19.83875083, 41.31636843], [19.83884535, 41.31634389], [19.8389461, 41.3163412], [19.83907611, 41.31635733], [19.83973584, 41.31649884], [19.83985693, 41.31652386], [19.8401489, 41.31658549], [19.84032542, 41.31660304], [19.84080483, 41.31661284], [19.84085329, 41.31663493], [19.840879, 41.3166662], [19.84089146, 41.31676318], [19.84082834, 41.31709097], [19.8408719, 41.31716356], [19.84099478, 41.31722848], [19.84141821, 41.3173105], [19.84227816, 41.31740123], [19.84264831, 41.31738505], [19.84267307, 41.31738423], [19.84287113, 41.31741031], [19.84334439, 41.31750775], [19.84425334, 41.31771874], [19.84468323, 41.31780792], [19.84485974, 41.31784302], [19.84514538, 41.31789696], [19.84551261, 41.31797479], [19.84559981, 41.31799378], [19.84558778, 41.31807478], [19.84562018, 41.31813517], [19.84581402, 41.31821402], [19.84599657, 41.31826735], [19.84633706, 41.31834097], [19.8465451, 41.31834507], [19.84665242, 41.31834978], [19.84672316, 41.31836746], [19.84686895, 41.31842578], [19.84692463, 41.31849382], [19.84720462, 41.31857307], [19.84752754, 41.31865778], [19.84796114, 41.31879967], [19.84840202, 41.3189808], [19.84855943, 41.31904812], [19.84878678, 41.31916036], [19.84887607, 41.31926969], [19.84897546, 41.31954546], [19.84899976, 41.31970391], [19.84899875, 41.31993458], [19.84906137, 41.32010516], [19.84918868, 41.3202079], [19.84941477, 41.32029076], [19.84952104, 41.32034249], [19.84965599, 41.32044839], [19.84986868, 41.32080353], [19.85001194, 41.32133678], [19.85019289, 41.32184846], [19.85029068, 41.32204308], [19.85018677, 41.32225266], [19.85010776, 41.32227547], [19.8500613, 41.32229095], [19.85002027, 41.32230537], [19.84998011, 41.32232663], [19.84987277, 41.32238587], [19.85000389, 41.32239737], [19.85006573, 41.32236463], [19.8500987, 41.32235305], [19.85014224, 41.32233853], [19.85024019, 41.32231026], [19.85114239, 41.32197256], [19.85170384, 41.32182921], [19.85196823, 41.3217583], [19.85235293, 41.32160523], [19.85293833, 41.32137751], [19.85306991, 41.32129331], [19.8532309, 41.32115331], [19.85334606, 41.32107968], [19.85335714, 41.32107553]]}}, {"type": "Feature", "properties": {"route_id": "14", "route_short_name": "9B", "route_long_name": "Vilat gjermane \u2013 Jordan Misja", "route_color": "#9E9D24", "route_text_color": "#FFFFFF", "shape_id": "14_1", "direction": "1", "corridor_group": "corridor_2", "offset_meters": 0, "debug": true}, "geometry": {"type": "LineString", "coordinates": [[19.80671326, 41.34740517], [19.806714, 41.347405], [19.806839, 41.347376], [19.806985, 41.347346], [19.80715, 41.34717], [19.807175, 41.347136], [19.807207, 41.347083], [19.80723, 41.347046], [19.807572, 41.346249], [19.807853, 41.345541], [19.807901, 41.345431], [19.808077, 41.345025], [19.808195, 41.344742], [19.808321, 41.344447], [19.808533, 41.344009], [19.808643, 41.343809], [19.808714, 41.343681], [19.808792, 41.343542], [19.808912, 41.343288], [19.808994, 41.34302], [19.809074, 41.342685], [19.80916, 41.342388], [19.80931, 41.34206], [19.809354, 41.341976], [19.809472, 41.341765], [19.809645, 41.341521], [19.809768, 41.341404], [19.809962, 41.341244], [19.810294, 41.340968], [19.810365, 41.340853], [19.810464, 41.34069], [19.810581, 41.340419], [19.810642, 41.340141], [19.810672, 41.33989], [19.810732, 41.339596], [19.810843, 41.339367], [19.810945, 41.339171], [19.811151, 41.338772], [19.811376, 41.338317], [19.811422, 41.338229], [19.811465, 41.33814], [19.81167, 41.337789], [19.811791, 41.337473], [19.811903, 41.337103], [19.811954, 41.336937], [19.811972, 41.336872], [19.81226, 41.335861], [19.812381, 41.335433], [19.812408, 41.335352], [19.812436, 41.335279], [19.815497, 41.335774], [19.815767, 41.335817], [19.816023, 41.335776], [19.816302, 41.335644], [19.816316, 41.335597], [19.816412, 41.335256], [19.816617, 41.33453], [19.816956, 41.333295], [19.816981, 41.333134], [19.817515, 41.331192], [19.81776, 41.330302], [19.81692, 41.330173], [19.816764, 41.330132], [19.816622, 41.330063], [19.81657, 41.330026], [19.816466, 41.329954], [19.816329, 41.3298], [19.81613, 41.32941], [19.815978, 41.328988], [19.816074, 41.328662], [19.816188, 41.328193], [19.816216, 41.328085], [19.816284, 41.32781], [19.816318, 41.327687], [19.816331, 41.327641], [19.816419, 41.327303], [19.816534, 41.326899], [19.816555, 41.326826], [19.8166, 41.326663], [19.81677, 41.326068], [19.816902, 41.325598], [19.817346, 41.325667], [19.819015, 41.325929], [19.819105, 41.325943], [19.818911, 41.326661], [19.818925, 41.326758], [19.81911, 41.326915], [19.81928, 41.327113], [19.819404, 41.327158], [19.820624, 41.327264], [19.821888, 41.327375], [19.822489, 41.327427], [19.822671, 41.327474], [19.822706, 41.327514], [19.82303, 41.32738], [19.823524, 41.32716], [19.823609, 41.32712], [19.823748, 41.327059], [19.823907, 41.326958], [19.824238, 41.326818], [19.824469, 41.326682], [19.824604, 41.326557], [19.824695, 41.326384], [19.825008, 41.32544], [19.825043, 41.325339], [19.825155, 41.325006], [19.825175, 41.324923], [19.825129, 41.324737], [19.825019, 41.324444], [19.824826, 41.323904], [19.824815, 41.323847], [19.824809, 41.323736], [19.824808, 41.323691], [19.824792, 41.323263], [19.824795, 41.322963], [19.824841, 41.322803], [19.824912, 41.32266], [19.825317, 41.32195], [19.825378, 41.321835], [19.825708, 41.321278], [19.825861, 41.321018], [19.826187, 41.320461], [19.826586, 41.319779], [19.826793, 41.319572], [19.827025, 41.319403], [19.827429, 41.31925], [19.828452, 41.318931], [19.829031, 41.31875], [19.829191, 41.318665], [19.829336, 41.3186], [19.829465, 41.318543], [19.830344, 41.318251], [19.830445, 41.318172], [19.830456, 41.318131], [19.83048, 41.318093], [19.83056, 41.318035], [19.830612, 41.318018], [19.830723, 41.318015], [19.830776, 41.318028], [19.831127, 41.317986], [19.831755, 41.317777], [19.832218, 41.317617], [19.832498, 41.317487], [19.832635, 41.317383], [19.832747, 41.317268], [19.832818, 41.317164], [19.832804, 41.317073], [19.832733, 41.316974], [19.832522, 41.316759], [19.832712, 41.31666], [19.832825, 41.316655], [19.832974, 41.316697], [19.833251, 41.316784], [19.833345, 41.316806], [19.833516, 41.31681], [19.833937, 41.316802], [19.834094, 41.316831], [19.834267, 41.316941], [19.834429, 41.317093], [19.834689, 41.317061], [19.834777, 41.31705], [19.834983, 41.317016], [19.835608, 41.316846], [19.835839, 41.316779], [19.836238, 41.316671], [19.836599, 41.316574], [19.836832, 41.316572], [19.836915, 41.316588], [19.837173, 41.316657], [19.837383, 41.316695], [19.8375, 41.316698], [19.837799, 41.316666], [19.838199, 41.316583], [19.838256, 41.316561], [19.838376, 41.316476], [19.838733, 41.316337], [19.838837, 41.31631], [19.838949, 41.316307], [19.839086, 41.316324], [19.839748, 41.316466], [19.839869, 41.316491], [19.840158, 41.316552], [19.840329, 41.316569], [19.840818, 41.316579], [19.840886, 41.31661], [19.840923, 41.316655], [19.840937, 41.316764], [19.840875, 41.317086], [19.840908, 41.317141], [19.841014, 41.317197], [19.841427, 41.317277], [19.84228, 41.317367], [19.842646, 41.317351], [19.842676, 41.31735], [19.842881, 41.317377], [19.843357, 41.317475], [19.844266, 41.317686], [19.844695, 41.317775], [19.844871, 41.31781], [19.845157, 41.317864], [19.845525, 41.317942], [19.845649, 41.317969], [19.845634, 41.31807], [19.845656, 41.318111], [19.845833, 41.318183], [19.846011, 41.318235], [19.846344, 41.318307], [19.846547, 41.318311], [19.846661, 41.318316], [19.846741, 41.318336], [19.846901, 41.3184], [19.846955, 41.318466], [19.84722, 41.318541], [19.847544, 41.318626], [19.847981, 41.318769], [19.848424, 41.318951], [19.848583, 41.319019], [19.84882, 41.319136], [19.848918, 41.319256], [19.84902, 41.319539], [19.849045, 41.319702], [19.849044, 41.31993], [19.849102, 41.320088], [19.849216, 41.32018], [19.849437, 41.320261], [19.84955, 41.320316], [19.849694, 41.320429], [19.849912, 41.320793], [19.850056, 41.321329], [19.850236, 41.321838], [19.850339, 41.322043], [19.850222, 41.322279], [19.850125, 41.322307], [19.85008, 41.322322], [19.850043, 41.322335], [19.849992, 41.322362], [19.849878, 41.322352], [19.849992, 41.322362], [19.850043, 41.322335], [19.85008, 41.322322], [19.850125, 41.322307], [19.850222, 41.322279], [19.851125, 41.321941], [19.851689, 41.321797], [19.85195, 41.321727], [19.852332, 41.321575], [19.852913, 41.321349], [19.853038, 41.321269], [19.853199, 41.321129], [19.853321, 41.321051], [19.853337, 41.321045]]}}, {"type": "Feature", "properties": {"route_id": "47", "route_short_name": "3C", "route_long_name": "Yrshek \u2013 Qend\u00ebr", "route_color": "#26C6DA", "route_text_color": "#000000", "shape_id": "47_0", "direction": "0", "corridor_group": "corridor_1", "requested_offset_meters": -20.0, "offset_meters": -1.75, "debug": false}, "geometry": {"type": "LineString", "coordinates": [[19.73851168, 41.35287389], [19.73857557, 41.35284993], [19.73890144, 41.35272398], [19.73957744, 41.35246198], [19.7407294, 41.35201665], [19.74121392, 41.35276046], [19.74143595, 41.35268645], [19.74157544, 41.3526453], [19.74177946, 41.3525863], [19.74187854, 41.35255727], [19.74235662, 41.35242225], [19.74257944, 41.35235859], [19.74276572, 41.35228566], [19.74291081, 41.3522016], [19.74309436, 41.35213163], [19.74316121, 41.35211137], [19.74322454, 41.35209227], [19.74377875, 41.35194076], [19.74385651, 41.35190383], [19.74388649, 41.35188835], [19.74403191, 41.35179971], [19.74408136, 41.35177004], [19.74415366, 41.35171952], [19.74424637, 41.35165273], [19.74435987, 41.35156711], [19.7444968, 41.35145417], [19.74477914, 41.3512369], [19.74498423, 41.35108284], [19.74518971, 41.35092848], [19.7455552, 41.35068716], [19.74581922, 41.35051214], [19.74585435, 41.35048905], [19.74604344, 41.350368], [19.74655244, 41.350041], [19.7465921, 41.35001558], [19.74683702, 41.349883], [19.74724453, 41.34976628], [19.74731893, 41.34974474], [19.74740401, 41.34970746], [19.74755818, 41.3495881], [19.74772545, 41.34949439], [19.74792533, 41.34938046], [19.74851279, 41.34904149], [19.74910029, 41.34870248], [19.74947734, 41.34848545], [19.75038738, 41.34796644], [19.75129751, 41.34744736], [19.75146261, 41.3473563], [19.75242795, 41.34681867], [19.75281556, 41.34656757], [19.75297618, 41.34643987], [19.75328356, 41.3462186], [19.75334754, 41.34617261], [19.75342478, 41.34611671], [19.75354734, 41.34605392], [19.75358976, 41.3460327], [19.75368266, 41.34596378], [19.75375633, 41.34592592], [19.75395837, 41.3458249], [19.75408475, 41.34576072], [19.75487629, 41.34517979], [19.75576419, 41.34450787], [19.75643166, 41.34400452], [19.7565097, 41.34395249], [19.7569073, 41.34365579], [19.75694628, 41.34362681], [19.75749134, 41.34321776], [19.75753234, 41.34318776], [19.75760415, 41.3431339], [19.75761722, 41.34312385], [19.75763631, 41.34310978], [19.75784925, 41.34294982], [19.75838829, 41.34254679], [19.75853226, 41.34243982], [19.75867025, 41.34233583], [19.75902928, 41.34206781], [19.75956877, 41.34166431], [19.76010826, 41.34126082], [19.76038727, 41.34105181], [19.76048224, 41.34098084], [19.76058027, 41.34090681], [19.76063826, 41.34086382], [19.76066002, 41.34084735], [19.76060736, 41.34076654], [19.76068964, 41.34082507], [19.76097231, 41.34061378], [19.76099531, 41.34059678], [19.76121403, 41.34043299], [19.76126806, 41.34038996], [19.76172212, 41.34005292], [19.76186432, 41.33994155], [19.76193309, 41.33987776], [19.76195789, 41.33985693], [19.76202754, 41.33978827], [19.76209065, 41.33972917], [19.76215425, 41.33966855], [19.76227646, 41.33953833], [19.76240115, 41.33942772], [19.76248923, 41.33935165], [19.7626094, 41.3392475], [19.76298491, 41.33893908], [19.76299341, 41.33893271], [19.76332698, 41.33869301], [19.76353178, 41.33852119], [19.76435219, 41.33789587], [19.76437629, 41.33787779], [19.76454636, 41.33775175], [19.76477426, 41.33758382], [19.76574085, 41.33684813], [19.76594487, 41.33668011], [19.76614198, 41.33653103], [19.76658477, 41.3361772], [19.76688278, 41.33593819], [19.76732075, 41.33558922], [19.76767474, 41.33530222], [19.76802084, 41.33502594], [19.76811787, 41.33492442], [19.76804441, 41.33486652], [19.76804603, 41.33481888], [19.76807559, 41.33484548], [19.76814266, 41.33489835], [19.76830983, 41.334722], [19.76854728, 41.33445749], [19.76863821, 41.33437577], [19.76875566, 41.33430261], [19.76893383, 41.33423847], [19.76939878, 41.33410821], [19.76947183, 41.33408819], [19.7696922, 41.33402737], [19.76978592, 41.33399645], [19.76987827, 41.33393873], [19.76992769, 41.33389513], [19.76994716, 41.33387565], [19.76999026, 41.33383055], [19.77002228, 41.33379953], [19.7702261, 41.33358772], [19.77032599, 41.33348483], [19.77058557, 41.33320528], [19.77075559, 41.33300145], [19.77079191, 41.33294256], [19.77083168, 41.33287296], [19.77085809, 41.33282309], [19.77101896, 41.33235446], [19.77108588, 41.33220744], [19.77111987, 41.33216315], [19.77115126, 41.33212163], [19.77121224, 41.33205455], [19.7712921, 41.33198076], [19.77152642, 41.33178349], [19.77183731, 41.33152158], [19.77262293, 41.33083878], [19.77274375, 41.3306833], [19.77291455, 41.33044259], [19.77300734, 41.33031088], [19.77325305, 41.32992633], [19.77326481, 41.32990674], [19.77332172, 41.3298029], [19.77355189, 41.32939559], [19.77374101, 41.3290884], [19.77388314, 41.32885418], [19.7738906, 41.328843], [19.77396743, 41.32866372], [19.77400417, 41.3284006], [19.77400702, 41.32837111], [19.77400417, 41.32834637], [19.77399817, 41.32829438], [19.77399117, 41.3282354], [19.77395118, 41.32789442], [19.77389219, 41.3274145], [19.77388919, 41.32739153], [19.77386119, 41.32717455], [19.77383317, 41.32696435], [19.77383116, 41.32694329], [19.77382117, 41.3268624], [19.77378615, 41.32655322], [19.77376104, 41.32628203], [19.77377123, 41.3261649], [19.77380062, 41.32605644], [19.77381164, 41.3260244], [19.77387249, 41.32580592], [19.77387963, 41.32577739], [19.7738858, 41.32576093], [19.77388964, 41.3257494], [19.77391679, 41.32565536], [19.77389627, 41.32554108], [19.77388787, 41.32549252], [19.77385549, 41.32545425], [19.77383989, 41.32540523], [19.77384543, 41.32535426], [19.77387096, 41.32530764], [19.77391523, 41.3252689], [19.77396447, 41.32524573], [19.77407754, 41.3250969], [19.77409693, 41.32504357], [19.77410919, 41.32501395], [19.77413852, 41.32495325], [19.77415409, 41.32492524], [19.77420327, 41.32485557], [19.77425773, 41.32480003], [19.77539884, 41.3242961], [19.77653926, 41.32379245], [19.77774605, 41.32361141], [19.77894947, 41.32343086], [19.77981037, 41.32330758], [19.78067109, 41.32318432], [19.78141739, 41.323072], [19.78184677, 41.32296797], [19.78223677, 41.32283409], [19.78249853, 41.32271943], [19.78265986, 41.32262815], [19.78308839, 41.32199965], [19.78351799, 41.32136958], [19.78359069, 41.32114643], [19.7835531, 41.32097528], [19.78345704, 41.32081948], [19.78339318, 41.32069966], [19.7833877, 41.32057668], [19.78344587, 41.32036031], [19.78353986, 41.32020533], [19.7836537, 41.32006165], [19.7837577, 41.31994893], [19.78386103, 41.31985892], [19.78394924, 41.31981599], [19.78404253, 41.31978677], [19.78421968, 41.31984966], [19.78433645, 41.31988858], [19.78448648, 41.31993859], [19.7847634, 41.32003156], [19.78488925, 41.32007252], [19.78556844, 41.32029158], [19.78612363, 41.32048165], [19.7865426, 41.32062463], [19.78670466, 41.32067965], [19.78750971, 41.32095867], [19.78756729, 41.32097853], [19.78762906, 41.32099745], [19.78769418, 41.3210185], [19.78780413, 41.32105348], [19.78787012, 41.32107448], [19.78801534, 41.32112055], [19.78836641, 41.32123957], [19.78850528, 41.32128453], [19.78865668, 41.321334], [19.78892001, 41.32138233], [19.78921935, 41.32139327], [19.78934645, 41.32140103], [19.78936825, 41.32139558], [19.7894614, 41.32138595], [19.78963862, 41.32142265], [19.78971307, 41.32146688], [19.78976898, 41.32152279], [19.78978504, 41.32154831], [19.78986806, 41.32160333], [19.79002111, 41.32171166], [19.79026177, 41.32183495], [19.79041774, 41.32188036], [19.79063075, 41.32194636], [19.79065445, 41.32195327], [19.79086234, 41.32201224], [19.79104335, 41.32206325], [19.79130332, 41.32213724], [19.79149995, 41.32219213], [19.79159903, 41.32221715], [19.79207569, 41.32235334], [19.79210457, 41.32236231], [19.79213358, 41.32237031], [19.79234264, 41.32243533], [19.79273732, 41.32254623], [19.79305628, 41.32263622], [19.79350616, 41.32276119], [19.79357623, 41.32278021], [19.79390034, 41.32287224], [19.79424534, 41.32296924], [19.79446733, 41.32303224], [19.79458131, 41.32306423], [19.79545132, 41.32330924], [19.79612532, 41.32349924], [19.79689225, 41.32371522], [19.79701928, 41.32375022], [19.79735034, 41.32384424], [19.79744641, 41.32387126], [19.79756351, 41.32390529], [19.79818537, 41.32408525], [19.79824638, 41.32410225], [19.79879456, 41.3242613], [19.79947366, 41.32446133], [19.80033075, 41.32471736], [19.80059185, 41.32479639], [19.8016809, 41.32513191], [19.80276988, 41.3254674], [19.80319289, 41.3255964], [19.80335798, 41.32564743], [19.80344107, 41.32567346], [19.80354504, 41.32570645], [19.80364804, 41.32573845], [19.80381505, 41.32579145], [19.80425813, 41.32592948], [19.80429815, 41.32594248], [19.804672, 41.32605944], [19.8052878, 41.32625137], [19.80535576, 41.32627136], [19.80543709, 41.32629646], [19.80547106, 41.32630746], [19.80631997, 41.32656743], [19.80667495, 41.32667942], [19.80688189, 41.3267424], [19.80776896, 41.32701742], [19.80779787, 41.3270264], [19.80784084, 41.32703939], [19.80812693, 41.32712742], [19.80846191, 41.32723141], [19.80860589, 41.3272754], [19.80921899, 41.32746443], [19.80963206, 41.32759446], [19.80968602, 41.32761144], [19.81001686, 41.32771439], [19.81016983, 41.32776039], [19.81078587, 41.3279504], [19.81110199, 41.32804643], [19.81127079, 41.32810037], [19.81142397, 41.32814414], [19.81151981, 41.32816785], [19.81172383, 41.32820647], [19.81213327, 41.32824424], [19.8122904, 41.32824424], [19.81238279, 41.32824026], [19.81290374, 41.32821727], [19.81300973, 41.32821227], [19.81354477, 41.32818827], [19.81365775, 41.32818327], [19.81400777, 41.32816727], [19.81523474, 41.32811427], [19.81559072, 41.32809727], [19.8156358, 41.32809526], [19.81606368, 41.32807727], [19.81619844, 41.32807013], [19.81621947, 41.32798603], [19.81624748, 41.32787796], [19.81631048, 41.32763795], [19.81639852, 41.32729984], [19.81657355, 41.32668171], [19.81674856, 41.3260637], [19.81684455, 41.32572773], [19.81685754, 41.32568077], [19.81688582, 41.32557941], [19.81704221, 41.32560356], [19.81760124, 41.32569057], [19.81800329, 41.32575357], [19.8188122, 41.32588256], [19.81901915, 41.32591355], [19.81912966, 41.32593074], [19.81897749, 41.32649214], [19.81893185, 41.3266628], [19.81892999, 41.32671115], [19.81894421, 41.32675115], [19.81896028, 41.32676806], [19.81912667, 41.32690539], [19.81928181, 41.32708955], [19.81929506, 41.32710104], [19.81931904, 41.32711791], [19.81934677, 41.32712831], [19.81940829, 41.32714251], [19.8194984, 41.32715034], [19.82043591, 41.32723235], [19.82137341, 41.32731434], [19.82189005, 41.3273594], [19.8227701, 41.32747981], [19.82242709, 41.32773333], [19.82218066, 41.32809747], [19.82191649, 41.32862901], [19.82091881, 41.32843627], [19.82091706, 41.32843593]]}}, {"type": "Feature", "properties": {"route_id": "47", "route_short_name": "3C", "route_long_name": "Yrshek \u2013 Qend\u00ebr", "route_color": "#26C6DA", "route_text_color": "#000000", "shape_id": "47_0", "direction": "0", "corridor_group": "corridor_1", "offset_meters": 0, "debug": true}, "geometry": {"type": "LineString", "coordinates": [[19.738521, 41.352888], [19.738585, 41.352864], [19.738911, 41.352738], [19.739587, 41.352476], [19.74072, 41.352038], [19.741204, 41.352781], [19.741444, 41.352701], [19.741583, 41.35266], [19.741787, 41.352601], [19.741886, 41.352572], [19.742364, 41.352437], [19.742588, 41.352373], [19.742777, 41.352299], [19.742922, 41.352215], [19.743103, 41.352146], [19.743169, 41.352126], [19.743232, 41.352107], [19.743788, 41.351955], [19.743868, 41.351917], [19.743899, 41.351901], [19.744045, 41.351812], [19.744095, 41.351782], [19.744168, 41.351731], [19.744261, 41.351664], [19.744375, 41.351578], [19.744512, 41.351465], [19.744794, 41.351248], [19.744999, 41.351094], [19.745204, 41.35094], [19.745569, 41.350699], [19.745833, 41.350524], [19.745868, 41.350501], [19.746057, 41.35038], [19.746566, 41.350053], [19.746605, 41.350028], [19.746847, 41.349897], [19.747252, 41.349781], [19.747328, 41.349759], [19.747417, 41.34972], [19.747572, 41.3496], [19.747738, 41.349507], [19.747938, 41.349393], [19.7485255, 41.349054], [19.749113, 41.348715], [19.74949, 41.348498], [19.75040001, 41.347979], [19.75131, 41.34746], [19.751475, 41.347369], [19.752441, 41.346831], [19.75283, 41.346579], [19.752991, 41.346451], [19.753298, 41.34623], [19.753362, 41.346184], [19.753438, 41.346129], [19.753559, 41.346067], [19.753603, 41.346045], [19.753696, 41.345976], [19.753768, 41.345939], [19.75397, 41.345838], [19.754098, 41.345773], [19.754891, 41.345191], [19.755779, 41.344519], [19.756446, 41.344016], [19.756524, 41.343964], [19.756922, 41.343667], [19.756961, 41.343638], [19.757506, 41.343229], [19.757547, 41.343199], [19.757619, 41.343145], [19.757632, 41.343135], [19.757651, 41.343121], [19.757864, 41.342961], [19.758403, 41.342558], [19.758547, 41.342451], [19.758685, 41.342347], [19.759044, 41.342079], [19.7595835, 41.3416755], [19.760123, 41.341272], [19.760402, 41.341063], [19.760497, 41.340992], [19.760595, 41.340918], [19.760653, 41.340875], [19.76069, 41.340847], [19.760593, 41.340778], [19.76069, 41.340847], [19.760987, 41.340625], [19.76101, 41.340608], [19.761229, 41.340444], [19.761283, 41.340401], [19.761737, 41.340064], [19.76188, 41.339952], [19.761949, 41.339888], [19.761974, 41.339867], [19.762044, 41.339798], [19.762107, 41.339739], [19.762171, 41.339678], [19.762293, 41.339548], [19.762417, 41.339438], [19.762505, 41.339362], [19.762625, 41.339258], [19.763, 41.33895], [19.763008, 41.338944], [19.763342, 41.338704], [19.763547, 41.338532], [19.764367, 41.337907], [19.764391, 41.337889], [19.764561, 41.337763], [19.764789, 41.337595], [19.765756, 41.336859], [19.76596, 41.336691], [19.766157, 41.336542], [19.7666, 41.336188], [19.766898, 41.335949], [19.767336, 41.3356], [19.76769, 41.335313], [19.768037, 41.335036], [19.768145, 41.334923], [19.76806, 41.334856], [19.76803, 41.334829], [19.76806, 41.334856], [19.768145, 41.334923], [19.768327, 41.334731], [19.768564, 41.334467], [19.768653, 41.334387], [19.768767, 41.334316], [19.768942, 41.334253], [19.769406, 41.334123], [19.769479, 41.334103], [19.7697, 41.334042], [19.769797, 41.33401], [19.769893, 41.33395], [19.769944, 41.333905], [19.769964, 41.333885], [19.770007, 41.33384], [19.770039, 41.333809], [19.770243, 41.333597], [19.770343, 41.333494], [19.770603, 41.333214], [19.770774, 41.333009], [19.770811, 41.332949], [19.770851, 41.332879], [19.770878, 41.332828], [19.771039, 41.332359], [19.771105, 41.332214], [19.771138, 41.332171], [19.771169, 41.33213], [19.771229, 41.332064], [19.771308, 41.331991], [19.771542, 41.331794], [19.771853, 41.331532], [19.77264, 41.330848], [19.772762, 41.330691], [19.772933, 41.33045], [19.773026, 41.330318], [19.773272, 41.329933], [19.773284, 41.329913], [19.773341, 41.329809], [19.773571, 41.329402], [19.77376, 41.329095], [19.773902, 41.328861], [19.77391, 41.328849], [19.773988, 41.328667], [19.774025, 41.328402], [19.774028, 41.328371], [19.774025, 41.328345], [19.774019, 41.328293], [19.774012, 41.328234], [19.773972, 41.327893], [19.773913, 41.327413], [19.77391, 41.32739], [19.773882, 41.327173], [19.773854, 41.326963], [19.773852, 41.326942], [19.773842, 41.326861], [19.773807, 41.326552], [19.773782, 41.326282], [19.773792, 41.326167], [19.773821, 41.32606], [19.773832, 41.326028], [19.773893, 41.325809], [19.7739, 41.325781], [19.773906, 41.325765], [19.77391, 41.325753], [19.773938, 41.325656], [19.773917, 41.325539], [19.773908, 41.325487], [19.773875, 41.325448], [19.773861, 41.325404], [19.773866, 41.325358], [19.773889, 41.325316], [19.773929, 41.325281], [19.77398, 41.325257], [19.774097, 41.325103], [19.774117, 41.325048], [19.774129, 41.325019], [19.774158, 41.324959], [19.774173, 41.324932], [19.774221, 41.324864], [19.774272, 41.324812], [19.77540941, 41.3243097], [19.7765468, 41.32380739], [19.77775013, 41.32362687], [19.77895346, 41.32344633], [19.77981427, 41.32332306], [19.78067508, 41.32319979], [19.78142265, 41.32308729], [19.78185432, 41.3229827], [19.78224638, 41.32284812], [19.7825101, 41.32273259], [19.78267626, 41.32263858], [19.78310699, 41.32200686], [19.78353771, 41.32137514], [19.78361201, 41.32114705], [19.78357326, 41.32097058], [19.78347623, 41.32081322], [19.78341395, 41.32069636], [19.78340868, 41.32057799], [19.78346588, 41.32036522], [19.78355839, 41.32021267], [19.78367127, 41.3200702], [19.78377423, 41.31995861], [19.78387488, 41.31987094], [19.783959, 41.31983], [19.784042, 41.319804], [19.784211, 41.319864], [19.784328, 41.319903], [19.784478, 41.319953], [19.784755, 41.320046], [19.784881, 41.320087], [19.78556, 41.320306], [19.786115, 41.320496], [19.786534, 41.320639], [19.786696, 41.320694], [19.787501, 41.320973], [19.787559, 41.320993], [19.787621, 41.321012], [19.787686, 41.321033], [19.787796, 41.321068], [19.787862, 41.321089], [19.788007, 41.321135], [19.788358, 41.321254], [19.788497, 41.321299], [19.78865, 41.321349], [19.788917, 41.321398], [19.789218, 41.321409], [19.789349, 41.321417], [19.789373, 41.321411], [19.78946, 41.321402], [19.789629, 41.321437], [19.789698, 41.321478], [19.789751, 41.321531], [19.789768, 41.321558], [19.789854, 41.321615], [19.790008, 41.321724], [19.790252, 41.321849], [19.79041, 41.321895], [19.790623, 41.321961], [19.790647, 41.321968], [19.790855, 41.322027], [19.791036, 41.322078], [19.791296, 41.322152], [19.791493, 41.322207], [19.791592, 41.322232], [19.792068, 41.322368], [19.792097, 41.322377], [19.792126, 41.322385], [19.792335, 41.32245], [19.79273, 41.322561], [19.793049, 41.322651], [19.793499, 41.322776], [19.793569, 41.322795], [19.793893, 41.322887], [19.794238, 41.322984], [19.79446, 41.323047], [19.794574, 41.323079], [19.795444, 41.323324], [19.796118, 41.323514], [19.796885, 41.32373], [19.797012, 41.323765], [19.797343, 41.323859], [19.797439, 41.323886], [19.797556, 41.32392], [19.798178, 41.3241], [19.798239, 41.324117], [19.798787, 41.324276], [19.799466, 41.324476], [19.800323, 41.324732], [19.800584, 41.324811], [19.80167299, 41.32514651], [19.802762, 41.325482], [19.803185, 41.325611], [19.80335, 41.325662], [19.803433, 41.325688], [19.803537, 41.325721], [19.80364, 41.325753], [19.803807, 41.325806], [19.80425, 41.325944], [19.80429, 41.325957], [19.804664, 41.326074], [19.80528, 41.326266], [19.805348, 41.326286], [19.805429, 41.326311], [19.805463, 41.326322], [19.806312, 41.326582], [19.806667, 41.326694], [19.806874, 41.326757], [19.807761, 41.327032], [19.80779, 41.327041], [19.807833, 41.327054], [19.808119, 41.327142], [19.808454, 41.327246], [19.808598, 41.32729], [19.809211, 41.327479], [19.809624, 41.327609], [19.809678, 41.327626], [19.810009, 41.327729], [19.810162, 41.327775], [19.810778, 41.327965], [19.811094, 41.328061], [19.811263, 41.328115], [19.811417, 41.328159], [19.811514, 41.328183], [19.81172, 41.328222], [19.812132, 41.32826], [19.812291, 41.32826], [19.812384, 41.328256], [19.812905, 41.328233], [19.813011, 41.328228], [19.813546, 41.328204], [19.813659, 41.328199], [19.814009, 41.328183], [19.815236, 41.32813], [19.815592, 41.328113], [19.815637, 41.328111], [19.816065, 41.328093], [19.816216, 41.328085], [19.81624, 41.327989], [19.816268, 41.327881], [19.816331, 41.327641], [19.816419, 41.327303], [19.816594, 41.326685], [19.816769, 41.326067], [19.816865, 41.325731], [19.816878, 41.325684], [19.816902, 41.325598], [19.817038, 41.325619], [19.817597, 41.325706], [19.817999, 41.325769], [19.818808, 41.325898], [19.819015, 41.325929], [19.819105, 41.325943], [19.818957, 41.326489], [19.818911, 41.326661], [19.818909, 41.326713], [19.818925, 41.326758], [19.818944, 41.326778], [19.81911, 41.326915], [19.819265, 41.327099], [19.81928, 41.327112], [19.819307, 41.327131], [19.819339, 41.327143], [19.819404, 41.327158], [19.819496, 41.327166], [19.8204335, 41.327248], [19.821371, 41.32733], [19.821887, 41.327375], [19.82273011, 41.32748904], [19.82241004, 41.32772385], [19.8221615, 41.3280911], [19.82190349, 41.32861023], [19.820924, 41.328421], [19.82092225, 41.32842066]]}}, {"type": "Feature", "properties": {"route_id": "47", "route_short_name": "3C", "route_long_name": "Yrshek \u2013 Qend\u00ebr", "route_color": "#26C6DA", "route_text_color": "#000000", "shape_id": "47_1", "direction": "1", "corridor_group": "corridor_1", "requested_offset_meters": -20.0, "offset_meters": -1.5, "debug": false}, "geometry": {"type": "LineString", "coordinates": [[19.82091776, 41.32843374], [19.82087871, 41.32842612], [19.82061295, 41.32837916], [19.82049099, 41.3283581], [19.82047141, 41.32841522], [19.82022496, 41.32921655], [19.81997795, 41.33001972], [19.81994266, 41.33007088], [19.82032551, 41.33038829], [19.82054774, 41.33053179], [19.8207218, 41.33066262], [19.82060472, 41.33063016], [19.82037748, 41.33061155], [19.82003607, 41.33062456], [19.81984604, 41.33060233], [19.81954983, 41.3305623], [19.81904086, 41.3304933], [19.81886787, 41.3304703], [19.8180247, 41.33035728], [19.81794341, 41.33034524], [19.81775634, 41.33031523], [19.81763942, 41.33029724], [19.81691541, 41.33018608], [19.81684453, 41.33016862], [19.81669409, 41.3301178], [19.81661114, 41.33007376], [19.81652537, 41.33002067], [19.81637833, 41.32988985], [19.81631278, 41.32980586], [19.81617214, 41.32952558], [19.81608495, 41.32933416], [19.81599032, 41.32909961], [19.81597693, 41.32898941], [19.81605502, 41.32866102], [19.81605011, 41.32854805], [19.81601481, 41.32833134], [19.81598544, 41.3283028], [19.81584762, 41.32825304], [19.81568411, 41.32823357], [19.81506209, 41.32826048], [19.8148981, 41.32826848], [19.81366606, 41.32832249], [19.81355706, 41.32832749], [19.813143, 41.32834549], [19.81301999, 41.32835049], [19.81234356, 41.32837951], [19.81210287, 41.32838051], [19.81159937, 41.32833027], [19.81148485, 41.32830594], [19.81138438, 41.32828183], [19.81135279, 41.32827368], [19.81120507, 41.32822946], [19.81106695, 41.32818342], [19.81030017, 41.32794449], [19.8099512, 41.3278365], [19.8092992, 41.3276355], [19.80897317, 41.32753449], [19.80871016, 41.32745249], [19.80853617, 41.32739849], [19.80838825, 41.32735251], [19.8081832, 41.3272905], [19.80777822, 41.32716251], [19.80773816, 41.32715049], [19.80770705, 41.32714045], [19.80738916, 41.32704149], [19.80676917, 41.32684849], [19.80661115, 41.32679948], [19.80637514, 41.32672548], [19.80540621, 41.3264245], [19.80529213, 41.32638948], [19.8052231, 41.32636747], [19.80505208, 41.32631446], [19.80499608, 41.32629646], [19.80461216, 41.32617749], [19.80399717, 41.32598549], [19.80384822, 41.32593951], [19.8037832, 41.3259195], [19.80359015, 41.32585948], [19.80349111, 41.32582847], [19.80338611, 41.32579547], [19.80330014, 41.32576848], [19.80312318, 41.32571349], [19.80299423, 41.32567351], [19.80175876, 41.32529603], [19.80052329, 41.32491853], [19.80040133, 41.32488154], [19.79945834, 41.32459705], [19.7985154, 41.32431256], [19.7980106, 41.32416362], [19.79750671, 41.32402165], [19.79738675, 41.32398766], [19.79707371, 41.32390065], [19.79695865, 41.32386763], [19.79682867, 41.32383064], [19.79674061, 41.32380562], [19.79663762, 41.32377562], [19.79530272, 41.32339765], [19.79452572, 41.32317965], [19.79439864, 41.32314363], [19.7938896, 41.32299662], [19.79336079, 41.32284467], [19.79267998, 41.32266104], [19.79262246, 41.3226948], [19.7926462, 41.32265191], [19.79228006, 41.32255275], [19.7920331, 41.32248876], [19.79198789, 41.3224767], [19.79152099, 41.32234573], [19.79144321, 41.32232579], [19.79128419, 41.32228478], [19.79060918, 41.32210978], [19.79057807, 41.32210175], [19.79049352, 41.32207887], [19.79047954, 41.32207588], [19.79015937, 41.3219901], [19.78969704, 41.32192705], [19.78959193, 41.32189552], [19.78958093, 41.32189876], [19.78956224, 41.32190316], [19.78947585, 41.3219146], [19.78938711, 41.32190926], [19.78923195, 41.32185094], [19.78917272, 41.32180123], [19.78915585, 41.32178155], [19.78908691, 41.32174516], [19.7890702, 41.32173681], [19.78896311, 41.32166811], [19.78875319, 41.32152187], [19.78870173, 41.32149856], [19.78863044, 41.32146589], [19.78827329, 41.32133619], [19.78815534, 41.32129421], [19.7878777, 41.32119499], [19.78776821, 41.32114777], [19.78768946, 41.32111488], [19.78764008, 41.32109513], [19.78757364, 41.32107232], [19.78735666, 41.32099933], [19.78725966, 41.32096632], [19.78648867, 41.32070633], [19.78574266, 41.32045383], [19.78499671, 41.32020134], [19.78484075, 41.32014936], [19.78478372, 41.32013035], [19.78417438, 41.31992523], [19.78396018, 41.31984551], [19.78388675, 41.31988125], [19.7837884, 41.31996691], [19.78368634, 41.32007753], [19.78357428, 41.32021896], [19.78348303, 41.32036942], [19.78342666, 41.32057912], [19.78343175, 41.32069353], [19.78349268, 41.32080785], [19.78359054, 41.32096656], [19.78363029, 41.32114758], [19.78355461, 41.3213799], [19.78312293, 41.32201303], [19.78269032, 41.32264752], [19.78252001, 41.32274388], [19.78225461, 41.32286013], [19.7818608, 41.32299532], [19.78142716, 41.32310038], [19.78067851, 41.32321305], [19.77981762, 41.32333634], [19.77895688, 41.32345959], [19.77775363, 41.32364012], [19.77655312, 41.32382022], [19.77553785, 41.32425331], [19.77490965, 41.3245384], [19.77428429, 41.32482219], [19.77423624, 41.32487118], [19.77420075, 41.32492245], [19.77418912, 41.32493795], [19.77417469, 41.32496392], [19.77414598, 41.32502333], [19.7741342, 41.3250518], [19.77411519, 41.32510408], [19.77412781, 41.32519051], [19.77413575, 41.32524434], [19.77418181, 41.3252624], [19.77425567, 41.3253352], [19.77426909, 41.32538215], [19.77426361, 41.32542924], [19.77423846, 41.32547517], [19.77419475, 41.32551342], [19.77413799, 41.32553961], [19.77408188, 41.32555008], [19.77395455, 41.3256622], [19.77392745, 41.32575608], [19.77392332, 41.32576848], [19.77391746, 41.32578409], [19.77391058, 41.32581164], [19.77384945, 41.32603108], [19.77383847, 41.32606305], [19.7738098, 41.3261688], [19.77379996, 41.32628197], [19.77382487, 41.32655095], [19.77385985, 41.3268598], [19.77386986, 41.32694089], [19.77387186, 41.32696184], [19.77389984, 41.32717167], [19.77392784, 41.32738869], [19.77393084, 41.32741172], [19.77398985, 41.32789178], [19.77403685, 41.32829182], [19.77404286, 41.32834383], [19.77404445, 41.32835764], [19.77413678, 41.32838551], [19.77404465, 41.32838466], [19.77404285, 41.3284032], [19.77400563, 41.32866981], [19.77392663, 41.32885414], [19.77391816, 41.32886684], [19.77377628, 41.32910065], [19.77358738, 41.32940749], [19.77335753, 41.32981423], [19.77330045, 41.32991836], [19.77328824, 41.32993872], [19.77304199, 41.3303241], [19.77294882, 41.33045635], [19.77277764, 41.3306976], [19.77265463, 41.33085591], [19.77186645, 41.33154093], [19.77172135, 41.33166301], [19.77132163, 41.33199978], [19.77124336, 41.3320721], [19.7711842, 41.33213718], [19.77115354, 41.33217773], [19.77112139, 41.33221963], [19.77105618, 41.33236289], [19.77089507, 41.33283221], [19.77086756, 41.33288418], [19.77082736, 41.33295452], [19.77078978, 41.33301547], [19.77061794, 41.33322147], [19.77035758, 41.33350186], [19.77025749, 41.33360496], [19.77005333, 41.33381712], [19.77002135, 41.3338481], [19.76997843, 41.33389301], [19.76995798, 41.33391346], [19.76990563, 41.33395966], [19.7698065, 41.33402161], [19.76970668, 41.33405454], [19.76948514, 41.33411569], [19.76941218, 41.33413568], [19.768949, 41.33426545], [19.76877672, 41.33432747], [19.76866568, 41.33439663], [19.76857833, 41.33447515], [19.76834172, 41.33473871], [19.76815956, 41.33493088], [19.76806068, 41.33503434], [19.76812364, 41.33511679], [19.76803768, 41.33505514], [19.76770308, 41.33532224], [19.76734908, 41.33560924], [19.76691104, 41.33595827], [19.76661305, 41.33619726], [19.76616987, 41.3365514], [19.76597297, 41.33670033], [19.76576898, 41.33686832], [19.76480163, 41.33760458], [19.76457355, 41.33777265], [19.76440361, 41.3378986], [19.76437969, 41.33791654], [19.76377475, 41.3383775], [19.76356005, 41.33854127], [19.76335487, 41.33871341], [19.76301281, 41.33895946], [19.76263837, 41.339267], [19.76251852, 41.33937087], [19.76243058, 41.33944682], [19.76230718, 41.33955629], [19.76218536, 41.3396861], [19.76212101, 41.33974742], [19.7620581, 41.33980634], [19.76198781, 41.33987563], [19.76196264, 41.33989678], [19.76189344, 41.33996096], [19.76174975, 41.3400735], [19.7612958, 41.34041046], [19.76124183, 41.34045344], [19.76102259, 41.34061761], [19.76099959, 41.34063462], [19.76070273, 41.34085651], [19.76068067, 41.34087356], [19.76066554, 41.34088466], [19.76060763, 41.34092759], [19.76050966, 41.34100157], [19.76041463, 41.34107259], [19.76013563, 41.34128159], [19.75959613, 41.34168509], [19.75905662, 41.34208859], [19.75869765, 41.34235658], [19.75855963, 41.34246059], [19.75841561, 41.34256761], [19.75787664, 41.34297058], [19.75766359, 41.34313061], [19.7576446, 41.34314461], [19.75755958, 41.34320863], [19.75751858, 41.34323863], [19.75743366, 41.34330257], [19.75697362, 41.3436476], [19.7569346, 41.34367661], [19.75653626, 41.34397387], [19.75645829, 41.34402584], [19.75579169, 41.34452854], [19.75490361, 41.34520061], [19.75410935, 41.34578353], [19.75397995, 41.34584924], [19.75379707, 41.34594018], [19.75377818, 41.34595012], [19.75370743, 41.34598648], [19.75361435, 41.34605554], [19.753569, 41.34607821], [19.75344933, 41.34613953], [19.7533744, 41.34619376], [19.7530037, 41.34646054], [19.75284238, 41.34658879], [19.75245219, 41.34684157], [19.75148562, 41.34737988], [19.7513207, 41.34747084], [19.75041083, 41.34798978], [19.74950085, 41.34850875], [19.74912389, 41.34872573], [19.7485364, 41.34906473], [19.74794888, 41.34940374], [19.74775378, 41.34951579], [19.74774878, 41.34951779], [19.74758385, 41.3496102], [19.74742813, 41.34973075], [19.74733575, 41.34977123], [19.74685556, 41.349909], [19.74661606, 41.35003865], [19.74657762, 41.35006329], [19.74606862, 41.35039029], [19.7458797, 41.35051124], [19.74584481, 41.35053416], [19.74558083, 41.35070915], [19.74521625, 41.35094987], [19.74501166, 41.35110357], [19.74480673, 41.35125751], [19.74452503, 41.35147428], [19.74438797, 41.35158733], [19.74427354, 41.35167366], [19.74418029, 41.35174084], [19.7441067, 41.35179225], [19.74405622, 41.35182254], [19.74390972, 41.35191184], [19.74387785, 41.35192829], [19.74379593, 41.3519672], [19.74323839, 41.35211962], [19.74317568, 41.35213854], [19.74311041, 41.35215832], [19.74293159, 41.35222648], [19.74278668, 41.35231043], [19.74264024, 41.352368], [19.74259527, 41.35238537], [19.7418924, 41.35258462], [19.74179346, 41.3526136], [19.74158948, 41.3526726], [19.7414509, 41.35271347], [19.7411955, 41.35279861], [19.74071195, 41.3520563], [19.73959519, 41.35248802], [19.73891919, 41.35275002], [19.73859309, 41.35287606], [19.73852899, 41.35290009]]}}, {"type": "Feature", "properties": {"route_id": "47", "route_short_name": "3C", "route_long_name": "Yrshek \u2013 Qend\u00ebr", "route_color": "#26C6DA", "route_text_color": "#000000", "shape_id": "47_1", "direction": "1", "corridor_group": "corridor_1", "offset_meters": 0, "debug": true}, "geometry": {"type": "LineString", "coordinates": [[19.82092225, 41.32842066], [19.820883, 41.328413], [19.820617, 41.328366], [19.820478, 41.328342], [19.820454, 41.328412], [19.8202075, 41.3292135], [19.819961, 41.330015], [19.819921, 41.330073], [19.820313, 41.330398], [19.820536, 41.330542], [19.820707, 41.330655], [19.82061, 41.330617], [19.820378, 41.330598], [19.820037, 41.330611], [19.819849, 41.330589], [19.819553, 41.330549], [19.819044, 41.33048], [19.818871, 41.330457], [19.818028, 41.330344], [19.817947, 41.330332], [19.81776, 41.330302], [19.817643, 41.330284], [19.81692, 41.330173], [19.816851, 41.330156], [19.816703, 41.330106], [19.816622, 41.330063], [19.816538, 41.330011], [19.816393, 41.329882], [19.816329, 41.3298], [19.816189, 41.329521], [19.816102, 41.32933], [19.816008, 41.329097], [19.815995, 41.32899], [19.816073, 41.328662], [19.816068, 41.328547], [19.816032, 41.328326], [19.815997, 41.328292], [19.815853, 41.32824], [19.815685, 41.32822], [19.815061, 41.328247], [19.814897, 41.328255], [19.813665, 41.328309], [19.813556, 41.328314], [19.813142, 41.328332], [19.813019, 41.328337], [19.812343, 41.328366], [19.812104, 41.328367], [19.811603, 41.328317], [19.81149, 41.328293], [19.81139, 41.328269], [19.811359, 41.328261], [19.811212, 41.328217], [19.811074, 41.328171], [19.810307, 41.327932], [19.809958, 41.327824], [19.809306, 41.327623], [19.80898, 41.327522], [19.808717, 41.32744], [19.808543, 41.327386], [19.808395, 41.32734], [19.80819, 41.327278], [19.807785, 41.32715], [19.807745, 41.327138], [19.807714, 41.327128], [19.807396, 41.327029], [19.806776, 41.326836], [19.806618, 41.326787], [19.806382, 41.326713], [19.805413, 41.326412], [19.805299, 41.326377], [19.80523, 41.326355], [19.805059, 41.326302], [19.805003, 41.326284], [19.804619, 41.326165], [19.804004, 41.325973], [19.803855, 41.325927], [19.80379, 41.325907], [19.803597, 41.325847], [19.803498, 41.325816], [19.803393, 41.325783], [19.803307, 41.325756], [19.80313, 41.325701], [19.803001, 41.325661], [19.80176549, 41.32528351], [19.80053, 41.324906], [19.800408, 41.324869], [19.799465, 41.3245845], [19.798522, 41.3243], [19.798017, 41.324151], [19.797513, 41.324009], [19.797393, 41.323975], [19.79708, 41.323888], [19.796965, 41.323855], [19.796835, 41.323818], [19.796747, 41.323793], [19.796644, 41.323763], [19.795309, 41.323385], [19.794532, 41.323167], [19.794405, 41.323131], [19.793896, 41.322984], [19.793367, 41.322832], [19.79267, 41.322644], [19.792639, 41.3227], [19.79267, 41.322644], [19.792286, 41.32254], [19.792039, 41.322476], [19.791994, 41.322464], [19.791527, 41.322333], [19.791449, 41.322313], [19.79129, 41.322272], [19.790615, 41.322097], [19.790584, 41.322089], [19.790499, 41.322066], [19.790485, 41.322063], [19.790164, 41.321977], [19.789702, 41.321914], [19.789592, 41.321881], [19.789575, 41.321886], [19.789558, 41.32189], [19.789475, 41.321901], [19.789392, 41.321896], [19.789243, 41.32184], [19.789187, 41.321793], [19.789169, 41.321772], [19.789097, 41.321734], [19.789081, 41.321726], [19.788975, 41.321658], [19.788764, 41.321511], [19.788711, 41.321487], [19.788639, 41.321454], [19.788281, 41.321324], [19.788163, 41.321282], [19.787886, 41.321183], [19.787777, 41.321136], [19.787698, 41.321103], [19.787648, 41.321083], [19.787581, 41.32106], [19.787364, 41.320987], [19.787267, 41.320954], [19.786496, 41.320694], [19.78575, 41.3204415], [19.785004, 41.320189], [19.784848, 41.320137], [19.784791, 41.320118], [19.784182, 41.319913], [19.783959, 41.31983], [19.78387488, 41.31987094], [19.78377423, 41.31995861], [19.78367127, 41.3200702], [19.78355839, 41.32021267], [19.78346588, 41.32036522], [19.78340868, 41.32057799], [19.78341395, 41.32069636], [19.78347623, 41.32081322], [19.78357326, 41.32097058], [19.78361201, 41.32114705], [19.78353771, 41.32137514], [19.78310699, 41.32200686], [19.78267626, 41.32263858], [19.7825101, 41.32273259], [19.78224638, 41.32284812], [19.78185432, 41.3229827], [19.78142265, 41.32308729], [19.78067508, 41.32319979], [19.77981427, 41.32332306], [19.77895346, 41.32344633], [19.77775013, 41.32362687], [19.7765468, 41.32380739], [19.77552881, 41.32424164], [19.77490041, 41.32452682], [19.774272, 41.324812], [19.774221, 41.324864], [19.774185, 41.324916], [19.774173, 41.324932], [19.774158, 41.324959], [19.774129, 41.325019], [19.774117, 41.325048], [19.774097, 41.325103], [19.77411, 41.325192], [19.774119, 41.325253], [19.77417, 41.325273], [19.774239, 41.325341], [19.774251, 41.325383], [19.774246, 41.325426], [19.774223, 41.325468], [19.774183, 41.325503], [19.774131, 41.325527], [19.774072, 41.325538], [19.773938, 41.325656], [19.77391, 41.325753], [19.773906, 41.325765], [19.7739, 41.325781], [19.773893, 41.325809], [19.773832, 41.326028], [19.773821, 41.32606], [19.773792, 41.326167], [19.773782, 41.326282], [19.773807, 41.326552], [19.773842, 41.326861], [19.773852, 41.326942], [19.773854, 41.326963], [19.773882, 41.327173], [19.77391, 41.32739], [19.773913, 41.327413], [19.773972, 41.327893], [19.774019, 41.328293], [19.774025, 41.328345], [19.774028, 41.328371], [19.774137, 41.328372], [19.774028, 41.328371], [19.774025, 41.328402], [19.773988, 41.328667], [19.77391, 41.328849], [19.773902, 41.328861], [19.77376, 41.329095], [19.773571, 41.329402], [19.773341, 41.329809], [19.773284, 41.329913], [19.773272, 41.329933], [19.773026, 41.330318], [19.772933, 41.33045], [19.772762, 41.330691], [19.77264, 41.330848], [19.771853, 41.331532], [19.771708, 41.331654], [19.771308, 41.331991], [19.771229, 41.332064], [19.771169, 41.33213], [19.771138, 41.332171], [19.771105, 41.332214], [19.771039, 41.332359], [19.770878, 41.332828], [19.770851, 41.332879], [19.770811, 41.332949], [19.770774, 41.333009], [19.770603, 41.333214], [19.770343, 41.333494], [19.770243, 41.333597], [19.770039, 41.333809], [19.770007, 41.33384], [19.769964, 41.333885], [19.769944, 41.333905], [19.769893, 41.33395], [19.769797, 41.33401], [19.7697, 41.334042], [19.769479, 41.334103], [19.769406, 41.334123], [19.768942, 41.334253], [19.768767, 41.334316], [19.768653, 41.334387], [19.768564, 41.334467], [19.768327, 41.334731], [19.768145, 41.334923], [19.768037, 41.335036], [19.768136, 41.335107], [19.768037, 41.335036], [19.76769, 41.335313], [19.767336, 41.3356], [19.766898, 41.335949], [19.7666, 41.336188], [19.766157, 41.336542], [19.76596, 41.336691], [19.765756, 41.336859], [19.764789, 41.337595], [19.764561, 41.337763], [19.764391, 41.337889], [19.764367, 41.337907], [19.763762, 41.338368], [19.763547, 41.338532], [19.763342, 41.338704], [19.763, 41.33895], [19.762625, 41.339258], [19.762505, 41.339362], [19.762417, 41.339438], [19.762293, 41.339548], [19.762171, 41.339678], [19.762107, 41.339739], [19.762044, 41.339798], [19.761974, 41.339867], [19.761949, 41.339888], [19.76188, 41.339952], [19.761737, 41.340064], [19.761283, 41.340401], [19.761229, 41.340444], [19.76101, 41.340608], [19.760987, 41.340625], [19.76069, 41.340847], [19.760668, 41.340864], [19.760653, 41.340875], [19.760595, 41.340918], [19.760497, 41.340992], [19.760402, 41.341063], [19.760123, 41.341272], [19.7595835, 41.3416755], [19.759044, 41.342079], [19.758685, 41.342347], [19.758547, 41.342451], [19.758403, 41.342558], [19.757864, 41.342961], [19.757651, 41.343121], [19.757632, 41.343135], [19.757547, 41.343199], [19.757506, 41.343229], [19.757421, 41.343293], [19.756961, 41.343638], [19.756922, 41.343667], [19.756524, 41.343964], [19.756446, 41.344016], [19.755779, 41.344519], [19.754891, 41.345191], [19.754098, 41.345773], [19.75397, 41.345838], [19.753787, 41.345929], [19.753768, 41.345939], [19.753696, 41.345976], [19.753603, 41.346045], [19.753559, 41.346067], [19.753438, 41.346129], [19.753362, 41.346184], [19.752991, 41.346451], [19.75283, 41.346579], [19.752441, 41.346831], [19.751475, 41.347369], [19.75131, 41.34746], [19.75040001, 41.347979], [19.74949, 41.348498], [19.749113, 41.348715], [19.7485255, 41.349054], [19.747938, 41.349393], [19.747743, 41.349505], [19.747738, 41.349507], [19.747572, 41.3496], [19.747417, 41.34972], [19.747328, 41.349759], [19.746847, 41.349897], [19.746605, 41.350028], [19.746566, 41.350053], [19.746057, 41.35038], [19.745868, 41.350501], [19.745833, 41.350524], [19.745569, 41.350699], [19.745204, 41.35094], [19.744999, 41.351094], [19.744794, 41.351248], [19.744512, 41.351465], [19.744375, 41.351578], [19.744261, 41.351664], [19.744168, 41.351731], [19.744095, 41.351782], [19.744045, 41.351812], [19.743899, 41.351901], [19.743868, 41.351917], [19.743788, 41.351955], [19.743232, 41.352107], [19.743169, 41.352126], [19.743103, 41.352146], [19.742922, 41.352215], [19.742777, 41.352299], [19.742632, 41.352356], [19.742588, 41.352373], [19.741886, 41.352572], [19.741787, 41.352601], [19.741583, 41.35266], [19.741444, 41.352701], [19.741204, 41.352781], [19.74072, 41.352038], [19.739587, 41.352476], [19.738911, 41.352738], [19.738585, 41.352864], [19.738521, 41.352888]]}}, {"type": "Feature", "properties": {"route_id": "23", "route_short_name": "15B", "route_long_name": "Kombinat \u2013 Tufin\u00eb", "route_color": "#FF7043", "route_text_color": "#FFFFFF", "shape_id": "23_0", "direction": "0", "corridor_group": "corridor_1", "requested_offset_meters": 16.444444444444443, "offset_meters": 1.444444444, "debug": false}, "geometry": {"type": "LineString", "coordinates": [[19.76800087, 41.31432547], [19.76826885, 41.31443347], [19.76866383, 41.31459346], [19.76926783, 41.31483846], [19.76968786, 41.31500847], [19.77015286, 41.31519547], [19.77076783, 41.31544446], [19.77170584, 41.31582446], [19.77244264, 41.31612219], [19.77256379, 41.31614622], [19.77267324, 41.31618862], [19.77332976, 41.31643281], [19.77451823, 41.31681897], [19.77479128, 41.31690598], [19.77486021, 41.31692796], [19.77504725, 41.31698897], [19.77527624, 41.31706097], [19.77583209, 41.31724292], [19.77627606, 41.31738991], [19.77641827, 41.31743698], [19.77721147, 41.31768104], [19.77758741, 41.31779702], [19.77827637, 41.31801401], [19.77845242, 41.31806903], [19.77913045, 41.31827854], [19.77980849, 41.31848805], [19.78059035, 41.31872701], [19.78139223, 41.31898697], [19.78139223, 41.31898797], [19.78153033, 41.319032], [19.78194847, 41.31916304], [19.78234745, 41.31928404], [19.78319184, 41.31955001], [19.78403617, 41.31981595], [19.78432307, 41.31991191], [19.78442103, 41.3199439], [19.78477203, 41.3200629], [19.785553, 41.32031789], [19.78610787, 41.32050785], [19.78652695, 41.32065088], [19.78657792, 41.32066787], [19.78735882, 41.32093683], [19.78761408, 41.32102492], [19.7878552, 41.32110096], [19.78849054, 41.32131107], [19.78880227, 41.32139783], [19.78935113, 41.32143017], [19.78937579, 41.32142401], [19.78954327, 41.32142401], [19.78968627, 41.32148788], [19.78973628, 41.32153789], [19.78975512, 41.32156615], [19.79013052, 41.32181102], [19.79040318, 41.32190696], [19.79084881, 41.32203914], [19.79148807, 41.32222022], [19.79158512, 41.32224623], [19.79206172, 41.32237912], [19.7921196, 41.32239708], [19.79272388, 41.32257317], [19.79349196, 41.32278819], [19.79388695, 41.32290018], [19.79456797, 41.32309119], [19.79543796, 41.32333619], [19.79553396, 41.32336319], [19.79601596, 41.32349919], [19.79611196, 41.32352619], [19.79700596, 41.32377819], [19.7974329, 41.32389817], [19.79823282, 41.32412915], [19.79878175, 41.32428813], [19.79945967, 41.3244891], [19.80031657, 41.32474407], [19.80153648, 41.32511905], [19.80275651, 41.32549405], [19.80317947, 41.32562304], [19.80342635, 41.32570001], [19.80353033, 41.325733], [19.80380038, 41.32581801], [19.80424339, 41.32595602], [19.80465839, 41.32608602], [19.80527356, 41.32627807], [19.80534159, 41.32629808], [19.80542233, 41.326323], [19.80545635, 41.32633401], [19.80630546, 41.32659404], [19.80686843, 41.32676903], [19.8076874, 41.32702302], [19.8077544, 41.32704402], [19.8077835, 41.32705305], [19.80782645, 41.32706604], [19.80788342, 41.32708403], [19.80811247, 41.32715404], [19.80844745, 41.32725804], [19.80896648, 41.32741805], [19.80920441, 41.32749102], [19.80961528, 41.32762098], [19.80961728, 41.32762098], [19.80969837, 41.32764701], [19.81015549, 41.32778705], [19.81108754, 41.32807406], [19.81141111, 41.32817123], [19.81150961, 41.32819561], [19.81196498, 41.32826396], [19.81228313, 41.32827302], [19.81238496, 41.32826899], [19.812906, 41.32824599], [19.81356913, 41.32821698], [19.81366015, 41.32821198], [19.81401002, 41.32819599], [19.81523701, 41.32814299], [19.81559005, 41.32812699], [19.8162305, 41.32809736], [19.81630093, 41.32781253], [19.81634791, 41.32764359], [19.81643591, 41.32730562], [19.81658789, 41.32677069], [19.81661688, 41.3266657], [19.81678688, 41.32607072], [19.81691533, 41.32561335], [19.8173425, 41.32567974], [19.81817698, 41.32581074], [19.8190115, 41.32594174], [19.81908465, 41.32595312], [19.81889355, 41.32666039], [19.81890844, 41.32676354], [19.81909622, 41.3269229], [19.81926815, 41.32712314], [19.81939913, 41.32717067], [19.82062201, 41.32727692], [19.82188602, 41.32738792], [19.82248494, 41.32743974], [19.82271478, 41.32750339], [19.82261104, 41.32755791], [19.82251389, 41.32762673], [19.82244957, 41.32767675], [19.82231588, 41.32782462], [19.82205914, 41.32825587], [19.82187309, 41.32859796], [19.82144315, 41.32935185], [19.82141217, 41.32940581], [19.82107617, 41.32998482], [19.8208049, 41.33045855], [19.82065381, 41.33061693], [19.82076413, 41.33073475], [19.82102347, 41.33098607], [19.82113258, 41.33108818], [19.82139652, 41.33133312], [19.82163326, 41.33155987], [19.82181909, 41.3317507], [19.82189887, 41.33183247], [19.8221513, 41.33211684], [19.82237679, 41.33241616], [19.82261133, 41.33276447], [19.82285508, 41.33320102], [19.82300006, 41.333464], [19.82340811, 41.33420309], [19.82346512, 41.33430209], [19.82355403, 41.33446294], [19.82361304, 41.33457295], [19.82413702, 41.33551792], [19.82457802, 41.33634892], [19.82476222, 41.33668228], [19.82497447, 41.33702069], [19.8250888, 41.33719317], [19.82547119, 41.33769068], [19.82580041, 41.33809195], [19.8258486, 41.33814817], [19.82591029, 41.33821706], [19.82616212, 41.33836112], [19.8262014, 41.33828099], [19.82613467, 41.33834534], [19.8265365, 41.33857732], [19.82703437, 41.33886525], [19.82707942, 41.33889228], [19.82753671, 41.33915244], [19.82814472, 41.33948745], [19.82838255, 41.33962235], [19.82894486, 41.33994811], [19.82910819, 41.34000824], [19.82920705, 41.34006063], [19.82955229, 41.34024476], [19.82974154, 41.34033788], [19.83053658, 41.3407319], [19.83120649, 41.34105786], [19.83186934, 41.34139479], [19.83253234, 41.34173178], [19.83302435, 41.34198279], [19.8332004, 41.34207181], [19.8333933, 41.34216876], [19.83380621, 41.34238372], [19.83386434, 41.34241378], [19.83391241, 41.34243782], [19.83436434, 41.34266678], [19.83454415, 41.34275868], [19.83512836, 41.34307226], [19.83530751, 41.34318771], [19.83561426, 41.34340254], [19.83629925, 41.34388053], [19.83645026, 41.34398654], [19.83727028, 41.34455755], [19.83760827, 41.34479354], [19.83779725, 41.34492553], [19.83802828, 41.34508755], [19.83823552, 41.34523111], [19.83839361, 41.34528141], [19.83842236, 41.34528654], [19.83920921, 41.34547739], [19.8399967, 41.34566838], [19.84059969, 41.34581538], [19.84094803, 41.34590022], [19.84112432, 41.34595537], [19.84122901, 41.34601547], [19.84145192, 41.34621539], [19.8419497, 41.34651085], [19.84209519, 41.34661477], [19.84228957, 41.34680222], [19.84236552, 41.34690479], [19.84266404, 41.34741898], [19.84287801, 41.34783192], [19.84302512, 41.3480921], [19.84332213, 41.34861612], [19.84339219, 41.34873922], [19.84357086, 41.34903967], [19.84371706, 41.34938082], [19.84375779, 41.34963115], [19.84377479, 41.34986616], [19.84380987, 41.3500786], [19.84382008, 41.35014092], [19.84397363, 41.35048144], [19.84410772, 41.35043862], [19.84417357, 41.3504312], [19.8443536, 41.3504583], [19.84442873, 41.35049305], [19.84451891, 41.35057076], [19.84456474, 41.35066432], [19.84456474, 41.3507621], [19.84448225, 41.35089446], [19.8443272, 41.35097989], [19.84441355, 41.35111481], [19.8444786, 41.35120988], [19.84474069, 41.35160702], [19.84493182, 41.3518702], [19.84496376, 41.35191511], [19.84516962, 41.35220892], [19.84527757, 41.35237383], [19.84537147, 41.35251269], [19.84552338, 41.35275954], [19.84599893, 41.35351084], [19.84642257, 41.35448899], [19.84651055, 41.35469695], [19.84664055, 41.35500496], [19.84683155, 41.35545296], [19.8469405, 41.35571183], [19.84703449, 41.35594882], [19.84716651, 41.35626386], [19.8472415, 41.35644883], [19.84731551, 41.35662786], [19.8474225, 41.35688784], [19.84760095, 41.35732415], [19.84763679, 41.35728586], [19.84759064, 41.35729926], [19.84765571, 41.35745432], [19.84781296, 41.35775881], [19.84793414, 41.35798315], [19.84807195, 41.3582115], [19.84826349, 41.35841614], [19.84839589, 41.35852631], [19.84901391, 41.35893098], [19.84981513, 41.35941811], [19.85029553, 41.35971254], [19.85032821, 41.35962128], [19.85026837, 41.35969608], [19.85043426, 41.35979519], [19.85092835, 41.36009164], [19.85133192, 41.36040752], [19.85143841, 41.36051106], [19.85149395, 41.36059095], [19.8516354, 41.36094258], [19.85183729, 41.36150728], [19.85184227, 41.36152223], [19.85187521, 41.36161706], [19.85190814, 41.36172882], [19.85196915, 41.36193585], [19.85200721, 41.36206203], [19.85215126, 41.36249219], [19.85224326, 41.36276619], [19.85253928, 41.36364526], [19.85286031, 41.36456033], [19.85306035, 41.36512745], [19.8531334, 41.36532059], [19.85321045, 41.36552171], [19.85349448, 41.36622131], [19.85377849, 41.36692081], [19.85396649, 41.36738381], [19.85418999, 41.36793381], [19.85441345, 41.36848372], [19.85454142, 41.36881563], [19.85478948, 41.36945779], [19.85496647, 41.36987678]]}}, {"type": "Feature", "properties": {"route_id": "23", "route_short_name": "15B", "route_long_name": "Kombinat \u2013 Tufin\u00eb", "route_color": "#FF7043", "route_text_color": "#FFFFFF", "shape_id": "23_0", "direction": "0", "corridor_group": "corridor_1", "offset_meters": 0, "debug": true}, "geometry": {"type": "LineString", "coordinates": [[19.768009, 41.314314], [19.768277, 41.314422], [19.768672, 41.314582], [19.769276, 41.314827], [19.769696, 41.314997], [19.770161, 41.315184], [19.770776, 41.315433], [19.771714, 41.315813], [19.772449, 41.31611], [19.77257, 41.316134], [19.772681, 41.316177], [19.773337, 41.316421], [19.774525, 41.316807], [19.774798, 41.316894], [19.774867, 41.316916], [19.775054, 41.316977], [19.775283, 41.317049], [19.775839, 41.317231], [19.776283, 41.317378], [19.776425, 41.317425], [19.777218, 41.317669], [19.777594, 41.317785], [19.778283, 41.318002], [19.778459, 41.318057], [19.779137, 41.3182665], [19.779815, 41.318476], [19.780597, 41.318715], [19.781399, 41.318975], [19.781399, 41.318976], [19.781537, 41.31902], [19.781955, 41.319151], [19.782354, 41.319272], [19.7831985, 41.319538], [19.784043, 41.319804], [19.78433, 41.3199], [19.784428, 41.319932], [19.784779, 41.320051], [19.78556, 41.320306], [19.786115, 41.320496], [19.786534, 41.320639], [19.786585, 41.320656], [19.787366, 41.320925], [19.787621, 41.321013], [19.787862, 41.321089], [19.788497, 41.321299], [19.788806, 41.321385], [19.789349, 41.321417], [19.789373, 41.321411], [19.789548, 41.321411], [19.789698, 41.321478], [19.789751, 41.321531], [19.789769, 41.321558], [19.79014, 41.3218], [19.79041, 41.321895], [19.790855, 41.322027], [19.791494, 41.322208], [19.791591, 41.322234], [19.792068, 41.322367], [19.792126, 41.322385], [19.79273, 41.322561], [19.793498, 41.322776], [19.793893, 41.322888], [19.794574, 41.323079], [19.795444, 41.323324], [19.79554, 41.323351], [19.796022, 41.323487], [19.796118, 41.323514], [19.797012, 41.323766], [19.797439, 41.323886], [19.798239, 41.324117], [19.798788, 41.324276], [19.799466, 41.324477], [19.800323, 41.324732], [19.80154299, 41.32510701], [19.802763, 41.325482], [19.803186, 41.325611], [19.803433, 41.325688], [19.803537, 41.325721], [19.803807, 41.325806], [19.80425, 41.325944], [19.804665, 41.326074], [19.80528, 41.326266], [19.805348, 41.326286], [19.805429, 41.326311], [19.805463, 41.326322], [19.806312, 41.326582], [19.806875, 41.326757], [19.807694, 41.327011], [19.807761, 41.327032], [19.80779, 41.327041], [19.807833, 41.327054], [19.80789, 41.327072], [19.808119, 41.327142], [19.808454, 41.327246], [19.808973, 41.327406], [19.809211, 41.327479], [19.809622, 41.327609], [19.809624, 41.327609], [19.809705, 41.327635], [19.810162, 41.327775], [19.811094, 41.328062], [19.811417, 41.328159], [19.811514, 41.328183], [19.811967, 41.328251], [19.812283, 41.32826], [19.812384, 41.328256], [19.812905, 41.328233], [19.813568, 41.328204], [19.813659, 41.328199], [19.814009, 41.328183], [19.815236, 41.32813], [19.815589, 41.328114], [19.816216, 41.328085], [19.816284, 41.32781], [19.816331, 41.327641], [19.816419, 41.327303], [19.816571, 41.326768], [19.8166, 41.326663], [19.81677, 41.326068], [19.816902, 41.325598], [19.817346, 41.325667], [19.8181805, 41.325798], [19.819015, 41.325929], [19.819105, 41.325943], [19.818911, 41.326661], [19.818925, 41.326758], [19.81911, 41.326915], [19.81928, 41.327113], [19.819404, 41.327158], [19.820624, 41.327264], [19.821888, 41.327375], [19.822489, 41.327427], [19.822749, 41.3275], [19.822622, 41.327568], [19.822526, 41.327636], [19.822463, 41.327685], [19.822331, 41.327831], [19.822075, 41.328261], [19.821889, 41.328603], [19.821459, 41.329357], [19.821428, 41.329411], [19.821092, 41.32999], [19.82082, 41.330465], [19.820675, 41.330617], [19.820778, 41.330727], [19.821037, 41.330978], [19.821146, 41.33108], [19.82141, 41.331325], [19.821647, 41.331552], [19.821833, 41.331743], [19.821913, 41.331825], [19.822166, 41.33211], [19.822392, 41.33241], [19.822627, 41.332759], [19.822871, 41.333196], [19.823016, 41.333459], [19.823424, 41.334198], [19.823481, 41.334297], [19.82357, 41.334458], [19.823629, 41.334568], [19.824153, 41.335513], [19.824594, 41.336344], [19.824778, 41.336677], [19.82499, 41.337015], [19.825104, 41.337187], [19.825486, 41.337684], [19.825815, 41.338085], [19.825863, 41.338141], [19.825923, 41.338208], [19.826159, 41.338343], [19.826215, 41.338289], [19.826159, 41.338343], [19.826547, 41.338567], [19.827045, 41.338855], [19.82709, 41.338882], [19.827547, 41.339142], [19.828155, 41.339477], [19.828393, 41.339612], [19.828954, 41.339937], [19.829117, 41.339997], [19.829217, 41.34005], [19.829562, 41.340234], [19.829751, 41.340327], [19.830546, 41.340721], [19.831216, 41.341047], [19.831879, 41.341384], [19.832542, 41.341721], [19.833034, 41.341972], [19.83321, 41.342061], [19.833403, 41.342158], [19.833816, 41.342373], [19.833874, 41.342403], [19.833922, 41.342427], [19.834374, 41.342656], [19.834554, 41.342748], [19.835139, 41.343062], [19.835319, 41.343178], [19.835626, 41.343393], [19.836311, 41.343871], [19.836462, 41.343977], [19.837282, 41.344548], [19.83762, 41.344784], [19.837809, 41.344916], [19.83804, 41.345078], [19.838245, 41.34522], [19.838399, 41.345269], [19.838427, 41.345274], [19.8392145, 41.345465], [19.840002, 41.345656], [19.840605, 41.345803], [19.840954, 41.345888], [19.841133, 41.345944], [19.841241, 41.346006], [19.841464, 41.346206], [19.841961, 41.346501], [19.842108, 41.346606], [19.842304, 41.346795], [19.842381, 41.346899], [19.84268, 41.347414], [19.842894, 41.347827], [19.843041, 41.348087], [19.843338, 41.348611], [19.843408, 41.348734], [19.843587, 41.349035], [19.843734, 41.349378], [19.843775, 41.34963], [19.843792, 41.349865], [19.843827, 41.350077], [19.843837, 41.350138], [19.843984, 41.350464], [19.844103, 41.350426], [19.844174, 41.350418], [19.84436, 41.350446], [19.84444, 41.350483], [19.844534, 41.350564], [19.844582, 41.350662], [19.844582, 41.350765], [19.844496, 41.350903], [19.844349, 41.350984], [19.844429, 41.351109], [19.844494, 41.351204], [19.844756, 41.351601], [19.844947, 41.351864], [19.844979, 41.351909], [19.845185, 41.352203], [19.845293, 41.352368], [19.845387, 41.352507], [19.845539, 41.352754], [19.846015, 41.353506], [19.846439, 41.354485], [19.846527, 41.354693], [19.846657, 41.355001], [19.846848, 41.355449], [19.846957, 41.355708], [19.847051, 41.355945], [19.847183, 41.35626], [19.847258, 41.356445], [19.847332, 41.356624], [19.847439, 41.356884], [19.847612, 41.357307], [19.847643, 41.357298], [19.847612, 41.357307], [19.847672, 41.35745], [19.847829, 41.357754], [19.84795, 41.357978], [19.848087, 41.358205], [19.848277, 41.358408], [19.848408, 41.358517], [19.849025, 41.358921], [19.849826, 41.359408], [19.850291, 41.359693], [19.850343, 41.359628], [19.850291, 41.359693], [19.850445, 41.359785], [19.85094, 41.360082], [19.851345, 41.360399], [19.851453, 41.360504], [19.85151, 41.360586], [19.851652, 41.360939], [19.851854, 41.361504], [19.851859, 41.361519], [19.851892, 41.361614], [19.851925, 41.361726], [19.851986, 41.361933], [19.852024, 41.362059], [19.852168, 41.362489], [19.85226, 41.362763], [19.852556, 41.363642], [19.852877, 41.364557], [19.853077, 41.365124], [19.85315, 41.365317], [19.853227, 41.365518], [19.853511, 41.3662175], [19.853795, 41.366917], [19.853983, 41.36738], [19.8542065, 41.36793], [19.85443, 41.36848], [19.854558, 41.368812], [19.854806, 41.369454], [19.85498293, 41.36987283]]}}, {"type": "Feature", "properties": {"route_id": "23", "route_short_name": "15B", "route_long_name": "Kombinat \u2013 Tufin\u00eb", "route_color": "#FF7043", "route_text_color": "#FFFFFF", "shape_id": "23_1", "direction": "1", "corridor_group": "corridor_1", "requested_offset_meters": 16.444444444444443, "offset_meters": 4.944444444, "debug": false}, "geometry": {"type": "LineString", "coordinates": [[19.85503926, 41.36985933], [19.85503933, 41.3698595], [19.85486256, 41.36944102], [19.85461477, 41.36879957], [19.85448665, 41.36846727], [19.85419652, 41.36775346], [19.85390654, 41.36703999], [19.85385154, 41.366904], [19.85356753, 41.36620448], [19.85328366, 41.36550531], [19.85320682, 41.36530472], [19.85313399, 41.36511218], [19.85293414, 41.36454559], [19.85261322, 41.36363083], [19.8523173, 41.36275206], [19.85222531, 41.36247809], [19.85208148, 41.36204862], [19.85204367, 41.36192324], [19.8519827, 41.36171635], [19.85194947, 41.36160356], [19.85189526, 41.36144662], [19.85176978, 41.36157223], [19.85192555, 41.3615329], [19.85170883, 41.36092675], [19.85156495, 41.36056906], [19.85150293, 41.36047984], [19.85138978, 41.36036984], [19.85097988, 41.360049], [19.85048177, 41.35975013], [19.85032806, 41.35965831], [19.85026334, 41.35961848], [19.8498632, 41.35937339], [19.84906296, 41.35888685], [19.84844944, 41.35848513], [19.84832323, 41.35838012], [19.8481385, 41.35818276], [19.8480043, 41.35796038], [19.84788392, 41.35773753], [19.84772778, 41.3574352], [19.84766842, 41.35729372], [19.84764348, 41.35723288], [19.84749547, 41.35687085], [19.84738844, 41.35661078], [19.84731448, 41.35643187], [19.84723944, 41.35624679], [19.8471075, 41.35593192], [19.84701349, 41.35569489], [19.8469043, 41.35543546], [19.8467103, 41.35498044], [19.84658332, 41.35467949], [19.84649525, 41.35447133], [19.84607, 41.35348944], [19.84559248, 41.35273505], [19.84544016, 41.35248752], [19.84534577, 41.35234795], [19.84518712, 41.35230789], [19.84526635, 41.35232825], [19.84487703, 41.35165698], [19.84439017, 41.35093927], [19.84407818, 41.35096186], [19.84396626, 41.35091591], [19.84389167, 41.35082325], [19.84385951, 41.35072976], [19.8438702, 41.35065323], [19.84391695, 41.35057289], [19.84404834, 41.3504792], [19.8438096, 41.3495896], [19.84370912, 41.34915054], [19.84343172, 41.34877479], [19.84353175, 41.349051], [19.84367603, 41.34938764], [19.8437161, 41.34963393], [19.8437331, 41.34986896], [19.8437791, 41.35014804], [19.84399294, 41.35034463], [19.8438949, 41.35012796], [19.8438509, 41.34986104], [19.8438339, 41.34962607], [19.84379197, 41.34936836], [19.84364225, 41.349019], [19.84346213, 41.34871612], [19.84339233, 41.34859348], [19.84309536, 41.34806953], [19.84294872, 41.34781017], [19.84273462, 41.34739697], [19.842434, 41.34687918], [19.84235338, 41.34677029], [19.84215185, 41.34657596], [19.84199969, 41.34646728], [19.84150534, 41.34617385], [19.84127177, 41.34596437], [19.84111742, 41.34594747], [19.84086315, 41.34588562], [19.83991714, 41.34565562], [19.83897101, 41.34542559], [19.83826238, 41.34525607], [19.83813375, 41.34517833], [19.83804322, 41.34511437], [19.8371693, 41.34450843], [19.83675636, 41.34421447], [19.83644216, 41.34399533], [19.83623321, 41.34384936], [19.83582221, 41.34356137], [19.83521343, 41.34313582], [19.83512168, 41.34307603], [19.83481885, 41.34291149], [19.83419113, 41.34259112], [19.83319102, 41.34208107], [19.83301523, 41.34199218], [19.83278433, 41.34187223], [19.83253521, 41.34174517], [19.83235837, 41.34165425], [19.83157272, 41.34124791], [19.83126504, 41.34109858], [19.83098414, 41.34096163], [19.83083882, 41.34089047], [19.83064875, 41.34080044], [19.83057511, 41.34076462], [19.83052842, 41.34074177], [19.83044653, 41.34070082], [19.83027643, 41.34061677], [19.82950065, 41.34023238], [19.8292064, 41.34007079], [19.82911459, 41.34002213], [19.82905066, 41.33995256], [19.82899461, 41.33990436], [19.82842877, 41.33957655], [19.8281902, 41.33944123], [19.82758224, 41.33910625], [19.82712621, 41.3388468], [19.82708139, 41.33881991], [19.82658295, 41.33853166], [19.82619483, 41.33830759], [19.82596651, 41.33817698], [19.82591252, 41.33811669], [19.82590781, 41.33811105], [19.82586492, 41.33806118], [19.8255367, 41.33766112], [19.82515604, 41.33716587], [19.82504314, 41.33699553], [19.82483201, 41.33665891], [19.82464871, 41.33632717], [19.82420769, 41.33549614], [19.82368365, 41.33455107], [19.82362466, 41.33444109], [19.82353537, 41.33427957], [19.82347838, 41.33418058], [19.82320205, 41.3336799], [19.82292552, 41.33317885], [19.82285047, 41.33304375], [19.82268063, 41.33274025], [19.82244406, 41.33238892], [19.82221631, 41.33208659], [19.82196137, 41.33179941], [19.82188061, 41.33171663], [19.82169404, 41.33152505], [19.82145615, 41.33129719], [19.82119194, 41.33105199], [19.82108333, 41.33095036], [19.82082548, 41.33070048], [19.82070741, 41.33057439], [19.82038002, 41.33055337], [19.8200405, 41.33056628], [19.8195631, 41.33050512], [19.81918132, 41.33045415], [19.8190544, 41.33043716], [19.81795839, 41.3302883], [19.81777205, 41.3302584], [19.81693569, 41.33012996], [19.8167901, 41.3300917], [19.81665836, 41.33002769], [19.81651123, 41.32992488], [19.81638206, 41.32977969], [19.81615809, 41.32931596], [19.81606723, 41.32908832], [19.8160546, 41.32899183], [19.81613337, 41.32866482], [19.81611474, 41.32840402], [19.81608697, 41.32830798], [19.81603697, 41.32825799], [19.81594781, 41.32821906], [19.81568984, 41.32817517], [19.81505924, 41.32820347], [19.81505328, 41.32820347], [19.81473256, 41.32821754], [19.81366256, 41.32826454], [19.81313874, 41.32828753], [19.81227915, 41.32832144], [19.81195034, 41.32831557], [19.81150502, 41.32825083], [19.81137969, 41.32821926], [19.81109663, 41.32813086], [19.81032949, 41.32789082], [19.80974143, 41.3277098], [19.8093235, 41.32757982], [19.8087394, 41.32739879], [19.80821357, 41.32723685], [19.80786197, 41.32712597], [19.8078088, 41.32710892], [19.80773711, 41.3270867], [19.80767022, 41.32706674], [19.80741862, 41.32698786], [19.80679854, 41.32679484], [19.80611703, 41.32658284], [19.80543541, 41.3263708], [19.80532165, 41.32633587], [19.80525268, 41.32631388], [19.80508048, 41.32626082], [19.80464155, 41.32612384], [19.80402665, 41.32593287], [19.80387757, 41.32588584], [19.80381248, 41.32586582], [19.80352159, 41.32577485], [19.80341556, 41.32574184], [19.80315253, 41.32565983], [19.80302333, 41.32561977], [19.80172668, 41.32522373], [19.80043007, 41.32482769], [19.79948695, 41.32454316], [19.79854368, 41.32425857], [19.79803811, 41.32411041], [19.79741372, 41.3239333], [19.79698669, 41.32381329], [19.79666478, 41.32372231], [19.79532974, 41.3233433], [19.79442686, 41.32308934], [19.79338751, 41.32279023], [19.79296889, 41.32267707], [19.79268991, 41.32260207], [19.79230559, 41.32249799], [19.79205845, 41.32243395], [19.79201415, 41.32242214], [19.79154685, 41.32229105], [19.79130915, 41.32222987], [19.79063429, 41.32205491], [19.79050457, 41.32202098], [19.79017925, 41.32193382], [19.78971834, 41.32187097], [19.78959329, 41.32183346], [19.78954656, 41.32184583], [19.78940061, 41.32185111], [19.78934218, 41.32183577], [19.78923377, 41.32176465], [19.78921764, 41.32174237], [19.7891913, 41.32170726], [19.78894951, 41.32155129], [19.78874192, 41.32144904], [19.78856312, 41.32137138], [19.7881887, 41.32124189], [19.78772356, 41.32106384], [19.7871503, 41.32086841], [19.7871503, 41.32086741], [19.78652021, 41.32065338], [19.78566765, 41.32036536], [19.78481538, 41.32007744], [19.78398395, 41.31979029], [19.78324096, 41.31954997], [19.78290473, 41.31944489], [19.78259781, 41.31934792], [19.781729, 41.31907398], [19.7815519, 41.31901695], [19.78136242, 41.3189578], [19.78032856, 41.31864084], [19.77981654, 41.31847884], [19.77899271, 41.31822674], [19.7781686, 41.31797455], [19.77762098, 41.31781766], [19.77731393, 41.31771996], [19.77627314, 41.31739003], [19.775833, 41.31724698], [19.77522162, 41.31705586], [19.77509356, 41.31701584], [19.77485845, 41.31694281], [19.77479085, 41.31692193], [19.77379391, 41.31659928], [19.77332833, 41.31643911], [19.77257929, 41.31613394], [19.77248222, 41.3160729], [19.77152994, 41.31568776], [19.77080395, 41.31539377], [19.77018887, 41.31514474], [19.76972387, 41.31495774], [19.76930396, 41.31478777], [19.76869997, 41.31454278], [19.76830492, 41.31438276], [19.76802986, 41.31427173], [19.76775178, 41.3141597], [19.76711063, 41.31390281], [19.76689679, 41.31420518], [19.7668808, 41.31422816], [19.76668297, 41.31450704], [19.76606531, 41.31423223], [19.76605181, 41.31420073], [19.76609129, 41.31412742], [19.76629345, 41.31385787], [19.76639722, 41.31371872], [19.76681336, 41.31388536], [19.76710736, 41.31400235], [19.76769622, 41.3142383], [19.76797348, 41.31435], [19.76797981, 41.31435271]]}}, {"type": "Feature", "properties": {"route_id": "23", "route_short_name": "15B", "route_long_name": "Kombinat \u2013 Tufin\u00eb", "route_color": "#FF7043", "route_text_color": "#FFFFFF", "shape_id": "23_1", "direction": "1", "corridor_group": "corridor_1", "offset_meters": 0, "debug": true}, "geometry": {"type": "LineString", "coordinates": [[19.85498293, 41.36987283], [19.854983, 41.369873], [19.854806, 41.369454], [19.854558, 41.368812], [19.85443, 41.36848], [19.85414, 41.3677665], [19.85385, 41.367053], [19.853795, 41.366917], [19.853511, 41.3662175], [19.853227, 41.365518], [19.85315, 41.365317], [19.853077, 41.365124], [19.852877, 41.364557], [19.852556, 41.363642], [19.85226, 41.362763], [19.852168, 41.362489], [19.852024, 41.362059], [19.851986, 41.361933], [19.851925, 41.361726], [19.851892, 41.361614], [19.851854, 41.361504], [19.851751, 41.36153], [19.851854, 41.361504], [19.851652, 41.360939], [19.85151, 41.360586], [19.851453, 41.360504], [19.851345, 41.360399], [19.85094, 41.360082], [19.850445, 41.359785], [19.850291, 41.359693], [19.850226, 41.359653], [19.849826, 41.359408], [19.849025, 41.358921], [19.848408, 41.358517], [19.848277, 41.358408], [19.848087, 41.358205], [19.84795, 41.357978], [19.847829, 41.357754], [19.847672, 41.35745], [19.847612, 41.357307], [19.847587, 41.357246], [19.847439, 41.356884], [19.847332, 41.356624], [19.847258, 41.356445], [19.847183, 41.35626], [19.847051, 41.355945], [19.846957, 41.355708], [19.846848, 41.355449], [19.846654, 41.354994], [19.846527, 41.354693], [19.846439, 41.354485], [19.846015, 41.353506], [19.845539, 41.352754], [19.845387, 41.352507], [19.845293, 41.352368], [19.84524, 41.352288], [19.845293, 41.352368], [19.84482441, 41.35167725], [19.84435583, 41.35098649], [19.84406581, 41.3510075], [19.843924, 41.35094927], [19.84383664, 41.35084075], [19.84379961, 41.35073312], [19.84381239, 41.35064168], [19.84386763, 41.35054675], [19.84398392, 41.35046383], [19.84375151, 41.3495978], [19.84365207, 41.34916327], [19.843408, 41.348734], [19.843587, 41.349035], [19.843734, 41.349378], [19.843775, 41.34963], [19.843792, 41.349865], [19.843837, 41.350138], [19.843937, 41.350359], [19.843837, 41.350138], [19.843792, 41.349865], [19.843775, 41.34963], [19.843734, 41.349378], [19.843587, 41.349035], [19.843408, 41.348734], [19.843338, 41.348611], [19.843041, 41.348087], [19.842894, 41.347827], [19.84268, 41.347414], [19.842381, 41.346899], [19.842304, 41.346795], [19.842108, 41.346606], [19.841961, 41.346501], [19.841464, 41.346206], [19.841241, 41.346006], [19.841104, 41.345991], [19.840845, 41.345928], [19.839899, 41.345698], [19.838953, 41.345468], [19.838234, 41.345296], [19.838095, 41.345212], [19.838003, 41.345147], [19.837129, 41.344541], [19.836716, 41.344247], [19.836402, 41.344028], [19.836193, 41.343882], [19.835782, 41.343594], [19.835174, 41.343169], [19.835085, 41.343111], [19.834785, 41.342948], [19.834158, 41.342628], [19.833158, 41.342118], [19.832982, 41.342029], [19.832751, 41.341909], [19.832502, 41.341782], [19.832325, 41.341691], [19.83154, 41.341285], [19.831233, 41.341136], [19.830952, 41.340999], [19.830807, 41.340928], [19.830617, 41.340838], [19.830543, 41.340802], [19.830496, 41.340779], [19.830414, 41.340738], [19.830244, 41.340654], [19.829467, 41.340269], [19.829172, 41.340107], [19.829072, 41.340054], [19.829004, 41.33998], [19.828954, 41.339937], [19.828393, 41.339612], [19.828155, 41.339477], [19.827547, 41.339142], [19.82709, 41.338882], [19.827045, 41.338855], [19.826547, 41.338567], [19.826159, 41.338343], [19.825923, 41.338208], [19.825863, 41.338141], [19.825858, 41.338135], [19.825815, 41.338085], [19.825486, 41.337684], [19.825104, 41.337187], [19.82499, 41.337015], [19.824778, 41.336677], [19.824594, 41.336344], [19.824153, 41.335513], [19.823629, 41.334568], [19.82357, 41.334458], [19.823481, 41.334297], [19.823424, 41.334198], [19.8231475, 41.333697], [19.822871, 41.333196], [19.822796, 41.333061], [19.822627, 41.332759], [19.822392, 41.33241], [19.822166, 41.33211], [19.821913, 41.331825], [19.821833, 41.331743], [19.821647, 41.331552], [19.82141, 41.331325], [19.821146, 41.33108], [19.821037, 41.330978], [19.820778, 41.330727], [19.820675, 41.330617], [19.820379, 41.330598], [19.820037, 41.330611], [19.819553, 41.330549], [19.819171, 41.330498], [19.819044, 41.330481], [19.817947, 41.330332], [19.81776, 41.330302], [19.81692, 41.330173], [19.816764, 41.330132], [19.816622, 41.330063], [19.816466, 41.329954], [19.816329, 41.3298], [19.816102, 41.32933], [19.816009, 41.329097], [19.815995, 41.32899], [19.816074, 41.328662], [19.816056, 41.32841], [19.816032, 41.328327], [19.815997, 41.328292], [19.815926, 41.328261], [19.815685, 41.32822], [19.815061, 41.328248], [19.815055, 41.328248], [19.814736, 41.328262], [19.813666, 41.328309], [19.813142, 41.328332], [19.81228, 41.328366], [19.811944, 41.32836], [19.81149, 41.328294], [19.811359, 41.328261], [19.811074, 41.328172], [19.810307, 41.327932], [19.809719, 41.327751], [19.809301, 41.327621], [19.808717, 41.32744], [19.808191, 41.327278], [19.807839, 41.327167], [19.807786, 41.32715], [19.807715, 41.327128], [19.807648, 41.327108], [19.807396, 41.327029], [19.806776, 41.326836], [19.8060945, 41.326624], [19.805413, 41.326412], [19.805299, 41.326377], [19.80523, 41.326355], [19.805058, 41.326302], [19.804619, 41.326165], [19.804004, 41.325974], [19.803855, 41.325927], [19.80379, 41.325907], [19.803499, 41.325816], [19.803393, 41.325783], [19.80313, 41.325701], [19.803001, 41.325661], [19.80170449, 41.32526501], [19.800408, 41.324869], [19.799465, 41.3245845], [19.798522, 41.3243], [19.798017, 41.324152], [19.797393, 41.323975], [19.796966, 41.323855], [19.796644, 41.323764], [19.795309, 41.323385], [19.794406, 41.323131], [19.793367, 41.322832], [19.792949, 41.322719], [19.79267, 41.322644], [19.792286, 41.32254], [19.792039, 41.322476], [19.791994, 41.322464], [19.791527, 41.322333], [19.79129, 41.322272], [19.790615, 41.322097], [19.790485, 41.322063], [19.790164, 41.321977], [19.789702, 41.321914], [19.789592, 41.321881], [19.789558, 41.32189], [19.789392, 41.321896], [19.789312, 41.321875], [19.789187, 41.321793], [19.789166, 41.321764], [19.789145, 41.321736], [19.788914, 41.321587], [19.788711, 41.321487], [19.788536, 41.321411], [19.788163, 41.321282], [19.787698, 41.321104], [19.787126, 41.320909], [19.787126, 41.320908], [19.786496, 41.320694], [19.7856435, 41.320406], [19.784791, 41.320118], [19.78396, 41.319831], [19.783218, 41.319591], [19.782882, 41.319486], [19.782575, 41.319389], [19.781706, 41.319115], [19.781529, 41.319058], [19.78134, 41.318999], [19.780306, 41.318682], [19.779794, 41.31852], [19.7789705, 41.318268], [19.778147, 41.318016], [19.777599, 41.317859], [19.777291, 41.317761], [19.77625, 41.317431], [19.77581, 41.317288], [19.775199, 41.317097], [19.775071, 41.317057], [19.774836, 41.316984], [19.774768, 41.316963], [19.77377, 41.31664], [19.773302, 41.316479], [19.772546, 41.316171], [19.772449, 41.31611], [19.771502, 41.315727], [19.770776, 41.315433], [19.770161, 41.315184], [19.769696, 41.314997], [19.769276, 41.314827], [19.768672, 41.314582], [19.768277, 41.314422], [19.768002, 41.314311], [19.767724, 41.314199], [19.767135, 41.313963], [19.766949, 41.314226], [19.766933, 41.314249], [19.766706, 41.314569], [19.766016, 41.314262], [19.765989, 41.314199], [19.766038, 41.314108], [19.766242, 41.313836], [19.766374, 41.313659], [19.766841, 41.313846], [19.767135, 41.313963], [19.767724, 41.314199], [19.768002, 41.314311], [19.768009, 41.314314]]}}, {"type": "Feature", "properties": {"route_id": "11", "route_short_name": "8B", "route_long_name": "Sanatorium \u2013 Qend\u00ebr", "route_color": "#7E57C2", "route_text_color": "#FFFFFF", "shape_id": "11_0", "direction": "0", "corridor_group": "corridor_2", "requested_offset_meters": 1.7142857142857144, "offset_meters": 1.214285714, "debug": false}, "geometry": {"type": "LineString", "coordinates": [[19.82138971, 41.32944962], [19.82107869, 41.32998564], [19.8208073, 41.33045958], [19.82066803, 41.33060558], [19.82037925, 41.33058704], [19.82003786, 41.33060002], [19.81955548, 41.33053822], [19.81904655, 41.33047023], [19.8179498, 41.33032127], [19.81776296, 41.33029129], [19.81692385, 41.33016243], [19.81677041, 41.3301221], [19.81663099, 41.33005435], [19.81657989, 41.330018], [19.81647709, 41.32994683], [19.81634203, 41.32979501], [19.81611577, 41.32932655], [19.8160233, 41.32909487], [19.81600964, 41.32899045], [19.81608827, 41.32866396], [19.81620226, 41.32819503], [19.81623025, 41.32808705], [19.81629823, 41.32781212], [19.8163322, 41.32768925], [19.81634521, 41.32764319], [19.81643321, 41.3273052], [19.8165852, 41.32677026], [19.81661419, 41.32666527], [19.81678419, 41.32607028], [19.8169132, 41.32561091], [19.81734305, 41.32567771], [19.81799704, 41.32578071], [19.81901206, 41.32593971], [19.8190879, 41.32595151], [19.81889633, 41.32666049], [19.81891108, 41.32676265], [19.81909842, 41.32692164], [19.81927003, 41.32712152], [19.81939991, 41.32716865], [19.82062233, 41.32727486], [19.82188633, 41.32738586], [19.82248559, 41.32743771], [19.82275027, 41.32751203], [19.82303727, 41.32738947], [19.82353153, 41.32716935], [19.82361649, 41.32712937], [19.82375639, 41.32706797], [19.8239153, 41.32696703], [19.82424606, 41.32682713], [19.82447922, 41.32668986], [19.82461666, 41.3265626], [19.82470884, 41.32638736], [19.82502206, 41.32544271], [19.82505705, 41.32534173], [19.82516919, 41.32500832], [19.82518975, 41.32492297], [19.82514314, 41.3247345], [19.82503298, 41.32444109], [19.82484023, 41.32390178], [19.82482947, 41.32384599], [19.8248235, 41.32373569], [19.8248225, 41.32369075], [19.82480651, 41.32326289], [19.8248095, 41.32296421], [19.82485496, 41.32280609], [19.82492547, 41.32266408], [19.8253304, 41.32195419], [19.82539136, 41.32183926], [19.82572125, 41.32128245], [19.82587427, 41.32102242], [19.82620027, 41.32046541], [19.8265986, 41.31978457], [19.8268039, 41.31957927], [19.82703349, 41.31941202], [19.82743504, 41.31925995], [19.82845755, 41.3189411], [19.82903804, 41.31875964], [19.8291989, 41.31867418], [19.82934337, 41.31860942], [19.82947161, 41.31855275], [19.83035246, 41.31826014], [19.83045838, 41.31817729], [19.83046986, 41.31813449], [19.83049196, 41.3180995], [19.83056817, 41.31804425], [19.83061526, 41.31802886], [19.83072095, 41.318026], [19.83077483, 41.31803921], [19.83113113, 41.31799658], [19.83176095, 41.31778697], [19.83222485, 41.31762666], [19.83250708, 41.31749563], [19.83264605, 41.31739013], [19.83275937, 41.31727377], [19.83283111, 41.31716869], [19.83296633, 41.31693431], [19.83305533, 41.31677532], [19.83312028, 41.3166634], [19.83320327, 41.31652142], [19.83378078, 41.31553693], [19.83435851, 41.31455201], [19.83446525, 41.3143194], [19.83448553, 41.3141754], [19.8344805, 41.31406064], [19.83446153, 41.31361343], [19.83448527, 41.31345118], [19.83453255, 41.31333201], [19.83466791, 41.31312498], [19.83470577, 41.31307119], [19.83516907, 41.31243325], [19.8356324, 41.31179525], [19.83609588, 41.31115704], [19.83628153, 41.31087203], [19.83645186, 41.31045122], [19.83651588, 41.31029618], [19.83671389, 41.30979316], [19.83712479, 41.30878238], [19.83716171, 41.30870158], [19.83724728, 41.3085165], [19.83745016, 41.30824302], [19.83762713, 41.30806803], [19.83793809, 41.30781288], [19.83806083, 41.3077337], [19.83822209, 41.30765059], [19.83845229, 41.30757353], [19.83873762, 41.30753489], [19.83971426, 41.30750087], [19.83984025, 41.30747505], [19.83994956, 41.3074173], [19.84003607, 41.3073475], [19.84015699, 41.30731727], [19.84028386, 41.3073354], [19.8402962, 41.30734079], [19.84039193, 41.30741042], [19.84041442, 41.30744791], [19.84042201, 41.30746611], [19.84070479, 41.30748898], [19.84080576, 41.30748298], [19.8409337, 41.30749373], [19.84108473, 41.30753465], [19.8411538, 41.30757746], [19.84128029, 41.30765552], [19.84139442, 41.30777752], [19.8414914, 41.3079329], [19.84157889, 41.3081566], [19.84173709, 41.30876837], [19.84178676, 41.30885011], [19.8418977, 41.30894172], [19.84277278, 41.30955216], [19.84291103, 41.30960169], [19.84299379, 41.30960813], [19.84365264, 41.30943036], [19.84392756, 41.30936462], [19.84404416, 41.30934796], [19.84418597, 41.3093509], [19.84441061, 41.30939444], [19.84441632, 41.30939607], [19.84463031, 41.30947236], [19.84470609, 41.30951744], [19.8447579, 41.30957868], [19.84476634, 41.30964333], [19.84467691, 41.30994638], [19.8445079, 41.31041641], [19.8444329, 41.3106764], [19.844356, 41.31089014], [19.84431536, 41.31100314], [19.84424729, 41.3111087], [19.8438227, 41.3116222], [19.84369188, 41.31177919], [19.84364282, 41.31188242], [19.8436165, 41.31203526], [19.84361549, 41.3121813], [19.84363359, 41.31240648], [19.84366603, 41.31252103], [19.84372786, 41.31264875], [19.8437811, 41.31271505]]}}, {"type": "Feature", "properties": {"route_id": "11", "route_short_name": "8B", "route_long_name": "Sanatorium \u2013 Qend\u00ebr", "route_color": "#7E57C2", "route_text_color": "#FFFFFF", "shape_id": "11_0", "direction": "0", "corridor_group": "corridor_2", "offset_meters": 0, "debug": true}, "geometry": {"type": "LineString", "coordinates": [[19.821403, 41.329454], [19.821092, 41.32999], [19.82082, 41.330465], [19.820675, 41.330617], [19.820379, 41.330598], [19.820037, 41.330611], [19.819553, 41.330549], [19.819044, 41.330481], [19.817947, 41.330332], [19.81776, 41.330302], [19.81692, 41.330173], [19.816764, 41.330132], [19.816622, 41.330063], [19.81657, 41.330026], [19.816466, 41.329954], [19.816329, 41.3298], [19.816102, 41.32933], [19.816009, 41.329097], [19.815995, 41.32899], [19.816074, 41.328662], [19.816188, 41.328193], [19.816216, 41.328085], [19.816284, 41.32781], [19.816318, 41.327687], [19.816331, 41.327641], [19.816419, 41.327303], [19.816571, 41.326768], [19.8166, 41.326663], [19.81677, 41.326068], [19.816902, 41.325598], [19.817346, 41.325667], [19.818, 41.32577], [19.819015, 41.325929], [19.819105, 41.325943], [19.818911, 41.326661], [19.818925, 41.326758], [19.81911, 41.326915], [19.81928, 41.327113], [19.819404, 41.327158], [19.820624, 41.327264], [19.821888, 41.327375], [19.822489, 41.327427], [19.822749, 41.3275], [19.82303, 41.32738], [19.823524, 41.32716], [19.823609, 41.32712], [19.823748, 41.327059], [19.823907, 41.326958], [19.824238, 41.326818], [19.824469, 41.326682], [19.824604, 41.326557], [19.824695, 41.326384], [19.825008, 41.32544], [19.825043, 41.325339], [19.825155, 41.325006], [19.825175, 41.324923], [19.825129, 41.324737], [19.825019, 41.324444], [19.824826, 41.323904], [19.824815, 41.323847], [19.824809, 41.323736], [19.824808, 41.323691], [19.824792, 41.323263], [19.824795, 41.322963], [19.824841, 41.322803], [19.824912, 41.32266], [19.825317, 41.32195], [19.825378, 41.321835], [19.825708, 41.321278], [19.825861, 41.321018], [19.826187, 41.320461], [19.826586, 41.319779], [19.826793, 41.319572], [19.827025, 41.319403], [19.827429, 41.31925], [19.828452, 41.318931], [19.829031, 41.31875], [19.829191, 41.318665], [19.829336, 41.3186], [19.829465, 41.318543], [19.830344, 41.318251], [19.830445, 41.318172], [19.830456, 41.318131], [19.83048, 41.318093], [19.83056, 41.318035], [19.830612, 41.318018], [19.830723, 41.318015], [19.830776, 41.318028], [19.831127, 41.317986], [19.831755, 41.317777], [19.832218, 41.317617], [19.832498, 41.317487], [19.832635, 41.317383], [19.832747, 41.317268], [19.832818, 41.317164], [19.832953, 41.31693], [19.833042, 41.316771], [19.833107, 41.316659], [19.83319, 41.316517], [19.83376751, 41.3155325], [19.834345, 41.314548], [19.834451, 41.314317], [19.834471, 41.314175], [19.834466, 41.314061], [19.834447, 41.313613], [19.834471, 41.313449], [19.834519, 41.313328], [19.834655, 41.31312], [19.834693, 41.313066], [19.83515634, 41.312428], [19.83561968, 41.31179], [19.836083, 41.311152], [19.836268, 41.310868], [19.836438, 41.310448], [19.836502, 41.310293], [19.8367, 41.30979], [19.837111, 41.308779], [19.837148, 41.308698], [19.837234, 41.308512], [19.837438, 41.308237], [19.837616, 41.308061], [19.837928, 41.307805], [19.838052, 41.307725], [19.838215, 41.307641], [19.838448, 41.307563], [19.838736, 41.307524], [19.839712, 41.30749], [19.839834, 41.307465], [19.83994, 41.307409], [19.840028, 41.307338], [19.840156, 41.307306], [19.840289, 41.307325], [19.840305, 41.307332], [19.840404, 41.307404], [19.840428, 41.307444], [19.840433, 41.307456], [19.840705, 41.307478], [19.840806, 41.307472], [19.840937, 41.307483], [19.841092, 41.307525], [19.841163, 41.307569], [19.841291, 41.307648], [19.841407, 41.307772], [19.841505, 41.307929], [19.841593, 41.308154], [19.841751, 41.308765], [19.841799, 41.308844], [19.841908, 41.308934], [19.842781, 41.309543], [19.842915, 41.309591], [19.842992, 41.309597], [19.843648, 41.30942], [19.843924, 41.309354], [19.844043, 41.309337], [19.844188, 41.30934], [19.844415, 41.309384], [19.844422, 41.309386], [19.844638, 41.309463], [19.844717, 41.30951], [19.844772, 41.309575], [19.844781, 41.309644], [19.844691, 41.309949], [19.844522, 41.310419], [19.844447, 41.310679], [19.84437, 41.310893], [19.844329, 41.311007], [19.84426, 41.311114], [19.843835, 41.311628], [19.843705, 41.311784], [19.843657, 41.311885], [19.843631, 41.312036], [19.84363, 41.312181], [19.843648, 41.312405], [19.84368, 41.312518], [19.843741, 41.312644], [19.84379351, 41.31270938]]}}, {"type": "Feature", "properties": {"route_id": "11", "route_short_name": "8B", "route_long_name": "Sanatorium \u2013 Qend\u00ebr", "route_color": "#7E57C2", "route_text_color": "#FFFFFF", "shape_id": "11_1", "direction": "1", "corridor_group": "corridor_2", "requested_offset_meters": 1.7142857142857144, "offset_meters": 1.7142857142857144, "debug": false}, "geometry": {"type": "LineString", "coordinates": [[19.84381102, 41.31270139], [19.84381152, 41.312702], [19.84375955, 41.31263729], [19.84369973, 41.31251372], [19.84366835, 41.31240291], [19.84365048, 41.31218057], [19.84365147, 41.31203704], [19.84367702, 41.31188864], [19.84372353, 41.31179079], [19.84385236, 41.31163619], [19.84427795, 41.31112148], [19.84434826, 41.31101244], [19.84438976, 41.31089704], [19.8444669, 41.31068266], [19.8445419, 41.31042266], [19.84471089, 41.3099527], [19.8448017, 41.30964494], [19.8447919, 41.30956981], [19.8447324, 41.3094995], [19.84464884, 41.30944978], [19.84442196, 41.30936941], [19.8441909, 41.30932462], [19.84410255, 41.30932257], [19.84404131, 41.30932153], [19.84391898, 41.309339], [19.84364145, 41.30940537], [19.84298948, 41.30958128], [19.84292061, 41.30957591], [19.84279261, 41.30953007], [19.84192254, 41.30892311], [19.84181628, 41.30883537], [19.84177063, 41.30876024], [19.84161291, 41.30815033], [19.8415242, 41.3079235], [19.84142476, 41.3077642], [19.84130613, 41.30763739], [19.84110225, 41.30751137], [19.84094166, 41.30746786], [19.84080633, 41.30745649], [19.84069937, 41.30746285], [19.84047565, 41.30754802], [19.84038353, 41.30760637], [19.8402919, 41.30766906], [19.84017864, 41.30769208], [19.84006347, 41.30767181], [19.83996838, 41.30761103], [19.83985471, 41.30756788], [19.83971537, 41.30755852], [19.83951289, 41.30756658], [19.838653, 41.30760266], [19.83845732, 41.30763833], [19.83826322, 41.30770439], [19.8380885, 41.3077887], [19.83800062, 41.30784899], [19.83769335, 41.30809601], [19.83752988, 41.30825746], [19.8373204, 41.30853542], [19.83721859, 41.30873905], [19.83698639, 41.30932055], [19.83675439, 41.30990155], [19.83664042, 41.31018748], [19.83658837, 41.3103136], [19.83653137, 41.31046561], [19.83632789, 41.31095934], [19.83617496, 41.31119966], [19.83615543, 41.31122407], [19.83592115, 41.31152143], [19.83564091, 41.31191876], [19.83539104, 41.31227458], [19.83474997, 41.31312667], [19.83471329, 41.31318067], [19.83458417, 41.31343185], [19.83454748, 41.31359185], [19.8345655, 41.31419237], [19.83454481, 41.31434208], [19.83450267, 41.31445478], [19.83442425, 41.31458979], [19.83404377, 41.31523977], [19.83366324, 41.31588981], [19.83348729, 41.31619573], [19.83319433, 41.31668065], [19.83312716, 41.31679393], [19.83300824, 41.3170138], [19.83292445, 41.31714846], [19.83284131, 41.31728307], [19.83268611, 41.31744123], [19.83263203, 41.31748662], [19.83240718, 41.31761679], [19.83197423, 41.31777505], [19.83161029, 41.31790203], [19.83153549, 41.31792895], [19.83100425, 41.31810369], [19.83089125, 41.31817298], [19.83084944, 41.31827551], [19.83073506, 41.31833774], [19.83063513, 41.31834044], [19.83053448, 41.31830556], [19.83039053, 41.31830556], [19.82931516, 41.31867742], [19.82904858, 41.31880621], [19.82893135, 41.31884168], [19.82866833, 41.31892168], [19.82818632, 41.31906869], [19.82745189, 41.31929282], [19.82719531, 41.31938136], [19.82705706, 41.31944588], [19.82683852, 41.31961586], [19.82664045, 41.31980786], [19.82622436, 41.3204716], [19.82590125, 41.3210268], [19.82571329, 41.32134972], [19.82569227, 41.32138476], [19.8256292, 41.32149488], [19.82548424, 41.32174781], [19.82542428, 41.32184973], [19.82536209, 41.32195505], [19.82531701, 41.3220422], [19.82496584, 41.32267251], [19.8248586, 41.32290926], [19.8248475, 41.32326635], [19.82488864, 41.32372085], [19.82490987, 41.32381287], [19.82492605, 41.32387253], [19.82500019, 41.32408293], [19.82506717, 41.32427686], [19.82516711, 41.32457069], [19.82522402, 41.32475241], [19.82526533, 41.324896], [19.82525471, 41.32498961], [19.82523204, 41.32506452], [19.82512905, 41.32539649], [19.8250921, 41.32551633], [19.82488811, 41.32611331], [19.82479631, 41.32640867], [19.82471638, 41.32658037], [19.8246696, 41.32663861], [19.8245612, 41.32672552], [19.82430187, 41.32687597], [19.82395914, 41.32701326], [19.82374074, 41.32704432], [19.82359842, 41.32710678], [19.82351337, 41.3271468], [19.82301974, 41.32736664], [19.82273799, 41.32748696], [19.822609, 41.32755602], [19.82251162, 41.327625], [19.82244707, 41.32767521], [19.82231305, 41.32782343], [19.82205618, 41.32825491], [19.82187011, 41.32859702], [19.82140921, 41.32940485], [19.82138424, 41.3294478]]}}, {"type": "Feature", "properties": {"route_id": "11", "route_short_name": "8B", "route_long_name": "Sanatorium \u2013 Qend\u00ebr", "route_color": "#7E57C2", "route_text_color": "#FFFFFF", "shape_id": "11_1", "direction": "1", "corridor_group": "corridor_2", "offset_meters": 0, "debug": true}, "geometry": {"type": "LineString", "coordinates": [[19.84379351, 41.31270938], [19.843794, 41.31271], [19.843741, 41.312644], [19.84368, 41.312518], [19.843648, 41.312405], [19.84363, 41.312181], [19.843631, 41.312036], [19.843657, 41.311885], [19.843705, 41.311784], [19.843835, 41.311628], [19.84426, 41.311114], [19.844329, 41.311007], [19.84437, 41.310893], [19.844447, 41.310679], [19.844522, 41.310419], [19.844691, 41.309949], [19.844781, 41.309644], [19.844772, 41.309575], [19.844717, 41.30951], [19.844638, 41.309463], [19.844415, 41.309384], [19.844188, 41.30934], [19.844102, 41.309338], [19.844043, 41.309337], [19.843924, 41.309354], [19.843648, 41.30942], [19.842992, 41.309597], [19.842915, 41.309591], [19.842781, 41.309543], [19.841908, 41.308934], [19.841799, 41.308844], [19.841751, 41.308765], [19.841593, 41.308154], [19.841505, 41.307929], [19.841407, 41.307772], [19.841291, 41.307648], [19.841092, 41.307525], [19.840937, 41.307483], [19.840806, 41.307472], [19.840705, 41.307478], [19.840487, 41.307561], [19.840397, 41.307618], [19.840302, 41.307683], [19.840179, 41.307708], [19.840054, 41.307686], [19.839957, 41.307624], [19.839849, 41.307583], [19.839715, 41.307574], [19.839514, 41.307582], [19.838656, 41.307618], [19.838464, 41.307653], [19.838273, 41.307718], [19.838101, 41.307801], [19.838015, 41.30786], [19.837709, 41.308106], [19.837547, 41.308266], [19.837339, 41.308542], [19.837238, 41.308744], [19.837006, 41.309325], [19.836774, 41.309906], [19.83666, 41.310192], [19.836608, 41.310318], [19.836551, 41.31047], [19.836347, 41.310965], [19.836193, 41.311207], [19.836173, 41.311232], [19.835939, 41.311529], [19.835659, 41.311926], [19.835409, 41.312282], [19.834768, 41.313134], [19.834732, 41.313187], [19.834604, 41.313436], [19.834568, 41.313593], [19.834586, 41.314193], [19.834565, 41.314345], [19.834522, 41.31446], [19.834443, 41.314596], [19.8340625, 41.315246], [19.833682, 41.315896], [19.833506, 41.316202], [19.833213, 41.316687], [19.833146, 41.3168], [19.833027, 41.31702], [19.832943, 41.317155], [19.832859, 41.317291], [19.832702, 41.317451], [19.832646, 41.317498], [19.832418, 41.31763], [19.831983, 41.317789], [19.831619, 41.317916], [19.831544, 41.317943], [19.831015, 41.318117], [19.830909, 41.318182], [19.830867, 41.318285], [19.830742, 41.318353], [19.830631, 41.318356], [19.83053, 41.318321], [19.830395, 41.318321], [19.829325, 41.318691], [19.829058, 41.31882], [19.828939, 41.318856], [19.828676, 41.318936], [19.828194, 41.319083], [19.82746, 41.319307], [19.827205, 41.319395], [19.82707, 41.319458], [19.826854, 41.319626], [19.826658, 41.319816], [19.826243, 41.320478], [19.82592, 41.321033], [19.825732, 41.321356], [19.825711, 41.321391], [19.825648, 41.321501], [19.825503, 41.321754], [19.825443, 41.321856], [19.825381, 41.321961], [19.825336, 41.322048], [19.824985, 41.322678], [19.824879, 41.322912], [19.824868, 41.323266], [19.824909, 41.323719], [19.82493, 41.32381], [19.824946, 41.323869], [19.82502, 41.324079], [19.825087, 41.324273], [19.825187, 41.324567], [19.825244, 41.324749], [19.825286, 41.324895], [19.825275, 41.324992], [19.825252, 41.325068], [19.825149, 41.3254], [19.825112, 41.32552], [19.824908, 41.326117], [19.824816, 41.326413], [19.824735, 41.326587], [19.824686, 41.326648], [19.824575, 41.326737], [19.824313, 41.326889], [19.823966, 41.327028], [19.823748, 41.327059], [19.823609, 41.32712], [19.823524, 41.32716], [19.82303, 41.32738], [19.822749, 41.3275], [19.822622, 41.327568], [19.822526, 41.327636], [19.822463, 41.327685], [19.822331, 41.327831], [19.822075, 41.328261], [19.821889, 41.328603], [19.821428, 41.329411], [19.821403, 41.329454]]}}, {"type": "Feature", "properties": {"route_id": "12", "route_short_name": "8C", "route_long_name": "Sauk i vjet\u00ebr \u2013 Qend\u00ebr", "route_color": "#9575CD", "route_text_color": "#FFFFFF", "shape_id": "12_0", "direction": "0", "corridor_group": "corridor_2", "requested_offset_meters": -15.428571428571429, "offset_meters": -0.928571429, "debug": false}, "geometry": {"type": "LineString", "coordinates": [[19.82144304, 41.32940656], [19.8214381, 41.32941446], [19.82110218, 41.32999333], [19.82082971, 41.33046915], [19.82068033, 41.33062574], [19.82037881, 41.33060638], [19.82003634, 41.3306194], [19.8195511, 41.33055724], [19.81904205, 41.33048923], [19.81794486, 41.33034021], [19.81775774, 41.33031019], [19.81691705, 41.33018108], [19.8167591, 41.33013957], [19.81661517, 41.33006963], [19.81645751, 41.32995947], [19.81631903, 41.32980381], [19.81609147, 41.32933264], [19.81599806, 41.32909863], [19.81598381, 41.32898966], [19.81606309, 41.3286605], [19.8161771, 41.32819144], [19.81620511, 41.32808341], [19.81625711, 41.32787939], [19.81630111, 41.32771339], [19.81632011, 41.3276394], [19.81640813, 41.32730132], [19.81656014, 41.32676627], [19.81658915, 41.32666127], [19.81675915, 41.32606625], [19.81689343, 41.32558813], [19.81734825, 41.32565881], [19.81800226, 41.32576181], [19.81901725, 41.32592081], [19.81911808, 41.3259365], [19.81892222, 41.32666139], [19.81893565, 41.32675444], [19.81911886, 41.32690992], [19.81928762, 41.32710648], [19.81940713, 41.32714985], [19.82062528, 41.32725569], [19.82188927, 41.32736669], [19.82249161, 41.32741881], [19.82274803, 41.3274908], [19.82302444, 41.32737276], [19.82351824, 41.32715285], [19.82360327, 41.32711284], [19.82374159, 41.32705214], [19.82390065, 41.32695109], [19.82423184, 41.32681102], [19.82446119, 41.32667599], [19.82459432, 41.32655272], [19.82468442, 41.32638143], [19.82499725, 41.32543793], [19.82503226, 41.32533692], [19.82514415, 41.32500422], [19.82516372, 41.32492302], [19.82511819, 41.32473891], [19.82500831, 41.32444623], [19.82481512, 41.3239057], [19.82480394, 41.32384777], [19.82479791, 41.32373624], [19.82479691, 41.32369119], [19.8247809, 41.32326309], [19.82478391, 41.32296207], [19.82483033, 41.32280064], [19.8249017, 41.32265688], [19.82530675, 41.32194679], [19.82536778, 41.32183174], [19.82569786, 41.3212746], [19.82585085, 41.32101462], [19.82617685, 41.32045762], [19.82657637, 41.31977474], [19.82678467, 41.31956644], [19.82701851, 41.3193961], [19.82742438, 41.31924239], [19.82844776, 41.31892327], [19.82902562, 41.31874263], [19.82918496, 41.31865798], [19.82933036, 41.3185928], [19.82945994, 41.31853554], [19.83033753, 41.31824401], [19.83043477, 41.31816795], [19.8304454, 41.31812833], [19.83047085, 41.31808803], [19.83055375, 41.31802793], [19.83060951, 41.3180097], [19.83072456, 41.31800659], [19.8307769, 41.31801942], [19.83112384, 41.31797791], [19.83175045, 41.31776937], [19.83221276, 41.31760961], [19.83249106, 41.3174804], [19.83262655, 41.31737755], [19.83273754, 41.31726358], [19.83280797, 41.31716041], [19.83294283, 41.31692667], [19.83296181, 41.31689369], [19.83317076, 41.31652578], [19.83317779, 41.31651273], [19.83375637, 41.31552861], [19.83433467, 41.31454493], [19.8344401, 41.31431517], [19.83445989, 41.3141747], [19.83445491, 41.31406127], [19.83443589, 41.31361267], [19.83446008, 41.31344733], [19.83450864, 41.31332493], [19.83464512, 41.31311619], [19.83468324, 41.31306203], [19.83514661, 41.31242399], [19.83560995, 41.31178599], [19.83607324, 41.31114803], [19.83621087, 41.31095256], [19.83628448, 41.31080433], [19.83652138, 41.31020959], [19.83668939, 41.30978757], [19.83710045, 41.30877641], [19.83713752, 41.30869526], [19.83722385, 41.30850856], [19.8374287, 41.3082324], [19.83760749, 41.30805562], [19.83792028, 41.30779897], [19.83804525, 41.30771835], [19.83820958, 41.30763367], [19.83844472, 41.30755495], [19.83873476, 41.30751567], [19.83971027, 41.30748169], [19.83982922, 41.30745731], [19.83993269, 41.30740265], [19.84001842, 41.30733348], [19.84007313, 41.30722601], [19.84008698, 41.30713208], [19.84009985, 41.30704395], [19.84006309, 41.30676277], [19.83999591, 41.30661261], [19.83994215, 41.3065481], [19.83976185, 41.30640049], [19.83961151, 41.30632927], [19.83852593, 41.30590894], [19.83743966, 41.30548833], [19.83708141, 41.30532978], [19.83669906, 41.30506986], [19.83656611, 41.30495404], [19.83638624, 41.30474502], [19.83620773, 41.30444617], [19.83590319, 41.30382311], [19.83574879, 41.3036736], [19.83570398, 41.30366693], [19.83557499, 41.30360914], [19.83549613, 41.30351264], [19.83548583, 41.30340142], [19.83549123, 41.30338196], [19.83549573, 41.30337039], [19.83535717, 41.3033189], [19.83522254, 41.30329372], [19.83513315, 41.30331729], [19.83505257, 41.30332035], [19.83497582, 41.30332338], [19.83487911, 41.30331714], [19.83438861, 41.30306083], [19.83434055, 41.30303481], [19.83400261, 41.30285384], [19.83368311, 41.30268557], [19.83340567, 41.30249928], [19.83337354, 41.30247819], [19.8323975, 41.30177916], [19.83202308, 41.30152855], [19.83133493, 41.30115796], [19.83131291, 41.3011748], [19.8313139, 41.30114331], [19.83128591, 41.30092843], [19.83128292, 41.30054287], [19.83127312, 41.30050663], [19.83126457, 41.30047335], [19.83109431, 41.30029122], [19.83061425, 41.29988809], [19.83013401, 41.2994848], [19.83010828, 41.29946601], [19.83010867, 41.29946629]]}}, {"type": "Feature", "properties": {"route_id": "12", "route_short_name": "8C", "route_long_name": "Sauk i vjet\u00ebr \u2013 Qend\u00ebr", "route_color": "#9575CD", "route_text_color": "#FFFFFF", "shape_id": "12_0", "direction": "0", "corridor_group": "corridor_2", "offset_meters": 0, "debug": true}, "geometry": {"type": "LineString", "coordinates": [[19.821433, 41.329403], [19.821428, 41.329411], [19.821092, 41.32999], [19.82082, 41.330465], [19.820675, 41.330617], [19.820379, 41.330598], [19.820037, 41.330611], [19.819553, 41.330549], [19.819044, 41.330481], [19.817947, 41.330332], [19.81776, 41.330302], [19.81692, 41.330173], [19.816764, 41.330132], [19.816622, 41.330063], [19.816466, 41.329954], [19.816329, 41.3298], [19.816102, 41.32933], [19.816009, 41.329097], [19.815995, 41.32899], [19.816074, 41.328662], [19.816188, 41.328193], [19.816216, 41.328085], [19.816268, 41.327881], [19.816312, 41.327715], [19.816331, 41.327641], [19.816419, 41.327303], [19.816571, 41.326768], [19.8166, 41.326663], [19.81677, 41.326068], [19.816902, 41.325598], [19.817346, 41.325667], [19.818, 41.32577], [19.819015, 41.325929], [19.819105, 41.325943], [19.818911, 41.326661], [19.818925, 41.326758], [19.81911, 41.326915], [19.81928, 41.327113], [19.819404, 41.327158], [19.820624, 41.327264], [19.821888, 41.327375], [19.822489, 41.327427], [19.822749, 41.3275], [19.82303, 41.32738], [19.823524, 41.32716], [19.823609, 41.32712], [19.823748, 41.327059], [19.823907, 41.326958], [19.824238, 41.326818], [19.824469, 41.326682], [19.824604, 41.326557], [19.824695, 41.326384], [19.825008, 41.32544], [19.825043, 41.325339], [19.825155, 41.325006], [19.825175, 41.324923], [19.825129, 41.324737], [19.825019, 41.324444], [19.824826, 41.323904], [19.824815, 41.323847], [19.824809, 41.323736], [19.824808, 41.323691], [19.824792, 41.323263], [19.824795, 41.322963], [19.824841, 41.322803], [19.824912, 41.32266], [19.825317, 41.32195], [19.825378, 41.321835], [19.825708, 41.321278], [19.825861, 41.321018], [19.826187, 41.320461], [19.826586, 41.319779], [19.826793, 41.319572], [19.827025, 41.319403], [19.827429, 41.31925], [19.828452, 41.318931], [19.829031, 41.31875], [19.829191, 41.318665], [19.829336, 41.3186], [19.829465, 41.318543], [19.830344, 41.318251], [19.830445, 41.318172], [19.830456, 41.318131], [19.83048, 41.318093], [19.83056, 41.318035], [19.830612, 41.318018], [19.830723, 41.318015], [19.830776, 41.318028], [19.831127, 41.317986], [19.831755, 41.317777], [19.832218, 41.317617], [19.832498, 41.317487], [19.832635, 41.317383], [19.832747, 41.317268], [19.832818, 41.317164], [19.832953, 41.31693], [19.832972, 41.316897], [19.833181, 41.316529], [19.833188, 41.316516], [19.83376651, 41.315532], [19.834345, 41.314548], [19.834451, 41.314317], [19.834471, 41.314175], [19.834466, 41.314061], [19.834447, 41.313613], [19.834471, 41.313449], [19.834519, 41.313328], [19.834655, 41.31312], [19.834693, 41.313066], [19.83515634, 41.312428], [19.83561968, 41.31179], [19.836083, 41.311152], [19.836221, 41.310956], [19.836295, 41.310807], [19.836532, 41.310212], [19.8367, 41.30979], [19.837111, 41.308779], [19.837148, 41.308698], [19.837234, 41.308512], [19.837438, 41.308237], [19.837616, 41.308061], [19.837928, 41.307805], [19.838052, 41.307725], [19.838215, 41.307641], [19.838448, 41.307563], [19.838736, 41.307524], [19.839712, 41.30749], [19.839834, 41.307465], [19.83994, 41.307409], [19.840028, 41.307338], [19.840084, 41.307228], [19.840098, 41.307133], [19.840111, 41.307044], [19.840074, 41.306761], [19.840006, 41.306609], [19.839951, 41.306543], [19.839769, 41.306394], [19.839617, 41.306322], [19.83853099, 41.30590151], [19.837445, 41.305481], [19.837088, 41.305323], [19.836707, 41.305064], [19.836575, 41.304949], [19.836396, 41.304741], [19.836218, 41.304443], [19.835913, 41.303819], [19.835755, 41.303666], [19.835708, 41.303659], [19.835583, 41.303603], [19.835507, 41.30351], [19.835497, 41.303402], [19.835502, 41.303384], [19.835509, 41.303366], [19.835361, 41.303311], [19.835222, 41.303285], [19.835131, 41.303309], [19.835052, 41.303312], [19.834976, 41.303315], [19.834883, 41.303309], [19.834395, 41.303054], [19.834347, 41.303028], [19.834009, 41.302847], [19.83369, 41.302679], [19.833413, 41.302493], [19.833381, 41.302472], [19.832405, 41.301773], [19.83203, 41.301522], [19.831325, 41.301143], [19.831324, 41.301175], [19.831325, 41.301143], [19.831297, 41.300928], [19.831294, 41.300542], [19.831284, 41.300505], [19.831275, 41.30047], [19.831103, 41.300286], [19.8306225, 41.2998825], [19.830142, 41.299479], [19.830116, 41.29946], [19.83011639, 41.29946028]]}}, {"type": "Feature", "properties": {"route_id": "12", "route_short_name": "8C", "route_long_name": "Sauk i vjet\u00ebr \u2013 Qend\u00ebr", "route_color": "#9575CD", "route_text_color": "#FFFFFF", "shape_id": "12_1", "direction": "1", "corridor_group": "corridor_2", "requested_offset_meters": -15.428571428571429, "offset_meters": -4.428571429, "debug": false}, "geometry": {"type": "LineString", "coordinates": [[19.83015319, 41.29943164], [19.83018013, 41.29945132], [19.83066185, 41.29985585], [19.83114443, 41.3002611], [19.83132477, 41.30045401], [19.83133588, 41.30049722], [19.83134686, 41.30053786], [19.83134988, 41.30092593], [19.83137529, 41.30112104], [19.8316647, 41.30127652], [19.83206301, 41.30149076], [19.83244078, 41.30174362], [19.83341659, 41.30244248], [19.83344795, 41.30246306], [19.83372284, 41.30264765], [19.83403946, 41.30281439], [19.83437774, 41.30299554], [19.83442549, 41.30302141], [19.83490155, 41.30327016], [19.83497663, 41.30327501], [19.83505936, 41.30327116], [19.83512103, 41.30326937], [19.83520322, 41.3032477], [19.83530319, 41.30321678], [19.83552566, 41.30318005], [19.83571236, 41.30318209], [19.83584076, 41.30317466], [19.83595049, 41.30319944], [19.83602591, 41.30323653], [19.83612605, 41.303339], [19.83614674, 41.3034827], [19.83612054, 41.30354882], [19.8360722, 41.30360553], [19.83606331, 41.30375394], [19.8363976, 41.30445703], [19.83661704, 41.30477685], [19.83676185, 41.30492455], [19.83710535, 41.30517258], [19.83725128, 41.30525569], [19.83749536, 41.30536198], [19.83864173, 41.30580755], [19.83979332, 41.30625513], [19.83993909, 41.30633858], [19.84007699, 41.30645542], [19.84016658, 41.30657062], [19.84025654, 41.30678193], [19.84027088, 41.30703476], [19.8402748, 41.30718665], [19.84028839, 41.30723761], [19.84032885, 41.30729632], [19.8403371, 41.30729993], [19.84044802, 41.3073806], [19.84047751, 41.30742975], [19.84048455, 41.30744664], [19.84049542, 41.30749498], [19.84048357, 41.30757085], [19.84044063, 41.30764201], [19.84032809, 41.30771901], [19.84017993, 41.30774912], [19.84002954, 41.30772265], [19.83992759, 41.30765749], [19.83983424, 41.30762205], [19.83971404, 41.30761398], [19.83951686, 41.30762183], [19.83866375, 41.30765762], [19.83848125, 41.30769089], [19.83829827, 41.30775316], [19.83813329, 41.30783278], [19.83805215, 41.30788844], [19.83774942, 41.30813181], [19.83759122, 41.30828806], [19.83738704, 41.30855899], [19.83728813, 41.3087568], [19.83705666, 41.3093365], [19.83682466, 41.30991749], [19.83671071, 41.31020337], [19.83669471, 41.31024437], [19.83645203, 41.31085307], [19.83630979, 41.31112536], [19.8362138, 41.31125096], [19.83598526, 41.31154837], [19.83570573, 41.3119447], [19.83545539, 41.31230118], [19.83481457, 41.31315294], [19.83478034, 41.31320334], [19.83465523, 41.31344671], [19.83462101, 41.31359597], [19.83463897, 41.31419462], [19.83461715, 41.31435253], [19.83457193, 41.31447348], [19.83449143, 41.31461205], [19.8341109, 41.31526211], [19.83373047, 41.31591199], [19.83355447, 41.31621799], [19.83307531, 41.31703626], [19.83299323, 41.31717339], [19.83294271, 41.31725794], [19.83279722, 41.31743148], [19.83254722, 41.31761094], [19.83230277, 41.31772131], [19.83164151, 41.3179521], [19.83156598, 41.31797929], [19.83104278, 41.31815138], [19.8309601, 41.31820208], [19.83095794, 41.31822442], [19.8308722, 41.31834423], [19.83075655, 41.31839252], [19.83062033, 41.3183962], [19.83051842, 41.31836089], [19.83040655, 41.31836089], [19.82935043, 41.31872609], [19.82908234, 41.31885561], [19.82895875, 41.318893], [19.82869582, 41.31897298], [19.82821385, 41.31911997], [19.82748095, 41.31934364], [19.82723003, 41.31943023], [19.82710342, 41.31948931], [19.826894, 41.3196522], [19.82670334, 41.31983702], [19.82629115, 41.32049454], [19.82596845, 41.32104903], [19.82578033, 41.32137223], [19.82575937, 41.32140717], [19.82549143, 41.32187206], [19.82542982, 41.32197641], [19.82538002, 41.32207201], [19.82503448, 41.32269218], [19.8249317, 41.32291908], [19.82492095, 41.32326511], [19.8249616, 41.32371421], [19.82498199, 41.32380259], [19.82499753, 41.32385988], [19.82507117, 41.32406886], [19.82513823, 41.32426302], [19.82523838, 41.32455746], [19.82529561, 41.32474019], [19.8253394, 41.32489241], [19.82532741, 41.32499816], [19.82530355, 41.32507698], [19.82520053, 41.32540906], [19.8251634, 41.32552949], [19.82495939, 41.32612653], [19.82486708, 41.32642352], [19.82481609, 41.3265463], [19.82472911, 41.32667194], [19.82452108, 41.3268277], [19.82434071, 41.32692307], [19.82398372, 41.32706607], [19.82376675, 41.32709692], [19.82363633, 41.32715416], [19.82355147, 41.32719409], [19.8230565, 41.32741453], [19.82277744, 41.3275337], [19.8226556, 41.32759894], [19.82256314, 41.32766443], [19.82250416, 41.3277103], [19.82237736, 41.32785055], [19.82212363, 41.32827673], [19.82193779, 41.32861844], [19.82148162, 41.32941875]]}}, {"type": "Feature", "properties": {"route_id": "12", "route_short_name": "8C", "route_long_name": "Sauk i vjet\u00ebr \u2013 Qend\u00ebr", "route_color": "#9575CD", "route_text_color": "#FFFFFF", "shape_id": "12_1", "direction": "1", "corridor_group": "corridor_2", "offset_meters": 0, "debug": true}, "geometry": {"type": "LineString", "coordinates": [[19.83011639, 41.29946028], [19.830142, 41.299479], [19.8306225, 41.2998825], [19.831103, 41.300286], [19.831275, 41.30047], [19.831284, 41.300505], [19.831294, 41.300542], [19.831297, 41.300928], [19.831325, 41.301143], [19.831634, 41.301309], [19.83203, 41.301522], [19.832405, 41.301773], [19.833381, 41.302472], [19.833413, 41.302493], [19.83369, 41.302679], [19.834009, 41.302847], [19.834347, 41.303028], [19.834395, 41.303054], [19.834883, 41.303309], [19.834976, 41.303315], [19.835062, 41.303311], [19.835131, 41.303309], [19.835222, 41.303285], [19.835319, 41.303255], [19.835531, 41.30322], [19.835714, 41.303222], [19.835835, 41.303215], [19.835928, 41.303236], [19.835989, 41.303266], [19.836075, 41.303354], [19.836093, 41.303479], [19.836072, 41.303532], [19.83602, 41.303593], [19.83601, 41.30376], [19.836349, 41.304473], [19.836572, 41.304798], [19.836722, 41.304951], [19.837071, 41.305203], [19.837222, 41.305289], [19.83747, 41.305397], [19.83861749, 41.30584301], [19.839765, 41.306289], [19.839903, 41.306368], [19.840034, 41.306479], [19.840118, 41.306587], [19.840204, 41.306789], [19.840218, 41.307036], [19.840222, 41.307191], [19.840238, 41.307251], [19.840289, 41.307325], [19.840305, 41.307332], [19.840404, 41.307404], [19.840428, 41.307444], [19.840433, 41.307456], [19.840442, 41.307496], [19.840432, 41.30756], [19.840397, 41.307618], [19.840302, 41.307683], [19.840179, 41.307708], [19.840054, 41.307686], [19.839957, 41.307624], [19.839849, 41.307583], [19.839715, 41.307574], [19.839514, 41.307582], [19.838656, 41.307618], [19.838464, 41.307653], [19.838273, 41.307718], [19.838101, 41.307801], [19.838015, 41.30786], [19.837709, 41.308106], [19.837547, 41.308266], [19.837339, 41.308542], [19.837238, 41.308744], [19.837006, 41.309325], [19.836774, 41.309906], [19.83666, 41.310192], [19.836644, 41.310233], [19.836402, 41.31084], [19.836262, 41.311108], [19.836168, 41.311231], [19.835939, 41.311529], [19.835659, 41.311926], [19.835409, 41.312282], [19.834768, 41.313134], [19.834732, 41.313187], [19.834604, 41.313436], [19.834568, 41.313593], [19.834586, 41.314193], [19.834565, 41.314345], [19.834522, 41.31446], [19.834443, 41.314596], [19.8340625, 41.315246], [19.833682, 41.315896], [19.833506, 41.316202], [19.833027, 41.31702], [19.832945, 41.317157], [19.832896, 41.317239], [19.832756, 41.317406], [19.832515, 41.317579], [19.832278, 41.317686], [19.831619, 41.317916], [19.831544, 41.317943], [19.831015, 41.318117], [19.830909, 41.318182], [19.830906, 41.318213], [19.830833, 41.318315], [19.830742, 41.318353], [19.830631, 41.318356], [19.83053, 41.318321], [19.830395, 41.318321], [19.829325, 41.318691], [19.829058, 41.31882], [19.828939, 41.318856], [19.828676, 41.318936], [19.828194, 41.319083], [19.82746, 41.319307], [19.827205, 41.319395], [19.82707, 41.319458], [19.826854, 41.319626], [19.826658, 41.319816], [19.826243, 41.320478], [19.82592, 41.321033], [19.825732, 41.321356], [19.825711, 41.321391], [19.825443, 41.321856], [19.825381, 41.321961], [19.825331, 41.322057], [19.824985, 41.322678], [19.824879, 41.322912], [19.824868, 41.323266], [19.824909, 41.323719], [19.82493, 41.32381], [19.824946, 41.323869], [19.82502, 41.324079], [19.825087, 41.324273], [19.825187, 41.324567], [19.825244, 41.324749], [19.825286, 41.324895], [19.825275, 41.324992], [19.825252, 41.325068], [19.825149, 41.3254], [19.825112, 41.32552], [19.824908, 41.326117], [19.824816, 41.326413], [19.824767, 41.326531], [19.824686, 41.326648], [19.824487, 41.326797], [19.824313, 41.326889], [19.823966, 41.327028], [19.823748, 41.327059], [19.823609, 41.32712], [19.823524, 41.32716], [19.82303, 41.32738], [19.822749, 41.3275], [19.822622, 41.327568], [19.822526, 41.327636], [19.822463, 41.327685], [19.822331, 41.327831], [19.822075, 41.328261], [19.821889, 41.328603], [19.821433, 41.329403]]}}, {"type": "Feature", "properties": {"route_id": "18", "route_short_name": "11", "route_long_name": "Porcelan \u2013 Qend\u00ebr", "route_color": "#2196F3", "route_text_color": "#FFFFFF", "shape_id": "18_0", "direction": "0", "corridor_group": null, "requested_offset_meters": -4, "offset_meters": -4, "debug": false}, "geometry": {"type": "LineString", "coordinates": [[19.86738897, 41.35051371], [19.86734593, 41.3506849], [19.86717053, 41.35134339], [19.86712159, 41.35147562], [19.86707207, 41.35154419], [19.86698342, 41.35157283], [19.8668209, 41.35157608], [19.86636117, 41.35153641], [19.86619352, 41.35149756], [19.86611995, 41.35143703], [19.86594275, 41.35122816], [19.86577638, 41.35112441], [19.86521509, 41.35095751], [19.8647866, 41.35076986], [19.86462693, 41.35071206], [19.86461259, 41.35070785], [19.86413689, 41.35058572], [19.86391376, 41.3505771], [19.86359351, 41.35059712], [19.86319862, 41.35057875], [19.86281356, 41.35050555], [19.86241485, 41.35047325], [19.86151747, 41.35018657], [19.8606966, 41.34985983], [19.86052977, 41.3497929], [19.85999859, 41.34958561], [19.85942083, 41.34939965], [19.85936456, 41.3493851], [19.85896666, 41.3492834], [19.85888897, 41.34927715], [19.85859128, 41.34929137], [19.85829285, 41.34922202], [19.85822678, 41.34919061], [19.858145, 41.34915295], [19.85807715, 41.34909545], [19.85778248, 41.34865698], [19.85769705, 41.3484995], [19.85766214, 41.34837014], [19.8576219, 41.34821947], [19.85756357, 41.3481741], [19.85726013, 41.34802829], [19.85645106, 41.34763226], [19.85623207, 41.34752627], [19.85618714, 41.3475043], [19.85603519, 41.34743133], [19.85581029, 41.34732194], [19.85575084, 41.34727488], [19.85569213, 41.34713751], [19.85569419, 41.34695436], [19.85569025, 41.34685005], [19.85568171, 41.34677507], [19.85550425, 41.34625505], [19.85521152, 41.34623893], [19.85504734, 41.34622992], [19.85493154, 41.34622287], [19.85435869, 41.3461768], [19.85416495, 41.34615974], [19.85349121, 41.34608945], [19.85303182, 41.34600767], [19.85276853, 41.34594058], [19.85209172, 41.34571197], [19.85199346, 41.34567988], [19.85110687, 41.34537098], [19.85106637, 41.34535316], [19.85089658, 41.34535492], [19.85083525, 41.34537573], [19.85074253, 41.34536053], [19.85067965, 41.34530249], [19.85069415, 41.34522777], [19.85066216, 41.34514861], [19.85057302, 41.34510274], [19.85019522, 41.34490784], [19.85019122, 41.34490484], [19.84963761, 41.34462604], [19.84918426, 41.34440188], [19.84810206, 41.34370582], [19.84801731, 41.34364555], [19.84763562, 41.34352121], [19.84762447, 41.34352029], [19.84750945, 41.34348638], [19.84744062, 41.34340772], [19.8474351, 41.34339116], [19.84734552, 41.34326632], [19.84719977, 41.34311672], [19.84710084, 41.34305332], [19.84695868, 41.34296022], [19.84686668, 41.34290022], [19.8467795, 41.3428431], [19.84623637, 41.34248168], [19.84596223, 41.34225391], [19.84577084, 41.34208756], [19.84525284, 41.34163456], [19.84510752, 41.34150828], [19.84438242, 41.3408472], [19.84411675, 41.34061349], [19.84402987, 41.34053759], [19.8437912, 41.34033087], [19.84375401, 41.34029972], [19.84360378, 41.34016651], [19.8432507, 41.33986144], [19.84289659, 41.33954434], [19.84283186, 41.33948758], [19.84250133, 41.33920199], [19.84223088, 41.33897861], [19.84207811, 41.33883891], [19.84160909, 41.33840989], [19.84124597, 41.33807678], [19.84107711, 41.33791992], [19.84080798, 41.33767769], [19.84069759, 41.3375862], [19.84061335, 41.337516], [19.84031117, 41.33725784], [19.84002607, 41.33701462], [19.83967685, 41.33674873], [19.83953773, 41.3366635], [19.83895156, 41.33633796], [19.83881996, 41.33626418], [19.83870906, 41.33620523], [19.83858075, 41.33613406], [19.83833852, 41.33600094], [19.83802524, 41.33582278], [19.83787534, 41.33573783], [19.83781247, 41.33570247], [19.83764005, 41.33561626], [19.83752253, 41.33556049], [19.83716643, 41.33539144], [19.83691869, 41.33527257], [19.83667609, 41.33516075], [19.83602146, 41.33485992], [19.83581361, 41.33476798], [19.83547933, 41.33461686], [19.83498826, 41.33439282], [19.83453601, 41.33418671], [19.83421577, 41.3340366], [19.83360674, 41.33375158], [19.83350498, 41.3337037], [19.833426, 41.33366771], [19.8330996, 41.33351452], [19.83284376, 41.3333926], [19.83275489, 41.33335166], [19.83258866, 41.33327355], [19.83231342, 41.33314344], [19.83220091, 41.33308919], [19.83167658, 41.33282702], [19.83166066, 41.33281906], [19.83121641, 41.33259894], [19.83092226, 41.33244786], [19.83066255, 41.33231701], [19.83042934, 41.3322009], [19.83000211, 41.33198079], [19.82981017, 41.33188282], [19.82934549, 41.33164498], [19.82927439, 41.33160993], [19.82918894, 41.3315657], [19.82829731, 41.33110389], [19.82814449, 41.33102798], [19.82796336, 41.33093591], [19.82744124, 41.33067285], [19.82714012, 41.33051779], [19.82626224, 41.33006985], [19.82620328, 41.33003987], [19.82577213, 41.3298208], [19.82562115, 41.3297428], [19.82541731, 41.32963942], [19.8251381, 41.32956458], [19.82498001, 41.32955601], [19.82485724, 41.32955493], [19.8247685, 41.32952407], [19.82467606, 41.32943518], [19.8246579, 41.32935892], [19.82465904, 41.32934699], [19.82457114, 41.32925995], [19.82435298, 41.32913907], [19.82387769, 41.32904381], [19.82299333, 41.32886574], [19.82274932, 41.32881374], [19.82231365, 41.3287258], [19.82187698, 41.32863787], [19.82110525, 41.32849092], [19.82100684, 41.32847203], [19.82091438, 41.3284563]]}}, {"type": "Feature", "properties": {"route_id": "18", "route_short_name": "11", "route_long_name": "Porcelan \u2013 Qend\u00ebr", "route_color": "#2196F3", "route_text_color": "#FFFFFF", "shape_id": "18_0", "direction": "0", "corridor_group": null, "offset_meters": 0, "debug": true}, "geometry": {"type": "LineString", "coordinates": [[19.867342, 41.350507], [19.867299, 41.350678], [19.867124, 41.351335], [19.867077, 41.351462], [19.867038, 41.351516], [19.866973, 41.351537], [19.866823, 41.35154], [19.866371, 41.351501], [19.86622, 41.351466], [19.866158, 41.351415], [19.865979, 41.351204], [19.865801, 41.351093], [19.865236, 41.350925], [19.864809, 41.350738], [19.864646, 41.350679], [19.864629, 41.350674], [19.864146, 41.35055], [19.863913, 41.350541], [19.863593, 41.350561], [19.863206, 41.350543], [19.862822, 41.35047], [19.862427, 41.350438], [19.861538, 41.350154], [19.860719, 41.349828], [19.860552, 41.349761], [19.860019, 41.349553], [19.859438, 41.349366], [19.85938, 41.349351], [19.858977, 41.349248], [19.85889, 41.349241], [19.858597, 41.349255], [19.858313, 41.349189], [19.858252, 41.34916], [19.858176, 41.349125], [19.858117, 41.349075], [19.857826, 41.348642], [19.857743, 41.348489], [19.857709, 41.348363], [19.857666, 41.348202], [19.857594, 41.348146], [19.857286, 41.347998], [19.856477, 41.347602], [19.856258, 41.347496], [19.856213, 41.347474], [19.856061, 41.347401], [19.855841, 41.347294], [19.855793, 41.347256], [19.85574, 41.347132], [19.855742, 41.346954], [19.855738, 41.346848], [19.855729, 41.346769], [19.855542, 41.346221], [19.855215, 41.346203], [19.855051, 41.346194], [19.854936, 41.346187], [19.854364, 41.346141], [19.854171, 41.346124], [19.8535, 41.346054], [19.853045, 41.345973], [19.852786, 41.345907], [19.852111, 41.345679], [19.852013, 41.345647], [19.851129, 41.345339], [19.851079, 41.345317], [19.850886, 41.345319], [19.85083, 41.345338], [19.850769, 41.345328], [19.85073, 41.345292], [19.850743, 41.345225], [19.850703, 41.345126], [19.8506, 41.345073], [19.850222, 41.344878], [19.850218, 41.344875], [19.849664, 41.344596], [19.849213, 41.344373], [19.848134, 41.343679], [19.848044, 41.343615], [19.847648, 41.343486], [19.847636, 41.343485], [19.847541, 41.343457], [19.847485, 41.343393], [19.84748, 41.343378], [19.847386, 41.343247], [19.847235, 41.343092], [19.847132, 41.343026], [19.84699, 41.342933], [19.846898, 41.342873], [19.846811, 41.342816], [19.84627, 41.342456], [19.845998, 41.34223], [19.845807, 41.342064], [19.845289, 41.341611], [19.845144, 41.341485], [19.844419, 41.340824], [19.844153, 41.34059], [19.844066, 41.340514], [19.843827, 41.340307], [19.84379, 41.340276], [19.84364, 41.340143], [19.843287, 41.339838], [19.842933, 41.339521], [19.842868, 41.339464], [19.842537, 41.339178], [19.842267, 41.338955], [19.842115, 41.338816], [19.841646, 41.338387], [19.841283, 41.338054], [19.841114, 41.337897], [19.840844, 41.337654], [19.840733, 41.337562], [19.840649, 41.337492], [19.840347, 41.337234], [19.840061, 41.33699], [19.839709, 41.336722], [19.839567, 41.336635], [19.83898, 41.336309], [19.838848, 41.336235], [19.838737, 41.336176], [19.838609, 41.336105], [19.838367, 41.335972], [19.838054, 41.335794], [19.837904, 41.335709], [19.83784, 41.335673], [19.837666, 41.335586], [19.837548, 41.33553], [19.837192, 41.335361], [19.836944, 41.335242], [19.836701, 41.33513], [19.836046, 41.334829], [19.835838, 41.334737], [19.835504, 41.334586], [19.835013, 41.334362], [19.834561, 41.334156], [19.834241, 41.334006], [19.833632, 41.333721], [19.83353, 41.333673], [19.833451, 41.333637], [19.833125, 41.333484], [19.832869, 41.333362], [19.83278, 41.333321], [19.832614, 41.333243], [19.832339, 41.333113], [19.832227, 41.333059], [19.831703, 41.332797], [19.831687, 41.332789], [19.831243, 41.332569], [19.830949, 41.332418], [19.830689, 41.332287], [19.830456, 41.332171], [19.830029, 41.331951], [19.829837, 41.331853], [19.829372, 41.331615], [19.829301, 41.33158], [19.829216, 41.331536], [19.828324, 41.331074], [19.828171, 41.330998], [19.82799, 41.330906], [19.827468, 41.330643], [19.827167, 41.330488], [19.826289, 41.33004], [19.82623, 41.33001], [19.825799, 41.329791], [19.825648, 41.329713], [19.825439, 41.329607], [19.825148, 41.329529], [19.824982, 41.32952], [19.824868, 41.329519], [19.824799, 41.329495], [19.824721, 41.32942], [19.824706, 41.329357], [19.824708, 41.329336], [19.824605, 41.329234], [19.824374, 41.329106], [19.82389, 41.329009], [19.823006, 41.328831], [19.822762, 41.328779], [19.822326, 41.328691], [19.821889, 41.328603], [19.821117, 41.328456], [19.821018, 41.328437], [19.82092491, 41.32842115]]}}, {"type": "Feature", "properties": {"route_id": "18", "route_short_name": "11", "route_long_name": "Porcelan \u2013 Qend\u00ebr", "route_color": "#2196F3", "route_text_color": "#FFFFFF", "shape_id": "18_1", "direction": "1", "corridor_group": null, "requested_offset_meters": -4, "offset_meters": -1.25, "debug": false}, "geometry": {"type": "LineString", "coordinates": [[19.8209282, 41.32841017], [19.82092729, 41.32841002], [19.82102149, 41.32842605], [19.82112067, 41.32844509], [19.82189276, 41.3285921], [19.82232986, 41.32868012], [19.82276596, 41.32876815], [19.82300996, 41.32882014], [19.82437669, 41.32909489], [19.82446746, 41.3291018], [19.82459382, 41.32911089], [19.8249186, 41.32918207], [19.82503046, 41.32919951], [19.82510575, 41.32924405], [19.82512522, 41.32926352], [19.82516036, 41.32933379], [19.82528163, 41.32946887], [19.82544863, 41.32959831], [19.82565639, 41.32970369], [19.8258074, 41.32978169], [19.82623835, 41.33000067], [19.82629736, 41.33003067], [19.8271754, 41.33047869], [19.82747636, 41.33063367], [19.82799833, 41.33089665], [19.82817929, 41.33098863], [19.82833234, 41.33106466], [19.82930932, 41.33157065], [19.82938027, 41.33160562], [19.82943338, 41.33163268], [19.82984538, 41.33184368], [19.8300374, 41.33194169], [19.83046433, 41.33216166], [19.83069727, 41.33227762], [19.83095736, 41.33240867], [19.83125131, 41.33255964], [19.83169523, 41.33277961], [19.83171126, 41.33278762], [19.83223515, 41.33304957], [19.83234699, 41.33310349], [19.8326219, 41.33323344], [19.83287691, 41.33335245], [19.83311311, 41.33346454], [19.83313308, 41.33347453], [19.83345881, 41.3336274], [19.83353782, 41.33366341], [19.83363989, 41.33371144], [19.83424888, 41.33399644], [19.83456881, 41.3341464], [19.83502073, 41.33435237], [19.83551171, 41.33457636], [19.83584562, 41.33472732], [19.83605367, 41.33481934], [19.83670878, 41.33512039], [19.83695191, 41.33523245], [19.83719999, 41.33535149], [19.83755596, 41.33552047], [19.83767411, 41.33557654], [19.8378486, 41.33566379], [19.83791294, 41.33569998], [19.83816099, 41.33584001], [19.83837592, 41.33596297], [19.83861783, 41.33609592], [19.83874573, 41.33616687], [19.83885676, 41.33622588], [19.83898889, 41.33629995], [19.83957615, 41.3366261], [19.83971905, 41.33671365], [19.84007191, 41.33698231], [19.8403582, 41.33722655], [19.84066014, 41.3374845], [19.84074407, 41.33755444], [19.84085526, 41.3376466], [19.84112553, 41.33788984], [19.84129456, 41.33804687], [19.84139653, 41.33813985], [19.84165754, 41.33837985], [19.84227829, 41.33894762], [19.84254815, 41.3391705], [19.84287929, 41.33945663], [19.84294438, 41.33951371], [19.84308843, 41.33964275], [19.84329834, 41.33983067], [19.84365132, 41.34013565], [19.84380125, 41.34026859], [19.84383819, 41.34029954], [19.84407729, 41.34050663], [19.84416433, 41.34058266], [19.84443043, 41.34081675], [19.8451554, 41.34147772], [19.8453003, 41.34160364], [19.84597328, 41.34219162], [19.84600915, 41.34222251], [19.84628051, 41.34244797], [19.84682084, 41.34280753], [19.84690779, 41.3428645], [19.84699979, 41.34292449], [19.84714174, 41.34301746], [19.84724343, 41.34308263], [19.84746873, 41.34317255], [19.84765844, 41.34321625], [19.84775468, 41.34323926], [19.84782152, 41.34329964], [19.847835, 41.34333593], [19.84791985, 41.34346419], [19.84805532, 41.34360757], [19.84814398, 41.34367062], [19.84922198, 41.34436398], [19.84967225, 41.34458661], [19.85022638, 41.34486568], [19.85060845, 41.34506371], [19.85071171, 41.34511685], [19.85082287, 41.34517994], [19.85083236, 41.34518512], [19.85089227, 41.34520404], [19.85092461, 41.34524445], [19.85108619, 41.34530713], [19.85113592, 41.34532901], [19.85201911, 41.34563672], [19.85211703, 41.3456687], [19.85279146, 41.34589651], [19.85304912, 41.34596217], [19.85350275, 41.34604292], [19.85417289, 41.34611283], [19.85436566, 41.34612981], [19.85493739, 41.34617579], [19.85505213, 41.34618277], [19.85518308, 41.34618977], [19.85554109, 41.34620966], [19.85571179, 41.3461843], [19.85580849, 41.34614369], [19.8559607, 41.34604745], [19.85603491, 41.34596174], [19.85627338, 41.34596174], [19.85652214, 41.34592062], [19.85669439, 41.34593387], [19.85691139, 41.3459702], [19.85720581, 41.34605763], [19.85785633, 41.3462788], [19.85798236, 41.34632481], [19.85816824, 41.34638877], [19.85854016, 41.34651844], [19.85857827, 41.3465431], [19.85861781, 41.3466097], [19.85873055, 41.34683328], [19.85877183, 41.34684059], [19.85874272, 41.34685408], [19.858849, 41.34700644], [19.85890874, 41.34708011], [19.85896625, 41.34715052], [19.85912083, 41.34729717], [19.85931283, 41.34742222], [19.85960895, 41.34750937], [19.86030435, 41.34767323], [19.86039835, 41.34769423], [19.86065767, 41.34775525], [19.86088759, 41.3479639], [19.8610751, 41.34814143], [19.86127532, 41.34828839], [19.86207758, 41.34853256], [19.86257402, 41.34868269], [19.86277342, 41.34875484], [19.86315538, 41.34889082], [19.86401084, 41.34919563], [19.86437527, 41.34929918], [19.86482411, 41.34937416], [19.86514913, 41.34946042], [19.86536329, 41.34952147], [19.86565803, 41.34960568], [19.86603226, 41.34974777], [19.86642941, 41.34987319], [19.86701798, 41.34996297], [19.86732897, 41.35001097], [19.86747541, 41.35003315], [19.86735668, 41.35050908]]}}, {"type": "Feature", "properties": {"route_id": "18", "route_short_name": "11", "route_long_name": "Porcelan \u2013 Qend\u00ebr", "route_color": "#2196F3", "route_text_color": "#FFFFFF", "shape_id": "18_1", "direction": "1", "corridor_group": null, "offset_meters": 0, "debug": true}, "geometry": {"type": "LineString", "coordinates": [[19.82092491, 41.32842115], [19.820924, 41.328421], [19.821018, 41.328437], [19.821117, 41.328456], [19.821889, 41.328603], [19.822326, 41.328691], [19.822762, 41.328779], [19.823006, 41.328831], [19.824374, 41.329106], [19.824466, 41.329113], [19.824591, 41.329122], [19.824915, 41.329193], [19.825024, 41.32921], [19.825095, 41.329252], [19.825112, 41.329269], [19.825147, 41.329339], [19.82527, 41.329476], [19.825439, 41.329607], [19.825648, 41.329713], [19.825799, 41.329791], [19.82623, 41.33001], [19.826289, 41.33004], [19.827167, 41.330488], [19.827468, 41.330643], [19.82799, 41.330906], [19.828171, 41.330998], [19.828324, 41.331074], [19.829301, 41.33158], [19.829372, 41.331615], [19.829425, 41.331642], [19.829837, 41.331853], [19.830029, 41.331951], [19.830456, 41.332171], [19.830689, 41.332287], [19.830949, 41.332418], [19.831243, 41.332569], [19.831687, 41.332789], [19.831703, 41.332797], [19.832227, 41.333059], [19.832339, 41.333113], [19.832614, 41.333243], [19.832869, 41.333362], [19.833105, 41.333474], [19.833125, 41.333484], [19.833451, 41.333637], [19.83353, 41.333673], [19.833632, 41.333721], [19.834241, 41.334006], [19.834561, 41.334156], [19.835013, 41.334362], [19.835504, 41.334586], [19.835838, 41.334737], [19.836046, 41.334829], [19.836701, 41.33513], [19.836944, 41.335242], [19.837192, 41.335361], [19.837548, 41.33553], [19.837666, 41.335586], [19.83784, 41.335673], [19.837904, 41.335709], [19.838152, 41.335849], [19.838367, 41.335972], [19.838609, 41.336105], [19.838737, 41.336176], [19.838848, 41.336235], [19.83898, 41.336309], [19.839567, 41.336635], [19.839709, 41.336722], [19.840061, 41.33699], [19.840347, 41.337234], [19.840649, 41.337492], [19.840733, 41.337562], [19.840844, 41.337654], [19.841114, 41.337897], [19.841283, 41.338054], [19.841385, 41.338147], [19.841646, 41.338387], [19.842267, 41.338955], [19.842537, 41.339178], [19.842868, 41.339464], [19.842933, 41.339521], [19.843077, 41.33965], [19.843287, 41.339838], [19.84364, 41.340143], [19.84379, 41.340276], [19.843827, 41.340307], [19.844066, 41.340514], [19.844153, 41.34059], [19.844419, 41.340824], [19.845144, 41.341485], [19.845289, 41.341611], [19.845962, 41.342199], [19.845998, 41.34223], [19.84627, 41.342456], [19.846811, 41.342816], [19.846898, 41.342873], [19.84699, 41.342933], [19.847132, 41.343026], [19.847235, 41.343092], [19.847463, 41.343183], [19.847654, 41.343227], [19.847746, 41.343249], [19.847808, 41.343305], [19.847821, 41.34334], [19.847907, 41.34347], [19.848044, 41.343615], [19.848134, 41.343679], [19.849213, 41.344373], [19.849664, 41.344596], [19.850218, 41.344875], [19.8506, 41.345073], [19.850703, 41.345126], [19.850814, 41.345189], [19.850825, 41.345195], [19.850882, 41.345213], [19.850914, 41.345253], [19.851079, 41.345317], [19.851129, 41.345339], [19.852013, 41.345647], [19.852111, 41.345679], [19.852786, 41.345907], [19.853045, 41.345973], [19.8535, 41.346054], [19.854171, 41.346124], [19.854364, 41.346141], [19.854936, 41.346187], [19.855051, 41.346194], [19.855182, 41.346201], [19.855542, 41.346221], [19.855717, 41.346195], [19.855817, 41.346153], [19.855972, 41.346055], [19.856043, 41.345973], [19.856275, 41.345973], [19.856523, 41.345932], [19.856692, 41.345945], [19.856907, 41.345981], [19.8572, 41.346068], [19.85785, 41.346289], [19.857976, 41.346335], [19.858162, 41.346399], [19.858532, 41.346528], [19.858566, 41.34655], [19.858604, 41.346614], [19.858723, 41.34685], [19.858764, 41.346831], [19.858723, 41.34685], [19.858836, 41.347012], [19.858896, 41.347086], [19.858954, 41.347157], [19.85911, 41.347305], [19.859305, 41.347432], [19.859604, 41.34752], [19.8603, 41.347684], [19.860394, 41.347705], [19.860649, 41.347765], [19.860876, 41.347971], [19.861064, 41.348149], [19.861267, 41.348298], [19.862072, 41.348543], [19.862568, 41.348693], [19.862767, 41.348765], [19.863149, 41.348901], [19.864005, 41.349206], [19.864371, 41.34931], [19.86482, 41.349385], [19.865144, 41.349471], [19.865358, 41.349532], [19.865652, 41.349616], [19.866026, 41.349758], [19.866425, 41.349884], [19.867015, 41.349974], [19.867326, 41.350022], [19.867458, 41.350042], [19.867342, 41.350507]]}}, {"type": "Feature", "properties": {"route_id": "48", "route_short_name": "1B", "route_long_name": "Kodra e Diellit \u2013 Allias", "route_color": "#F44336", "route_text_color": "#FFFFFF", "shape_id": "48_0", "direction": "0", "corridor_group": "corridor_0", "requested_offset_meters": 6.5, "offset_meters": 2.0, "debug": false}, "geometry": {"type": "LineString", "coordinates": [[19.79890752, 41.3076147], [19.7988838, 41.30771056], [19.79882137, 41.30785623], [19.79876403, 41.30797881], [19.79865647, 41.30813473], [19.79845774, 41.30835422], [19.79834092, 41.30843709], [19.79820963, 41.30857567], [19.79819972, 41.30868362], [19.79828395, 41.30881206], [19.79838051, 41.30889589], [19.79857609, 41.30896009], [19.79862111, 41.3090207], [19.79862111, 41.30906323], [19.7986128, 41.30909482], [19.79802391, 41.30960798], [19.79799372, 41.30965443], [19.79799747, 41.30969443], [19.79805669, 41.30979489], [19.79817953, 41.3098986], [19.79829143, 41.31004524], [19.79829596, 41.31011222], [19.79827396, 41.31017823], [19.79819755, 41.31025751], [19.7981624, 41.31028582], [19.7981584, 41.31028882], [19.79811532, 41.31032489], [19.79800835, 41.31041286], [19.79786719, 41.31053], [19.79751194, 41.31083463], [19.79748498, 41.31092956], [19.79750409, 41.31120313], [19.79750314, 41.31122215], [19.79749828, 41.31128629], [19.79744678, 41.31144277], [19.79742696, 41.3115064], [19.79743435, 41.31160883], [19.79760943, 41.31194988], [19.79765871, 41.31201279], [19.79798873, 41.31228346], [19.79809178, 41.31236149], [19.7981955, 41.31244564], [19.79826666, 41.31254276], [19.79827822, 41.31257567], [19.79828006, 41.31261333], [19.79826561, 41.31271061], [19.79821183, 41.31281329], [19.79819895, 41.31283706], [19.79816796, 41.31289182], [19.79813059, 41.3130496], [19.7981811, 41.31320421], [19.79819147, 41.313226], [19.79823246, 41.31331497], [19.79827962, 41.31341519], [19.79830708, 41.31357895], [19.79830612, 41.31361355], [19.79830108, 41.31374556], [19.79833223, 41.31400481], [19.7983523, 41.3141403], [19.79836822, 41.31422286], [19.79837317, 41.31428227], [19.79838209, 41.31436852], [19.79838015, 41.31444025], [19.7983634, 41.31451218], [19.79836042, 41.31452807], [19.79834029, 41.31460857], [19.79833205, 41.31468277], [19.79833839, 41.31476525], [19.79837401, 41.31482689], [19.79863763, 41.31478151], [19.79890836, 41.31472914], [19.79904583, 41.31473492], [19.79905325, 41.31469189], [19.79909505, 41.31462037], [19.79916955, 41.3145645], [19.79919849, 41.31455222], [19.79923934, 41.31453938], [19.79928564, 41.31448231], [19.79940252, 41.31437039], [19.79967153, 41.31413027], [19.79984697, 41.31400042], [19.79993498, 41.31394603], [19.79998703, 41.313915], [19.80000235, 41.31390543], [19.80031292, 41.31374716], [19.80043666, 41.31369028], [19.80049184, 41.31366367], [19.80090392, 41.31350702], [19.80106113, 41.31344494], [19.80137718, 41.31331892], [19.80194018, 41.31309392], [19.80209813, 41.31303094], [19.80271545, 41.31278681], [19.80282083, 41.31274165], [19.8030801, 41.31262996], [19.80318673, 41.31259146], [19.80326273, 41.31256777], [19.80343297, 41.31251998], [19.80366563, 41.31246107], [19.80396385, 41.31238502], [19.80414604, 41.31233596], [19.80453892, 41.31222999], [19.80475783, 41.31217302], [19.80514235, 41.31207188], [19.80518268, 41.31205978], [19.80542568, 41.31198978], [19.80544593, 41.31198371], [19.80545972, 41.31197947], [19.8056327, 41.31191647], [19.80570698, 41.31189373], [19.80576851, 41.31202207], [19.80577615, 41.31203831], [19.80586493, 41.31229269], [19.80587342, 41.31231589], [19.80584822, 41.31232052], [19.80569215, 41.31235054], [19.80497659, 41.31248564], [19.80485203, 41.31251446], [19.80478893, 41.31254398], [19.80450692, 41.31263534], [19.80440937, 41.3126642], [19.80435056, 41.31268115], [19.80380279, 41.31283536], [19.80341343, 41.31297124], [19.80335948, 41.31301715], [19.80332758, 41.31310294], [19.8033705, 41.31330529], [19.80338663, 41.31336274], [19.80340662, 41.31343371], [19.80342881, 41.3135138], [19.80341871, 41.31357781], [19.80349004, 41.31362086], [19.80355198, 41.31363838], [19.80360814, 41.31363361], [19.80368707, 41.31360831], [19.80416671, 41.31353666], [19.8046352, 41.31346458], [19.80534679, 41.31333484], [19.80559716, 41.31397729], [19.80577927, 41.31440555], [19.80579223, 41.31443545], [19.80581221, 41.3144844], [19.80590128, 41.31469357], [19.80592525, 41.31474851], [19.80595025, 41.31480851], [19.80596728, 41.31484756], [19.80607525, 41.3151015], [19.80623925, 41.3154875], [19.80638223, 41.31582345], [19.80641923, 41.31591245], [19.80655323, 41.31622645], [19.80657022, 41.31626744], [19.80672026, 41.31662052], [19.80673524, 41.31665549], [19.80682932, 41.31687968], [19.80684679, 41.31691753], [19.80686287, 41.31698753], [19.80685395, 41.31704643], [19.80675883, 41.31714924], [19.80666545, 41.31723789], [19.80671641, 41.31726847], [19.80673826, 41.317292], [19.80674927, 41.31731909], [19.80675098, 41.31734817], [19.80673933, 41.31738311], [19.80677706, 41.31749105], [19.80683026, 41.31761587], [19.80698906, 41.31779692], [19.80725306, 41.31809893], [19.8074771, 41.31835397], [19.80762199, 41.31851785], [19.80767794, 41.31858379], [19.80779105, 41.31871392], [19.80781309, 41.31873896], [19.80790108, 41.31883895], [19.80798003, 41.31892888], [19.80803702, 41.31899487], [19.80809999, 41.31906685], [19.80814194, 41.31911579], [19.80831292, 41.31931476], [19.80854879, 41.31959161], [19.80857193, 41.31961978], [19.808606, 41.31965786], [19.80898079, 41.32010361], [19.80902082, 41.32015164], [19.80910981, 41.32025664], [19.80930874, 41.32049555], [19.8094268, 41.32063863], [19.80947885, 41.32069969], [19.80961435, 41.32086109], [19.80977071, 41.32108079], [19.80979607, 41.32114841], [19.80979512, 41.3212185], [19.80976274, 41.32137374], [19.80986115, 41.32138652], [19.80997504, 41.32141523], [19.81002314, 41.32144106], [19.81009699, 41.32151491], [19.81014818, 41.32158284], [19.81018658, 41.32163467], [19.81022935, 41.32176495], [19.81026208, 41.32205154], [19.81026059, 41.32209459], [19.81042112, 41.32211963], [19.81096908, 41.32220663], [19.81112711, 41.32223163], [19.81121611, 41.32224563], [19.8123001, 41.32241663], [19.81323716, 41.32256464], [19.81335659, 41.32258301], [19.81334048, 41.32263977], [19.81333547, 41.32266484], [19.81326068, 41.32293906], [19.81324085, 41.32300052], [19.81319375, 41.3231318], [19.81310461, 41.32345332], [19.81302562, 41.32373828], [19.81297562, 41.32391527], [19.81292161, 41.32410931], [19.81268792, 41.32495246], [19.81406913, 41.32517064], [19.81519312, 41.32534563], [19.81611421, 41.32549165], [19.81619415, 41.32550364], [19.81661209, 41.32557163], [19.81668999, 41.32558361], [19.81675508, 41.32559463], [19.8168973, 41.32561566], [19.81703319, 41.32563664], [19.81759215, 41.32572364], [19.8179941, 41.32578663], [19.8188032, 41.32591565], [19.81901026, 41.32594666], [19.81907681, 41.32595701], [19.81893358, 41.32648542], [19.81888717, 41.32665894], [19.81888501, 41.32671512], [19.81890304, 41.32676583], [19.8189254, 41.32678936], [19.81909095, 41.32692599], [19.81924579, 41.3271098], [19.81926278, 41.32712453], [19.81929324, 41.32714596], [19.81933012, 41.32715979], [19.81939909, 41.32717571], [19.81949325, 41.32718389], [19.82043074, 41.3272659], [19.82136825, 41.32734789], [19.8218843, 41.3273929], [19.8220503, 41.3274069], [19.82248454, 41.32744474], [19.82260084, 41.327468], [19.82270162, 41.32750328], [19.82260771, 41.32755356], [19.8225674, 41.32757733], [19.82251389, 41.32761541], [19.82244449, 41.32767358], [19.82236973, 41.32774936], [19.82222545, 41.32795519], [19.82205302, 41.32825394], [19.82193387, 41.3284692], [19.82186702, 41.32859592], [19.82183021, 41.3286566], [19.82175009, 41.3287928], [19.82120508, 41.32975083], [19.82107009, 41.32998281], [19.82079813, 41.33045775], [19.82069555, 41.33063021], [19.82061704, 41.33059946], [19.82037869, 41.33057994], [19.82003824, 41.33059292], [19.81985294, 41.33057123], [19.81955722, 41.33053127], [19.81904819, 41.33046227], [19.81887517, 41.33043926], [19.8180324, 41.33032629], [19.81792853, 41.33031091], [19.81789562, 41.33042728], [19.81773061, 41.33102231], [19.8175656, 41.33161734], [19.81746962, 41.33196829], [19.81746162, 41.33199628], [19.81717264, 41.33304719], [19.8171336, 41.33317731], [19.81709756, 41.33331847], [19.81684359, 41.33424038], [19.81674257, 41.33461545], [19.81671863, 41.33470621], [19.81671466, 41.33471913], [19.81656462, 41.33526325], [19.81644945, 41.33566129], [19.81646776, 41.33571621], [19.81656857, 41.33583572], [19.81672846, 41.3359447], [19.81682035, 41.33600067], [19.81701791, 41.3360336], [19.81705472, 41.33603957], [19.81723857, 41.33607254], [19.8173605, 41.33609353], [19.81751127, 41.3361213], [19.81759407, 41.33614274], [19.81769868, 41.33617925], [19.81833419, 41.33641607], [19.81858904, 41.33651601], [19.81905795, 41.33669697], [19.81913294, 41.33672697], [19.81964976, 41.3369269], [19.8199133, 41.33703671], [19.82005451, 41.33709737], [19.82014838, 41.33714381], [19.82057092, 41.33737656], [19.8208719, 41.33754155], [19.82095666, 41.33758841], [19.82125375, 41.33775989], [19.82153496, 41.33794936], [19.82217142, 41.33838898], [19.82297408, 41.33900049], [19.82353841, 41.33933286], [19.82400339, 41.33954476], [19.82416651, 41.33960719], [19.8243625, 41.33967654], [19.82467031, 41.33976878], [19.82476786, 41.33979694], [19.82499743, 41.33985609], [19.82522213, 41.33991126], [19.8254262, 41.33995348], [19.82564978, 41.33999158], [19.82569184, 41.33999859], [19.82571615, 41.34000264], [19.82618375, 41.34007073], [19.82631822, 41.34008779], [19.82654547, 41.34011382], [19.8276386, 41.34023483], [19.82794107, 41.34026688], [19.82826658, 41.340293], [19.82858624, 41.34029605], [19.8287933, 41.34025094], [19.82883408, 41.34023699], [19.82890435, 41.34020553], [19.82904141, 41.3401104], [19.82909167, 41.34006433], [19.8291244, 41.34002215], [19.82920343, 41.34006483], [19.82927724, 41.34010174], [19.82941404, 41.34017863], [19.82954858, 41.34024891], [19.82975484, 41.34035204], [19.83044895, 41.34069509], [19.83053313, 41.34073618], [19.83065536, 41.34079429], [19.83103219, 41.34096921], [19.8311009, 41.34100307], [19.83157764, 41.34123894], [19.83252848, 41.34173485], [19.83296159, 41.34195691], [19.83302066, 41.34198695], [19.83319673, 41.34207598], [19.83324275, 41.34209899], [19.83338944, 41.34217284], [19.83360234, 41.34228678], [19.8337057, 41.34233997], [19.83380268, 41.34238796], [19.83386063, 41.34241793], [19.83390871, 41.34244197], [19.83435964, 41.34267094], [19.83454073, 41.34276298], [19.83481944, 41.34290184], [19.83498158, 41.34298937], [19.83512373, 41.34307487], [19.83530305, 41.34319142], [19.83560974, 41.3434062], [19.83629388, 41.3438843], [19.83634982, 41.34392226], [19.8364457, 41.34399018], [19.83702477, 41.34439373], [19.83760376, 41.34479722], [19.83779273, 41.3449292], [19.83802337, 41.34509094], [19.83813558, 41.34517611], [19.83819119, 41.34521318], [19.83821885, 41.34522773], [19.83821013, 41.34529484], [19.83820801, 41.34534588], [19.83830387, 41.34564357], [19.83834693, 41.34575873], [19.83836235, 41.34580305], [19.83837002, 41.34587306], [19.83836728, 41.34590053], [19.83832365, 41.34606313], [19.83829364, 41.34615816], [19.83828862, 41.34617725], [19.8382139, 41.34642431], [19.83816321, 41.34654657], [19.8380888, 41.34672216], [19.83801445, 41.34683324], [19.836799, 41.34669512], [19.83678591, 41.34669412], [19.83577634, 41.34658516], [19.83497435, 41.34650116], [19.83473427, 41.34647516], [19.83465435, 41.34646716], [19.83440743, 41.34643917], [19.83429333, 41.34642716], [19.83405037, 41.34640117], [19.83346526, 41.34633803], [19.83347814, 41.34648912], [19.83348312, 41.34655082], [19.83349709, 41.34690219], [19.8334961, 41.34698443], [19.83348615, 41.34712276], [19.8334712, 41.34725635], [19.83345024, 41.34741403], [19.83341229, 41.3476517], [19.83336735, 41.34789839], [19.83335351, 41.34796562], [19.8333247, 41.34806096], [19.8333003, 41.34814003], [19.83326225, 41.34820052], [19.83322012, 41.34827274], [19.8331265, 41.34843281], [19.83307383, 41.34856854], [19.83294461, 41.34901328], [19.83286757, 41.34929941], [19.83285128, 41.3493598], [19.83280341, 41.34942682], [19.83276102, 41.34947611], [19.83270587, 41.34953854], [19.83245577, 41.35026483], [19.83237644, 41.35036116], [19.83225475, 41.350422], [19.83196156, 41.35051245], [19.83190713, 41.35053092], [19.83185795, 41.3505402], [19.83179126, 41.35054496], [19.83167033, 41.35054199], [19.83141787, 41.35054299], [19.83141816, 41.35054299]]}}, {"type": "Feature", "properties": {"route_id": "48", "route_short_name": "1B", "route_long_name": "Kodra e Diellit \u2013 Allias", "route_color": "#F44336", "route_text_color": "#FFFFFF", "shape_id": "48_0", "direction": "0", "corridor_group": "corridor_0", "offset_meters": 0, "debug": true}, "geometry": {"type": "LineString", "coordinates": [[19.798931, 41.307618], [19.798907, 41.307715], [19.798844, 41.307862], [19.798786, 41.307986], [19.798677, 41.308144], [19.798476, 41.308366], [19.798359, 41.308449], [19.798233, 41.308582], [19.798224, 41.30868], [19.798304, 41.308802], [19.798395, 41.308881], [19.798593, 41.308946], [19.798645, 41.309016], [19.798645, 41.309065], [19.798635, 41.309103], [19.798044, 41.309618], [19.798018, 41.309658], [19.798021, 41.30969], [19.798077, 41.309785], [19.798199, 41.309888], [19.798315, 41.31004], [19.79832, 41.310114], [19.798296, 41.310186], [19.798216, 41.310269], [19.79818, 41.310298], [19.798176, 41.310301], [19.798133, 41.310337], [19.798026, 41.310425], [19.797885, 41.310542], [19.797534, 41.310843], [19.797509, 41.310931], [19.797528, 41.311203], [19.797527, 41.311223], [19.797522, 41.311289], [19.79747, 41.311447], [19.797451, 41.311508], [19.797458, 41.311605], [19.797631, 41.311942], [19.797678, 41.312002], [19.798006, 41.312271], [19.798109, 41.312349], [19.798215, 41.312435], [19.798289, 41.312536], [19.798302, 41.312573], [19.798304, 41.312614], [19.798289, 41.312715], [19.798234, 41.31282], [19.798221, 41.312844], [19.798191, 41.312897], [19.798155, 41.313049], [19.798204, 41.313199], [19.798214, 41.31322], [19.798255, 41.313309], [19.798303, 41.313411], [19.798331, 41.313578], [19.79833, 41.313614], [19.798325, 41.313745], [19.798356, 41.314003], [19.798376, 41.314138], [19.798392, 41.314221], [19.798397, 41.314281], [19.798406, 41.314368], [19.798404, 41.314442], [19.798387, 41.314515], [19.798384, 41.314531], [19.798364, 41.314611], [19.798356, 41.314683], [19.798362, 41.314761], [19.798388, 41.314806], [19.798632, 41.314764], [19.798906, 41.314711], [19.799025, 41.314716], [19.79903, 41.314687], [19.799075, 41.31461], [19.799155, 41.31455], [19.799188, 41.314536], [19.799223, 41.314525], [19.799266, 41.314472], [19.799384, 41.314359], [19.799654, 41.314118], [19.799831, 41.313987], [19.79992, 41.313932], [19.799972, 41.313901], [19.799988, 41.313891], [19.8003, 41.313732], [19.800424, 41.313675], [19.80048, 41.313648], [19.800893, 41.313491], [19.80105, 41.313429], [19.801366, 41.313303], [19.801929, 41.313078], [19.802087, 41.313015], [19.802704, 41.312771], [19.802809, 41.312726], [19.803069, 41.312614], [19.803177, 41.312575], [19.803254, 41.312551], [19.803425, 41.312503], [19.803658, 41.312444], [19.803956, 41.312368], [19.804138, 41.312319], [19.804531, 41.312213], [19.80475, 41.312156], [19.805134, 41.312055], [19.805174, 41.312043], [19.805417, 41.311973], [19.805437, 41.311967], [19.80545, 41.311963], [19.805623, 41.3119], [19.805721, 41.31187], [19.805791, 41.312016], [19.805799, 41.312033], [19.805888, 41.312288], [19.805903, 41.312329], [19.805854, 41.312338], [19.805698, 41.312368], [19.804983, 41.312503], [19.804862, 41.312531], [19.8048, 41.31256], [19.804516, 41.312652], [19.804418, 41.312681], [19.804359, 41.312698], [19.803812, 41.312852], [19.803428, 41.312986], [19.803381, 41.313026], [19.803352, 41.313104], [19.803394, 41.313302], [19.80341, 41.313359], [19.80343, 41.31343], [19.803453, 41.313513], [19.803444, 41.31357], [19.803502, 41.313605], [19.803555, 41.31362], [19.803602, 41.313616], [19.80368, 41.313591], [19.804162, 41.313519], [19.80463, 41.313447], [19.80536329, 41.31331329], [19.80562, 41.313972], [19.805802, 41.3144], [19.805815, 41.31443], [19.805835, 41.314479], [19.805924, 41.314688], [19.805948, 41.314743], [19.805973, 41.314803], [19.80599, 41.314842], [19.806098, 41.315096], [19.806262, 41.315482], [19.806405, 41.315818], [19.806442, 41.315907], [19.806576, 41.316221], [19.806593, 41.316262], [19.806743, 41.316615], [19.806758, 41.31665], [19.806852, 41.316874], [19.80687, 41.316913], [19.806887, 41.316987], [19.806877, 41.317053], [19.806778, 41.31716], [19.806699, 41.317235], [19.806734, 41.317256], [19.80676, 41.317284], [19.806773, 41.317316], [19.806775, 41.31735], [19.806764, 41.317383], [19.8068, 41.317486], [19.806852, 41.317608], [19.807009, 41.317787], [19.807273, 41.318089], [19.807497, 41.318344], [19.807642, 41.318508], [19.807698, 41.318574], [19.807811, 41.318704], [19.807833, 41.318729], [19.807921, 41.318829], [19.808, 41.318919], [19.808057, 41.318985], [19.80812, 41.319057], [19.808162, 41.319106], [19.808333, 41.319305], [19.808569, 41.319582], [19.808592, 41.31961], [19.808626, 41.319648], [19.809001, 41.320094], [19.809041, 41.320142], [19.80913, 41.320247], [19.809329, 41.320486], [19.809447, 41.320629], [19.809499, 41.32069], [19.809635, 41.320852], [19.809793, 41.321074], [19.80982, 41.321146], [19.809819, 41.32122], [19.80979, 41.321359], [19.809867, 41.321369], [19.809986, 41.321399], [19.81004, 41.321428], [19.810117, 41.321505], [19.810169, 41.321574], [19.810209, 41.321628], [19.810253, 41.321762], [19.810286, 41.322051], [19.810285, 41.32208], [19.810426, 41.322102], [19.810974, 41.322189], [19.811132, 41.322214], [19.811221, 41.322228], [19.812305, 41.322399], [19.813242, 41.322547], [19.813385, 41.322569], [19.813364, 41.322643], [19.813359, 41.322668], [19.813284, 41.322943], [19.813264, 41.323005], [19.813217, 41.323136], [19.813128, 41.323457], [19.813049, 41.323742], [19.812999, 41.323919], [19.812945, 41.324113], [19.8127162, 41.32493852], [19.814074, 41.325153], [19.815198, 41.325328], [19.816119, 41.325474], [19.816199, 41.325486], [19.816617, 41.325554], [19.816695, 41.325566], [19.81676, 41.325577], [19.816902, 41.325598], [19.817038, 41.325619], [19.817597, 41.325706], [19.817999, 41.325769], [19.818808, 41.325898], [19.819015, 41.325929], [19.819105, 41.325943], [19.818957, 41.326489], [19.818911, 41.326661], [19.818909, 41.326713], [19.818925, 41.326758], [19.818944, 41.326778], [19.81911, 41.326915], [19.819265, 41.327099], [19.81928, 41.327112], [19.819307, 41.327131], [19.819339, 41.327143], [19.819404, 41.327158], [19.819496, 41.327166], [19.8204335, 41.327248], [19.821371, 41.32733], [19.821887, 41.327375], [19.822053, 41.327389], [19.822489, 41.327427], [19.822609, 41.327451], [19.822749, 41.3275], [19.822622, 41.327568], [19.822583, 41.327591], [19.822531, 41.327628], [19.822463, 41.327685], [19.82239, 41.327759], [19.822247, 41.327963], [19.822075, 41.328261], [19.821956, 41.328476], [19.821889, 41.328603], [19.821852, 41.328664], [19.821772, 41.3288], [19.821227, 41.329758], [19.821092, 41.32999], [19.82082, 41.330465], [19.820707, 41.330655], [19.82061, 41.330617], [19.820378, 41.330598], [19.820037, 41.330611], [19.819849, 41.330589], [19.819553, 41.330549], [19.819044, 41.33048], [19.818871, 41.330457], [19.818028, 41.330344], [19.817947, 41.330332], [19.817919, 41.330431], [19.817754, 41.331026], [19.817589, 41.331621], [19.817493, 41.331972], [19.817485, 41.332], [19.817196, 41.333051], [19.817157, 41.333181], [19.817121, 41.333322], [19.816867, 41.334244], [19.816766, 41.334619], [19.816742, 41.33471], [19.816738, 41.334723], [19.816588, 41.335267], [19.816474, 41.335661], [19.81649, 41.335709], [19.816587, 41.335824], [19.816744, 41.335931], [19.816831, 41.335984], [19.817023, 41.336016], [19.81706, 41.336022], [19.817244, 41.336055], [19.817366, 41.336076], [19.817518, 41.336104], [19.817603, 41.336126], [19.817709, 41.336163], [19.818345, 41.3364], [19.8186, 41.3365], [19.819069, 41.336681], [19.819144, 41.336711], [19.819661, 41.336911], [19.819925, 41.337021], [19.820067, 41.337082], [19.820162, 41.337129], [19.820585, 41.337362], [19.820886, 41.337527], [19.820971, 41.337574], [19.821269, 41.337746], [19.821551, 41.337936], [19.822188, 41.338376], [19.82299, 41.338987], [19.823552, 41.339318], [19.824015, 41.339529], [19.824177, 41.339591], [19.824372, 41.33966], [19.824679, 41.339752], [19.824776, 41.33978], [19.825005, 41.339839], [19.825229, 41.339894], [19.825432, 41.339936], [19.825655, 41.339974], [19.825697, 41.339981], [19.825721, 41.339985], [19.826188, 41.340053], [19.826322, 41.34007], [19.826549, 41.340096], [19.827642, 41.340217], [19.827944, 41.340249], [19.828268, 41.340275], [19.828583, 41.340278], [19.828785, 41.340234], [19.828823, 41.340221], [19.82889, 41.340191], [19.829024, 41.340098], [19.829072, 41.340054], [19.829117, 41.339996], [19.829217, 41.34005], [19.829291, 41.340087], [19.829428, 41.340164], [19.829562, 41.340234], [19.829768, 41.340337], [19.830462, 41.34068], [19.830546, 41.340721], [19.830668, 41.340779], [19.831045, 41.340954], [19.831114, 41.340988], [19.831591, 41.341224], [19.832542, 41.34172], [19.832975, 41.341942], [19.833034, 41.341972], [19.83321, 41.342061], [19.833256, 41.342084], [19.833403, 41.342158], [19.833616, 41.342272], [19.833719, 41.342325], [19.833816, 41.342373], [19.833874, 41.342403], [19.833922, 41.342427], [19.834373, 41.342656], [19.834554, 41.342748], [19.834833, 41.342887], [19.834996, 41.342975], [19.835139, 41.343061], [19.835319, 41.343178], [19.835626, 41.343393], [19.83631, 41.343871], [19.836366, 41.343909], [19.836462, 41.343977], [19.837041, 41.3443805], [19.83762, 41.344784], [19.837809, 41.344916], [19.83804, 41.345078], [19.838152, 41.345163], [19.838206, 41.345199], [19.838244, 41.345219], [19.838234, 41.345296], [19.838232, 41.345344], [19.838327, 41.345639], [19.83837, 41.345754], [19.838386, 41.3458], [19.838394, 41.345873], [19.838391, 41.345903], [19.838347, 41.346067], [19.838317, 41.346162], [19.838312, 41.346181], [19.838237, 41.346429], [19.838186, 41.346552], [19.838111, 41.346729], [19.838028, 41.346853], [19.836796, 41.346713], [19.836783, 41.346712], [19.835773, 41.346603], [19.834971, 41.346519], [19.834731, 41.346493], [19.834651, 41.346485], [19.834404, 41.346457], [19.83429, 41.346445], [19.834047, 41.346419], [19.833491, 41.346359], [19.833502, 41.346488], [19.833507, 41.34655], [19.833521, 41.346902], [19.83352, 41.346985], [19.83351, 41.347124], [19.833495, 41.347258], [19.833474, 41.347416], [19.833436, 41.347654], [19.833391, 41.347901], [19.833377, 41.347969], [19.833348, 41.348065], [19.833323, 41.348146], [19.833284, 41.348208], [19.833242, 41.34828], [19.833149, 41.348439], [19.833097, 41.348573], [19.832968, 41.349017], [19.832891, 41.349303], [19.832874, 41.349366], [19.832824, 41.349436], [19.832781, 41.349486], [19.832728, 41.349546], [19.832478, 41.350272], [19.832394, 41.350374], [19.832266, 41.350438], [19.831971, 41.350529], [19.831915, 41.350548], [19.831862, 41.350558], [19.831792, 41.350563], [19.83167, 41.35056], [19.831418, 41.350561], [19.83141829, 41.350561]]}}, {"type": "Feature", "properties": {"route_id": "48", "route_short_name": "1B", "route_long_name": "Kodra e Diellit \u2013 Allias", "route_color": "#F44336", "route_text_color": "#FFFFFF", "shape_id": "48_1", "direction": "1", "corridor_group": "corridor_0", "requested_offset_meters": 6.5, "offset_meters": 0.5, "debug": false}, "geometry": {"type": "LineString", "coordinates": [[19.83141832, 41.3505655], [19.83166992, 41.3505645], [19.83179219, 41.35056751], [19.83186301, 41.35056245], [19.83191697, 41.35055227], [19.83197336, 41.35053314], [19.83226881, 41.350442], [19.83239839, 41.35037721], [19.83248356, 41.35027379], [19.83273353, 41.34954786], [19.832786, 41.34948847], [19.83282915, 41.3494383], [19.83287968, 41.34936755], [19.83289686, 41.3493039], [19.83297385, 41.34901793], [19.83310279, 41.34857411], [19.83315463, 41.34844055], [19.83328944, 41.34820987], [19.83332867, 41.3481475], [19.83334883, 41.348083], [19.83335383, 41.34806599], [19.83338287, 41.34796985], [19.83339691, 41.34790165], [19.83344193, 41.34765458], [19.83347994, 41.34741649], [19.83350095, 41.34725841], [19.83351596, 41.34712431], [19.83352597, 41.34698514], [19.83352698, 41.34690195], [19.83351297, 41.3465498], [19.83350796, 41.34648772], [19.83349744, 41.34636424], [19.83404616, 41.34642346], [19.83428917, 41.34644946], [19.83440314, 41.34646146], [19.83465016, 41.34648946], [19.83473018, 41.34649746], [19.83497016, 41.34652346], [19.83577216, 41.34660746], [19.83645716, 41.34668146], [19.83679514, 41.34671746], [19.83803139, 41.34685794], [19.83811655, 41.34673071], [19.8381917, 41.34655336], [19.83824277, 41.34643017], [19.83831783, 41.34618198], [19.83832883, 41.346144], [19.83835284, 41.34606797], [19.83839693, 41.34590362], [19.83839999, 41.34587298], [19.83839191, 41.34579924], [19.83837577, 41.34575282], [19.83833278, 41.34563786], [19.838238, 41.34534353], [19.83824008, 41.34529348], [19.8382014, 41.34527628], [19.83815189, 41.34524658], [19.83809608, 41.34520771], [19.83803014, 41.34516076], [19.83800711, 41.34514373], [19.83710708, 41.34452071], [19.83672009, 41.34424372], [19.83638106, 41.34400669], [19.83619706, 41.3438787], [19.83578607, 41.3435907], [19.83517799, 41.34316565], [19.8350878, 41.34310652], [19.83494551, 41.34302335], [19.83478835, 41.34294327], [19.83416135, 41.34262427], [19.83373137, 41.34240428], [19.83367337, 41.34237428], [19.83351935, 41.34229527], [19.83320732, 41.34213725], [19.83316132, 41.34211425], [19.83298532, 41.34202525], [19.83292535, 41.34199527], [19.83274038, 41.34189929], [19.83250536, 41.34177828], [19.83250436, 41.34177728], [19.83232837, 41.34168728], [19.83154237, 41.34128128], [19.83128133, 41.34114726], [19.8311272, 41.34107019], [19.83089814, 41.34096617], [19.83078319, 41.34091119], [19.8306212, 41.3408342], [19.83054623, 41.34079821], [19.83049928, 41.34077524], [19.83041729, 41.34073424], [19.8294698, 41.340265], [19.82931047, 41.34021559], [19.82912596, 41.34020147], [19.82903284, 41.34020966], [19.82893895, 41.34025811], [19.82879779, 41.3403118], [19.82867359, 41.34033962], [19.82862526, 41.34034652], [19.82849707, 41.34035249], [19.82796167, 41.34031852], [19.82725184, 41.34024254], [19.82654187, 41.34016654], [19.82633995, 41.34014355], [19.82620804, 41.34012657], [19.82579425, 41.34006959], [19.82543243, 41.34000263], [19.82521662, 41.33996266], [19.82492196, 41.33989174], [19.82465413, 41.33981579], [19.82442027, 41.33974783], [19.82426857, 41.33969793], [19.8240359, 41.33960706], [19.82350128, 41.33936923], [19.82330065, 41.33925943], [19.82292997, 41.33903063], [19.82269121, 41.33885781], [19.82234826, 41.33859185], [19.82212315, 41.33842076], [19.82149496, 41.33798362], [19.82132181, 41.33787353], [19.82115472, 41.33777148], [19.82093559, 41.3376424], [19.82074175, 41.33753676], [19.82072377, 41.33756971], [19.8207514, 41.33754208], [19.82069457, 41.33751039], [19.82055254, 41.33743037], [19.82011035, 41.33718927], [19.82001115, 41.33714217], [19.81987797, 41.33708109], [19.81923179, 41.33681902], [19.81844573, 41.33651199], [19.81791357, 41.33630793], [19.81756801, 41.33619174], [19.81738542, 41.33615462], [19.81722129, 41.3361276], [19.8168753, 41.33606961], [19.81647926, 41.3360026], [19.81635826, 41.3359836], [19.81622085, 41.33596054], [19.81623787, 41.33588582], [19.81625888, 41.33580682], [19.81629587, 41.33564283], [19.81630985, 41.33559192], [19.81640486, 41.33525489], [19.81640786, 41.33524287], [19.81660485, 41.33452691], [19.81671585, 41.33412091], [19.81694385, 41.33329491], [19.81698685, 41.3331349], [19.81701685, 41.33302591], [19.81730585, 41.33197293], [19.81732285, 41.33191293], [19.81751985, 41.33119292], [19.81773885, 41.33040291], [19.81776705, 41.33029849], [19.81764419, 41.33027959], [19.81692153, 41.33016864], [19.81685316, 41.33015179], [19.81670597, 41.33010207], [19.81662562, 41.33005941], [19.81660479, 41.33004652], [19.81654221, 41.33000778], [19.81639789, 41.32987938], [19.81633441, 41.32979805], [19.81619462, 41.32951947], [19.81610768, 41.32932861], [19.81601389, 41.32909613], [19.81600102, 41.3289902], [19.81607888, 41.32866281], [19.81613087, 41.32845483], [19.81617688, 41.32826979], [19.81619388, 41.3281938], [19.81620786, 41.32813886], [19.81622187, 41.32808586], [19.81624587, 41.32798985], [19.81627386, 41.32788187], [19.81631786, 41.32771587], [19.81633686, 41.32764186], [19.81642485, 41.3273039], [19.81659984, 41.32668594], [19.81677484, 41.32606794], [19.81687084, 41.32573193], [19.81688385, 41.32568492], [19.81690785, 41.32559891], [19.81693485, 41.32549892], [19.81710084, 41.32491694], [19.81722084, 41.32449294], [19.81739584, 41.32387494], [19.81742485, 41.32377191], [19.81745402, 41.32366251], [19.81605388, 41.32344128], [19.81465955, 41.32322094], [19.81327107, 41.32300152], [19.81344635, 41.32236742], [19.81362285, 41.3217289], [19.81364986, 41.32162688], [19.81365386, 41.32161189], [19.81378985, 41.3211069], [19.81380185, 41.32106292], [19.81381684, 41.32100993], [19.81388685, 41.32075692], [19.81395685, 41.32050593], [19.81398285, 41.32041293], [19.81404785, 41.32017993], [19.81428785, 41.31931889], [19.81429586, 41.31928788], [19.81431385, 41.31922192], [19.81444785, 41.31874292], [19.81446084, 41.31869493], [19.81447085, 41.31866048], [19.8144099, 41.31863841], [19.81433567, 41.31856419], [19.81432605, 41.31851801], [19.81433626, 41.31847001], [19.81429364, 41.31842012], [19.81424553, 41.31838532], [19.81420924, 41.3183708], [19.81418044, 41.31836463], [19.81346525, 41.3182496], [19.81296726, 41.3181696], [19.81287637, 41.31815463], [19.81286918, 41.318181], [19.81287679, 41.3181951], [19.81288082, 41.318183], [19.81288804, 41.31815654], [19.81225224, 41.31805259], [19.81181223, 41.31798359], [19.81089395, 41.31783655], [19.81078407, 41.31782748], [19.81068901, 41.31783354], [19.81052987, 41.31786376], [19.8103309, 41.31794114], [19.81029864, 41.31795828], [19.80979072, 41.31820923], [19.80883663, 41.31868128], [19.80876963, 41.31871728], [19.80852271, 41.31883924], [19.80850469, 41.31884825], [19.80828155, 41.31896032], [19.8081215, 41.31905053], [19.808062, 41.31898253], [19.80800499, 41.31891653], [19.80792598, 41.31882651], [19.80783798, 41.31872651], [19.80781274, 41.31869784], [19.8077472, 41.3187398], [19.80781932, 41.31870536], [19.80770301, 41.31857155], [19.807647, 41.31850554], [19.80750198, 41.31834151], [19.80727798, 41.31808652], [19.80701398, 41.31778452], [19.80685653, 41.317605], [19.8067328, 41.31752452], [19.80666635, 41.31748526], [19.80658064, 41.31744795], [19.80653912, 41.3174351], [19.80650548, 41.31741395], [19.80648165, 41.31738727], [19.80646626, 41.31732378], [19.80652178, 41.31724878], [19.80653142, 41.31724177], [19.80655872, 41.31723228], [19.80653439, 41.31718805], [19.80647817, 41.31711075], [19.8058911, 41.31638366], [19.80586611, 41.31635266], [19.80582905, 41.31630659], [19.80551204, 41.31594558], [19.80526497, 41.3156425], [19.8052191, 41.31559463], [19.80503527, 41.31532687], [19.80482724, 41.31504384], [19.80478609, 41.31498663], [19.80473291, 41.31492944], [19.8045579, 41.31473642], [19.80437195, 41.31453947], [19.80430703, 41.31446357], [19.80420004, 41.31433759], [19.80418507, 41.31431962], [19.80365756, 41.313673], [19.80361463, 41.31364642], [19.80355783, 41.31361599], [19.80350499, 41.31360104], [19.8034468, 41.31356592], [19.803408, 41.31355753], [19.80335876, 41.31355548], [19.80325017, 41.31356654], [19.80227806, 41.31367355], [19.80190281, 41.31372259], [19.80180664, 41.31373961], [19.80169757, 41.31375863], [19.80151654, 41.31379463], [19.80145045, 41.31380665], [19.80134328, 41.31383069], [19.80124328, 41.31385369], [19.80104547, 41.31389764], [19.80097812, 41.31390953], [19.80091707, 41.31391253], [19.80085341, 41.31392466], [19.80070662, 41.31395784], [19.80056091, 41.31402115], [19.80037445, 41.31411036], [19.80006387, 41.31430873], [19.79985643, 41.31447609], [19.79970082, 41.3146307], [19.7996627, 41.3146959], [19.79960538, 41.3147663], [19.79959733, 41.31479447], [19.79954722, 41.31486817], [19.79946265, 41.31492323], [19.79942967, 41.31493584], [19.79939561, 41.3149446], [19.79932179, 41.31495247], [19.79928474, 41.31495052], [19.79924882, 41.31494567], [19.79914857, 41.31491029], [19.79907292, 41.31484937], [19.79905546, 41.31482416], [19.79904272, 41.31479867], [19.7990339, 41.31477123], [19.79902998, 41.31474382], [19.79903113, 41.31471175], [19.79890541, 41.31470646], [19.79863059, 41.31475962], [19.7983864, 41.31480166], [19.7982768, 41.31482881], [19.79810037, 41.31489096], [19.79790587, 41.31496615], [19.79778009, 41.31503457], [19.79772318, 41.31507828], [19.79768256, 41.3151331], [19.79758541, 41.31532942], [19.79753759, 41.31545059], [19.79759659, 41.31533258], [19.79769344, 41.3151369], [19.79773282, 41.31508372], [19.79778791, 41.31504143], [19.79791213, 41.31497385], [19.79810563, 41.31489904], [19.79828423, 41.31483613], [19.79831875, 41.31471228], [19.79836977, 41.31461224], [19.79838989, 41.31453173], [19.7983929, 41.3145157], [19.79840996, 41.31444244], [19.79841198, 41.31436787], [19.79840296, 41.31428068], [19.79839795, 41.31422053], [19.79838193, 41.31413743], [19.79836194, 41.31400255], [19.79833098, 41.31374486], [19.79833597, 41.31361411], [19.79833698, 41.31357776], [19.79830884, 41.31340995], [19.79826063, 41.3133075], [19.79820973, 41.31319772], [19.7981988, 41.31316393], [19.7981611, 41.31304885], [19.79819676, 41.3128983], [19.79822651, 41.31284574], [19.79823954, 41.31282168], [19.79829485, 41.3127161], [19.79830999, 41.31261417], [19.79830794, 41.31257233], [19.79829458, 41.31253431], [19.79821987, 41.31243234], [19.79811331, 41.31234588], [19.79801032, 41.31226789], [19.79768282, 41.3119993], [19.79763639, 41.31194003], [19.79746391, 41.31160404], [19.79745701, 41.3115084], [19.79747581, 41.31144806], [19.79752793, 41.31128968], [19.79753297, 41.31122321], [19.79753398, 41.31120297], [19.79751501, 41.31093136], [19.79753951, 41.31084509], [19.79788945, 41.310545], [19.79803041, 41.31042804], [19.79813742, 41.31034003], [19.79818171, 41.31030295], [19.79817307, 41.31028147], [19.79817094, 41.31030916], [19.79822061, 41.31027188], [19.79830151, 41.31018794], [19.79832601, 41.31011444], [19.79832089, 41.31003869], [19.79820387, 41.30988535], [19.79808208, 41.30978253], [19.79802688, 41.30968889], [19.79802407, 41.30965889], [19.79804902, 41.30962051], [19.79864055, 41.30910505], [19.79865097, 41.30906544], [19.79865097, 41.30901482], [19.79859723, 41.30894248], [19.79839862, 41.30887728], [19.79830901, 41.30879948], [19.79823007, 41.3086791], [19.79823884, 41.30858358], [19.79836352, 41.30845198], [19.79848057, 41.30836894], [19.79868213, 41.30814632], [19.79879149, 41.3079878], [19.79884966, 41.30786344], [19.7989128, 41.30771611], [19.79893694, 41.30761856], [19.79895066, 41.30746158], [19.79892963, 41.30740052], [19.79885947, 41.30734258], [19.79872327, 41.30716315], [19.79869234, 41.30712535], [19.79868389, 41.30707846], [19.79853208, 41.30695601], [19.79842476, 41.30691209], [19.79830174, 41.30684943], [19.79827424, 41.30683373], [19.79822184, 41.30684844], [19.79816842, 41.30685217], [19.79811566, 41.30683347], [19.7980815, 41.30680319], [19.79806663, 41.30676375], [19.7980759, 41.30672364], [19.7980983, 41.30669513], [19.79814592, 41.30666923], [19.79818338, 41.30666219], [19.798233, 41.30666538], [19.79827802, 41.30668564], [19.79830592, 41.30671324], [19.79831883, 41.30674274], [19.7983175, 41.30677458], [19.79833451, 41.30679747], [19.7984563, 41.30691185], [19.79867511, 41.30708454], [19.79871337, 41.30709169], [19.79882997, 41.30721744], [19.7988982, 41.30731513], [19.7989084, 41.30735655], [19.79891837, 41.30740365], [19.79893862, 41.30746244], [19.79892504, 41.3076177]]}}, {"type": "Feature", "properties": {"route_id": "48", "route_short_name": "1B", "route_long_name": "Kodra e Diellit \u2013 Allias", "route_color": "#F44336", "route_text_color": "#FFFFFF", "shape_id": "48_1", "direction": "1", "corridor_group": "corridor_0", "offset_meters": 0, "debug": true}, "geometry": {"type": "LineString", "coordinates": [[19.83141829, 41.350561], [19.83167, 41.35056], [19.831792, 41.350563], [19.831862, 41.350558], [19.831915, 41.350548], [19.831971, 41.350529], [19.832266, 41.350438], [19.832394, 41.350374], [19.832478, 41.350272], [19.832728, 41.349546], [19.832781, 41.349486], [19.832824, 41.349436], [19.832874, 41.349366], [19.832891, 41.349303], [19.832968, 41.349017], [19.833097, 41.348573], [19.833149, 41.348439], [19.833284, 41.348208], [19.833323, 41.348146], [19.833343, 41.348082], [19.833348, 41.348065], [19.833377, 41.347969], [19.833391, 41.347901], [19.833436, 41.347654], [19.833474, 41.347416], [19.833495, 41.347258], [19.83351, 41.347124], [19.83352, 41.346985], [19.833521, 41.346902], [19.833507, 41.34655], [19.833502, 41.346488], [19.833491, 41.346359], [19.834047, 41.346419], [19.83429, 41.346445], [19.834404, 41.346457], [19.834651, 41.346485], [19.834731, 41.346493], [19.834971, 41.346519], [19.835773, 41.346603], [19.836458, 41.346677], [19.836796, 41.346713], [19.838028, 41.346853], [19.838111, 41.346729], [19.838186, 41.346552], [19.838237, 41.346429], [19.838312, 41.346181], [19.838323, 41.346143], [19.838347, 41.346067], [19.838391, 41.345903], [19.838394, 41.345873], [19.838386, 41.3458], [19.83837, 41.345754], [19.838327, 41.345639], [19.838232, 41.345344], [19.838234, 41.345296], [19.838198, 41.34528], [19.838148, 41.34525], [19.838092, 41.345211], [19.838026, 41.345164], [19.838003, 41.345147], [19.837103, 41.344524], [19.836716, 41.344247], [19.836377, 41.34401], [19.836193, 41.343882], [19.835782, 41.343594], [19.835174, 41.343169], [19.835084, 41.34311], [19.834942, 41.343027], [19.834785, 41.342947], [19.834158, 41.342628], [19.833728, 41.342408], [19.83367, 41.342378], [19.833516, 41.342299], [19.833204, 41.342141], [19.833158, 41.342118], [19.832982, 41.342029], [19.832922, 41.341999], [19.832737, 41.341903], [19.832502, 41.341782], [19.832501, 41.341781], [19.832325, 41.341691], [19.831539, 41.341285], [19.831278, 41.341151], [19.831124, 41.341074], [19.830895, 41.34097], [19.83078, 41.340915], [19.830618, 41.340838], [19.830543, 41.340802], [19.830496, 41.340779], [19.830414, 41.340738], [19.829467, 41.340269], [19.829309, 41.34022], [19.829126, 41.340206], [19.829035, 41.340214], [19.828942, 41.340262], [19.8288, 41.340316], [19.828675, 41.340344], [19.828626, 41.340351], [19.828497, 41.340357], [19.827961, 41.340323], [19.827251, 41.340247], [19.826541, 41.340171], [19.826339, 41.340148], [19.826207, 41.340131], [19.825793, 41.340074], [19.825431, 41.340007], [19.825215, 41.339967], [19.82492, 41.339896], [19.824652, 41.33982], [19.824418, 41.339752], [19.824266, 41.339702], [19.824033, 41.339611], [19.823498, 41.339373], [19.823297, 41.339263], [19.822926, 41.339034], [19.822687, 41.338861], [19.822344, 41.338595], [19.822119, 41.338424], [19.821491, 41.337987], [19.821318, 41.337877], [19.821151, 41.337775], [19.820932, 41.337646], [19.820743, 41.337543], [19.820719, 41.337567], [19.820743, 41.337543], [19.820691, 41.337514], [19.820549, 41.337434], [19.820107, 41.337193], [19.820008, 41.337146], [19.819875, 41.337085], [19.819229, 41.336823], [19.818443, 41.336516], [19.817911, 41.336312], [19.817566, 41.336196], [19.817384, 41.336159], [19.81722, 41.336132], [19.816874, 41.336074], [19.816478, 41.336007], [19.816357, 41.335988], [19.816214, 41.335964], [19.816232, 41.335885], [19.816253, 41.335806], [19.81629, 41.335642], [19.816304, 41.335591], [19.816399, 41.335254], [19.816402, 41.335242], [19.816599, 41.334526], [19.81671, 41.33412], [19.816938, 41.333294], [19.816981, 41.333134], [19.817011, 41.333025], [19.8173, 41.331972], [19.817317, 41.331912], [19.817514, 41.331192], [19.817733, 41.330402], [19.81776, 41.330302], [19.817643, 41.330284], [19.81692, 41.330173], [19.816851, 41.330156], [19.816703, 41.330106], [19.816622, 41.330063], [19.816601, 41.33005], [19.816538, 41.330011], [19.816393, 41.329882], [19.816329, 41.3298], [19.816189, 41.329521], [19.816102, 41.32933], [19.816008, 41.329097], [19.815995, 41.32899], [19.816073, 41.328662], [19.816125, 41.328454], [19.816171, 41.328269], [19.816188, 41.328193], [19.816202, 41.328138], [19.816216, 41.328085], [19.81624, 41.327989], [19.816268, 41.327881], [19.816312, 41.327715], [19.816331, 41.327641], [19.816419, 41.327303], [19.816594, 41.326685], [19.816769, 41.326067], [19.816865, 41.325731], [19.816878, 41.325684], [19.816902, 41.325598], [19.816929, 41.325498], [19.817095, 41.324916], [19.817215, 41.324492], [19.81739, 41.323874], [19.817419, 41.323771], [19.817447, 41.323666], [19.81605266, 41.32344568], [19.81465832, 41.32322535], [19.813264, 41.323005], [19.8134405, 41.3223665], [19.813617, 41.321728], [19.813644, 41.321626], [19.813648, 41.321611], [19.813784, 41.321106], [19.813796, 41.321062], [19.813811, 41.321009], [19.813881, 41.320756], [19.813951, 41.320505], [19.813977, 41.320412], [19.814042, 41.320179], [19.814282, 41.319318], [19.81429, 41.319287], [19.814308, 41.319221], [19.814442, 41.318742], [19.814455, 41.318694], [19.814464, 41.318663], [19.814406, 41.318642], [19.81433, 41.318566], [19.81432, 41.318518], [19.81433, 41.318471], [19.814289, 41.318423], [19.814242, 41.318389], [19.814207, 41.318375], [19.814179, 41.318369], [19.813464, 41.318254], [19.812966, 41.318174], [19.812881, 41.31816], [19.812875, 41.318182], [19.812871, 41.318194], [19.812875, 41.318182], [19.812881, 41.31816], [19.812251, 41.318057], [19.811811, 41.317988], [19.810893, 41.317841], [19.810784, 41.317832], [19.81069, 41.317838], [19.810532, 41.317868], [19.810334, 41.317945], [19.810302, 41.317962], [19.809794, 41.318213], [19.80884, 41.318685], [19.808773, 41.318721], [19.808526, 41.318843], [19.808508, 41.318852], [19.808285, 41.318964], [19.80812, 41.319057], [19.808057, 41.318985], [19.808, 41.318919], [19.807921, 41.318829], [19.807833, 41.318729], [19.807811, 41.318704], [19.807744, 41.318736], [19.807811, 41.318704], [19.807698, 41.318574], [19.807642, 41.318508], [19.807497, 41.318344], [19.807273, 41.318089], [19.807009, 41.317787], [19.806852, 41.317608], [19.806729, 41.317528], [19.806663, 41.317489], [19.806578, 41.317452], [19.806536, 41.317439], [19.806501, 41.317417], [19.806476, 41.317389], [19.80646, 41.317323], [19.806517, 41.317246], [19.806528, 41.317238], [19.806551, 41.31723], [19.806529, 41.31719], [19.806473, 41.317113], [19.805886, 41.316386], [19.805861, 41.316355], [19.805824, 41.316309], [19.805507, 41.315948], [19.80526, 41.315645], [19.805214, 41.315597], [19.80503, 41.315329], [19.804822, 41.315046], [19.804781, 41.314989], [19.804728, 41.314932], [19.804553, 41.314739], [19.804367, 41.314542], [19.804302, 41.314466], [19.804195, 41.31434], [19.80418, 41.314322], [19.803653, 41.313676], [19.803611, 41.31365], [19.803555, 41.31362], [19.803502, 41.313605], [19.803444, 41.31357], [19.803407, 41.313562], [19.803359, 41.31356], [19.803251, 41.313571], [19.802279, 41.313678], [19.801904, 41.313727], [19.801808, 41.313744], [19.801699, 41.313763], [19.801518, 41.313799], [19.801452, 41.313811], [19.801345, 41.313835], [19.801245, 41.313858], [19.801047, 41.313902], [19.800979, 41.313914], [19.800918, 41.313917], [19.800855, 41.313929], [19.800709, 41.313962], [19.800564, 41.314025], [19.800378, 41.314114], [19.800068, 41.314312], [19.799861, 41.314479], [19.799706, 41.314633], [19.799668, 41.314698], [19.799611, 41.314768], [19.799603, 41.314796], [19.799552, 41.314871], [19.799466, 41.314927], [19.799432, 41.31494], [19.799397, 41.314949], [19.799322, 41.314957], [19.799284, 41.314955], [19.799247, 41.31495], [19.799145, 41.314914], [19.799068, 41.314852], [19.79905, 41.314826], [19.799037, 41.3148], [19.799028, 41.314772], [19.799024, 41.314744], [19.799025, 41.314716], [19.798906, 41.314711], [19.798632, 41.314764], [19.798388, 41.314806], [19.798279, 41.314833], [19.798103, 41.314895], [19.797909, 41.31497], [19.797784, 41.315038], [19.797728, 41.315081], [19.797688, 41.315135], [19.797591, 41.315331], [19.797532, 41.315449], [19.797591, 41.315331], [19.797688, 41.315135], [19.797728, 41.315081], [19.797784, 41.315038], [19.797909, 41.31497], [19.798103, 41.314895], [19.798279, 41.314833], [19.798313, 41.314711], [19.798364, 41.314611], [19.798384, 41.314531], [19.798387, 41.314515], [19.798404, 41.314442], [19.798406, 41.314368], [19.798397, 41.314281], [19.798392, 41.314221], [19.798376, 41.314138], [19.798356, 41.314003], [19.798325, 41.313745], [19.79833, 41.313614], [19.798331, 41.313578], [19.798303, 41.313411], [19.798255, 41.313309], [19.798204, 41.313199], [19.798193, 41.313165], [19.798155, 41.313049], [19.798191, 41.312897], [19.798221, 41.312844], [19.798234, 41.31282], [19.798289, 41.312715], [19.798304, 41.312614], [19.798302, 41.312573], [19.798289, 41.312536], [19.798215, 41.312435], [19.798109, 41.312349], [19.798006, 41.312271], [19.797678, 41.312002], [19.797631, 41.311942], [19.797458, 41.311605], [19.797451, 41.311508], [19.79747, 41.311447], [19.797522, 41.311289], [19.797527, 41.311223], [19.797528, 41.311203], [19.797509, 41.310931], [19.797534, 41.310843], [19.797885, 41.310542], [19.798026, 41.310425], [19.798133, 41.310337], [19.798176, 41.310301], [19.798179, 41.310282], [19.798176, 41.310301], [19.798216, 41.310269], [19.798296, 41.310186], [19.79832, 41.310114], [19.798315, 41.31004], [19.798199, 41.309888], [19.798077, 41.309785], [19.798021, 41.30969], [19.798018, 41.309658], [19.798044, 41.309618], [19.798635, 41.309103], [19.798645, 41.309065], [19.798645, 41.309016], [19.798593, 41.308946], [19.798395, 41.308881], [19.798304, 41.308802], [19.798224, 41.30868], [19.798233, 41.308582], [19.798359, 41.308449], [19.798476, 41.308366], [19.798677, 41.308144], [19.798786, 41.307986], [19.798844, 41.307862], [19.798907, 41.307715], [19.798931, 41.307618], [19.79894464, 41.30746201], [19.79892422, 41.30740273], [19.79885462, 41.30734525], [19.79871814, 41.30716546], [19.79868659, 41.3071269], [19.79867823, 41.30708049], [19.79852838, 41.30695962], [19.79842165, 41.30691594], [19.79829827, 41.30685309], [19.79827325, 41.30683881], [19.79822318, 41.30685287], [19.79816735, 41.30685677], [19.79811195, 41.30683713], [19.79807611, 41.30680536], [19.79806051, 41.306764], [19.7980702, 41.30672205], [19.7980938, 41.30669203], [19.79814336, 41.30666507], [19.7981829, 41.30665764], [19.79823488, 41.30666099], [19.79828207, 41.30668222], [19.79831128, 41.30671111], [19.79832484, 41.30674209], [19.79832352, 41.30677347], [19.79833948, 41.30679494], [19.7984608, 41.30690888], [19.79867823, 41.30708049], [19.79871698, 41.30708772], [19.79883508, 41.30721509], [19.7989039, 41.30731363], [19.79891428, 41.30735579], [19.79892422, 41.30740273], [19.79894464, 41.30746201], [19.798931, 41.307618]]}}, {"type": "Feature", "properties": {"route_id": "16", "route_short_name": "10B", "route_long_name": "Mihal Grameno \u2013 Qend\u00ebr", "route_color": "#F57C00", "route_text_color": "#FFFFFF", "shape_id": "16_0", "direction": "0", "corridor_group": "corridor_2", "requested_offset_meters": 10.857142857142858, "offset_meters": 1.857142857, "debug": false}, "geometry": {"type": "LineString", "coordinates": [[19.85476114, 41.32061687], [19.85469749, 41.32063], [19.85362599, 41.32090513], [19.85342429, 41.32095455], [19.85330584, 41.32100213], [19.8532874, 41.32100904], [19.85313397, 41.32111337], [19.85299915, 41.32123521], [19.85288615, 41.32130827], [19.8523091, 41.32155743], [19.85194083, 41.32171171], [19.85168172, 41.3217812], [19.85111651, 41.32192551], [19.85014987, 41.32228374], [19.85003935, 41.32231804], [19.84983348, 41.32230731], [19.84930167, 41.32228137], [19.84878225, 41.32221171], [19.84799291, 41.3220271], [19.84723882, 41.32183108], [19.84651529, 41.32166696], [19.84626467, 41.32161204], [19.84505909, 41.32130315], [19.84484493, 41.32124911], [19.8447709, 41.3212311], [19.8446817, 41.3212088], [19.84444122, 41.32117243], [19.84408768, 41.32114753], [19.84387789, 41.32109361], [19.84370649, 41.32102426], [19.84366331, 41.32100678], [19.84347895, 41.32098859], [19.84364469, 41.32103722], [19.84366636, 41.32104599], [19.84361336, 41.32112426], [19.84350337, 41.32119195], [19.84327645, 41.3212437], [19.84305467, 41.32135459], [19.84279952, 41.32145586], [19.84251649, 41.32154555], [19.84247646, 41.32155794], [19.84229126, 41.32158719], [19.84202963, 41.32157724], [19.84182028, 41.32159045], [19.84138526, 41.32167484], [19.84073732, 41.32181104], [19.84062711, 41.32184036], [19.84027374, 41.32194917], [19.84002382, 41.32200294], [19.83993115, 41.32202353], [19.83901726, 41.32242536], [19.8387907, 41.32251479], [19.83838743, 41.32263687], [19.83817428, 41.32272635], [19.83807233, 41.32276834], [19.83757973, 41.322973], [19.83743642, 41.32305754], [19.83732452, 41.32318706], [19.83725133, 41.32338858], [19.83724638, 41.32339518], [19.83717468, 41.32350466], [19.83696931, 41.32361025], [19.83677993, 41.32367077], [19.83608008, 41.32374964], [19.83576115, 41.32382332], [19.83541714, 41.32394034], [19.83521104, 41.32404541], [19.83517737, 41.3240648], [19.83502351, 41.32415691], [19.83463879, 41.32449743], [19.83429857, 41.32482665], [19.83400861, 41.32510077], [19.83394201, 41.32512667], [19.83383032, 41.32515803], [19.83369297, 41.3251849], [19.83347577, 41.32523487], [19.83326049, 41.3253573], [19.83318284, 41.32541474], [19.83313786, 41.32550897], [19.83313578, 41.32562451], [19.83314322, 41.32565318], [19.8331583, 41.32571253], [19.83316813, 41.32574342], [19.83297888, 41.32580741], [19.83243163, 41.32594722], [19.83221794, 41.32600614], [19.83203875, 41.32604749], [19.83195199, 41.32605315], [19.83180564, 41.32603363], [19.83150055, 41.3259758], [19.83121112, 41.32591792], [19.83000957, 41.32563802], [19.82980408, 41.32558991], [19.82932758, 41.32549662], [19.8290649, 41.32546441], [19.82889298, 41.32545134], [19.8275728, 41.32537333], [19.82738383, 41.32536133], [19.82731806, 41.32535728], [19.8271298, 41.32535526], [19.82703112, 41.32536441], [19.82692249, 41.3253758], [19.82684787, 41.3252671], [19.82659093, 41.32500713], [19.82647165, 41.32491458], [19.82609988, 41.32475842], [19.82572394, 41.32459745], [19.82553061, 41.32451503], [19.82543211, 41.3245019], [19.82516041, 41.32455491], [19.82522236, 41.32475269], [19.82526361, 41.32489608], [19.82525302, 41.32498942], [19.82523038, 41.32506424], [19.82512739, 41.3253962], [19.82509045, 41.32551602], [19.82488645, 41.32611301], [19.82479467, 41.32640831], [19.82471483, 41.32657982], [19.82466823, 41.32663783], [19.82456005, 41.32672456], [19.82430094, 41.32687489], [19.82395857, 41.32701204], [19.82374014, 41.3270431], [19.82359754, 41.32710567], [19.82351248, 41.3271457], [19.82301889, 41.32736552], [19.82273708, 41.32748587], [19.82260791, 41.32755503], [19.82251043, 41.32762408], [19.82244574, 41.32767439], [19.82231156, 41.3278228], [19.82205461, 41.3282544], [19.82187577, 41.32858323], [19.82112245, 41.32843979], [19.82102344, 41.32842078], [19.82092848, 41.32840279], [19.82046424, 41.32831255], [19.82029357, 41.32887575], [19.82012802, 41.32942209], [19.81993906, 41.33001308], [19.81989698, 41.3300755], [19.82063458, 41.33060318], [19.82037938, 41.33058124], [19.82003832, 41.3305942], [19.8195568, 41.33053252], [19.8190479, 41.33046453], [19.81795128, 41.33031559], [19.81776452, 41.33028562], [19.81692589, 41.33015684], [19.8167738, 41.33011686], [19.81663566, 41.33004974], [19.81648299, 41.32994306], [19.81634893, 41.32979237], [19.81612307, 41.32932473], [19.81603087, 41.32909374], [19.81601739, 41.32899069], [19.81609583, 41.328665], [19.8162098, 41.32819611], [19.8162378, 41.32808814], [19.81630578, 41.32781322], [19.81633172, 41.32771844], [19.81633952, 41.32769094]]}}, {"type": "Feature", "properties": {"route_id": "16", "route_short_name": "10B", "route_long_name": "Mihal Grameno \u2013 Qend\u00ebr", "route_color": "#F57C00", "route_text_color": "#FFFFFF", "shape_id": "16_0", "direction": "0", "corridor_group": "corridor_2", "offset_meters": 0, "debug": true}, "geometry": {"type": "LineString", "coordinates": [[19.854767, 41.320633], [19.854704, 41.320646], [19.853633, 41.320921], [19.853433, 41.32097], [19.853316, 41.321017], [19.8533, 41.321023], [19.85315, 41.321125], [19.853015, 41.321247], [19.852899, 41.321322], [19.85232, 41.321572], [19.85195, 41.321727], [19.851689, 41.321797], [19.851125, 41.321941], [19.850159, 41.322299], [19.850043, 41.322335], [19.849832, 41.322324], [19.849299, 41.322298], [19.848777, 41.322228], [19.847986, 41.322043], [19.847232, 41.321847], [19.846509, 41.321683], [19.846258, 41.321628], [19.845052, 41.321319], [19.844838, 41.321265], [19.844764, 41.321247], [19.844676, 41.321225], [19.844438, 41.321189], [19.844083, 41.321164], [19.843869, 41.321109], [19.843696, 41.321039], [19.843654, 41.321022], [19.843487, 41.320973], [19.843654, 41.321022], [19.843696, 41.321039], [19.843631, 41.321135], [19.843514, 41.321207], [19.843286, 41.321259], [19.843066, 41.321369], [19.842809, 41.321471], [19.842525, 41.321561], [19.842483, 41.321574], [19.842293, 41.321604], [19.84203, 41.321594], [19.841824, 41.321607], [19.841391, 41.321691], [19.840744, 41.321827], [19.840635, 41.321856], [19.840281, 41.321965], [19.84003, 41.322019], [19.83994, 41.322039], [19.839028, 41.32244], [19.8388, 41.32253], [19.838397, 41.322652], [19.838185, 41.322741], [19.838083, 41.322783], [19.837592, 41.322987], [19.837453, 41.323069], [19.837345, 41.323194], [19.837272, 41.323395], [19.837266, 41.323403], [19.837192, 41.323516], [19.83698, 41.323625], [19.836786, 41.323687], [19.836085, 41.323766], [19.835769, 41.323839], [19.835428, 41.323955], [19.835224, 41.324059], [19.835191, 41.324078], [19.835039, 41.324169], [19.834656, 41.324508], [19.834316, 41.324837], [19.834023, 41.325114], [19.833951, 41.325142], [19.833837, 41.325174], [19.833699, 41.325201], [19.833486, 41.32525], [19.833275, 41.32537], [19.833202, 41.325424], [19.83316, 41.325512], [19.833158, 41.325623], [19.833165, 41.32565], [19.83318, 41.325709], [19.833194, 41.325753], [19.832987, 41.325823], [19.832439, 41.325963], [19.832225, 41.326022], [19.832043, 41.326064], [19.831951, 41.32607], [19.831801, 41.32605], [19.831495, 41.325992], [19.831205, 41.325934], [19.830003, 41.325654], [19.829798, 41.325606], [19.829323, 41.325513], [19.829062, 41.325481], [19.828891, 41.325468], [19.827571, 41.32539], [19.827382, 41.325378], [19.827317, 41.325374], [19.827131, 41.325372], [19.827034, 41.325381], [19.82691, 41.325394], [19.826829, 41.325276], [19.826574, 41.325018], [19.826458, 41.324928], [19.826089, 41.324773], [19.825713, 41.324612], [19.825523, 41.324531], [19.825433, 41.324519], [19.825187, 41.324567], [19.825244, 41.324749], [19.825286, 41.324895], [19.825275, 41.324992], [19.825252, 41.325068], [19.825149, 41.3254], [19.825112, 41.32552], [19.824908, 41.326117], [19.824816, 41.326413], [19.824735, 41.326587], [19.824686, 41.326648], [19.824575, 41.326737], [19.824313, 41.326889], [19.823966, 41.327028], [19.823748, 41.327059], [19.823609, 41.32712], [19.823524, 41.32716], [19.82303, 41.32738], [19.822749, 41.3275], [19.822622, 41.327568], [19.822526, 41.327636], [19.822463, 41.327685], [19.822331, 41.327831], [19.822075, 41.328261], [19.821889, 41.328603], [19.821117, 41.328456], [19.821018, 41.328437], [19.820923, 41.328419], [19.82048079, 41.32833304], [19.82031521, 41.32887948], [19.82014962, 41.32942591], [19.81996002, 41.33001891], [19.8199242, 41.33007204], [19.820675, 41.330617], [19.820379, 41.330598], [19.820037, 41.330611], [19.819553, 41.330549], [19.819044, 41.330481], [19.817947, 41.330332], [19.81776, 41.330302], [19.81692, 41.330173], [19.816764, 41.330132], [19.816622, 41.330063], [19.816466, 41.329954], [19.816329, 41.3298], [19.816102, 41.32933], [19.816009, 41.329097], [19.815995, 41.32899], [19.816074, 41.328662], [19.816188, 41.328193], [19.816216, 41.328085], [19.816284, 41.32781], [19.81631, 41.327715], [19.81631782, 41.32768745]]}}, {"type": "Feature", "properties": {"route_id": "16", "route_short_name": "10B", "route_long_name": "Mihal Grameno \u2013 Qend\u00ebr", "route_color": "#F57C00", "route_text_color": "#FFFFFF", "shape_id": "16_1", "direction": "1", "corridor_group": "corridor_2", "requested_offset_meters": 10.857142857142858, "offset_meters": 2.607142857, "debug": false}, "geometry": {"type": "LineString", "coordinates": [[19.81634828, 41.32769236], [19.81636152, 41.32764572], [19.81644952, 41.32730772], [19.81660148, 41.32677285], [19.81663047, 41.32666787], [19.81680046, 41.3260729], [19.81692606, 41.32562571], [19.81733967, 41.32568999], [19.81799365, 41.32579299], [19.81900868, 41.32595199], [19.81906828, 41.32596126], [19.81887951, 41.3266599], [19.81889511, 41.32676799], [19.81908514, 41.32692926], [19.8192586, 41.3271313], [19.81939522, 41.32718087], [19.82062041, 41.32728733], [19.82188442, 41.32739833], [19.82248168, 41.32745], [19.82275173, 41.32752582], [19.8230456, 41.32740033], [19.82354017, 41.32718007], [19.82362509, 41.32714011], [19.82376601, 41.32707827], [19.82392482, 41.32697739], [19.82425531, 41.3268376], [19.82449094, 41.32669888], [19.82463119, 41.32656902], [19.82472472, 41.32639121], [19.82503818, 41.32544581], [19.82507317, 41.32534485], [19.82518546, 41.32501099], [19.82519489, 41.32496751], [19.82525315, 41.32500875], [19.82540422, 41.32512902], [19.82601006, 41.32562589], [19.8261562, 41.32574576], [19.82641705, 41.32561316], [19.82646546, 41.3255938], [19.82691948, 41.32541674], [19.82713283, 41.3253955], [19.82731551, 41.32539747], [19.82737943, 41.3254014], [19.82756848, 41.3254134], [19.82888822, 41.32549139], [19.82905793, 41.32550429], [19.82931657, 41.325536], [19.82978935, 41.32562857], [19.82989268, 41.32565341], [19.83119641, 41.32595658], [19.83148721, 41.32601474], [19.83179448, 41.32607298], [19.83194961, 41.32609366], [19.83204897, 41.32608718], [19.83223492, 41.32604427], [19.83244935, 41.32598515], [19.8329984, 41.32584488], [19.83323032, 41.32576646], [19.83320285, 41.32568014], [19.83312299, 41.3257447], [19.83321609, 41.32572608], [19.83318919, 41.32562091], [19.83319108, 41.32551625], [19.8332289, 41.325437], [19.83329537, 41.32538783], [19.83350036, 41.32527125], [19.83370746, 41.3252236], [19.83384637, 41.32519643], [19.83396362, 41.32516351], [19.8340432, 41.32513257], [19.83434046, 41.32485154], [19.83468015, 41.32452284], [19.83497472, 41.32426222], [19.83506072, 41.32418599], [19.83524239, 41.32407797], [19.83544324, 41.32397558], [19.83578001, 41.32386102], [19.8360919, 41.32378896], [19.83679452, 41.32370978], [19.8369949, 41.32364574], [19.83707451, 41.32360542], [19.83721629, 41.32353191], [19.83730124, 41.32340342], [19.83737376, 41.32320374], [19.83747627, 41.32308509], [19.83760923, 41.32300665], [19.83809798, 41.32280359], [19.83820004, 41.32276156], [19.83841043, 41.32267324], [19.83881306, 41.32255135], [19.83904308, 41.32246055], [19.83995233, 41.32206076], [19.84019364, 41.32200856], [19.84029126, 41.32198721], [19.84064608, 41.32187795], [19.84075338, 41.32184941], [19.84139907, 41.32171368], [19.84182922, 41.32163023], [19.84203052, 41.32161753], [19.84229545, 41.3216276], [19.84249218, 41.32159654], [19.84253695, 41.32158268], [19.84282232, 41.32149225], [19.8430819, 41.32138923], [19.8432994, 41.32128048], [19.84352892, 41.32122813], [19.84365577, 41.32115007], [19.84370939, 41.32107088], [19.84377425, 41.32109668], [19.84385641, 41.32113057], [19.84407644, 41.32118712], [19.84443348, 41.32121227], [19.84466806, 41.32124775], [19.84482825, 41.3212873], [19.84493212, 41.32131327], [19.84504201, 41.32134124], [19.84624864, 41.3216504], [19.84650017, 41.32170552], [19.84722243, 41.32186935], [19.84797631, 41.32206532], [19.84876963, 41.32225086], [19.84929525, 41.32232135], [19.84988791, 41.32235043], [19.85004812, 41.32235881], [19.85017181, 41.32232042], [19.85113692, 41.32196275], [19.85169922, 41.32181918], [19.85196287, 41.32174847], [19.85233531, 41.32159245], [19.85291704, 41.32134127], [19.85303725, 41.32126355], [19.8531725, 41.32114132], [19.85331797, 41.3210424], [19.85340257, 41.32100876], [19.8534452, 41.3209917], [19.85364284, 41.32094328], [19.85471314, 41.32066846], [19.85477522, 41.32065565]]}}, {"type": "Feature", "properties": {"route_id": "16", "route_short_name": "10B", "route_long_name": "Mihal Grameno \u2013 Qend\u00ebr", "route_color": "#F57C00", "route_text_color": "#FFFFFF", "shape_id": "16_1", "direction": "1", "corridor_group": "corridor_2", "offset_meters": 0, "debug": true}, "geometry": {"type": "LineString", "coordinates": [[19.81631782, 41.32768745], [19.816331, 41.327641], [19.816419, 41.327303], [19.816571, 41.326768], [19.8166, 41.326663], [19.81677, 41.326068], [19.816902, 41.325598], [19.817346, 41.325667], [19.818, 41.32577], [19.819015, 41.325929], [19.819105, 41.325943], [19.818911, 41.326661], [19.818925, 41.326758], [19.81911, 41.326915], [19.81928, 41.327113], [19.819404, 41.327158], [19.820624, 41.327264], [19.821888, 41.327375], [19.822489, 41.327427], [19.822749, 41.3275], [19.82303, 41.32738], [19.823524, 41.32716], [19.823609, 41.32712], [19.823748, 41.327059], [19.823907, 41.326958], [19.824238, 41.326818], [19.824469, 41.326682], [19.824604, 41.326557], [19.824695, 41.326384], [19.825008, 41.32544], [19.825043, 41.325339], [19.825155, 41.325006], [19.825175, 41.324923], [19.825275, 41.324992], [19.825427, 41.325113], [19.826033, 41.32561], [19.826161, 41.325715], [19.826401, 41.325593], [19.826451, 41.325573], [19.82691, 41.325394], [19.827131, 41.325372], [19.827317, 41.325374], [19.827382, 41.325378], [19.827571, 41.32539], [19.828891, 41.325468], [19.829062, 41.325481], [19.829323, 41.325513], [19.829798, 41.325606], [19.829902, 41.325631], [19.831205, 41.325934], [19.831495, 41.325992], [19.831801, 41.32605], [19.831951, 41.32607], [19.832043, 41.326064], [19.832225, 41.326022], [19.832439, 41.325963], [19.832987, 41.325823], [19.833194, 41.325753], [19.83318, 41.325709], [19.833115, 41.325722], [19.83318, 41.325709], [19.833158, 41.325623], [19.83316, 41.325512], [19.833202, 41.325424], [19.833275, 41.32537], [19.833486, 41.32525], [19.833699, 41.325201], [19.833837, 41.325174], [19.833951, 41.325142], [19.834023, 41.325114], [19.834316, 41.324837], [19.834656, 41.324508], [19.834951, 41.324247], [19.835039, 41.324169], [19.835224, 41.324059], [19.835428, 41.323955], [19.835769, 41.323839], [19.836085, 41.323766], [19.836786, 41.323687], [19.83698, 41.323625], [19.837057, 41.323586], [19.837192, 41.323516], [19.837272, 41.323395], [19.837345, 41.323194], [19.837453, 41.323069], [19.837592, 41.322987], [19.838083, 41.322783], [19.838185, 41.322741], [19.838397, 41.322652], [19.8388, 41.32253], [19.839028, 41.32244], [19.83994, 41.322039], [19.840185, 41.321986], [19.840281, 41.321965], [19.840635, 41.321856], [19.840744, 41.321827], [19.841391, 41.321691], [19.841824, 41.321607], [19.84203, 41.321594], [19.842293, 41.321604], [19.842483, 41.321574], [19.842525, 41.321561], [19.842809, 41.321471], [19.843066, 41.321369], [19.843286, 41.321259], [19.843514, 41.321207], [19.843631, 41.321135], [19.843696, 41.321039], [19.843789, 41.321076], [19.843869, 41.321109], [19.844083, 41.321164], [19.844438, 41.321189], [19.844676, 41.321225], [19.844838, 41.321265], [19.844942, 41.321291], [19.845052, 41.321319], [19.846258, 41.321628], [19.846509, 41.321683], [19.847232, 41.321847], [19.847986, 41.322043], [19.848777, 41.322228], [19.849299, 41.322298], [19.84989, 41.322327], [19.850043, 41.322335], [19.850159, 41.322299], [19.851125, 41.321941], [19.851689, 41.321797], [19.85195, 41.321727], [19.85232, 41.321572], [19.852899, 41.321322], [19.853015, 41.321247], [19.85315, 41.321125], [19.8533, 41.321023], [19.853388, 41.320988], [19.853433, 41.32097], [19.853633, 41.320921], [19.854704, 41.320646], [19.854767, 41.320633]]}}, {"type": "Feature", "properties": {"route_id": "17", "route_short_name": "10C", "route_long_name": "Rrethrrotullimi Shkoz\u00eb \u2013 Ish-fusha e aviacionit", "route_color": "#E65100", "route_text_color": "#FFFFFF", "shape_id": "17_0", "direction": "0", "corridor_group": "corridor_2", "requested_offset_meters": -20.0, "offset_meters": -2.5, "debug": false}, "geometry": {"type": "LineString", "coordinates": [[19.84835702, 41.3343734], [19.84755065, 41.33431238], [19.84630064, 41.33419428], [19.84597017, 41.33415196], [19.84563194, 41.33407523], [19.8453323, 41.33398141], [19.84504635, 41.33386824], [19.84436873, 41.33350637], [19.84369483, 41.3331465], [19.84345142, 41.33305914], [19.84343948, 41.33305658], [19.84330035, 41.33302402], [19.8429997, 41.33299051], [19.84281526, 41.33298953], [19.84180369, 41.33311074], [19.84078726, 41.33323253], [19.8405899, 41.33323152], [19.84048327, 41.33323152], [19.84036341, 41.33321484], [19.84010683, 41.33314866], [19.83891541, 41.33265065], [19.83821181, 41.33235111], [19.83750835, 41.33205162], [19.83705454, 41.3318597], [19.83696446, 41.33182267], [19.83681721, 41.33175956], [19.83599217, 41.33140455], [19.83518365, 41.33105554], [19.83437544, 41.33070666], [19.8342925, 41.33067269], [19.8339272, 41.33051656], [19.83379314, 41.33045853], [19.83342911, 41.33030152], [19.83328206, 41.3302375], [19.83295751, 41.33009626], [19.83290967, 41.33007333], [19.83241128, 41.32986259], [19.83195626, 41.32966658], [19.83188325, 41.32963558], [19.83167916, 41.32954754], [19.83157716, 41.32950354], [19.83157516, 41.32950254], [19.83120917, 41.32934455], [19.83087218, 41.32919955], [19.82998324, 41.32881658], [19.82978834, 41.32873362], [19.82911838, 41.32844963], [19.82845242, 41.32816823], [19.82813208, 41.32800806], [19.82786711, 41.32784018], [19.82766754, 41.32767085], [19.82738854, 41.32742784], [19.82724887, 41.32730928], [19.82724485, 41.32730526], [19.82700853, 41.32710384], [19.82655865, 41.32671294], [19.82600917, 41.32625637], [19.82517741, 41.32560456], [19.82512701, 41.32556359], [19.82493701, 41.32612238], [19.82484472, 41.32641931], [19.82476216, 41.32659666], [19.82470992, 41.32666169], [19.82459512, 41.32675374], [19.82432923, 41.326908], [19.823976, 41.32704949], [19.82375859, 41.32708041], [19.82362443, 41.32713928], [19.82353951, 41.32717925], [19.82304496, 41.32739949], [19.82276505, 41.32751902], [19.82264096, 41.32758546], [19.82254696, 41.32765205], [19.82248624, 41.32769928], [19.82235717, 41.32784204], [19.82210245, 41.32826988], [19.82190681, 41.32862961], [19.82110966, 41.32847783], [19.82101067, 41.32845883], [19.82091555, 41.32844081], [19.82050216, 41.32835869], [19.8202646, 41.32913208], [19.82002006, 41.32992823], [19.81998915, 41.33002299], [19.81995717, 41.33006937], [19.82040314, 41.33043425], [19.8207308, 41.3306331], [19.82037848, 41.33062056], [19.82003523, 41.33063361], [19.81954789, 41.33057118], [19.81903874, 41.33050317], [19.81794124, 41.3303541], [19.81775391, 41.33032404], [19.81691206, 41.33019476], [19.81675073, 41.33015236], [19.8166888, 41.33012192], [19.81660365, 41.33008088], [19.81644313, 41.32996873], [19.81630217, 41.32981027], [19.81607364, 41.3293371], [19.81597956, 41.32910139], [19.81596486, 41.32898908], [19.81604398, 41.32866057], [19.8160263, 41.32841302], [19.81600421, 41.32833661], [19.81597679, 41.3283092], [19.81591497, 41.32828221], [19.81568255, 41.32824267], [19.81506189, 41.32827052], [19.81505587, 41.32827052], [19.81473774, 41.32828448], [19.81366774, 41.32833148], [19.81314365, 41.32835448], [19.81228043, 41.32838853], [19.8119408, 41.32838247], [19.8114824, 41.32831583], [19.81134854, 41.3282821], [19.81106256, 41.3281928], [19.81029563, 41.32795282], [19.80970766, 41.32777183], [19.80928962, 41.32764182], [19.80870567, 41.32746083], [19.80817959, 41.32729881], [19.80782739, 41.32718775], [19.80777447, 41.32717077], [19.80770382, 41.32714888], [19.80763677, 41.32712886], [19.80738456, 41.3270498], [19.8067646, 41.32685681], [19.8060831, 41.32664482], [19.80540167, 41.32643283], [19.80528755, 41.3263978], [19.80521853, 41.32637579], [19.80504664, 41.32632282], [19.8046076, 41.32618581], [19.80399255, 41.3259948], [19.80384359, 41.32594781], [19.803786, 41.32593009], [19.80359395, 41.32594874], [19.80350699, 41.32598769], [19.80343839, 41.32604365], [19.80318442, 41.32663494], [19.80292839, 41.32723101], [19.80273855, 41.32766264], [19.80270605, 41.32774831], [19.80262214, 41.32806483], [19.80250131, 41.32805853], [19.80221199, 41.32806349], [19.80181925, 41.32809638], [19.80134023, 41.32813538], [19.80123095, 41.32814441], [19.80067759, 41.32818143], [19.80064697, 41.32818341], [19.80047808, 41.32819798], [19.80051085, 41.32875109], [19.80053885, 41.32933719], [19.80054591, 41.32948534], [19.79951354, 41.32952549], [19.79851443, 41.32956434], [19.79829816, 41.3296167], [19.79818119, 41.32966752], [19.79804726, 41.32975221], [19.79783835, 41.32988588], [19.79765593, 41.33005234], [19.79744466, 41.33020526], [19.79720275, 41.33037948], [19.79698236, 41.33016633], [19.7968005, 41.33021136], [19.79631239, 41.33046831], [19.79591666, 41.33068716], [19.79505061, 41.33116519], [19.79484465, 41.33127817], [19.79452773, 41.33145412], [19.79441268, 41.33151815], [19.79412589, 41.33167603], [19.79389908, 41.33180692], [19.79311896, 41.33225099], [19.79256972, 41.33256113], [19.79241758, 41.3326442], [19.79210551, 41.33281624], [19.79190357, 41.33292521], [19.79119781, 41.33331808], [19.79109484, 41.33337606], [19.79063874, 41.33363112], [19.79004363, 41.33396018], [19.7896487, 41.33417714], [19.78904482, 41.33451507], [19.78883976, 41.33463011], [19.78836967, 41.33489016], [19.78818876, 41.33499011], [19.78788113, 41.3351629], [19.78759397, 41.33533225], [19.78762152, 41.33535655], [19.78766629, 41.33537666]]}}, {"type": "Feature", "properties": {"route_id": "17", "route_short_name": "10C", "route_long_name": "Rrethrrotullimi Shkoz\u00eb \u2013 Ish-fusha e aviacionit", "route_color": "#E65100", "route_text_color": "#FFFFFF", "shape_id": "17_0", "direction": "0", "corridor_group": "corridor_2", "offset_meters": 0, "debug": true}, "geometry": {"type": "LineString", "coordinates": [[19.84836, 41.334351], [19.847554, 41.33429], [19.846305, 41.334172], [19.845977, 41.33413], [19.845642, 41.334054], [19.845345, 41.333961], [19.845062, 41.333849], [19.844386, 41.333488], [19.84371, 41.333127], [19.843462, 41.333038], [19.843448, 41.333035], [19.843307, 41.333002], [19.843002, 41.332968], [19.842813, 41.332967], [19.841799, 41.3330885], [19.840785, 41.33321], [19.84059, 41.333209], [19.840486, 41.333209], [19.840371, 41.333193], [19.840119, 41.333128], [19.83893, 41.332631], [19.8382265, 41.3323315], [19.837523, 41.332032], [19.837069, 41.33184], [19.836979, 41.331803], [19.836832, 41.33174], [19.836007, 41.331385], [19.8351985, 41.331036], [19.83439, 41.330687], [19.834307, 41.330653], [19.833942, 41.330497], [19.833808, 41.330439], [19.833444, 41.330282], [19.833297, 41.330218], [19.832973, 41.330077], [19.832925, 41.330054], [19.832426, 41.329843], [19.831971, 41.329647], [19.831898, 41.329616], [19.831694, 41.329528], [19.831592, 41.329484], [19.83159, 41.329483], [19.831224, 41.329325], [19.830887, 41.32918], [19.829998, 41.328797], [19.829803, 41.328714], [19.829133, 41.32843], [19.828468, 41.328149], [19.82815, 41.32799], [19.827888, 41.327824], [19.82769, 41.327656], [19.827411, 41.327413], [19.827272, 41.327295], [19.827268, 41.327291], [19.827031, 41.327089], [19.826581, 41.326698], [19.826031, 41.326241], [19.825199, 41.325589], [19.825112, 41.32552], [19.824908, 41.326117], [19.824816, 41.326413], [19.824735, 41.326587], [19.824686, 41.326648], [19.824575, 41.326737], [19.824313, 41.326889], [19.823966, 41.327028], [19.823748, 41.327059], [19.823609, 41.32712], [19.823524, 41.32716], [19.82303, 41.32738], [19.822749, 41.3275], [19.822622, 41.327568], [19.822526, 41.327636], [19.822463, 41.327685], [19.822331, 41.327831], [19.822075, 41.328261], [19.821889, 41.328603], [19.821117, 41.328456], [19.821018, 41.328437], [19.820923, 41.328419], [19.82048, 41.328331], [19.8202355, 41.329127], [19.819991, 41.329923], [19.819961, 41.330015], [19.819921, 41.330073], [19.820383, 41.330451], [19.820675, 41.330617], [19.820379, 41.330598], [19.820037, 41.330611], [19.819553, 41.330549], [19.819044, 41.330481], [19.817947, 41.330332], [19.81776, 41.330302], [19.81692, 41.330173], [19.816764, 41.330132], [19.816705, 41.330103], [19.816622, 41.330063], [19.816466, 41.329954], [19.816329, 41.3298], [19.816102, 41.32933], [19.816009, 41.329097], [19.815995, 41.32899], [19.816074, 41.328662], [19.816056, 41.32841], [19.816032, 41.328327], [19.815997, 41.328292], [19.815926, 41.328261], [19.815685, 41.32822], [19.815061, 41.328248], [19.815055, 41.328248], [19.814736, 41.328262], [19.813666, 41.328309], [19.813142, 41.328332], [19.81228, 41.328366], [19.811944, 41.32836], [19.81149, 41.328294], [19.811359, 41.328261], [19.811074, 41.328172], [19.810307, 41.327932], [19.809719, 41.327751], [19.809301, 41.327621], [19.808717, 41.32744], [19.808191, 41.327278], [19.807839, 41.327167], [19.807786, 41.32715], [19.807715, 41.327128], [19.807648, 41.327108], [19.807396, 41.327029], [19.806776, 41.326836], [19.8060945, 41.326624], [19.805413, 41.326412], [19.805299, 41.326377], [19.80523, 41.326355], [19.805058, 41.326302], [19.804619, 41.326165], [19.804004, 41.325974], [19.803855, 41.325927], [19.80379, 41.325907], [19.803584, 41.325927], [19.803488, 41.32597], [19.803412, 41.326032], [19.803156, 41.326628], [19.8029, 41.327224], [19.80271, 41.327656], [19.802677, 41.327743], [19.802598, 41.328041], [19.802502, 41.328036], [19.80221, 41.328041], [19.801816, 41.328074], [19.801337, 41.328113], [19.801228, 41.328122], [19.800675, 41.328159], [19.800644, 41.328161], [19.800447, 41.328178], [19.800481, 41.328752], [19.800509, 41.329338], [19.800515, 41.329464], [19.799512, 41.329503], [19.798509, 41.329542], [19.798286, 41.329596], [19.798164, 41.329649], [19.798028, 41.329735], [19.797817, 41.32987], [19.797634, 41.330037], [19.797424, 41.330189], [19.797206, 41.330346], [19.796993, 41.33014], [19.796787, 41.330191], [19.796295, 41.33045], [19.795899, 41.330669], [19.795033, 41.331147], [19.794827, 41.33126], [19.79451, 41.331436], [19.794395, 41.3315], [19.794108, 41.331658], [19.793881, 41.331789], [19.793101, 41.332233], [19.792552, 41.332543], [19.7924, 41.332626], [19.792088, 41.332798], [19.791886, 41.332907], [19.79118, 41.3333], [19.791077, 41.333358], [19.790621, 41.333613], [19.790026, 41.333942], [19.789631, 41.334159], [19.789027, 41.334497], [19.788822, 41.334612], [19.788352, 41.334872], [19.788171, 41.334972], [19.787863, 41.335145], [19.787551, 41.335329], [19.787602, 41.335374], [19.787651, 41.335396]]}}, {"type": "Feature", "properties": {"route_id": "17", "route_short_name": "10C", "route_long_name": "Rrethrrotullimi Shkoz\u00eb \u2013 Ish-fusha e aviacionit", "route_color": "#E65100", "route_text_color": "#FFFFFF", "shape_id": "17_1", "direction": "1", "corridor_group": "corridor_2", "requested_offset_meters": -20.0, "offset_meters": -5.25, "debug": false}, "geometry": {"type": "LineString", "coordinates": [[19.78761889, 41.33543662], [19.78756101, 41.33541064], [19.78746076, 41.33532218], [19.78782492, 41.33510742], [19.78813371, 41.33493397], [19.7883149, 41.33483387], [19.78878471, 41.33457397], [19.78898957, 41.33445905], [19.78959382, 41.33412091], [19.78998897, 41.33390383], [19.79058376, 41.33357495], [19.79103954, 41.33332007], [19.79120661, 41.33322603], [19.79184912, 41.33286875], [19.79205122, 41.33275969], [19.79236308, 41.33258777], [19.79251479, 41.33250493], [19.79306329, 41.33219521], [19.79384303, 41.33175136], [19.79407043, 41.33162013], [19.79435784, 41.3314619], [19.79450476, 41.33137995], [19.79478996, 41.33122184], [19.79499601, 41.33110881], [19.79586191, 41.33063086], [19.79625848, 41.33041155], [19.79675865, 41.33014825], [19.79697412, 41.3300949], [19.79724568, 41.33003292], [19.79732289, 41.33000373], [19.79778216, 41.32983027], [19.79798754, 41.32969886], [19.7981279, 41.32961011], [19.79826046, 41.32955252], [19.79849746, 41.32949513], [19.79895409, 41.32947576], [19.79917077, 41.32946977], [19.79942989, 41.32945682], [19.79979869, 41.32943878], [19.80045004, 41.32941868], [19.80044531, 41.32932071], [19.80041832, 41.3287539], [19.80038171, 41.3281358], [19.80051313, 41.328125], [19.80066876, 41.32811195], [19.80122181, 41.32807494], [19.80133022, 41.32806599], [19.80180917, 41.328027], [19.80220582, 41.32799377], [19.80244471, 41.32798968], [19.80245808, 41.32788122], [19.80254896, 41.32764228], [19.80263623, 41.32743666], [19.80286019, 41.32690374], [19.80307909, 41.32638098], [19.80323718, 41.32599077], [19.80333329, 41.32576852], [19.803394, 41.32562432], [19.80356125, 41.32567739], [19.80383106, 41.32576233], [19.80427401, 41.32590032], [19.80468904, 41.32603032], [19.8053034, 41.32622213], [19.80537129, 41.32624209], [19.80545326, 41.32626739], [19.80548718, 41.32627837], [19.80633576, 41.32653824], [19.80689889, 41.32671328], [19.80771797, 41.32696731], [19.80778498, 41.32698831], [19.80781362, 41.32699719], [19.8078568, 41.32701025], [19.80791391, 41.32702828], [19.80814273, 41.32709823], [19.80847782, 41.32720226], [19.80899669, 41.32736222], [19.80923496, 41.3274353], [19.80964642, 41.32756545], [19.80964842, 41.32756545], [19.8097291, 41.32759134], [19.81018567, 41.32773121], [19.81111747, 41.32801815], [19.81143841, 41.32811453], [19.81152997, 41.32813718], [19.81197436, 41.32820389], [19.81228254, 41.32821267], [19.81238052, 41.32820879], [19.81290135, 41.3281858], [19.8135639, 41.32815681], [19.81365482, 41.32815182], [19.81400531, 41.3281358], [19.81523232, 41.3280828], [19.8155852, 41.3280668], [19.8161633, 41.32804006], [19.81622245, 41.32780084], [19.81625662, 41.32767725], [19.81626954, 41.32763152], [19.81635755, 41.3272935], [19.81650963, 41.32675823], [19.81653863, 41.3266532], [19.81670866, 41.32605813], [19.81685356, 41.32554219], [19.81735875, 41.3256207], [19.8180128, 41.32572371], [19.81902772, 41.3258827], [19.81917895, 41.32590622], [19.81897442, 41.32666321], [19.81898519, 41.32673788], [19.81916007, 41.32688629], [19.81932309, 41.32707616], [19.81942168, 41.32711194], [19.82063122, 41.32721703], [19.82189521, 41.32732803], [19.82250374, 41.32738068], [19.82274351, 41.327448], [19.82299858, 41.32733907], [19.82349143, 41.32711958], [19.8235766, 41.3270795], [19.82371174, 41.3270202], [19.82387112, 41.32691895], [19.82420315, 41.32677852], [19.82442482, 41.32664801], [19.82454925, 41.3265328], [19.82463515, 41.32636949], [19.82494723, 41.32542829], [19.82498225, 41.32532721], [19.82509367, 41.32499595], [19.82513495, 41.32483338], [19.825319, 41.32495826], [19.82547287, 41.32508074], [19.82607918, 41.325578], [19.82620761, 41.32568335], [19.82678702, 41.32617821], [19.8273661, 41.32667277], [19.82829425, 41.3274709], [19.82832112, 41.32749419], [19.82850791, 41.32761261], [19.82868748, 41.32769654], [19.82902346, 41.32784609], [19.82934702, 41.3279849], [19.8298091, 41.32818294], [19.83066318, 41.32855197], [19.83133303, 41.3288409], [19.83190467, 41.32908475], [19.83219851, 41.32920768], [19.83234355, 41.3292687], [19.83341576, 41.32971879], [19.83366803, 41.3298269], [19.834008, 41.32997289], [19.83413232, 41.33002603], [19.83420045, 41.33005609], [19.83442925, 41.330155], [19.83451191, 41.33019085], [19.8351997, 41.33047976], [19.83571885, 41.33070083], [19.83666805, 41.33110491], [19.83730304, 41.33137991], [19.83738993, 41.33141686], [19.83772103, 41.3315589], [19.83856471, 41.33192077], [19.83924278, 41.3322038], [19.8402339, 41.33263155], [19.84036007, 41.33267174], [19.84061273, 41.33271338], [19.8408233, 41.33270294], [19.84098971, 41.33268424], [19.84215672, 41.33255212], [19.84243202, 41.33252801], [19.84292666, 41.33248779], [19.84310526, 41.33248362], [19.84330037, 41.33250355], [19.84368648, 41.33258138], [19.84415471, 41.33274527], [19.84423922, 41.33278435], [19.84442358, 41.33288006], [19.84556785, 41.33347408], [19.84589797, 41.33357409], [19.8463652, 41.3336695], [19.84749288, 41.33377709], [19.84862159, 41.33388478], [19.84906464, 41.33389161], [19.84914468, 41.33387798], [19.84932285, 41.33381579], [19.8493528, 41.3337189], [19.849456, 41.3336123], [19.84952565, 41.33356907], [19.84967988, 41.33351123], [19.84987539, 41.33350437], [19.85005061, 41.33354674], [19.85019298, 41.33363515], [19.85028154, 41.33375436], [19.850308, 41.33385299], [19.85025758, 41.33404125], [19.85014423, 41.33415113], [19.85000781, 41.33421934], [19.84989223, 41.33424502], [19.84977313, 41.33424846], [19.8496948, 41.33423694], [19.84955423, 41.33433279], [19.84918931, 41.33442323], [19.84907518, 41.33443542], [19.84870163, 41.33442419], [19.84835378, 41.33439805]]}}, {"type": "Feature", "properties": {"route_id": "17", "route_short_name": "10C", "route_long_name": "Rrethrrotullimi Shkoz\u00eb \u2013 Ish-fusha e aviacionit", "route_color": "#E65100", "route_text_color": "#FFFFFF", "shape_id": "17_1", "direction": "1", "corridor_group": "corridor_2", "offset_meters": 0, "debug": true}, "geometry": {"type": "LineString", "coordinates": [[19.787651, 41.335396], [19.787602, 41.335374], [19.787551, 41.335329], [19.787863, 41.335145], [19.788171, 41.334972], [19.788352, 41.334872], [19.788822, 41.334612], [19.789027, 41.334497], [19.789631, 41.334159], [19.790026, 41.333942], [19.790621, 41.333613], [19.791077, 41.333358], [19.791244, 41.333264], [19.791886, 41.332907], [19.792088, 41.332798], [19.7924, 41.332626], [19.792552, 41.332543], [19.793101, 41.332233], [19.793881, 41.331789], [19.794108, 41.331658], [19.794395, 41.3315], [19.794542, 41.331418], [19.794827, 41.33126], [19.795033, 41.331147], [19.795899, 41.330669], [19.796295, 41.33045], [19.796787, 41.330191], [19.796993, 41.33014], [19.797269, 41.330077], [19.797351, 41.330046], [19.797817, 41.32987], [19.798028, 41.329735], [19.798164, 41.329649], [19.798286, 41.329596], [19.798509, 41.329542], [19.798957, 41.329523], [19.799174, 41.329517], [19.799434, 41.329504], [19.799802, 41.329486], [19.800515, 41.329464], [19.800508, 41.329319], [19.800481, 41.328752], [19.800447, 41.328178], [19.80052, 41.328172], [19.800675, 41.328159], [19.801228, 41.328122], [19.801337, 41.328113], [19.801816, 41.328074], [19.80221, 41.328041], [19.802502, 41.328036], [19.80252, 41.32789], [19.802609, 41.327656], [19.802696, 41.327451], [19.80292, 41.326918], [19.803139, 41.326395], [19.803297, 41.326005], [19.803393, 41.325783], [19.803433, 41.325688], [19.803537, 41.325721], [19.803807, 41.325806], [19.80425, 41.325944], [19.804665, 41.326074], [19.80528, 41.326266], [19.805348, 41.326286], [19.805429, 41.326311], [19.805463, 41.326322], [19.806312, 41.326582], [19.806875, 41.326757], [19.807694, 41.327011], [19.807761, 41.327032], [19.80779, 41.327041], [19.807833, 41.327054], [19.80789, 41.327072], [19.808119, 41.327142], [19.808454, 41.327246], [19.808973, 41.327406], [19.809211, 41.327479], [19.809622, 41.327609], [19.809624, 41.327609], [19.809705, 41.327635], [19.810162, 41.327775], [19.811094, 41.328062], [19.811417, 41.328159], [19.811514, 41.328183], [19.811967, 41.328251], [19.812283, 41.32826], [19.812384, 41.328256], [19.812905, 41.328233], [19.813568, 41.328204], [19.813659, 41.328199], [19.814009, 41.328183], [19.815236, 41.32813], [19.815589, 41.328114], [19.816216, 41.328085], [19.816284, 41.32781], [19.816318, 41.327687], [19.816331, 41.327641], [19.816419, 41.327303], [19.816571, 41.326768], [19.8166, 41.326663], [19.81677, 41.326068], [19.816902, 41.325598], [19.817346, 41.325667], [19.818, 41.32577], [19.819015, 41.325929], [19.819105, 41.325943], [19.818911, 41.326661], [19.818925, 41.326758], [19.81911, 41.326915], [19.81928, 41.327113], [19.819404, 41.327158], [19.820624, 41.327264], [19.821888, 41.327375], [19.822489, 41.327427], [19.822749, 41.3275], [19.82303, 41.32738], [19.823524, 41.32716], [19.823609, 41.32712], [19.823748, 41.327059], [19.823907, 41.326958], [19.824238, 41.326818], [19.824469, 41.326682], [19.824604, 41.326557], [19.824695, 41.326384], [19.825008, 41.32544], [19.825043, 41.325339], [19.825155, 41.325006], [19.825175, 41.324923], [19.825275, 41.324992], [19.825427, 41.325113], [19.826033, 41.32561], [19.826161, 41.325715], [19.82674, 41.3262095], [19.827319, 41.326704], [19.828247, 41.327502], [19.828277, 41.327528], [19.828471, 41.327651], [19.828655, 41.327737], [19.828992, 41.327887], [19.829316, 41.328026], [19.829778, 41.328224], [19.830632, 41.328593], [19.831302, 41.328882], [19.831874, 41.329126], [19.832168, 41.329249], [19.832313, 41.32931], [19.833385, 41.32976], [19.833637, 41.329868], [19.833977, 41.330014], [19.834101, 41.330067], [19.834169, 41.330097], [19.834398, 41.330196], [19.834481, 41.330232], [19.835169, 41.330521], [19.835688, 41.330742], [19.836637, 41.331146], [19.837272, 41.331421], [19.837359, 41.331458], [19.83769, 41.3316], [19.838534, 41.331962], [19.839212, 41.332245], [19.840206, 41.332674], [19.840341, 41.332717], [19.840608, 41.332761], [19.84083, 41.33275], [19.840999, 41.332731], [19.842165, 41.332599], [19.842439, 41.332575], [19.842931, 41.332535], [19.843102, 41.332531], [19.843288, 41.33255], [19.843665, 41.332626], [19.844125, 41.332787], [19.844205, 41.332824], [19.844388, 41.332919], [19.845538, 41.333516], [19.845878, 41.333619], [19.846353, 41.333716], [19.847485, 41.33382401], [19.848617, 41.333932], [19.849071, 41.333939], [19.849165, 41.333923], [19.849377, 41.333849], [19.849411, 41.333739], [19.849502, 41.333645], [19.84956, 41.333609], [19.849696, 41.333558], [19.849867, 41.333552], [19.85002, 41.333589], [19.850144, 41.333666], [19.850222, 41.333771], [19.850244, 41.333853], [19.850199, 41.334021], [19.850101, 41.334116], [19.849981, 41.334176], [19.849882, 41.334198], [19.849778, 41.334201], [19.849676, 41.334186], [19.849522, 41.334291], [19.849175, 41.334377], [19.849072, 41.334388], [19.848706, 41.334377], [19.84836, 41.334351]]}}, {"type": "Feature", "properties": {"route_id": "13", "route_short_name": "9A", "route_long_name": "Qytet Studenti \u2013 Jordan Misja", "route_color": "#CDDC39", "route_text_color": "#000000", "shape_id": "13_0", "direction": "0", "corridor_group": "corridor_2", "requested_offset_meters": 7.428571428571429, "offset_meters": 1.678571429, "debug": false}, "geometry": {"type": "LineString", "coordinates": [[19.84983825, 41.32233298], [19.84932285, 41.32228903], [19.84884465, 41.32222626], [19.84801148, 41.32203568], [19.84760954, 41.3219207], [19.84725489, 41.32183755], [19.84651471, 41.32166851], [19.84626403, 41.32161358], [19.84505841, 41.32130467], [19.84484426, 41.32125064], [19.84477024, 41.32123263], [19.84468115, 41.32121036], [19.84444072, 41.32117399], [19.84413759, 41.32115704], [19.84392742, 41.32111088], [19.84370529, 41.3210256], [19.84366241, 41.32100824], [19.84349425, 41.3209589], [19.84308967, 41.32084103], [19.84258213, 41.32067218], [19.84216173, 41.32053105], [19.84183424, 41.32043461], [19.84155701, 41.32037916], [19.84125928, 41.32034697], [19.84116482, 41.32034088], [19.84075171, 41.32034188], [19.84052898, 41.32036305], [19.83973244, 41.32047012], [19.8394493, 41.32050914], [19.8393937, 41.32051723], [19.83875189, 41.32063656], [19.83848031, 41.32071733], [19.83807378, 41.32089199], [19.83778768, 41.32102457], [19.83766659, 41.32106461], [19.83735275, 41.32112122], [19.83686185, 41.32119321], [19.83651308, 41.32125334], [19.83615849, 41.32132746], [19.83612201, 41.32133557], [19.83596188, 41.3213756], [19.83572801, 41.3214301], [19.83564875, 41.32143601], [19.83561731, 41.32139592], [19.83560487, 41.32132793], [19.83556585, 41.32111485], [19.83554741, 41.32102161], [19.83550738, 41.32095656], [19.8354398, 41.32063162], [19.83535773, 41.32025027], [19.83524398, 41.3198325], [19.834918, 41.31985896], [19.83488075, 41.31986156], [19.83484281, 41.31984757], [19.83299428, 41.31996887], [19.83292405, 41.31996805], [19.83286877, 41.319827], [19.83275221, 41.31973983], [19.83185073, 41.31935621], [19.83155233, 41.31919765], [19.83147899, 41.31909729], [19.83132536, 41.31883492], [19.8312813, 41.31875882], [19.83112023, 41.31849471], [19.83109253, 41.31844889], [19.83096922, 41.31836458], [19.83083954, 41.31833375], [19.83074108, 41.3183379], [19.83063504, 41.31834076], [19.83053439, 41.31830588], [19.83039062, 41.31830588], [19.82931536, 41.3186777], [19.82904877, 41.3188065], [19.82893151, 41.31884197], [19.82866849, 41.31892198], [19.82818648, 41.31906899], [19.82745206, 41.31929311], [19.82719551, 41.31938165], [19.82705733, 41.31944613], [19.82683884, 41.31961607], [19.82664081, 41.31980803], [19.82622475, 41.32047173], [19.82590164, 41.32102693], [19.82571368, 41.32134985], [19.82569266, 41.32138489], [19.82562959, 41.32149501], [19.82548463, 41.32174794], [19.82542467, 41.32184986], [19.82536249, 41.32195518], [19.82531741, 41.32204233], [19.82496624, 41.32267262], [19.82485902, 41.32290932], [19.82484793, 41.32326634], [19.82488906, 41.32372082], [19.82491029, 41.32381281], [19.82492647, 41.32387246], [19.8250006, 41.32408285], [19.82506758, 41.32427678], [19.82516753, 41.32457061], [19.82522444, 41.32475234], [19.82526576, 41.32489598], [19.82525514, 41.32498966], [19.82523246, 41.3250646], [19.82512947, 41.32539657], [19.8250925, 41.32551646], [19.82479677, 41.32640866], [19.82471677, 41.32658051], [19.82466994, 41.32663881], [19.82456149, 41.32672576], [19.8243021, 41.32687625], [19.82395928, 41.32701357], [19.82374089, 41.32704463], [19.82359864, 41.32710705], [19.82351359, 41.32714708], [19.82302007, 41.32736686], [19.82269455, 41.32750149], [19.82260862, 41.32755673], [19.82251192, 41.32762522], [19.8224474, 41.32767541], [19.82231343, 41.32782359], [19.82205657, 41.32825504], [19.82187704, 41.32858514], [19.82128193, 41.32847235], [19.82102293, 41.32842235], [19.820928, 41.32840436], [19.82046513, 41.32831241], [19.81999445, 41.32984361], [19.81997148, 41.32991951], [19.8199421, 41.33000963], [19.81989677, 41.33007536], [19.82029883, 41.33040973], [19.82043029, 41.33049872], [19.82065447, 41.33062434], [19.82069204, 41.3306667], [19.82069593, 41.33060317], [19.82037935, 41.33058285], [19.82003819, 41.33059582], [19.81955643, 41.3305341], [19.81904753, 41.33046612], [19.81810456, 41.33033812], [19.81793135, 41.3303145], [19.81747337, 41.33196991], [19.81713737, 41.33317789], [19.81708738, 41.33335685], [19.81672733, 41.33461202], [19.81670426, 41.33470532], [19.81670128, 41.33471822], [19.81656736, 41.33522094], [19.81644542, 41.33565372], [19.81636757, 41.33590723], [19.81634382, 41.33597028], [19.8162182, 41.33595022], [19.81575118, 41.33587421], [19.81478313, 41.33572121], [19.8137702, 41.33556022], [19.81256929, 41.33536323], [19.81239329, 41.33533409], [19.81236146, 41.33542958], [19.81224038, 41.33585784], [19.81193444, 41.33693364], [19.81191747, 41.33698655], [19.81188344, 41.33709965], [19.81177157, 41.33746922], [19.8116511, 41.33778384], [19.81144638, 41.33813436], [19.81140324, 41.33822364], [19.81135727, 41.33831159], [19.81113226, 41.33876661], [19.81089731, 41.33921952], [19.81082422, 41.33936167], [19.81071248, 41.33959222], [19.81065208, 41.33988817], [19.81062209, 41.34013909], [19.81056146, 41.34041541], [19.81044529, 41.34068448], [19.81031879, 41.34089166], [19.81027708, 41.34095956], [19.80994716, 41.34123382], [19.80975271, 41.34139419], [19.80962816, 41.34151268], [19.80945387, 41.34175849], [19.80933543, 41.34197029], [19.80929118, 41.34205476], [19.80914065, 41.34238391], [19.80905432, 41.34268205], [19.80897434, 41.34301696], [19.80889271, 41.34328375], [19.8087733, 41.34353652], [19.80865849, 41.34374117], [19.80862446, 41.34380322], [19.8085143, 41.34400351], [19.80830202, 41.34444209], [19.80817588, 41.34473742], [19.8080579, 41.34502038], [19.80783385, 41.3455365], [19.80777078, 41.34569668], [19.80755285, 41.3462445], [19.8072113, 41.34704045], [19.80718879, 41.34707666], [19.80715707, 41.3471292], [19.80713298, 41.34716195], [19.80696705, 41.34733895], [19.80693033, 41.34741563], [19.8069437, 41.34747387], [19.80661669, 41.34745198], [19.80665821, 41.34743368], [19.80671914, 41.34741963]]}}, {"type": "Feature", "properties": {"route_id": "13", "route_short_name": "9A", "route_long_name": "Qytet Studenti \u2013 Jordan Misja", "route_color": "#CDDC39", "route_text_color": "#000000", "shape_id": "13_0", "direction": "0", "corridor_group": "corridor_2", "offset_meters": 0, "debug": true}, "geometry": {"type": "LineString", "coordinates": [[19.849836, 41.322348], [19.84932, 41.322304], [19.84884, 41.322241], [19.848005, 41.32205], [19.847603, 41.321935], [19.847249, 41.321852], [19.846509, 41.321683], [19.846258, 41.321628], [19.845052, 41.321319], [19.844838, 41.321265], [19.844764, 41.321247], [19.844676, 41.321225], [19.844438, 41.321189], [19.844134, 41.321172], [19.84392, 41.321125], [19.843696, 41.321039], [19.843654, 41.321022], [19.843487, 41.320973], [19.843082, 41.320855], [19.842574, 41.320686], [19.842154, 41.320545], [19.841828, 41.320449], [19.841553, 41.320394], [19.841257, 41.320362], [19.841164, 41.320356], [19.840753, 41.320357], [19.840532, 41.320378], [19.839736, 41.320485], [19.839453, 41.320524], [19.839398, 41.320532], [19.838758, 41.320651], [19.838489, 41.320731], [19.838084, 41.320905], [19.837797, 41.321038], [19.837673, 41.321079], [19.837357, 41.321136], [19.836866, 41.321208], [19.836518, 41.321268], [19.836164, 41.321342], [19.836128, 41.32135], [19.835968, 41.32139], [19.835732, 41.321445], [19.835638, 41.321452], [19.835598, 41.321401], [19.835585, 41.32133], [19.835546, 41.321117], [19.835528, 41.321026], [19.835488, 41.320961], [19.83542, 41.320634], [19.835338, 41.320253], [19.835228, 41.319849], [19.83492, 41.319874], [19.834877, 41.319877], [19.834839, 41.319863], [19.832995, 41.319984], [19.832909, 41.319983], [19.832851, 41.319835], [19.83274, 41.319752], [19.83184, 41.319369], [19.831537, 41.319208], [19.831461, 41.319104], [19.831307, 41.318841], [19.831263, 41.318765], [19.831102, 41.318501], [19.831076, 41.318458], [19.830959, 41.318378], [19.830837, 41.318349], [19.830742, 41.318353], [19.830631, 41.318356], [19.83053, 41.318321], [19.830395, 41.318321], [19.829325, 41.318691], [19.829058, 41.31882], [19.828939, 41.318856], [19.828676, 41.318936], [19.828194, 41.319083], [19.82746, 41.319307], [19.827205, 41.319395], [19.82707, 41.319458], [19.826854, 41.319626], [19.826658, 41.319816], [19.826243, 41.320478], [19.82592, 41.321033], [19.825732, 41.321356], [19.825711, 41.321391], [19.825648, 41.321501], [19.825503, 41.321754], [19.825443, 41.321856], [19.825381, 41.321961], [19.825336, 41.322048], [19.824985, 41.322678], [19.824879, 41.322912], [19.824868, 41.323266], [19.824909, 41.323719], [19.82493, 41.32381], [19.824946, 41.323869], [19.82502, 41.324079], [19.825087, 41.324273], [19.825187, 41.324567], [19.825244, 41.324749], [19.825286, 41.324895], [19.825275, 41.324992], [19.825252, 41.325068], [19.825149, 41.3254], [19.825112, 41.32552], [19.824816, 41.326413], [19.824735, 41.326587], [19.824686, 41.326648], [19.824575, 41.326737], [19.824313, 41.326889], [19.823966, 41.327028], [19.823748, 41.327059], [19.823609, 41.32712], [19.823524, 41.32716], [19.82303, 41.32738], [19.822706, 41.327514], [19.822622, 41.327568], [19.822526, 41.327636], [19.822463, 41.327685], [19.822331, 41.327831], [19.822075, 41.328261], [19.821889, 41.328603], [19.821277, 41.328487], [19.821018, 41.328437], [19.820923, 41.328419], [19.82048, 41.328331], [19.820014, 41.329847], [19.819991, 41.329923], [19.819961, 41.330015], [19.819921, 41.330073], [19.820313, 41.330399], [19.820443, 41.330487], [19.820675, 41.330617], [19.820672, 41.330666], [19.820675, 41.330617], [19.820379, 41.330598], [19.820037, 41.330611], [19.819553, 41.330549], [19.819044, 41.330481], [19.818101, 41.330353], [19.817947, 41.330332], [19.817493, 41.331973], [19.817157, 41.333181], [19.817107, 41.33336], [19.816747, 41.334615], [19.816724, 41.334708], [19.816721, 41.334721], [19.816587, 41.335224], [19.816465, 41.335657], [19.816387, 41.335911], [19.816358, 41.335988], [19.816214, 41.335965], [19.815747, 41.335889], [19.814779, 41.335736], [19.813766, 41.335575], [19.812565, 41.335378], [19.812408, 41.335352], [19.812381, 41.335433], [19.81226, 41.335861], [19.811954, 41.336937], [19.811937, 41.33699], [19.811903, 41.337103], [19.811791, 41.337473], [19.81167, 41.337789], [19.811465, 41.33814], [19.811422, 41.338229], [19.811376, 41.338317], [19.811151, 41.338772], [19.810916, 41.339225], [19.810843, 41.339367], [19.810732, 41.339596], [19.810672, 41.33989], [19.810642, 41.340141], [19.810581, 41.340419], [19.810464, 41.34069], [19.810337, 41.340898], [19.810294, 41.340968], [19.809962, 41.341244], [19.809768, 41.341404], [19.809645, 41.341521], [19.809472, 41.341765], [19.809354, 41.341976], [19.80931, 41.34206], [19.80916, 41.342388], [19.809074, 41.342685], [19.808994, 41.34302], [19.808912, 41.343288], [19.808792, 41.343542], [19.808677, 41.343747], [19.808643, 41.343809], [19.808533, 41.344009], [19.808321, 41.344447], [19.808195, 41.344742], [19.808077, 41.345025], [19.807853, 41.345541], [19.80779, 41.345701], [19.807572, 41.346249], [19.80723, 41.347046], [19.807207, 41.347083], [19.807175, 41.347136], [19.80715, 41.34717], [19.806985, 41.347346], [19.806951, 41.347417], [19.806968, 41.347491], [19.806578, 41.34746], [19.806649, 41.34742], [19.80671326, 41.34740517]]}}, {"type": "Feature", "properties": {"route_id": "13", "route_short_name": "9A", "route_long_name": "Qytet Studenti \u2013 Jordan Misja", "route_color": "#CDDC39", "route_text_color": "#000000", "shape_id": "13_1", "direction": "1", "corridor_group": "corridor_2", "requested_offset_meters": 7.428571428571429, "offset_meters": 1.678571429, "debug": false}, "geometry": {"type": "LineString", "coordinates": [[19.80671917, 41.34741962], [19.8067199, 41.34741945], [19.80684459, 41.34739052], [19.80699723, 41.34735916], [19.80716702, 41.34717805], [19.80719293, 41.3471428], [19.80722521, 41.34708934], [19.8072487, 41.34705155], [19.80759116, 41.34625349], [19.80787214, 41.34554553], [19.80792006, 41.34543571], [19.8080961, 41.34502961], [19.80821412, 41.34474658], [19.80833998, 41.34445191], [19.8085517, 41.34401449], [19.80866152, 41.34381481], [19.80873249, 41.34368686], [19.8088107, 41.34354748], [19.80893129, 41.34329225], [19.80901366, 41.34302304], [19.80909368, 41.34268795], [19.80917935, 41.34239209], [19.80932882, 41.34206524], [19.80937257, 41.34198171], [19.80949013, 41.34177151], [19.80966184, 41.34152932], [19.80978329, 41.34141381], [19.80997684, 41.34125418], [19.8103109, 41.34097646], [19.81038321, 41.34085934], [19.81048272, 41.3406955], [19.81060054, 41.34042259], [19.81066191, 41.34014291], [19.81069192, 41.33989183], [19.81075152, 41.33959978], [19.81086176, 41.33937235], [19.81096368, 41.3391765], [19.81116975, 41.33877738], [19.81139473, 41.33832241], [19.81144076, 41.33823436], [19.81148362, 41.33814564], [19.8116889, 41.33779416], [19.81181043, 41.33747678], [19.81192255, 41.33710639], [19.81197359, 41.33694025], [19.81199162, 41.33687513], [19.81227961, 41.33586416], [19.81240054, 41.33543642], [19.81242737, 41.33535594], [19.81245008, 41.33529674], [19.81549282, 41.33578879], [19.81576701, 41.33583245], [19.81603065, 41.33579023], [19.81631974, 41.33565346], [19.8163356, 41.33560023], [19.81643162, 41.33525914], [19.81663663, 41.33453311], [19.81697582, 41.33329741], [19.81700082, 41.33313642], [19.81753464, 41.33119507], [19.81778373, 41.33029022], [19.81692533, 41.33015839], [19.81677286, 41.33011832], [19.81663442, 41.33005105], [19.81658367, 41.33001494], [19.81648133, 41.32994408], [19.81634691, 41.32979299], [19.81614909, 41.32940529], [19.81599865, 41.32898764], [19.81609366, 41.328665], [19.81620771, 41.32819581], [19.8162357, 41.32808784], [19.81630368, 41.32781293], [19.81633763, 41.32769012], [19.81635065, 41.32764403], [19.81643865, 41.32730604], [19.8165536, 41.32690219], [19.81657462, 41.32682914], [19.81661962, 41.32666613], [19.81678961, 41.32607116], [19.81691749, 41.32561584], [19.81734193, 41.3256818], [19.81901093, 41.3259438], [19.81908136, 41.32595476], [19.81889072, 41.32666029], [19.81890575, 41.32676443], [19.81909399, 41.32692418], [19.81926622, 41.32712478], [19.81939835, 41.32717273], [19.82062169, 41.32727902], [19.8218857, 41.32739002], [19.82248455, 41.32744183], [19.82265803, 41.32748663], [19.82269944, 41.32753396], [19.82303993, 41.32739314], [19.82353441, 41.32717292], [19.82361936, 41.32713295], [19.82375959, 41.32707141], [19.82391847, 41.32697048], [19.82424914, 41.32683062], [19.82448313, 41.32669287], [19.8246215, 41.32656474], [19.82471413, 41.32638864], [19.82502743, 41.32544374], [19.82506242, 41.32534277], [19.82517461, 41.32500921], [19.82519539, 41.32492296], [19.82514855, 41.32473355], [19.82503833, 41.32443997], [19.82484567, 41.32390093], [19.824835, 41.3238456], [19.82482905, 41.32373557], [19.82482805, 41.32369066], [19.82481206, 41.32326284], [19.82481504, 41.32296468], [19.82486029, 41.32280727], [19.82493061, 41.32266564], [19.82533553, 41.32195579], [19.82539647, 41.32184089], [19.82572632, 41.32128415], [19.82587934, 41.32102412], [19.82620535, 41.3204671], [19.82660341, 41.3197867], [19.82680807, 41.31958205], [19.82703673, 41.31941547], [19.82743734, 41.31926376], [19.82845967, 41.31894497], [19.82904073, 41.31876332], [19.82920192, 41.3186777], [19.82934619, 41.31861302], [19.82947414, 41.31855648], [19.8303557, 41.31826363], [19.8304635, 41.31817932], [19.83047517, 41.31813582], [19.83049653, 41.31810199], [19.83057129, 41.31804779], [19.8306165, 41.31803301], [19.83072017, 41.3180302], [19.83076645, 41.31804156], [19.8308392, 41.3180843], [19.83088855, 41.31818394], [19.83088527, 41.31820691], [19.83102534, 41.31836219], [19.83105694, 41.31846292], [19.83108377, 41.31850729], [19.83124473, 41.31877123], [19.83130066, 41.31886611], [19.831443, 41.3191107], [19.83152167, 41.31921835], [19.83182927, 41.31938179], [19.83272779, 41.31976417], [19.83283574, 41.31984488], [19.83298546, 41.3199998], [19.83484144, 41.31987802], [19.83507707, 41.31984994], [19.83522541, 41.31983302], [19.83525591, 41.31983094], [19.83526595, 41.31984432], [19.83537224, 41.32024962], [19.83545017, 41.32063123], [19.83551287, 41.32095867], [19.83550786, 41.3210267], [19.83552615, 41.32111915], [19.83556513, 41.32133207], [19.83557869, 41.32140608], [19.83562725, 41.32146799], [19.83573599, 41.3214599], [19.83597406, 41.32140441], [19.83618721, 41.32135221], [19.83613035, 41.32129301], [19.83614863, 41.3213609], [19.83652292, 41.32128266], [19.83687015, 41.32122279], [19.83736125, 41.32115078], [19.83767941, 41.32109339], [19.83780632, 41.32105143], [19.83809422, 41.32091801], [19.83849769, 41.32074467], [19.83876411, 41.32066544], [19.8394023, 41.32054677], [19.83945668, 41.32053886], [19.84000854, 41.32046388], [19.84053502, 41.32039295], [19.84075429, 41.32037212], [19.84116318, 41.32037112], [19.84125472, 41.32037703], [19.84154899, 41.32040884], [19.84182176, 41.32046339], [19.84214627, 41.32055895], [19.84256587, 41.32069982], [19.84307433, 41.32086897], [19.8436456, 41.32103576], [19.84368675, 41.32105242], [19.84378191, 41.32108848], [19.84391254, 41.32113911], [19.84413041, 41.32118696], [19.84443528, 41.32120401], [19.84467089, 41.32123965], [19.84483172, 41.32127936], [19.84493564, 41.32130534], [19.84504557, 41.32133332], [19.84625197, 41.32164242], [19.84650329, 41.32169749], [19.84724311, 41.32186645], [19.84759646, 41.3219493], [19.84799852, 41.32206432], [19.84883535, 41.32225574], [19.84931714, 41.32231897], [19.84987573, 41.32236702]]}}, {"type": "Feature", "properties": {"route_id": "13", "route_short_name": "9A", "route_long_name": "Qytet Studenti \u2013 Jordan Misja", "route_color": "#CDDC39", "route_text_color": "#000000", "shape_id": "13_1", "direction": "1", "corridor_group": "corridor_2", "offset_meters": 0, "debug": true}, "geometry": {"type": "LineString", "coordinates": [[19.80671326, 41.34740517], [19.806714, 41.347405], [19.806839, 41.347376], [19.806985, 41.347346], [19.80715, 41.34717], [19.807175, 41.347136], [19.807207, 41.347083], [19.80723, 41.347046], [19.807572, 41.346249], [19.807853, 41.345541], [19.807901, 41.345431], [19.808077, 41.345025], [19.808195, 41.344742], [19.808321, 41.344447], [19.808533, 41.344009], [19.808643, 41.343809], [19.808714, 41.343681], [19.808792, 41.343542], [19.808912, 41.343288], [19.808994, 41.34302], [19.809074, 41.342685], [19.80916, 41.342388], [19.80931, 41.34206], [19.809354, 41.341976], [19.809472, 41.341765], [19.809645, 41.341521], [19.809768, 41.341404], [19.809962, 41.341244], [19.810294, 41.340968], [19.810365, 41.340853], [19.810464, 41.34069], [19.810581, 41.340419], [19.810642, 41.340141], [19.810672, 41.33989], [19.810732, 41.339596], [19.810843, 41.339367], [19.810945, 41.339171], [19.811151, 41.338772], [19.811376, 41.338317], [19.811422, 41.338229], [19.811465, 41.33814], [19.81167, 41.337789], [19.811791, 41.337473], [19.811903, 41.337103], [19.811954, 41.336937], [19.811972, 41.336872], [19.81226, 41.335861], [19.812381, 41.335433], [19.812408, 41.335352], [19.812436, 41.335279], [19.815497, 41.335774], [19.815767, 41.335817], [19.816023, 41.335776], [19.816302, 41.335644], [19.816316, 41.335597], [19.816412, 41.335256], [19.816617, 41.33453], [19.816956, 41.333295], [19.816981, 41.333134], [19.817515, 41.331192], [19.81776, 41.330302], [19.81692, 41.330173], [19.816764, 41.330132], [19.816622, 41.330063], [19.81657, 41.330026], [19.816466, 41.329954], [19.816329, 41.3298], [19.81613, 41.32941], [19.815978, 41.328988], [19.816074, 41.328662], [19.816188, 41.328193], [19.816216, 41.328085], [19.816284, 41.32781], [19.816318, 41.327687], [19.816331, 41.327641], [19.816419, 41.327303], [19.816534, 41.326899], [19.816555, 41.326826], [19.8166, 41.326663], [19.81677, 41.326068], [19.816902, 41.325598], [19.817346, 41.325667], [19.819015, 41.325929], [19.819105, 41.325943], [19.818911, 41.326661], [19.818925, 41.326758], [19.81911, 41.326915], [19.81928, 41.327113], [19.819404, 41.327158], [19.820624, 41.327264], [19.821888, 41.327375], [19.822489, 41.327427], [19.822671, 41.327474], [19.822706, 41.327514], [19.82303, 41.32738], [19.823524, 41.32716], [19.823609, 41.32712], [19.823748, 41.327059], [19.823907, 41.326958], [19.824238, 41.326818], [19.824469, 41.326682], [19.824604, 41.326557], [19.824695, 41.326384], [19.825008, 41.32544], [19.825043, 41.325339], [19.825155, 41.325006], [19.825175, 41.324923], [19.825129, 41.324737], [19.825019, 41.324444], [19.824826, 41.323904], [19.824815, 41.323847], [19.824809, 41.323736], [19.824808, 41.323691], [19.824792, 41.323263], [19.824795, 41.322963], [19.824841, 41.322803], [19.824912, 41.32266], [19.825317, 41.32195], [19.825378, 41.321835], [19.825708, 41.321278], [19.825861, 41.321018], [19.826187, 41.320461], [19.826586, 41.319779], [19.826793, 41.319572], [19.827025, 41.319403], [19.827429, 41.31925], [19.828452, 41.318931], [19.829031, 41.31875], [19.829191, 41.318665], [19.829336, 41.3186], [19.829465, 41.318543], [19.830344, 41.318251], [19.830445, 41.318172], [19.830456, 41.318131], [19.83048, 41.318093], [19.83056, 41.318035], [19.830612, 41.318018], [19.830723, 41.318015], [19.830776, 41.318028], [19.830856, 41.318075], [19.830909, 41.318182], [19.830906, 41.318203], [19.831044, 41.318356], [19.831076, 41.318458], [19.831102, 41.318501], [19.831263, 41.318765], [19.831319, 41.31886], [19.831461, 41.319104], [19.831537, 41.319208], [19.83184, 41.319369], [19.83274, 41.319752], [19.832851, 41.319835], [19.832995, 41.319984], [19.834839, 41.319863], [19.835074, 41.319835], [19.835223, 41.319818], [19.835267, 41.319815], [19.835285, 41.319839], [19.835392, 41.320247], [19.83547, 41.320629], [19.835533, 41.320958], [19.835528, 41.321026], [19.835546, 41.321117], [19.835585, 41.32133], [19.835598, 41.321401], [19.835638, 41.321452], [19.835732, 41.321445], [19.835968, 41.32139], [19.836164, 41.321342], [19.83615, 41.32129], [19.836164, 41.321342], [19.836518, 41.321268], [19.836866, 41.321208], [19.837357, 41.321136], [19.837673, 41.321079], [19.837797, 41.321038], [19.838084, 41.320905], [19.838489, 41.320731], [19.838758, 41.320651], [19.839398, 41.320532], [19.839453, 41.320524], [19.840005, 41.320449], [19.840532, 41.320378], [19.840753, 41.320357], [19.841164, 41.320356], [19.841257, 41.320362], [19.841553, 41.320394], [19.841828, 41.320449], [19.842154, 41.320545], [19.842574, 41.320686], [19.843082, 41.320855], [19.843654, 41.321022], [19.843696, 41.321039], [19.843791, 41.321075], [19.84392, 41.321125], [19.844134, 41.321172], [19.844438, 41.321189], [19.844676, 41.321225], [19.844838, 41.321265], [19.844942, 41.321291], [19.845052, 41.321319], [19.846258, 41.321628], [19.846509, 41.321683], [19.847249, 41.321852], [19.847603, 41.321935], [19.848005, 41.32205], [19.84884, 41.322241], [19.84932, 41.322304], [19.849878, 41.322352]]}}, {"type": "Feature", "properties": {"route_id": "6", "route_short_name": "5A", "route_long_name": "Uzina Autotraktori \u2013 Qend\u00ebr", "route_color": "#4CAF50", "route_text_color": "#FFFFFF", "shape_id": "6_0", "direction": "0", "corridor_group": "corridor_1", "requested_offset_meters": 4.888888888888889, "offset_meters": 2.638888889, "debug": false}, "geometry": {"type": "LineString", "coordinates": [[19.87040021, 41.3318793], [19.87067297, 41.33183803], [19.87069123, 41.33191045], [19.86998122, 41.33202079], [19.86978322, 41.33205579], [19.86938421, 41.33211779], [19.86764488, 41.33242532], [19.86752157, 41.33242814], [19.86741338, 41.33240687], [19.86715192, 41.33228793], [19.86688747, 41.3321547], [19.86675216, 41.33211665], [19.86667543, 41.332111], [19.86653887, 41.33213143], [19.86635892, 41.3322084], [19.86616604, 41.33233059], [19.86598392, 41.33243967], [19.86556743, 41.33270898], [19.8653382, 41.33285814], [19.86501089, 41.33307834], [19.86490573, 41.33315045], [19.86426733, 41.33359204], [19.86420078, 41.33363314], [19.86389245, 41.33380024], [19.86357619, 41.33394842], [19.86342592, 41.33400932], [19.86334693, 41.33403174], [19.86283923, 41.33417438], [19.86231553, 41.33428489], [19.8619149, 41.33434768], [19.86151594, 41.33440367], [19.86081352, 41.33451243], [19.86060806, 41.33452515], [19.86027139, 41.33450336], [19.85969309, 41.33444643], [19.85931823, 41.33440945], [19.85924102, 41.33440132], [19.85918965, 41.33439926], [19.85890695, 41.3343882], [19.85887978, 41.33438933], [19.85871822, 41.33440762], [19.85800763, 41.33452689], [19.85731483, 41.33466185], [19.85605775, 41.33485923], [19.85574742, 41.33485923], [19.8556039, 41.33484252], [19.8554656, 41.33482585], [19.85471658, 41.33463458], [19.85463817, 41.33462921], [19.85447293, 41.33463125], [19.85403615, 41.33466915], [19.85388958, 41.33466244], [19.85376219, 41.33463349], [19.85369047, 41.33461286], [19.85294276, 41.33438795], [19.85259901, 41.33428302], [19.85200722, 41.33409609], [19.85178972, 41.33402693], [19.85164613, 41.33398591], [19.8514709, 41.33396504], [19.85118931, 41.33398639], [19.85054488, 41.33405213], [19.8504265, 41.33404645], [19.85018727, 41.33399365], [19.85007927, 41.33409834], [19.84996753, 41.33415421], [19.84987686, 41.33417436], [19.84978045, 41.33417714], [19.84968646, 41.33416332], [19.84956986, 41.33411798], [19.84945468, 41.33401778], [19.84941522, 41.33393519], [19.84940874, 41.33385105], [19.84944906, 41.33372061], [19.84921738, 41.33368488], [19.84899412, 41.33363824], [19.84871648, 41.33356982], [19.84868581, 41.33355928], [19.84848548, 41.33349383], [19.84777216, 41.33316959], [19.8472211, 41.33292412], [19.84632009, 41.33258374], [19.84620992, 41.33254242], [19.8461099, 41.33249145], [19.84566214, 41.33216707], [19.84555659, 41.33208665], [19.84546248, 41.33202492], [19.84498705, 41.33172466], [19.84443675, 41.33138847], [19.84409614, 41.33118411], [19.84340438, 41.33080214], [19.84331994, 41.33076449], [19.84327152, 41.33074331], [19.84278072, 41.33053956], [19.84250153, 41.33045161], [19.84234555, 41.33044213], [19.8421686, 41.3304567], [19.84203174, 41.33049565], [19.84192835, 41.33054578], [19.84177647, 41.33064058], [19.84154313, 41.33082464], [19.84148425, 41.33087174], [19.84141449, 41.33091639], [19.84130389, 41.33094993], [19.84115192, 41.33094247], [19.84084109, 41.33086748], [19.8406068, 41.33080467], [19.84010959, 41.33066461], [19.83976406, 41.33057622], [19.83952901, 41.33053001], [19.83929762, 41.33048393], [19.83868467, 41.33037594], [19.83859148, 41.33035711], [19.83826599, 41.33028587], [19.83814686, 41.33023766], [19.83799078, 41.3301225], [19.83789238, 41.32993825], [19.83779688, 41.32956516], [19.8377442, 41.32938687], [19.83768393, 41.32927569], [19.83737804, 41.32893749], [19.83716409, 41.32875066], [19.83672074, 41.32834634], [19.83649304, 41.32816096], [19.83620835, 41.32797218], [19.83565368, 41.32768781], [19.83564595, 41.32768449], [19.83520636, 41.32748432], [19.8351025, 41.32745782], [19.83492352, 41.32743713], [19.83466269, 41.32744825], [19.83456545, 41.32745019], [19.83382169, 41.3273834], [19.83376175, 41.32737814], [19.83348495, 41.32739244], [19.83316747, 41.32745411], [19.83289593, 41.32751647], [19.83283426, 41.32753365], [19.83225749, 41.32768779], [19.83195675, 41.32771924], [19.83167377, 41.32772023], [19.83140784, 41.32772223], [19.831332, 41.32772223], [19.83017212, 41.32772223], [19.82964522, 41.32771923], [19.8294411, 41.32771823], [19.82908106, 41.32771823], [19.82898409, 41.32781752], [19.82895523, 41.32789857], [19.82930041, 41.32804666], [19.82976237, 41.32824464], [19.83061633, 41.32861362], [19.83128641, 41.32890266], [19.83185858, 41.32914673], [19.83215268, 41.32926977], [19.83336954, 41.32978071], [19.8336214, 41.32988866], [19.83396142, 41.33003466], [19.83408526, 41.33008759], [19.83415319, 41.33011757], [19.83438229, 41.33021661], [19.83444668, 41.33024453], [19.83443181, 41.33032049], [19.83438883, 41.33053543], [19.83436561, 41.33064996], [19.83432231, 41.33063222], [19.83395763, 41.33047636], [19.83382368, 41.33041838], [19.83345972, 41.33026139], [19.83331277, 41.33019742], [19.83298935, 41.33005667], [19.83294118, 41.33003359], [19.83244154, 41.32982232], [19.83198656, 41.32962633], [19.83191357, 41.32959533], [19.83170966, 41.32950737], [19.83160767, 41.32946337], [19.83160567, 41.32946237], [19.83123965, 41.32930437], [19.83090264, 41.32915936], [19.83001358, 41.32877633], [19.82981848, 41.32869329], [19.82914844, 41.32840928], [19.82848445, 41.3281287], [19.82816892, 41.32797094], [19.82791005, 41.32780692], [19.82771371, 41.32764033], [19.82743471, 41.32739733], [19.82729642, 41.32727993], [19.82729244, 41.32727595], [19.82705472, 41.32707334], [19.82660459, 41.32668223], [19.82605404, 41.32622477], [19.82522179, 41.32557257], [19.82509594, 41.32547403], [19.82478576, 41.32640617], [19.82470633, 41.3265768], [19.82466075, 41.32663355], [19.82455376, 41.32671933], [19.82429587, 41.32686895], [19.82395544, 41.32700531], [19.82373682, 41.3270364], [19.82359272, 41.32709964], [19.82350763, 41.32713968], [19.82301439, 41.32735934], [19.822688, 41.32749433], [19.82260096, 41.32755029], [19.82250387, 41.32761906], [19.82243847, 41.32766993], [19.82230337, 41.32781935], [19.82204602, 41.32825162], [19.82185993, 41.3285938], [19.82139908, 41.32940153], [19.82137412, 41.32944446], [19.82137403, 41.32944462]]}}, {"type": "Feature", "properties": {"route_id": "6", "route_short_name": "5A", "route_long_name": "Uzina Autotraktori \u2013 Qend\u00ebr", "route_color": "#4CAF50", "route_text_color": "#FFFFFF", "shape_id": "6_0", "direction": "0", "corridor_group": "corridor_1", "offset_meters": 0, "debug": true}, "geometry": {"type": "LineString", "coordinates": [[19.870394, 41.331856], [19.870698, 41.33181], [19.870728, 41.331929], [19.869988, 41.332044], [19.86979, 41.332079], [19.869391, 41.332141], [19.867649, 41.332449], [19.867518, 41.332452], [19.867401, 41.332429], [19.867135, 41.332308], [19.866873, 41.332176], [19.866745, 41.33214], [19.866677, 41.332135], [19.86655, 41.332154], [19.866377, 41.332228], [19.866186, 41.332349], [19.866004, 41.332458], [19.865588, 41.332727], [19.865359, 41.332876], [19.865032, 41.333096], [19.864927, 41.333168], [19.864288, 41.33361], [19.86422, 41.333652], [19.86391, 41.33382], [19.863592, 41.333969], [19.863439, 41.334031], [19.863358, 41.334054], [19.862849, 41.334197], [19.862323, 41.334308], [19.861921, 41.334371], [19.861522, 41.334427], [19.860818, 41.334536], [19.860608, 41.334549], [19.860268, 41.334527], [19.859689, 41.33447], [19.859314, 41.334433], [19.859238, 41.334425], [19.859188, 41.334423], [19.858907, 41.334412], [19.858883, 41.334413], [19.858724, 41.334431], [19.858015, 41.33455], [19.857322, 41.334685], [19.856061, 41.334883], [19.855745, 41.334883], [19.855599, 41.334866], [19.855458, 41.334849], [19.85471, 41.334658], [19.854637, 41.334653], [19.854475, 41.334655], [19.854037, 41.334693], [19.853884, 41.334686], [19.853752, 41.334656], [19.853679, 41.334635], [19.852931, 41.33441], [19.852587, 41.334305], [19.851995, 41.334118], [19.851778, 41.334049], [19.851638, 41.334009], [19.85147, 41.333989], [19.851193, 41.33401], [19.850546, 41.334076], [19.850421, 41.33407], [19.850199, 41.334021], [19.850101, 41.334116], [19.849981, 41.334176], [19.849882, 41.334198], [19.849778, 41.334201], [19.849676, 41.334186], [19.84955, 41.334137], [19.849427, 41.33403], [19.849384, 41.33394], [19.849377, 41.333849], [19.849411, 41.333739], [19.84921, 41.333708], [19.848985, 41.333661], [19.848705, 41.333592], [19.848673, 41.333581], [19.848471, 41.333515], [19.847756, 41.33319], [19.847206, 41.332945], [19.846306, 41.332605], [19.846194, 41.332563], [19.84609, 41.33251], [19.84564, 41.332184], [19.845535, 41.332104], [19.845442, 41.332043], [19.844967, 41.331743], [19.844417, 41.331407], [19.844077, 41.331203], [19.843387, 41.330822], [19.843304, 41.330785], [19.843256, 41.330764], [19.842767, 41.330561], [19.842494, 41.330475], [19.842346, 41.330466], [19.842176, 41.33048], [19.842046, 41.330517], [19.841947, 41.330565], [19.841798, 41.330658], [19.841566, 41.330841], [19.841506, 41.330889], [19.841431, 41.330937], [19.841309, 41.330974], [19.841146, 41.330966], [19.840831, 41.33089], [19.840596, 41.330827], [19.840099, 41.330687], [19.839755, 41.330599], [19.839521, 41.330553], [19.83929, 41.330507], [19.838677, 41.330399], [19.838583, 41.33038], [19.838254, 41.330308], [19.838128, 41.330257], [19.837964, 41.330136], [19.837862, 41.329945], [19.837766, 41.32957], [19.837714, 41.329394], [19.837656, 41.329287], [19.837353, 41.328952], [19.83714, 41.328766], [19.836697, 41.328362], [19.836471, 41.328178], [19.836189, 41.327991], [19.835637, 41.327708], [19.83563, 41.327705], [19.835193, 41.327506], [19.835095, 41.327481], [19.834922, 41.327461], [19.834664, 41.327472], [19.834564, 41.327474], [19.833818, 41.327407], [19.833761, 41.327402], [19.83349, 41.327416], [19.833176, 41.327477], [19.832906, 41.327539], [19.832845, 41.327556], [19.832265, 41.327711], [19.831959, 41.327743], [19.831674, 41.327744], [19.831408, 41.327746], [19.831332, 41.327746], [19.830172, 41.327746], [19.829645, 41.327743], [19.829441, 41.327742], [19.829097, 41.327742], [19.829013, 41.327828], [19.828992, 41.327887], [19.829316, 41.328026], [19.829778, 41.328224], [19.830632, 41.328593], [19.831302, 41.328882], [19.831874, 41.329126], [19.832168, 41.329249], [19.833385, 41.32976], [19.833637, 41.329868], [19.833977, 41.330014], [19.834101, 41.330067], [19.834169, 41.330097], [19.834398, 41.330196], [19.834481, 41.330232], [19.834463, 41.330324], [19.83442, 41.330539], [19.83439, 41.330687], [19.834307, 41.330653], [19.833942, 41.330497], [19.833808, 41.330439], [19.833444, 41.330282], [19.833297, 41.330218], [19.832973, 41.330077], [19.832925, 41.330054], [19.832426, 41.329843], [19.831971, 41.329647], [19.831898, 41.329616], [19.831694, 41.329528], [19.831592, 41.329484], [19.83159, 41.329483], [19.831224, 41.329325], [19.830887, 41.32918], [19.829998, 41.328797], [19.829803, 41.328714], [19.829133, 41.32843], [19.828468, 41.328149], [19.82815, 41.32799], [19.827888, 41.327824], [19.82769, 41.327656], [19.827411, 41.327413], [19.827272, 41.327295], [19.827268, 41.327291], [19.827031, 41.327089], [19.826581, 41.326698], [19.826031, 41.326241], [19.825199, 41.325589], [19.825112, 41.32552], [19.824816, 41.326413], [19.824735, 41.326587], [19.824686, 41.326648], [19.824575, 41.326737], [19.824313, 41.326889], [19.823966, 41.327028], [19.823748, 41.327059], [19.823609, 41.32712], [19.823524, 41.32716], [19.82303, 41.32738], [19.822706, 41.327514], [19.822622, 41.327568], [19.822526, 41.327636], [19.822463, 41.327685], [19.822331, 41.327831], [19.822075, 41.328261], [19.821889, 41.328603], [19.821428, 41.329411], [19.821403, 41.329454], [19.82140291, 41.32945416]]}}, {"type": "Feature", "properties": {"route_id": "6", "route_short_name": "5A", "route_long_name": "Uzina Autotraktori \u2013 Qend\u00ebr", "route_color": "#4CAF50", "route_text_color": "#FFFFFF", "shape_id": "6_1", "direction": "1", "corridor_group": "corridor_1", "requested_offset_meters": 4.888888888888889, "offset_meters": 4.888888888888889, "debug": false}, "geometry": {"type": "LineString", "coordinates": [[19.82134938, 41.32943652], [19.82103842, 41.32997245], [19.82076888, 41.33044317], [19.82064693, 41.33057101], [19.82038001, 41.33055387], [19.82004046, 41.33056678], [19.81956299, 41.33050562], [19.81905428, 41.33043765], [19.81795826, 41.33028879], [19.81777191, 41.33025889], [19.81693552, 41.33013045], [19.8167898, 41.33009215], [19.81665796, 41.33002808], [19.81651072, 41.3299252], [19.81638117, 41.32977958], [19.81618559, 41.32939629], [19.81603815, 41.32898694], [19.81613126, 41.32867074], [19.8162454, 41.32820119], [19.81627338, 41.32809326], [19.81634131, 41.32781853], [19.81637516, 41.32769608], [19.81638823, 41.32764983], [19.81647622, 41.32731186], [19.8165911, 41.32690828], [19.81661214, 41.32683515], [19.81665715, 41.32667212], [19.81682712, 41.3260772], [19.81694711, 41.32564997], [19.81733415, 41.32571012], [19.81906085, 41.32598117], [19.81916127, 41.32559868], [19.81930823, 41.32505681], [19.81956716, 41.32409906], [19.8195941, 41.32400527], [19.81961713, 41.32392416], [19.81968623, 41.32367782], [19.81970291, 41.32361408], [19.81976114, 41.32362312], [19.81995802, 41.3236541], [19.82114391, 41.32384208], [19.82220939, 41.324013], [19.82263536, 41.32408664], [19.82319694, 41.3242089], [19.82330345, 41.32423795], [19.82390716, 41.32443488], [19.8244207, 41.32463132], [19.82460612, 41.32470134], [19.82513929, 41.32495806], [19.82523402, 41.32502342], [19.82538429, 41.32514304], [19.82598999, 41.3256398], [19.82611759, 41.32574447], [19.82727514, 41.32673308], [19.828203, 41.32753096], [19.82823591, 41.32755949], [19.82843663, 41.32768675], [19.82863798, 41.32778085], [19.82893311, 41.32778403], [19.82909652, 41.32778603], [19.82944081, 41.32778603], [19.82964459, 41.32778703], [19.83017178, 41.32779003], [19.831332, 41.32779003], [19.83140827, 41.32779003], [19.83183627, 41.32778703], [19.83196303, 41.32778703], [19.83227892, 41.327754], [19.83286489, 41.3275974], [19.83292466, 41.32758075], [19.83319181, 41.3275194], [19.83349936, 41.32745965], [19.83375961, 41.32744621], [19.83381117, 41.32745073], [19.83456131, 41.3275181], [19.83466642, 41.327516], [19.83491919, 41.32750522], [19.8350811, 41.32752394], [19.83516826, 41.32754617], [19.83560546, 41.32774508], [19.83615334, 41.32802597], [19.83617358, 41.32803917], [19.83643016, 41.32820956], [19.83665302, 41.32839101], [19.83709537, 41.32879442], [19.83730661, 41.32897888], [19.83760426, 41.32930796], [19.83765806, 41.32940721], [19.8377088, 41.32957896], [19.83780571, 41.32995751], [19.83791438, 41.33016101], [19.83809306, 41.33029284], [19.83823179, 41.33034899], [19.83856729, 41.33042241], [19.83866278, 41.33044171], [19.83927593, 41.33054974], [19.83973817, 41.33064119], [19.83990023, 41.3306827], [19.84007939, 41.33072848], [19.84057599, 41.33086837], [19.8408123, 41.33093172], [19.84113503, 41.33100959], [19.84131847, 41.33101859], [19.84146159, 41.33097519], [19.84154629, 41.33092098], [19.84160838, 41.33087131], [19.84183788, 41.33069028], [19.84198155, 41.3306006], [19.84207241, 41.33055655], [19.84218971, 41.33052317], [19.84234683, 41.33051023], [19.84248004, 41.33051833], [19.84274157, 41.33060071], [19.84322711, 41.33080228], [19.84335489, 41.33085885], [19.84349949, 41.33093853], [19.84404153, 41.331238], [19.84438042, 41.33144133], [19.84492985, 41.33177698], [19.84540406, 41.33207649], [19.845495, 41.33213614], [19.84559898, 41.33221536], [19.84598856, 41.33249777], [19.84605318, 41.33254439], [19.84616443, 41.33260109], [19.84717803, 41.33298369], [19.84772605, 41.33322781], [19.84844411, 41.3335542], [19.84868427, 41.33363322], [19.84889569, 41.33368481], [19.84896787, 41.33370311], [19.84919633, 41.33375084], [19.84943283, 41.33378731], [19.84959653, 41.33364448], [19.84971101, 41.33360155], [19.84985919, 41.33359635], [19.84999149, 41.33362835], [19.85009839, 41.33369473], [19.85016655, 41.33378649], [19.8501844, 41.33385301], [19.85013112, 41.3340519], [19.85041081, 41.33411363], [19.85054808, 41.33412022], [19.85119984, 41.33405374], [19.85146834, 41.33403338], [19.85162203, 41.33405168], [19.85163256, 41.33405497], [19.85175644, 41.33408993], [19.85256473, 41.33434571], [19.85290921, 41.33445085], [19.85365776, 41.33467602], [19.85373313, 41.3346977], [19.85387366, 41.33472964], [19.85403858, 41.33473719], [19.85447883, 41.33469899], [19.85463483, 41.33469707], [19.85469781, 41.33470138], [19.85544399, 41.33489191], [19.85574044, 41.33492703], [19.855886, 41.33492703], [19.85606702, 41.33492703], [19.85733527, 41.33472789], [19.85802866, 41.33459282], [19.8587347, 41.33447432], [19.85888896, 41.33445685], [19.85890709, 41.3344561], [19.85923243, 41.33446887], [19.85930618, 41.33447664], [19.85947942, 41.33449366], [19.85968141, 41.33451366], [19.86026172, 41.33457079], [19.86060789, 41.33459319], [19.8608263, 41.33457967], [19.86153323, 41.33447021], [19.86193229, 41.3344142], [19.86233684, 41.33435081], [19.86286697, 41.33423893], [19.86301033, 41.33419928], [19.8634632, 41.33407119], [19.86362128, 41.33400713], [19.86394251, 41.33385661], [19.8642556, 41.33368694], [19.86432629, 41.33364328], [19.86498842, 41.3331855], [19.86507112, 41.3331287], [19.86539754, 41.33290909], [19.86562611, 41.33276038], [19.8660412, 41.33249196], [19.86622297, 41.3323831], [19.86641049, 41.3322643], [19.86657063, 41.33219581], [19.86667991, 41.33217946], [19.86673173, 41.33218327], [19.8668462, 41.33221546], [19.86710366, 41.33234517], [19.86737806, 41.33247], [19.86751138, 41.3324962], [19.86765663, 41.33249288], [19.86943394, 41.33217864], [19.86950079, 41.33205273], [19.86953268, 41.33202866], [19.86978899, 41.33199125], [19.86994314, 41.33196923], [19.8704034, 41.33190019], [19.8704054, 41.33189919]]}}, {"type": "Feature", "properties": {"route_id": "6", "route_short_name": "5A", "route_long_name": "Uzina Autotraktori \u2013 Qend\u00ebr", "route_color": "#4CAF50", "route_text_color": "#FFFFFF", "shape_id": "6_1", "direction": "1", "corridor_group": "corridor_1", "offset_meters": 0, "debug": true}, "geometry": {"type": "LineString", "coordinates": [[19.82140291, 41.32945416], [19.821092, 41.32999], [19.82082, 41.330465], [19.820675, 41.330617], [19.820379, 41.330598], [19.820037, 41.330611], [19.819553, 41.330549], [19.819044, 41.330481], [19.817947, 41.330332], [19.81776, 41.330302], [19.81692, 41.330173], [19.816764, 41.330132], [19.816622, 41.330063], [19.816466, 41.329954], [19.816329, 41.3298], [19.81613, 41.32941], [19.815978, 41.328988], [19.816074, 41.328662], [19.816188, 41.328193], [19.816216, 41.328085], [19.816284, 41.32781], [19.816318, 41.327687], [19.816331, 41.327641], [19.816419, 41.327303], [19.816534, 41.326899], [19.816555, 41.326826], [19.8166, 41.326663], [19.81677, 41.326068], [19.816902, 41.325598], [19.817346, 41.325667], [19.819015, 41.325929], [19.819104, 41.32559], [19.819251, 41.325048], [19.81951, 41.32409], [19.819537, 41.323996], [19.81956, 41.323915], [19.819629, 41.323669], [19.819657, 41.323562], [19.819773, 41.32358], [19.81997, 41.323611], [19.821156, 41.323799], [19.822222, 41.32397], [19.82265, 41.324044], [19.823215, 41.324167], [19.823325, 41.324197], [19.823932, 41.324395], [19.824447, 41.324592], [19.824635, 41.324663], [19.825175, 41.324923], [19.825275, 41.324992], [19.825427, 41.325113], [19.826033, 41.32561], [19.826161, 41.325715], [19.827319, 41.326704], [19.828247, 41.327502], [19.828277, 41.327528], [19.828471, 41.327651], [19.828655, 41.327737], [19.828934, 41.32774], [19.829097, 41.327742], [19.829441, 41.327742], [19.829645, 41.327743], [19.830172, 41.327746], [19.831332, 41.327746], [19.831408, 41.327746], [19.831836, 41.327743], [19.831959, 41.327743], [19.832265, 41.327711], [19.832845, 41.327556], [19.832906, 41.327539], [19.833176, 41.327477], [19.83349, 41.327416], [19.833761, 41.327402], [19.833818, 41.327407], [19.834564, 41.327474], [19.834664, 41.327472], [19.834922, 41.327461], [19.835095, 41.327481], [19.835193, 41.327506], [19.835637, 41.327708], [19.836189, 41.327991], [19.836212, 41.328006], [19.836471, 41.328178], [19.836697, 41.328362], [19.83714, 41.328766], [19.837353, 41.328952], [19.837656, 41.329287], [19.837714, 41.329394], [19.837766, 41.32957], [19.837862, 41.329945], [19.837964, 41.330136], [19.838128, 41.330257], [19.838254, 41.330308], [19.838583, 41.33038], [19.838677, 41.330399], [19.83929, 41.330507], [19.839755, 41.330599], [19.839919, 41.330641], [19.840099, 41.330687], [19.840596, 41.330827], [19.840831, 41.33089], [19.841146, 41.330966], [19.841309, 41.330974], [19.841431, 41.330937], [19.841506, 41.330889], [19.841566, 41.330841], [19.841798, 41.330658], [19.841947, 41.330565], [19.842046, 41.330517], [19.842176, 41.33048], [19.842346, 41.330466], [19.842494, 41.330475], [19.842767, 41.330561], [19.843256, 41.330764], [19.843387, 41.330822], [19.843534, 41.330903], [19.844077, 41.331203], [19.844417, 41.331407], [19.844967, 41.331743], [19.845442, 41.332043], [19.845535, 41.332104], [19.84564, 41.332184], [19.846029, 41.332466], [19.84609, 41.33251], [19.846194, 41.332563], [19.847206, 41.332945], [19.847756, 41.33319], [19.848471, 41.333515], [19.848705, 41.333592], [19.848914, 41.333643], [19.848985, 41.333661], [19.84921, 41.333708], [19.849411, 41.333739], [19.84956, 41.333609], [19.849696, 41.333558], [19.849867, 41.333552], [19.85002, 41.333589], [19.850144, 41.333666], [19.850222, 41.333771], [19.850244, 41.333853], [19.850199, 41.334021], [19.850421, 41.33407], [19.850546, 41.334076], [19.851193, 41.33401], [19.85147, 41.333989], [19.851638, 41.334009], [19.851654, 41.334014], [19.851778, 41.334049], [19.852587, 41.334305], [19.852931, 41.33441], [19.853679, 41.334635], [19.853752, 41.334656], [19.853884, 41.334686], [19.854037, 41.334693], [19.854475, 41.334655], [19.854637, 41.334653], [19.85471, 41.334658], [19.855458, 41.334849], [19.855745, 41.334883], [19.855886, 41.334883], [19.856061, 41.334883], [19.857322, 41.334685], [19.858015, 41.33455], [19.858724, 41.334431], [19.858883, 41.334413], [19.858907, 41.334412], [19.859238, 41.334425], [19.859314, 41.334433], [19.859487, 41.33445], [19.859689, 41.33447], [19.860268, 41.334527], [19.860608, 41.334549], [19.860818, 41.334536], [19.861522, 41.334427], [19.861921, 41.334371], [19.862323, 41.334308], [19.862849, 41.334197], [19.86299, 41.334158], [19.863439, 41.334031], [19.863592, 41.333969], [19.86391, 41.33382], [19.86422, 41.333652], [19.864288, 41.33361], [19.864949, 41.333153], [19.865032, 41.333096], [19.865359, 41.332876], [19.865588, 41.332727], [19.866004, 41.332458], [19.866186, 41.332349], [19.866377, 41.332228], [19.86655, 41.332154], [19.866677, 41.332135], [19.866745, 41.33214], [19.866873, 41.332176], [19.867135, 41.332308], [19.867401, 41.332429], [19.867518, 41.332452], [19.867649, 41.332449], [19.869391, 41.332141], [19.869451, 41.332028], [19.869504, 41.331988], [19.869778, 41.331948], [19.869932, 41.331926], [19.870392, 41.331857], [19.870394, 41.331856]]}}, {"type": "Feature", "properties": {"route_id": "24", "route_short_name": "16B", "route_long_name": "Linja e gjelb\u00ebr Antiorar", "route_color": "#66BB6A", "route_text_color": "#000000", "shape_id": "24_0", "direction": "0", "corridor_group": "corridor_4", "requested_offset_meters": 0, "offset_meters": 0, "debug": false}, "geometry": {"type": "LineString", "coordinates": [[19.829612, 41.339468], [19.829404, 41.339787], [19.829217, 41.34005], [19.829172, 41.340107], [19.829035, 41.340214], [19.8288, 41.340317], [19.828626, 41.340351], [19.828382, 41.340354], [19.827961, 41.340323], [19.82715, 41.340236], [19.826339, 41.340149], [19.825478, 41.34002], [19.825431, 41.340009], [19.824921, 41.339896], [19.824266, 41.339702], [19.823808, 41.339515], [19.823297, 41.339264], [19.822926, 41.339034], [19.822344, 41.338596], [19.821896, 41.338262], [19.821419, 41.337945], [19.821322, 41.33788], [19.820765, 41.337557], [19.820549, 41.337434], [19.820008, 41.337146], [19.8192255, 41.336831], [19.818443, 41.336516], [19.817953, 41.336328], [19.817675, 41.336225], [19.817384, 41.336159], [19.816874, 41.336074], [19.816358, 41.335988], [19.816214, 41.335965], [19.815747, 41.335889], [19.814779, 41.335736], [19.813766, 41.335575], [19.812565, 41.335378], [19.812408, 41.335352], [19.812302, 41.335335], [19.811191, 41.335152], [19.810837, 41.335093], [19.810292, 41.335002], [19.809068, 41.33480151], [19.807844, 41.334601], [19.806717, 41.334417], [19.806482, 41.334377], [19.806299, 41.334325], [19.806085, 41.334244], [19.805847, 41.334123], [19.805529, 41.333919], [19.805176, 41.33368], [19.804852, 41.333492], [19.804556, 41.333383], [19.80434, 41.333325], [19.80425, 41.333307], [19.804163, 41.333272], [19.804036, 41.333162], [19.804003, 41.333093], [19.804006, 41.332948], [19.804046, 41.332875], [19.804182, 41.332566], [19.804279, 41.332241], [19.804276, 41.33219], [19.804265, 41.332003], [19.804185, 41.331849], [19.804006, 41.331547], [19.803786, 41.331195], [19.803661, 41.330991], [19.803316, 41.330429], [19.803077, 41.330035], [19.802714, 41.329446], [19.802656, 41.32932], [19.80259, 41.329162], [19.80254, 41.328976], [19.802485, 41.328664], [19.802477, 41.328481], [19.802502, 41.328036], [19.80252, 41.32789], [19.802609, 41.327656], [19.802696, 41.327451], [19.80292, 41.326918], [19.803139, 41.326395], [19.803297, 41.326005], [19.803393, 41.325783], [19.803433, 41.325688], [19.803514, 41.325497], [19.803555, 41.325408], [19.80371, 41.325077], [19.803737, 41.325021], [19.803888, 41.324697], [19.804262, 41.323853], [19.804432, 41.323454], [19.804794, 41.322615], [19.805092, 41.321928], [19.805175, 41.321734], [19.805217, 41.321645], [19.805323, 41.3214], [19.805364, 41.321308], [19.805464, 41.321324], [19.805769, 41.321372], [19.806458, 41.321479], [19.806656, 41.32151], [19.8074485, 41.321634], [19.808241, 41.321758], [19.809204, 41.321915], [19.810285, 41.32208], [19.810974, 41.322189], [19.811221, 41.322228], [19.812306, 41.322399], [19.813386, 41.322569], [19.814701, 41.322778], [19.815439, 41.322894], [19.81598, 41.32298], [19.816701, 41.323093], [19.817561, 41.32323], [19.818634, 41.3234], [19.81877, 41.323422], [19.819657, 41.323562], [19.819773, 41.32358], [19.81997, 41.323611], [19.821156, 41.323799], [19.822222, 41.32397], [19.82265, 41.324044], [19.823215, 41.324167], [19.823325, 41.324197], [19.823932, 41.324395], [19.824447, 41.324592], [19.824635, 41.324663], [19.825175, 41.324923], [19.825275, 41.324992], [19.825427, 41.325113], [19.826033, 41.32561], [19.826161, 41.325715], [19.82674, 41.3262095], [19.827319, 41.326704], [19.828247, 41.327502], [19.828277, 41.327528], [19.828471, 41.327651], [19.828655, 41.327737], [19.828992, 41.327887], [19.829316, 41.328026], [19.829778, 41.328224], [19.830632, 41.328593], [19.831302, 41.328882], [19.831874, 41.329126], [19.832168, 41.329249], [19.832313, 41.32931], [19.833385, 41.32976], [19.833637, 41.329868], [19.834101, 41.330067], [19.834169, 41.330097], [19.834398, 41.330196], [19.834481, 41.330232], [19.834463, 41.330324], [19.83442, 41.330539], [19.83439, 41.330687], [19.834298, 41.33115], [19.834113, 41.332062], [19.834001, 41.332614], [19.833939, 41.332926], [19.83387, 41.333124], [19.833779, 41.333307], [19.83353, 41.333673], [19.833273, 41.334053], [19.833114, 41.334287], [19.832884, 41.334626], [19.832316, 41.335456], [19.831714, 41.336339], [19.83149, 41.336668], [19.831337, 41.336893], [19.831211, 41.337075], [19.830838, 41.337626], [19.830759, 41.337743], [19.830722, 41.337799], [19.830533, 41.338076], [19.830498, 41.338125], [19.830316, 41.338389], [19.829946, 41.338957]]}}, {"type": "Feature", "properties": {"route_id": "24", "route_short_name": "16B", "route_long_name": "Linja e gjelb\u00ebr Antiorar", "route_color": "#66BB6A", "route_text_color": "#000000", "shape_id": "24_0", "direction": "0", "corridor_group": "corridor_4", "offset_meters": 0, "debug": true}, "geometry": {"type": "LineString", "coordinates": [[19.829612, 41.339468], [19.829404, 41.339787], [19.829217, 41.34005], [19.829172, 41.340107], [19.829035, 41.340214], [19.8288, 41.340317], [19.828626, 41.340351], [19.828382, 41.340354], [19.827961, 41.340323], [19.82715, 41.340236], [19.826339, 41.340149], [19.825478, 41.34002], [19.825431, 41.340009], [19.824921, 41.339896], [19.824266, 41.339702], [19.823808, 41.339515], [19.823297, 41.339264], [19.822926, 41.339034], [19.822344, 41.338596], [19.821896, 41.338262], [19.821419, 41.337945], [19.821322, 41.33788], [19.820765, 41.337557], [19.820549, 41.337434], [19.820008, 41.337146], [19.8192255, 41.336831], [19.818443, 41.336516], [19.817953, 41.336328], [19.817675, 41.336225], [19.817384, 41.336159], [19.816874, 41.336074], [19.816358, 41.335988], [19.816214, 41.335965], [19.815747, 41.335889], [19.814779, 41.335736], [19.813766, 41.335575], [19.812565, 41.335378], [19.812408, 41.335352], [19.812302, 41.335335], [19.811191, 41.335152], [19.810837, 41.335093], [19.810292, 41.335002], [19.809068, 41.33480151], [19.807844, 41.334601], [19.806717, 41.334417], [19.806482, 41.334377], [19.806299, 41.334325], [19.806085, 41.334244], [19.805847, 41.334123], [19.805529, 41.333919], [19.805176, 41.33368], [19.804852, 41.333492], [19.804556, 41.333383], [19.80434, 41.333325], [19.80425, 41.333307], [19.804163, 41.333272], [19.804036, 41.333162], [19.804003, 41.333093], [19.804006, 41.332948], [19.804046, 41.332875], [19.804182, 41.332566], [19.804279, 41.332241], [19.804276, 41.33219], [19.804265, 41.332003], [19.804185, 41.331849], [19.804006, 41.331547], [19.803786, 41.331195], [19.803661, 41.330991], [19.803316, 41.330429], [19.803077, 41.330035], [19.802714, 41.329446], [19.802656, 41.32932], [19.80259, 41.329162], [19.80254, 41.328976], [19.802485, 41.328664], [19.802477, 41.328481], [19.802502, 41.328036], [19.80252, 41.32789], [19.802609, 41.327656], [19.802696, 41.327451], [19.80292, 41.326918], [19.803139, 41.326395], [19.803297, 41.326005], [19.803393, 41.325783], [19.803433, 41.325688], [19.803514, 41.325497], [19.803555, 41.325408], [19.80371, 41.325077], [19.803737, 41.325021], [19.803888, 41.324697], [19.804262, 41.323853], [19.804432, 41.323454], [19.804794, 41.322615], [19.805092, 41.321928], [19.805175, 41.321734], [19.805217, 41.321645], [19.805323, 41.3214], [19.805364, 41.321308], [19.805464, 41.321324], [19.805769, 41.321372], [19.806458, 41.321479], [19.806656, 41.32151], [19.8074485, 41.321634], [19.808241, 41.321758], [19.809204, 41.321915], [19.810285, 41.32208], [19.810974, 41.322189], [19.811221, 41.322228], [19.812306, 41.322399], [19.813386, 41.322569], [19.814701, 41.322778], [19.815439, 41.322894], [19.81598, 41.32298], [19.816701, 41.323093], [19.817561, 41.32323], [19.818634, 41.3234], [19.81877, 41.323422], [19.819657, 41.323562], [19.819773, 41.32358], [19.81997, 41.323611], [19.821156, 41.323799], [19.822222, 41.32397], [19.82265, 41.324044], [19.823215, 41.324167], [19.823325, 41.324197], [19.823932, 41.324395], [19.824447, 41.324592], [19.824635, 41.324663], [19.825175, 41.324923], [19.825275, 41.324992], [19.825427, 41.325113], [19.826033, 41.32561], [19.826161, 41.325715], [19.82674, 41.3262095], [19.827319, 41.326704], [19.828247, 41.327502], [19.828277, 41.327528], [19.828471, 41.327651], [19.828655, 41.327737], [19.828992, 41.327887], [19.829316, 41.328026], [19.829778, 41.328224], [19.830632, 41.328593], [19.831302, 41.328882], [19.831874, 41.329126], [19.832168, 41.329249], [19.832313, 41.32931], [19.833385, 41.32976], [19.833637, 41.329868], [19.834101, 41.330067], [19.834169, 41.330097], [19.834398, 41.330196], [19.834481, 41.330232], [19.834463, 41.330324], [19.83442, 41.330539], [19.83439, 41.330687], [19.834298, 41.33115], [19.834113, 41.332062], [19.834001, 41.332614], [19.833939, 41.332926], [19.83387, 41.333124], [19.833779, 41.333307], [19.83353, 41.333673], [19.833273, 41.334053], [19.833114, 41.334287], [19.832884, 41.334626], [19.832316, 41.335456], [19.831714, 41.336339], [19.83149, 41.336668], [19.831337, 41.336893], [19.831211, 41.337075], [19.830838, 41.337626], [19.830759, 41.337743], [19.830722, 41.337799], [19.830533, 41.338076], [19.830498, 41.338125], [19.830316, 41.338389], [19.829946, 41.338957]]}}]}