{"type": "FeatureCollection", "features": [{"type": "Feature", "properties": {"stop_id": "146", "stop_name": "Rruga Sejdini", "stop_desc": "Tek Rruga \"Reshit Petrela\", af\u00ebr Institucionit t\u00eb Ekzekutimit t\u00eb Vendimeve Penale \"Jordan Misja\"313.", "route_ids": ["13", "14", "71"]}, "geometry": {"type": "Point", "coordinates": [19.80782626, 41.34570911]}}, {"type": "Feature", "properties": {"stop_id": "149", "stop_name": "N\u00ebnstacioni Elektrik", "stop_desc": "N\u00eb Rrug\u00ebn \"Siri Kodra\", pran\u00eb \"N/stacionit elektrik\".", "route_ids": ["71"]}, "geometry": {"type": "Point", "coordinates": [19.81456937, 41.34573816]}}, {"type": "Feature", "properties": {"stop_id": "150", "stop_name": "N\u00ebnstacioni Elektrik", "stop_desc": "N\u00eb Rrug\u00ebn \"Siri Kodra\", pran\u00eb \"N/stacionit elektrik\".", "route_ids": ["71"]}, "geometry": {"type": "Point", "coordinates": [19.81434205, 41.34588926]}}, {"type": "Feature", "properties": {"stop_id": "355", "stop_name": "Rruga Spahiu", "stop_desc": "n\u00eb rrug\u00ebn \"Ali Shefqeti\", para kryq\u00ebzimit me rrug\u00ebn \"Spahiu\"", "route_ids": ["6"]}, "geometry": {"type": "Point", "coordinates": [19.86296656, 41.33411104]}}, {"type": "Feature", "properties": {"stop_id": "357", "stop_name": "Banesat Sociale", "stop_desc": "n\u00eb rrug\u00ebn \"Ali Shefqeti\", para kryq\u00ebzimit me rrug\u00ebn \"Spahiu\"", "route_ids": ["6"]}, "geometry": {"type": "Point", "coordinates": [19.86489506, 41.3331094]}}, {"type": "Feature", "properties": {"stop_id": "294", "stop_name": "City Park", "stop_desc": "Pran\u00eb Qendr\u00ebs Treg\u00ebtare City Park.", "route_ids": ["5"]}, "geometry": {"type": "Point", "coordinates": [19.68874865, 41.36716203]}}, {"type": "Feature", "properties": {"stop_id": "378", "stop_name": "PTUU", "stop_desc": "N\u00eb Rrug\u00ebn \"Don Bosko\", pran\u00eb  Parkut t\u00eb Transportit Urban t\u00eb Udh\u00ebtar\u00ebve.", "route_ids": ["70"]}, "geometry": {"type": "Point", "coordinates": [19.80156236, 41.34128107]}}, {"type": "Feature", "properties": {"stop_id": "419", "stop_name": "Burgu", "stop_desc": "Tek Rruga \"Reshit Petrela\", af\u00ebr Institucionit t\u00eb Ekzekutimit t\u00eb Vendimeve Penale \"Jordan Misja\"313.", "route_ids": ["13", "14"]}, "geometry": {"type": "Point", "coordinates": [19.81199719, 41.33700086]}}, {"type": "Feature", "properties": {"stop_id": "278", "stop_name": "Tom Plezha", "stop_desc": "\" Rruga Tom Plezha\" Drejtimi Astir", "route_ids": ["4"]}, "geometry": {"type": "Point", "coordinates": [19.78364116, 41.32938488]}}, {"type": "Feature", "properties": {"stop_id": "234", "stop_name": "Barrikadat", "stop_desc": "Rruga Barikadave", "route_ids": ["2"]}, "geometry": {"type": "Point", "coordinates": [19.81812349, 41.33534086]}}, {"type": "Feature", "properties": {"stop_id": "292", "stop_name": "QTU", "stop_desc": "N\u00eb Rrug\u00ebn dyt\u00ebsore p\u00ebrbri Autostrad\u00ebs Tiran\u00eb - Durr\u00ebs, pran\u00eb Qendr\u00ebs Treg\u00ebtare Univers", "route_ids": ["5"]}, "geometry": {"type": "Point", "coordinates": [19.74845399, 41.35282568]}}, {"type": "Feature", "properties": {"stop_id": "387", "stop_name": "Mine Peza", "stop_desc": "", "route_ids": ["4", "5", "7", "70"]}, "geometry": {"type": "Point", "coordinates": [19.80674771, 41.33356462]}}, {"type": "Feature", "properties": {"stop_id": "343", "stop_name": "Kushtrimi Liris\u00eb", "stop_desc": "n\u00eb rrug\u00ebn \"Ali Demi\", tek shkolla 9 vje\u00e7are \"Kushtrimi i Liris\u00eb\"", "route_ids": ["6"]}, "geometry": {"type": "Point", "coordinates": [19.83950707, 41.33059153]}}, {"type": "Feature", "properties": {"stop_id": "399", "stop_name": "Hamid Dalipi", "stop_desc": "Elbasanit", "route_ids": ["10"]}, "geometry": {"type": "Point", "coordinates": [19.84777488, 41.30105027]}}, {"type": "Feature", "properties": {"stop_id": "251", "stop_name": "M\u00ebzez", "stop_desc": "N\u00eb af\u00ebrsi t\u00eb kryq\u00ebzimit t\u00eb Rrug\u00ebs \"Gani Toptani\" me Rrug\u00ebn \"Kasem Shima\"", "route_ids": ["4", "47"]}, "geometry": {"type": "Point", "coordinates": [19.76377401, 41.33831328]}}, {"type": "Feature", "properties": {"stop_id": "308", "stop_name": "Qaf\u00eb Kashar", "stop_desc": "\u00ebsht\u00eb n\u00eb rrug\u00ebn dyt\u00ebsore p\u00ebrbri autostrad\u00ebs Tiran\u00eb - Durr\u00ebs", "route_ids": ["5"]}, "geometry": {"type": "Point", "coordinates": [19.69939606, 41.36947108]}}, {"type": "Feature", "properties": {"stop_id": "22", "stop_name": "Parku Rinia", "stop_desc": "Rrug\u00ebn \"Myslym Shyri\", tek Lulishtja \"Parku Rinia\"", "route_ids": ["1", "48"]}, "geometry": {"type": "Point", "coordinates": [19.81662752, 41.32551732]}}, {"type": "Feature", "properties": {"stop_id": "248", "stop_name": "Yzberisht", "stop_desc": "n\u00eb rrug\u00ebn \"3 D\u00ebshmor\u00ebt\", n\u00eb af\u00ebrsi t\u00eb kryq\u00ebzimit me rrug\u00ebn \"Lasgush Pogradeci\"", "route_ids": ["3", "47"]}, "geometry": {"type": "Point", "coordinates": [19.77384519, 41.32652253]}}, {"type": "Feature", "properties": {"stop_id": "393", "stop_name": "D\u00ebshmoret", "stop_desc": "Rug\u00ebn e \"Elbasanit\", Kryq\u00ebzimi me Rrug\u00ebn", "route_ids": ["10", "11", "12"]}, "geometry": {"type": "Point", "coordinates": [19.83623461, 41.31125927]}}, {"type": "Feature", "properties": {"stop_id": "422", "stop_name": "V\u00ebllez\u00ebrit Kondi", "stop_desc": "N\u00eb kryq\u00ebzimin e Rrug\u00ebs \"Fuat Toptani\" me Rrug\u00ebn \"Tre V\u00ebllez\u00ebrit Kondi\".", "route_ids": ["14"]}, "geometry": {"type": "Point", "coordinates": [19.83467916, 41.31701435]}}, {"type": "Feature", "properties": {"stop_id": "427", "stop_name": "Bi\u00e7ak\u00ebt", "stop_desc": "N\u00eb kryq\u00ebzimin e Rrug\u00ebs \"Fuat Toptani\" me Rrug\u00ebn \"Dajti\".", "route_ids": ["14"]}, "geometry": {"type": "Point", "coordinates": [19.84264186, 41.31730228]}}, {"type": "Feature", "properties": {"stop_id": "233", "stop_name": "TEG", "stop_desc": "Ish Stacioni i Trenit \" Qend\u00ebr \" Sauk i Ri/ Sauk i Vjet\u00ebr/ Sanatoium \" Teg\" / TEG", "route_ids": ["10", "2"]}, "geometry": {"type": "Point", "coordinates": [19.85831057, 41.283027]}}, {"type": "Feature", "properties": {"stop_id": "328", "stop_name": "Rruga Kastriot\u00ebt", "stop_desc": "N\u00eb Rrug\u00ebn \"Kastriot\u00ebt\", tek Pallatet e Reja.", "route_ids": ["7"]}, "geometry": {"type": "Point", "coordinates": [19.77396095, 41.34700404]}}, {"type": "Feature", "properties": {"stop_id": "288", "stop_name": "Terminal B", "stop_desc": "n\u00eb Rrug\u00ebn \"Kastriot\u00ebt\", pran\u00eb kompleksit t\u00eb pallateve \"Malezjane\"", "route_ids": ["5"]}, "geometry": {"type": "Point", "coordinates": [19.77611806, 41.34403972]}}, {"type": "Feature", "properties": {"stop_id": "275", "stop_name": "100 Vjetori", "stop_desc": "N\u00eb Rrug\u00ebn \"Sadik Stavileci\", n\u00eb af\u00ebrsi t\u00eb Shkoll\u00ebs s\u00eb Mesme t\u00eb Bashkuar \"100 Vjetori\"", "route_ids": ["47"]}, "geometry": {"type": "Point", "coordinates": [19.73797241, 41.3530754]}}, {"type": "Feature", "properties": {"stop_id": "25", "stop_name": "Kopshti 27", "stop_desc": "N\u00eb af\u00ebrsi t\u00eb kryq\u00ebzimit t\u00eb Rrug\u00ebs \"Njazi Meka\" me Rrug\u00ebn \"Shyqyri Peza\".", "route_ids": ["1", "48"]}, "geometry": {"type": "Point", "coordinates": [19.83329013, 41.34829603]}}, {"type": "Feature", "properties": {"stop_id": "917", "stop_name": "Dali Ndreu", "stop_desc": "Rruga Dali Ndreu", "route_ids": ["6"]}, "geometry": {"type": "Point", "coordinates": [19.843283, 41.330812]}}, {"type": "Feature", "properties": {"stop_id": "350", "stop_name": "Pallatet Shkoz\u00eb", "stop_desc": "n\u00eb rrug\u00ebn \"Ali Shefqeti\", p\u00ebrpara kryq\u00ebzimit me Rrug\u00ebn \"Fransua Pukvil\"", "route_ids": ["6"]}, "geometry": {"type": "Point", "coordinates": [19.8555893, 41.3349107]}}, {"type": "Feature", "properties": {"stop_id": "360", "stop_name": "Kushtrimi Liris\u00eb", "stop_desc": "n\u00eb rrug\u00ebn \"Ali Demi\", tek shkolla 9 vje\u00e7are \"Kushtrimi i Liris\u00eb\"", "route_ids": ["6"]}, "geometry": {"type": "Point", "coordinates": [19.83994361, 41.33058783]}}, {"type": "Feature", "properties": {"stop_id": "291", "stop_name": "Shkolla", "stop_desc": "n\u00eb rrug\u00ebn dyt\u00ebsore p\u00ebrbri autostrad\u00ebs Tiran\u00eb - Durr\u00ebs, pran\u00eb kompanis\u00eb VEKO", "route_ids": ["5"]}, "geometry": {"type": "Point", "coordinates": [19.76522575, 41.34700846]}}, {"type": "Feature", "properties": {"stop_id": "377", "stop_name": "PTUU", "stop_desc": "N\u00eb Rrug\u00ebn \"Don Bosko\", p\u00ebrball  Parkut t\u00eb Transportit Urban t\u00eb Udh\u00ebtar\u00ebve. Stacioni", "route_ids": ["70"]}, "geometry": {"type": "Point", "coordinates": [19.80162833, 41.3409638]}}, {"type": "Feature", "properties": {"stop_id": "190", "stop_name": "Shefqet Kuka ", "stop_desc": "N\u00eb Rrug\u00ebn \"Myslym Keta\", tek \"Ish Antibiotiku\"", "route_ids": ["23"]}, "geometry": {"type": "Point", "coordinates": [19.8452057, 41.35230045]}}, {"type": "Feature", "properties": {"stop_id": "898", "stop_name": "Aziz Deliu", "stop_desc": "Rruga Ramazan Lici", "route_ids": ["18"]}, "geometry": {"type": "Point", "coordinates": [19.85935937, 41.34939718]}}, {"type": "Feature", "properties": {"stop_id": "43", "stop_name": "Depo Ujit A", "stop_desc": "Kryqezimi i \"Rruga Pjeter Budi\" me \"Rruga Fuat Toptani\" Drejtimi Liceu Artistik \"Jordan Misja\"", "route_ids": ["14", "16"]}, "geometry": {"type": "Point", "coordinates": [19.84988369, 41.32231539]}}, {"type": "Feature", "properties": {"stop_id": "902", "stop_name": "Rruga Demokracia", "stop_desc": "Rruga Demokracia", "route_ids": ["47"]}, "geometry": {"type": "Point", "coordinates": [19.7477921, 41.34951782]}}, {"type": "Feature", "properties": {"stop_id": "26", "stop_name": "Kopshti 27", "stop_desc": "N\u00eb af\u00ebrsi t\u00eb kryq\u00ebzimit t\u00eb Rrug\u00ebs \"Njazi Meka\" me Rrug\u00ebn \"Shyqyri Peza\".", "route_ids": ["1", "48"]}, "geometry": {"type": "Point", "coordinates": [19.83325864, 41.34806692]}}, {"type": "Feature", "properties": {"stop_id": "18", "stop_name": "Tish Daija", "stop_desc": "\u00ebsht\u00eb n\u00eb fillim t\u00eb rrug\u00ebs \"Tish Daija\"", "route_ids": ["1", "48"]}, "geometry": {"type": "Point", "coordinates": [19.8058283, 41.31636998]}}, {"type": "Feature", "properties": {"stop_id": "37", "stop_name": "Kodra Diellit 2", "stop_desc": "\u00ebsht\u00eb n\u00eb rrug\u00ebn \"Zallit\", pran\u00eb Rezidenc\u00ebs \"Kodra e Diellit Nr. 2\"", "route_ids": ["48"]}, "geometry": {"type": "Point", "coordinates": [19.79840293, 41.30695748]}}, {"type": "Feature", "properties": {"stop_id": "247", "stop_name": "Besim Alla", "stop_desc": "n\u00eb rrug\u00ebn \"3 D\u00ebshmor\u00ebt\", pas kryq\u00ebzimit me rrug\u00ebn \"Besim Alla\"", "route_ids": ["4", "47"]}, "geometry": {"type": "Point", "coordinates": [19.77401663, 41.32488281]}}, {"type": "Feature", "properties": {"stop_id": "249", "stop_name": "Yzberisht", "stop_desc": "n\u00eb rrug\u00ebn \"3 D\u00ebshmor\u00ebt\", n\u00eb af\u00ebrsi t\u00eb kryq\u00ebzimit me rrug\u00ebn \"Lasgush Pogradeci\"", "route_ids": ["4", "47"]}, "geometry": {"type": "Point", "coordinates": [19.7737389, 41.32648066]}}, {"type": "Feature", "properties": {"stop_id": "255", "stop_name": "Erzen Lita", "stop_desc": "n\u00eb Rrug\u00ebn \"Sokrat Miho\", para kryq\u00ebzimit me Rrug\u00ebn \"Erzen Lita", "route_ids": ["4"]}, "geometry": {"type": "Point", "coordinates": [19.77579589, 41.33417483]}}, {"type": "Feature", "properties": {"stop_id": "256", "stop_name": "Loni Ligori", "stop_desc": "\u00ebsht\u00eb n\u00eb af\u00ebrsi t\u00eb kryq\u00ebzimit t\u00eb rrug\u00ebs \"Sokrat Miho\" me rrug\u00ebn \"Loni Ligori\"", "route_ids": ["3"]}, "geometry": {"type": "Point", "coordinates": [19.77817609, 41.33232342]}}, {"type": "Feature", "properties": {"stop_id": "261", "stop_name": "Pallati Minierave", "stop_desc": "n\u00eb rrug\u00ebn \"3 D\u00ebshmor\u00ebt\", pas kryq\u00ebzimit me Rrug\u00ebn \"\u00cbngj\u00ebll Mashi\"", "route_ids": ["3", "4", "47"]}, "geometry": {"type": "Point", "coordinates": [19.77404981, 41.32840353]}}, {"type": "Feature", "properties": {"stop_id": "264", "stop_name": "Serat", "stop_desc": "N\u00eb Rrug\u00ebn \"Kasem Shima\", tek kryq\u00ebzimi me Rrug\u00ebn \"Sokrat Miho\".", "route_ids": ["4"]}, "geometry": {"type": "Point", "coordinates": [19.76544822, 41.34067771]}}, {"type": "Feature", "properties": {"stop_id": "265", "stop_name": "Serat", "stop_desc": "N\u00eb Rrug\u00ebn \"Kasem Shima\", tek kryq\u00ebzimi me Rrug\u00ebn \"Sokrat Miho\".", "route_ids": ["3"]}, "geometry": {"type": "Point", "coordinates": [19.76564454, 41.34077309]}}, {"type": "Feature", "properties": {"stop_id": "266", "stop_name": "Nj\u00ebsia Kashar", "stop_desc": "N\u00eb Rrug\u00ebn \"Sokrat Miho\", n\u00eb af\u00ebrsi t\u00eb kryq\u00ebzimit me Rrug\u00ebn \"Mikel Maruli\"", "route_ids": ["3"]}, "geometry": {"type": "Point", "coordinates": [19.78066994, 41.33071415]}}, {"type": "Feature", "properties": {"stop_id": "27", "stop_name": "Allias", "stop_desc": "Pran\u00eb kryq\u00ebzimit t\u00eb Rrug\u00ebs \"Njazi Meka\" me Rrug\u00ebn \"Abedin D. \u00c7i\u00e7i\".", "route_ids": ["1", "48"]}, "geometry": {"type": "Point", "coordinates": [19.83141848, 41.35058857]}}, {"type": "Feature", "properties": {"stop_id": "280", "stop_name": "Kombinati Mishit", "stop_desc": "n\u00eb rrug\u00ebn \"3 D\u00ebshmor\u00ebt\", n\u00eb af\u00ebrsi t\u00eb Kombinatit t\u00eb Mishit Yzberisht", "route_ids": ["3", "47"]}, "geometry": {"type": "Point", "coordinates": [19.78186689, 41.32303627]}}, {"type": "Feature", "properties": {"stop_id": "283", "stop_name": "Erzen Lita", "stop_desc": "N\u00eb Rrug\u00ebn \"Sokrat Miho\", para kryq\u00ebzimit me Rrug\u00ebn \"Erzen Lita\"", "route_ids": ["3"]}, "geometry": {"type": "Point", "coordinates": [19.77539949, 41.3342125]}}, {"type": "Feature", "properties": {"stop_id": "284", "stop_name": "Loni Ligori", "stop_desc": "\u00ebsht\u00eb n\u00eb af\u00ebrsi t\u00eb kryq\u00ebzimit t\u00eb rrug\u00ebs \"Sokrat Miho\" me rrug\u00ebn \"Loni Ligori\"", "route_ids": ["4"]}, "geometry": {"type": "Point", "coordinates": [19.77833968, 41.33246506]}}, {"type": "Feature", "properties": {"stop_id": "260", "stop_name": "Ish-Xhenio", "stop_desc": "N\u00eb Rrug\u00ebn \"Gani Toptani\", tek \"Lavazhi\"", "route_ids": ["4", "47"]}, "geometry": {"type": "Point", "coordinates": [19.76999459, 41.33393195]}}, {"type": "Feature", "properties": {"stop_id": "262", "stop_name": "Ish-Xhenio", "stop_desc": "N\u00eb Rrug\u00ebn \"Gani Toptani\", tek \"Lavazhi\"", "route_ids": ["3", "47"]}, "geometry": {"type": "Point", "coordinates": [19.76996585, 41.33380596]}}, {"type": "Feature", "properties": {"stop_id": "29", "stop_name": "Parafabrikatet", "stop_desc": "100 m pas kryq\u00ebzimit t\u00eb Rrug\u00ebs \"Gaqo Tashko\", me Rrug\u00ebn \"Niko Avrami\"", "route_ids": ["1", "48"]}, "geometry": {"type": "Point", "coordinates": [19.83676445, 41.34674162]}}, {"type": "Feature", "properties": {"stop_id": "16", "stop_name": "Prokop Mima", "stop_desc": "\u00ebsht\u00eb pas kryq\u00ebzimit t\u00eb rrug\u00ebs \"Prokop Mima\" me Rrug\u00ebn \"Medar Shtylla\"", "route_ids": ["1", "48"]}, "geometry": {"type": "Point", "coordinates": [19.80569512, 41.31394722]}}, {"type": "Feature", "properties": {"stop_id": "38", "stop_name": "N\u00ebnkalimi", "stop_desc": "\u00ebsht\u00eb n\u00eb af\u00ebrsi t\u00eb kryq\u00ebzimit t\u00eb rrug\u00ebs \"Kodra e Diellit\" me Unaz\u00ebn e Madhe.", "route_ids": ["1", "48"]}, "geometry": {"type": "Point", "coordinates": [19.80456442, 41.31212289]}}, {"type": "Feature", "properties": {"stop_id": "250", "stop_name": "M\u00ebzez", "stop_desc": "N\u00eb af\u00ebrsi t\u00eb kryq\u00ebzimit t\u00eb Rrug\u00ebs \"Gani Toptani\" me Rrug\u00ebn \"Kasem Shima\"", "route_ids": ["3", "47"]}, "geometry": {"type": "Point", "coordinates": [19.76395396, 41.33829802]}}, {"type": "Feature", "properties": {"stop_id": "289", "stop_name": "DPSHTRr", "stop_desc": "n\u00eb rrug\u00ebn dyt\u00ebsore p\u00ebrbri autostrad\u00ebs Tiran\u00eb - Durr\u00ebs, tek drejtoria e p\u00ebrgjithshme e sh\u00ebrbimeve t\u00eb transportit rrugor \"Drejtoria Rajonale Tiran\u00eb\"", "route_ids": ["5"]}, "geometry": {"type": "Point", "coordinates": [19.72652341, 41.36033795]}}, {"type": "Feature", "properties": {"stop_id": "34", "stop_name": "Mentor Xhemali", "stop_desc": "\u00ebsht\u00eb n\u00eb fillim t\u00eb rrug\u00ebs \"Rexhep Pinari\"", "route_ids": ["48"]}, "geometry": {"type": "Point", "coordinates": [19.79828472, 41.31379235]}}, {"type": "Feature", "properties": {"stop_id": "274", "stop_name": "Fusha Sportit", "stop_desc": "n\u00eb af\u00ebrsi t\u00eb kryq\u00ebzimit t\u00eb rrug\u00ebs \"28 N\u00ebntori\", me rrug\u00ebn \"Noz Llaku\"", "route_ids": ["47"]}, "geometry": {"type": "Point", "coordinates": [19.74202299, 41.35248036]}}, {"type": "Feature", "properties": {"stop_id": "28", "stop_name": "Parafabrikatet", "stop_desc": "100 m pas kryq\u00ebzimit t\u00eb Rrug\u00ebs \"Gaqo Tashko\", me Rrug\u00ebn \"Niko Avrami\"", "route_ids": ["1", "48"]}, "geometry": {"type": "Point", "coordinates": [19.83675162, 41.34664874]}}, {"type": "Feature", "properties": {"stop_id": "316", "stop_name": "At Zef P\u00ebllumbi", "stop_desc": "\u00ebsht\u00eb n\u00eb rrug\u00ebn dyt\u00ebsore p\u00ebrbri autostrad\u00ebs Tiran\u00eb - Durr\u00ebs, kryq\u00ebzimi me rrug\u00ebn \"Agon\"", "route_ids": ["5"]}, "geometry": {"type": "Point", "coordinates": [19.76215031, 41.34797364]}}, {"type": "Feature", "properties": {"stop_id": "306", "stop_name": "Mbikalimi", "stop_desc": "\u00ebsht\u00eb n\u00eb rrug\u00ebn dyt\u00ebsore p\u00ebrbri autostrad\u00ebs Tiran\u00eb - Durr\u00ebs, pran\u00eb Aurora Group", "route_ids": ["5"]}, "geometry": {"type": "Point", "coordinates": [19.72123614, 41.36178298]}}, {"type": "Feature", "properties": {"stop_id": "311", "stop_name": "Megatek", "stop_desc": "\u00ebsht\u00eb n\u00eb rrug\u00ebn \"Egnatia\", pran\u00eb qendr\u00eb Tregtare Megatek", "route_ids": ["5"]}, "geometry": {"type": "Point", "coordinates": [19.70646667, 41.36954446]}}, {"type": "Feature", "properties": {"stop_id": "300", "stop_name": "Yrshek", "stop_desc": "\u00ebsht\u00eb n\u00eb rrug\u00ebn dyt\u00ebsore p\u00ebrbri autostrad\u00ebs Tiran\u00eb - Durr\u00ebs, pran\u00eb mbikalimit t\u00eb fshatit Yrshek", "route_ids": ["5"]}, "geometry": {"type": "Point", "coordinates": [19.74244277, 41.35480155]}}, {"type": "Feature", "properties": {"stop_id": "302", "stop_name": "Domje", "stop_desc": "\u00ebsht\u00eb n\u00eb rrug\u00ebn dyt\u00ebsore p\u00ebrbri autostrad\u00ebs Tiran\u00eb - Durr\u00ebs, pran\u00eb mbikalimit t\u00eb fshatit domje", "route_ids": ["5"]}, "geometry": {"type": "Point", "coordinates": [19.7318452, 41.35847693]}}, {"type": "Feature", "properties": {"stop_id": "304", "stop_name": "Radio Stacioni", "stop_desc": "\u00ebsht\u00eb n\u00eb rrug\u00ebn dyt\u00ebsore p\u00ebrbri autostrad\u00ebs Tiran\u00eb - Durr\u00ebs, pran\u00eb mbikalimit t\u00eb ish-radiostacionit", "route_ids": ["5"]}, "geometry": {"type": "Point", "coordinates": [19.71436114, 41.36353908]}}, {"type": "Feature", "properties": {"stop_id": "903", "stop_name": "Rruga Demokracia", "stop_desc": "Rruga Demokracia", "route_ids": ["47"]}, "geometry": {"type": "Point", "coordinates": [19.7481697, 41.34921628]}}, {"type": "Feature", "properties": {"stop_id": "24", "stop_name": "Bajram Curri", "stop_desc": "N\u00eb Rrug\u00ebn \"Niko Avrami\", p\u00ebrball\u00eb shkoll\u00ebs 9-vje\u00e7are \"Bajram Curri\".", "route_ids": ["1", "48"]}, "geometry": {"type": "Point", "coordinates": [19.83826733, 41.3461335]}}, {"type": "Feature", "properties": {"stop_id": "19", "stop_name": "Lulishtja", "stop_desc": "\u00ebsht\u00eb n\u00eb kryq\u00ebzimin e Rrug\u00ebs \"Medar Shtylla\" me Rrug\u00ebn \"Sk\u00ebnder Luarasi\"", "route_ids": ["1", "48"]}, "geometry": {"type": "Point", "coordinates": [19.8068242, 41.31663442]}}, {"type": "Feature", "properties": {"stop_id": "20", "stop_name": "Stadiumi Dinamo", "stop_desc": "Pas kryq\u00ebzimit t\u00eb Rrug\u00ebs \"Sulejman Delvina\" me Rrug\u00ebn \"Komuna e Parisit\".", "route_ids": ["1", "48"]}, "geometry": {"type": "Point", "coordinates": [19.80837601, 41.31928415]}}, {"type": "Feature", "properties": {"stop_id": "56", "stop_name": "Parlamenti", "stop_desc": "TEK PARLAMENTI", "route_ids": ["10", "11", "12", "13", "14", "15", "16", "17"]}, "geometry": {"type": "Point", "coordinates": [19.82387873, 41.32692339]}}, {"type": "Feature", "properties": {"stop_id": "899", "stop_name": "Kabina Elektrike", "stop_desc": "Rruga Muhamed Deliu", "route_ids": ["18"]}, "geometry": {"type": "Point", "coordinates": [19.86209281, 41.34850411]}}, {"type": "Feature", "properties": {"stop_id": "900", "stop_name": "Stacioni i Shkoll\u00ebs s\u00eb Re", "stop_desc": "Rruga Muhamed Deliu", "route_ids": ["18"]}, "geometry": {"type": "Point", "coordinates": [19.86538606, 41.34947698]}}, {"type": "Feature", "properties": {"stop_id": "23", "stop_name": "Bajram Curri", "stop_desc": "N\u00eb Rrug\u00ebn \"Niko Avrami\", p\u00ebrball\u00eb shkoll\u00ebs 9-vje\u00e7are \"Bajram Curri\".", "route_ids": ["1", "48"]}, "geometry": {"type": "Point", "coordinates": [19.83833382, 41.34616467]}}, {"type": "Feature", "properties": {"stop_id": "30", "stop_name": "Shallvaret", "stop_desc": "Tek Lulishtja \"Parku Rinia\"/ ne rrugen \" Ibrahim Rugova\" perpara kryqezimit me Blv. \"Gjergj Fishta\"", "route_ids": ["1", "2", "48"]}, "geometry": {"type": "Point", "coordinates": [19.81732274, 41.32386325]}}, {"type": "Feature", "properties": {"stop_id": "39", "stop_name": "Komuna Parisit", "stop_desc": "Pas kryq\u00ebzimit t\u00eb Rrug\u00ebs \"Sulejman Delvina\" me Rrug\u00ebn \"Komuna e Parisit\".", "route_ids": ["1", "48"]}, "geometry": {"type": "Point", "coordinates": [19.80768711, 41.31864079]}}, {"type": "Feature", "properties": {"stop_id": "395", "stop_name": "Spitali Veterinar", "stop_desc": "Elbasanit", "route_ids": ["10"]}, "geometry": {"type": "Point", "coordinates": [19.84112057, 41.30679556]}}, {"type": "Feature", "properties": {"stop_id": "397", "stop_name": "Policia Ushtarake", "stop_desc": "Elbasanit", "route_ids": ["10"]}, "geometry": {"type": "Point", "coordinates": [19.84319158, 41.30553709]}}, {"type": "Feature", "properties": {"stop_id": "398", "stop_name": "Policia Ushtarake", "stop_desc": "Elbasanit", "route_ids": ["10"]}, "geometry": {"type": "Point", "coordinates": [19.84377529, 41.30512827]}}, {"type": "Feature", "properties": {"stop_id": "305", "stop_name": "Radio Stacioni", "stop_desc": "\u00ebsht\u00eb n\u00eb rrug\u00ebn dyt\u00ebsore p\u00ebrbri autostrad\u00ebs Tiran\u00eb - Durr\u00ebs, pran\u00eb mbikalimit t\u00eb ish-radiostacionit", "route_ids": ["5"]}, "geometry": {"type": "Point", "coordinates": [19.71498273, 41.36348217]}}, {"type": "Feature", "properties": {"stop_id": "307", "stop_name": "Mbikalimi", "stop_desc": "\u00ebsht\u00eb n\u00eb rrug\u00ebn dyt\u00ebsore p\u00ebrbri autostrad\u00ebs Tiran\u00eb - Durr\u00ebs, pran\u00eb Aurora Group", "route_ids": ["5"]}, "geometry": {"type": "Point", "coordinates": [19.72183662, 41.36173605]}}, {"type": "Feature", "properties": {"stop_id": "310", "stop_name": "Megatek", "stop_desc": "\u00ebsht\u00eb n\u00eb rrug\u00ebn \"Egnatia\", pran\u00eb Qendr\u00ebs Tregtare Megatek", "route_ids": ["5"]}, "geometry": {"type": "Point", "coordinates": [19.70661085, 41.36937329]}}, {"type": "Feature", "properties": {"stop_id": "222", "stop_name": "Rruga e Kosovar\u00ebve", "stop_desc": "Ne af\u00ebrsi t\u00eb kryq\u00ebzimit t\u00eb Rrug\u00ebs \"Kristo Luarasi\", me Rrug\u00ebn \"E Kosovar\u00ebve\"", "route_ids": ["2"]}, "geometry": {"type": "Point", "coordinates": [19.81479759, 41.31255293]}}, {"type": "Feature", "properties": {"stop_id": "223", "stop_name": "Rruga e Kosovar\u00ebve", "stop_desc": "Ne af\u00ebrsi t\u00eb kryq\u00ebzimit t\u00eb Rrug\u00ebs \"Kristo Luarasi\", me Rrug\u00ebn \"Anton Ashta''", "route_ids": ["2"]}, "geometry": {"type": "Point", "coordinates": [19.81406836, 41.3121693]}}, {"type": "Feature", "properties": {"stop_id": "48", "stop_name": "Nj\u00ebsia 2", "stop_desc": "Petronini Luarasi", "route_ids": ["16"]}, "geometry": {"type": "Point", "coordinates": [19.82998093, 41.32570642]}}, {"type": "Feature", "properties": {"stop_id": "49", "stop_name": "Tregu Elektrik", "stop_desc": "Petronini Luarasi", "route_ids": ["16"]}, "geometry": {"type": "Point", "coordinates": [19.83323786, 41.3256401]}}, {"type": "Feature", "properties": {"stop_id": "52", "stop_name": "Nj\u00ebsia 2", "stop_desc": "Petro Nini Luarasi", "route_ids": ["16"]}, "geometry": {"type": "Point", "coordinates": [19.82991531, 41.32559921]}}, {"type": "Feature", "properties": {"stop_id": "68", "stop_name": "Teki Tartari", "stop_desc": "N\u00eb kryq\u00ebzimin e Rrug\u00ebs \"Pasho Hysa\" pran\u00eb kryq\u00ebzimit me Rrug\u00ebn \"Teki Tartari\".", "route_ids": ["15"]}, "geometry": {"type": "Point", "coordinates": [19.8471931, 41.32849717]}}, {"type": "Feature", "properties": {"stop_id": "69", "stop_name": "Teki Tartari", "stop_desc": "N\u00eb kryq\u00ebzimin e Rrug\u00ebs \"Pasho Hysa\" pran\u00eb kryq\u00ebzimit me Rrug\u00ebn \"Teki Tartari\".", "route_ids": ["15"]}, "geometry": {"type": "Point", "coordinates": [19.84733028, 41.32831894]}}, {"type": "Feature", "properties": {"stop_id": "64", "stop_name": "Dali Ndreu", "stop_desc": "n\u00eb rrug\u00ebn \"Ali Demi\", para kryq\u00ebzimit me rrug\u00ebn \"Dali Ndreu\"", "route_ids": ["6"]}, "geometry": {"type": "Point", "coordinates": [19.84357543, 41.33086031]}}, {"type": "Feature", "properties": {"stop_id": "392", "stop_name": "Haki Shehu", "stop_desc": "Elbasanit", "route_ids": ["10", "11", "12"]}, "geometry": {"type": "Point", "coordinates": [19.83463606, 41.31304287]}}, {"type": "Feature", "properties": {"stop_id": "394", "stop_name": "Pallati Brigadave", "stop_desc": "Kuvajt", "route_ids": ["10", "11", "12"]}, "geometry": {"type": "Point", "coordinates": [19.83711101, 41.30868819]}}, {"type": "Feature", "properties": {"stop_id": "47", "stop_name": "Naum Prifti", "stop_desc": "Pjeter Budi", "route_ids": ["13", "16"]}, "geometry": {"type": "Point", "coordinates": [19.84474421, 41.32129325]}}, {"type": "Feature", "properties": {"stop_id": "50", "stop_name": "Mihal Grameno", "stop_desc": "Todi Shkurti", "route_ids": ["16"]}, "geometry": {"type": "Point", "coordinates": [19.83522899, 41.32411403]}}, {"type": "Feature", "properties": {"stop_id": "51", "stop_name": "Ali Visha", "stop_desc": "Todi Shkurti", "route_ids": ["16"]}, "geometry": {"type": "Point", "coordinates": [19.83730769, 41.32341817]}}, {"type": "Feature", "properties": {"stop_id": "53", "stop_name": "Tregu Elektrik", "stop_desc": "Petro Nini Luarasi", "route_ids": ["16"]}, "geometry": {"type": "Point", "coordinates": [19.83305016, 41.32574115]}}, {"type": "Feature", "properties": {"stop_id": "54", "stop_name": "Mihal Grameno", "stop_desc": "Todi Shkurti", "route_ids": ["16"]}, "geometry": {"type": "Point", "coordinates": [19.83488842, 41.32420686]}}, {"type": "Feature", "properties": {"stop_id": "298", "stop_name": "Gryka Ka\u00e7anikut", "stop_desc": "\u00ebsht\u00eb n\u00eb rrug\u00ebn dyt\u00ebsore p\u00ebrbri autostrad\u00ebs Tiran\u00eb - Durr\u00ebs, pran\u00eb kompanis\u00eb Coca-Cola", "route_ids": ["5"]}, "geometry": {"type": "Point", "coordinates": [19.75180856, 41.35165031]}}, {"type": "Feature", "properties": {"stop_id": "246", "stop_name": "Besim Alla", "stop_desc": "n\u00eb rrug\u00ebn \"3 D\u00ebshmor\u00ebt\", pas kryq\u00ebzimit me rrug\u00ebn \"Besim Alla\"", "route_ids": ["3", "47"]}, "geometry": {"type": "Point", "coordinates": [19.77421826, 41.32492896]}}, {"type": "Feature", "properties": {"stop_id": "71", "stop_name": "Materniteti Ri", "stop_desc": "eshte ne Blv. \"Zhan Dark\", prane ures perballe \"Maternitet i Ri\"", "route_ids": ["15", "17"]}, "geometry": {"type": "Point", "coordinates": [19.83770891, 41.33157504]}}, {"type": "Feature", "properties": {"stop_id": "88", "stop_name": "Konviktet", "stop_desc": "Studenti", "route_ids": ["17"]}, "geometry": {"type": "Point", "coordinates": [19.8004645, 41.32931987]}}, {"type": "Feature", "properties": {"stop_id": "92", "stop_name": "Selman Riza", "stop_desc": "Ali Demi", "route_ids": ["15", "17"]}, "geometry": {"type": "Point", "coordinates": [19.84342172, 41.3330977]}}, {"type": "Feature", "properties": {"stop_id": "91", "stop_name": "Materniteti Ri", "stop_desc": "Blv. \"Zhan Dark\"", "route_ids": ["15", "17"]}, "geometry": {"type": "Point", "coordinates": [19.83678023, 41.33180779]}}, {"type": "Feature", "properties": {"stop_id": "221", "stop_name": "Sheshi Wilson", "stop_desc": "N\u00eb Rrug\u00ebn \"Sami Frash\u00ebri\", tek Drejtoria e P\u00ebrgjithshme e Rrug\u00ebve", "route_ids": ["2"]}, "geometry": {"type": "Point", "coordinates": [19.81468936, 41.31764597]}}, {"type": "Feature", "properties": {"stop_id": "226", "stop_name": "Liqeni That\u00eb", "stop_desc": "N\u00eb Rrug\u00ebn dyt\u00ebsore, p\u00ebrbri Autostrad\u00ebs Tiran\u00eb \" Elbasan, tek \"Liqeni i That\u00eb\".  Stacioni", "route_ids": ["2"]}, "geometry": {"type": "Point", "coordinates": [19.8148647, 41.30574743]}}, {"type": "Feature", "properties": {"stop_id": "296", "stop_name": "Tregu Ushqimor", "stop_desc": "n\u00eb rrug\u00ebn dyt\u00ebsore p\u00ebrbri autostrad\u00ebs Tiran\u00eb - Durr\u00ebs, pran\u00eb tregut agroushqimor", "route_ids": ["5"]}, "geometry": {"type": "Point", "coordinates": [19.77002614, 41.34522795]}}, {"type": "Feature", "properties": {"stop_id": "293", "stop_name": "DPSHTRr", "stop_desc": "n\u00eb rrug\u00ebn dyt\u00ebsore p\u00ebrbri autostrad\u00ebs Tiran\u00eb - Durr\u00ebs, tek Drejtoria e p\u00ebrgjithshme e sh\u00ebrbimeve t\u00eb transportit Rrugor \"Drejtoria Rajonale Tiran\u00eb\"", "route_ids": ["5"]}, "geometry": {"type": "Point", "coordinates": [19.72687247, 41.36030169]}}, {"type": "Feature", "properties": {"stop_id": "290", "stop_name": "QTU", "stop_desc": "n\u00eb rrug\u00ebn dyt\u00ebsore p\u00ebrbri autostrad\u00ebs Tiran\u00eb - Durr\u00ebs, pran\u00eb qendr\u00ebs treg\u00ebtare univers", "route_ids": ["5"]}, "geometry": {"type": "Point", "coordinates": [19.74882619, 41.35261573]}}, {"type": "Feature", "properties": {"stop_id": "65", "stop_name": "Odhise Grillo", "stop_desc": "n\u00eb Blv. \"Zhan D'Ark\", kryq\u00ebzimi me rrug\u00ebn \"Odhise Grillo\"", "route_ids": ["15", "17"]}, "geometry": {"type": "Point", "coordinates": [19.84059004, 41.33325755]}}, {"type": "Feature", "properties": {"stop_id": "89", "stop_name": "Simon Gjoni", "stop_desc": "Fusha e Aviacionit", "route_ids": ["17"]}, "geometry": {"type": "Point", "coordinates": [19.79120578, 41.33322537]}}, {"type": "Feature", "properties": {"stop_id": "66", "stop_name": "Ura", "stop_desc": "N\u00eb af\u00ebrsi t\u00eb kryq\u00ebzimit t\u00eb Rrug\u00ebs \"Pasho Hysa\" me Rrug\u00ebn \"Kostaq Cipo\".", "route_ids": ["15"]}, "geometry": {"type": "Point", "coordinates": [19.84517176, 41.3298017]}}, {"type": "Feature", "properties": {"stop_id": "67", "stop_name": "Ura", "stop_desc": "N\u00eb af\u00ebrsi t\u00eb kryq\u00ebzimit t\u00eb Rrug\u00ebs \"Pasho Hysa\" me Rrug\u00ebn \"Kostaq Cipo\".", "route_ids": ["15"]}, "geometry": {"type": "Point", "coordinates": [19.8452905, 41.32983852]}}, {"type": "Feature", "properties": {"stop_id": "122", "stop_name": "Siri Kodra", "stop_desc": "N\u00eb hyrje t\u00eb \"Unaz\u00ebs\", pran\u00eb \"Dispanceris\u00eb.", "route_ids": ["71"]}, "geometry": {"type": "Point", "coordinates": [19.8196318, 41.33768815]}}, {"type": "Feature", "properties": {"stop_id": "134", "stop_name": "Varrezat Sharr\u00eb", "stop_desc": "Tek kryq\u00ebzimi i Rrug\u00ebs \"Llazi Miho\" me Rrug\u00ebn p\u00ebr n\u00eb \"Sharr\u00eb\"", "route_ids": ["71", "72"]}, "geometry": {"type": "Point", "coordinates": [19.75978561, 41.31054381]}}, {"type": "Feature", "properties": {"stop_id": "135", "stop_name": "Varrezat Sharr\u00eb", "stop_desc": "Tek kryq\u00ebzimi i Rrug\u00ebs \"Llazi Miho\" me Rrug\u00ebn p\u00ebr n\u00eb \"Sharr\u00eb\"", "route_ids": ["71", "72"]}, "geometry": {"type": "Point", "coordinates": [19.75954971, 41.31049084]}}, {"type": "Feature", "properties": {"stop_id": "139", "stop_name": "Kthesa Sharr\u00eb", "stop_desc": "N\u00eb af\u00ebrsi t\u00eb kryq\u00ebzimit t\u00eb Rrug\u00ebs  \"Llazi Miho\" me Rrug\u00ebn \"Lek\u00eb Zaharia\"", "route_ids": ["71", "72"]}, "geometry": {"type": "Point", "coordinates": [19.7572302, 41.30668085]}}, {"type": "Feature", "properties": {"stop_id": "140", "stop_name": "Prush", "stop_desc": "te kthesa e Prushit", "route_ids": ["71", "72"]}, "geometry": {"type": "Point", "coordinates": [19.75449907, 41.30568726]}}, {"type": "Feature", "properties": {"stop_id": "141", "stop_name": "Prush", "stop_desc": "te kthesa e Prushit", "route_ids": ["71", "72"]}, "geometry": {"type": "Point", "coordinates": [19.75461068, 41.3056022]}}, {"type": "Feature", "properties": {"stop_id": "142", "stop_name": "Fabrika Tullave", "stop_desc": "prane fabrikes se Tullave", "route_ids": ["71", "72"]}, "geometry": {"type": "Point", "coordinates": [19.75071636, 41.30490079]}}, {"type": "Feature", "properties": {"stop_id": "143", "stop_name": "Fabrika Tullave", "stop_desc": "prane fabrikes se Tullave", "route_ids": ["71", "72"]}, "geometry": {"type": "Point", "coordinates": [19.75078, 41.30481235]}}, {"type": "Feature", "properties": {"stop_id": "144", "stop_name": "Rruga Besa", "stop_desc": "\u00ebsht\u00eb n\u00eb rrug\u00ebn \"Siri Kodra\", pas Kryq\u00ebzimit me Rrug\u00ebn \"Besa\"", "route_ids": ["71"]}, "geometry": {"type": "Point", "coordinates": [19.81625191, 41.34251465]}}, {"type": "Feature", "properties": {"stop_id": "145", "stop_name": "Rruga Besa", "stop_desc": "\u00ebsht\u00eb n\u00eb rrug\u00ebn \"Siri Kodra\", pas Kryq\u00ebzimit me Rrug\u00ebn \"Besa\"", "route_ids": ["71"]}, "geometry": {"type": "Point", "coordinates": [19.81612805, 41.34249145]}}, {"type": "Feature", "properties": {"stop_id": "105", "stop_name": "Varri Bamit", "stop_desc": "Pas kryq\u00ebzimit t\u00eb Rrug\u00ebn \"Xhanfize Keko\", me Rrug\u00ebn \"Sadik Petrel\u00ebn", "route_ids": ["18"]}, "geometry": {"type": "Point", "coordinates": [19.84148747, 41.33808459]}}, {"type": "Feature", "properties": {"stop_id": "106", "stop_name": "Oxhaku", "stop_desc": "Pas kryq\u00ebzimit t\u00eb Rrug\u00ebn \"Xhanfize Keko\", me Rrug\u00ebn \"Zini Sako\".", "route_ids": ["18"]}, "geometry": {"type": "Point", "coordinates": [19.84314915, 41.3396042]}}, {"type": "Feature", "properties": {"stop_id": "136", "stop_name": "Kthesa Sharr\u00eb", "stop_desc": "N\u00eb af\u00ebrsi t\u00eb kryq\u00ebzimit t\u00eb Rrug\u00ebs  \"Llazi Miho\" me Rrug\u00ebn \"Lek\u00eb Zaharia\".", "route_ids": ["71", "72"]}, "geometry": {"type": "Point", "coordinates": [19.75736661, 41.30660142]}}, {"type": "Feature", "properties": {"stop_id": "923", "stop_name": "Emerald Center", "stop_desc": "Rruga 5 Maji", "route_ids": ["72"]}, "geometry": {"type": "Point", "coordinates": [19.82600388, 41.34179426]}}, {"type": "Feature", "properties": {"stop_id": "924", "stop_name": "Emerald Center", "stop_desc": "Rruga 5 Maji", "route_ids": ["72"]}, "geometry": {"type": "Point", "coordinates": [19.82599632, 41.34221523]}}, {"type": "Feature", "properties": {"stop_id": "927", "stop_name": "5 Maji", "stop_desc": "Rruga 5 Maji", "route_ids": ["72"]}, "geometry": {"type": "Point", "coordinates": [19.82386784, 41.34900796]}}, {"type": "Feature", "properties": {"stop_id": "926", "stop_name": "Besim Fagu", "stop_desc": "Rruga 5 Maji", "route_ids": ["72"]}, "geometry": {"type": "Point", "coordinates": [19.825239, 41.3450952]}}, {"type": "Feature", "properties": {"stop_id": "925", "stop_name": "Besim Fagu", "stop_desc": "Rruga 5 Maji", "route_ids": ["72"]}, "geometry": {"type": "Point", "coordinates": [19.82524992, 41.34465957]}}, {"type": "Feature", "properties": {"stop_id": "132", "stop_name": "Komisariati 6", "stop_desc": "N\u00eb Rrug\u00ebn e \"Llazi Miho\" tek Karburanti (Pran\u00eb varrezave publike n\u00eb \"Sharr\u00eb", "route_ids": ["71", "72"]}, "geometry": {"type": "Point", "coordinates": [19.76292493, 41.31220086]}}, {"type": "Feature", "properties": {"stop_id": "299", "stop_name": "Gryka Ka\u00e7anikut", "stop_desc": "\u00ebsht\u00eb n\u00eb rrug\u00ebn dyt\u00ebsore p\u00ebrbri autostrad\u00ebs Tiran\u00eb - Durr\u00ebs, pran\u00eb kompanis\u00eb Coca-Cola", "route_ids": ["5"]}, "geometry": {"type": "Point", "coordinates": [19.7516365, 41.3516322]}}, {"type": "Feature", "properties": {"stop_id": "309", "stop_name": "Qaf\u00eb Kashar", "stop_desc": "\u00ebsht\u00eb n\u00eb rrug\u00ebn dyt\u00ebsore p\u00ebrbri autostrad\u00ebs Tiran\u00eb - Durr\u00ebs", "route_ids": ["5"]}, "geometry": {"type": "Point", "coordinates": [19.69811003, 41.36960938]}}, {"type": "Feature", "properties": {"stop_id": "21", "stop_name": "Drejtoria Policis\u00eb B", "stop_desc": "P\u00ebrpara kryq\u00ebzimit t\u00eb Rrug\u00ebs \"Sami Frash\u00ebri\", me Rrug\u00ebn \"Myslym Shyri\"", "route_ids": ["1", "48"]}, "geometry": {"type": "Point", "coordinates": [19.81281857, 41.32469829]}}, {"type": "Feature", "properties": {"stop_id": "107", "stop_name": "Artistike Migjeni", "stop_desc": "P\u00ebrpara kryq\u00ebzimit t\u00eb Rrug\u00ebn \"Xhanfize Keko\", me Rrug\u00ebn \"Hysen Xhura\".", "route_ids": ["18"]}, "geometry": {"type": "Point", "coordinates": [19.8457674, 41.34208953]}}, {"type": "Feature", "properties": {"stop_id": "108", "stop_name": "Artistike Migjeni", "stop_desc": "P\u00ebrpara kryq\u00ebzimit t\u00eb Rrug\u00ebn \"Xhanfize Keko\", me Rrug\u00ebn \"Hysen Xhura\".", "route_ids": ["18"]}, "geometry": {"type": "Point", "coordinates": [19.84599422, 41.34217854]}}, {"type": "Feature", "properties": {"stop_id": "933", "stop_name": "Kol\u00eb Jakova", "stop_desc": "", "route_ids": ["70"]}, "geometry": {"type": "Point", "coordinates": [19.76251494, 41.358067]}}, {"type": "Feature", "properties": {"stop_id": "934", "stop_name": "Kol\u00eb Jakova", "stop_desc": "", "route_ids": ["70"]}, "geometry": {"type": "Point", "coordinates": [19.76243238, 41.35799659]}}, {"type": "Feature", "properties": {"stop_id": "120", "stop_name": "Varri Bamit", "stop_desc": "Pas kryq\u00ebzimit t\u00eb Rrug\u00ebn \"Xhanfize Keko\", me Rrug\u00ebn \"Sadik Petrel\u00ebn", "route_ids": ["18"]}, "geometry": {"type": "Point", "coordinates": [19.84205181, 41.33885495]}}, {"type": "Feature", "properties": {"stop_id": "82", "stop_name": "Dhora Leka", "stop_desc": "Abedin Rexha", "route_ids": ["17"]}, "geometry": {"type": "Point", "coordinates": [19.78769072, 41.33535937]}}, {"type": "Feature", "properties": {"stop_id": "81", "stop_name": "Simon Gjoni", "stop_desc": "Fusha e Aviacionit", "route_ids": ["17"]}, "geometry": {"type": "Point", "coordinates": [19.79119766, 41.33331739]}}, {"type": "Feature", "properties": {"stop_id": "390", "stop_name": "Vilat Gjermane", "stop_desc": "Elbasanit", "route_ids": ["10", "11", "12"]}, "geometry": {"type": "Point", "coordinates": [19.83302304, 41.31718343]}}, {"type": "Feature", "properties": {"stop_id": "80", "stop_name": "Fusha Aviacionit", "stop_desc": "Fusha e Aviacionit", "route_ids": ["17"]}, "geometry": {"type": "Point", "coordinates": [19.79732398, 41.33000612]}}, {"type": "Feature", "properties": {"stop_id": "45", "stop_name": "Kristaq Capo", "stop_desc": "Pjeter Budi", "route_ids": ["13", "16"]}, "geometry": {"type": "Point", "coordinates": [19.84381559, 41.32103938]}}, {"type": "Feature", "properties": {"stop_id": "151", "stop_name": "Frigoriferi", "stop_desc": "N\u00eb Rrug\u00ebn \"Siri Kodra\", pran\u00eb Magazinave.", "route_ids": ["71"]}, "geometry": {"type": "Point", "coordinates": [19.81739917, 41.34061034]}}, {"type": "Feature", "properties": {"stop_id": "152", "stop_name": "Frigoriferi", "stop_desc": "N\u00eb Rrug\u00ebn \"Siri Kodra\", pran\u00eb Magazinave.", "route_ids": ["71"]}, "geometry": {"type": "Point", "coordinates": [19.81742249, 41.3407731]}}, {"type": "Feature", "properties": {"stop_id": "138", "stop_name": "Karburanti", "stop_desc": "eshte ne Rrugen Nacionale \"Tirane-Durres\", tek karburanti i pas pikes Cekrezi", "route_ids": ["71", "72"]}, "geometry": {"type": "Point", "coordinates": [19.74539714, 41.30326217]}}, {"type": "Feature", "properties": {"stop_id": "119", "stop_name": "Fizika B\u00ebrthamore", "stop_desc": "N\u00eb Rrug\u00ebn \"Muhamet Deliu\", tek Qendra Sh\u00ebndet\u00ebsore", "route_ids": ["18"]}, "geometry": {"type": "Point", "coordinates": [19.85625427, 41.34755271]}}, {"type": "Feature", "properties": {"stop_id": "121", "stop_name": "Siri Kodra", "stop_desc": "N\u00eb hyrje t\u00eb \"Unaz\u00ebs\", pran\u00eb \"Dispanceris\u00eb.", "route_ids": ["71"]}, "geometry": {"type": "Point", "coordinates": [19.8189514, 41.33831779]}}, {"type": "Feature", "properties": {"stop_id": "104", "stop_name": "Xhamlliku", "stop_desc": "Pas kryq\u00ebzimit t\u00eb Rrug\u00ebn \"Xhanfize Keko\", me Rrug\u00ebn \"Ramiz Treni\".", "route_ids": ["18"]}, "geometry": {"type": "Point", "coordinates": [19.83820342, 41.33579781]}}, {"type": "Feature", "properties": {"stop_id": "113", "stop_name": "Thoma Filipeu", "stop_desc": "N\u00eb Rrug\u00ebn \"Muhamet Deliu\", tek Qendra Sh\u00ebndet\u00ebsore", "route_ids": ["18"]}, "geometry": {"type": "Point", "coordinates": [19.85767251, 41.34842475]}}, {"type": "Feature", "properties": {"stop_id": "118", "stop_name": "Thesari", "stop_desc": "N\u00eb Rrug\u00ebn \"Muhamet Deliu\", tek Thesari.", "route_ids": ["18"]}, "geometry": {"type": "Point", "coordinates": [19.86740075, 41.35051286]}}, {"type": "Feature", "properties": {"stop_id": "225", "stop_name": "Rruga Peti", "stop_desc": "N\u00eb Rrug\u00ebn \"Liqeni i That\u00eb\", n\u00eb af\u00ebrsi t\u00eb Kopshtit Zoologjik.", "route_ids": ["2"]}, "geometry": {"type": "Point", "coordinates": [19.81334118, 41.30704723]}}, {"type": "Feature", "properties": {"stop_id": "231", "stop_name": "Kopshti Zoologjik", "stop_desc": "ne fillim te diges se Parkut te Liqenit Artificial, pas rrethrrotullimit te Koopshtit Zoologjik", "route_ids": ["2"]}, "geometry": {"type": "Point", "coordinates": [19.81114934, 41.30900829]}}, {"type": "Feature", "properties": {"stop_id": "232", "stop_name": "Petro Nini Luarasi", "stop_desc": "N\u00eb Rrug\u00ebn \"Sami Frash\u00ebri\", tek Drejtoria e P\u00ebrgjithshme e Rrug\u00ebve", "route_ids": ["2"]}, "geometry": {"type": "Point", "coordinates": [19.81487016, 41.31746893]}}, {"type": "Feature", "properties": {"stop_id": "244", "stop_name": "Bego Hoxha", "stop_desc": "n\u00eb rrug\u00ebn \"3 D\u00ebshmor\u00ebt\", para kryq\u00ebzimit me rrug\u00ebn \"Bego Hoxha\"", "route_ids": ["3", "47"]}, "geometry": {"type": "Point", "coordinates": [19.77670734, 41.32386733]}}, {"type": "Feature", "properties": {"stop_id": "72", "stop_name": "Pal Engjelli", "stop_desc": "Esht\u00eb 200 m p\u00ebrpara kryq\u00ebzimit t\u00eb Rrug\u00ebs \"Pasho Hysa\" me Rrug\u00ebn \"Pal \u00cbngj\u00eblli\"", "route_ids": ["15"]}, "geometry": {"type": "Point", "coordinates": [19.84880612, 41.32754115]}}, {"type": "Feature", "properties": {"stop_id": "153", "stop_name": "Parku Rinia", "stop_desc": "blv. \"Deshmoret e Kombit\" (ne segmentin e kufizuar nga \"Myslym Shyri\" dhe blv.\"Gjergj Fishta\" sipas sensit veri-jug / Perballe Hotel Dajtit", "route_ids": ["46", "6"]}, "geometry": {"type": "Point", "coordinates": [19.81918398, 41.32503798]}}, {"type": "Feature", "properties": {"stop_id": "154", "stop_name": "Piramida", "stop_desc": "Blv. \"D\u00ebshmor\u00ebt e Kombit\", tek Piramida.", "route_ids": ["2", "46"]}, "geometry": {"type": "Point", "coordinates": [19.81975143, 41.32303917]}}, {"type": "Feature", "properties": {"stop_id": "935", "stop_name": "Gjoke Doci", "stop_desc": "", "route_ids": ["70"]}, "geometry": {"type": "Point", "coordinates": [19.76152004, 41.35897363]}}, {"type": "Feature", "properties": {"stop_id": "936", "stop_name": "Gjoke Doci", "stop_desc": "", "route_ids": ["70"]}, "geometry": {"type": "Point", "coordinates": [19.76142288, 41.35899102]}}, {"type": "Feature", "properties": {"stop_id": "111", "stop_name": "Fresku", "stop_desc": "N\u00eb kryq\u00ebzimin e Rrug\u00ebs \"Sotir Caci\" me Rrug\u00ebn \"Shefqet Kuka\".", "route_ids": ["18"]}, "geometry": {"type": "Point", "coordinates": [19.85521308, 41.34623506]}}, {"type": "Feature", "properties": {"stop_id": "112", "stop_name": "Fresku", "stop_desc": "N\u00eb kryq\u00ebzimin e Rrug\u00ebs \"Sotir Caci\" me Rrug\u00ebn \"Shefqet Kuka\".", "route_ids": ["18"]}, "geometry": {"type": "Point", "coordinates": [19.85522091, 41.34617258]}}, {"type": "Feature", "properties": {"stop_id": "937", "stop_name": "Rruga Devolli", "stop_desc": "", "route_ids": ["70"]}, "geometry": {"type": "Point", "coordinates": [19.75831364, 41.36275377]}}, {"type": "Feature", "properties": {"stop_id": "929", "stop_name": "Zyhdi Herri", "stop_desc": "", "route_ids": ["70"]}, "geometry": {"type": "Point", "coordinates": [19.7699307, 41.35263516]}}, {"type": "Feature", "properties": {"stop_id": "930", "stop_name": "Zyhdi Herri", "stop_desc": "", "route_ids": ["70"]}, "geometry": {"type": "Point", "coordinates": [19.76961475, 41.35293097]}}, {"type": "Feature", "properties": {"stop_id": "931", "stop_name": "Nikolle Ivanaj", "stop_desc": "", "route_ids": ["70"]}, "geometry": {"type": "Point", "coordinates": [19.76335872, 41.35747927]}}, {"type": "Feature", "properties": {"stop_id": "932", "stop_name": "Nikolle Ivanaj", "stop_desc": "", "route_ids": ["70"]}, "geometry": {"type": "Point", "coordinates": [19.76329896, 41.35731218]}}, {"type": "Feature", "properties": {"stop_id": "938", "stop_name": "Rruga Devolli", "stop_desc": "", "route_ids": ["70"]}, "geometry": {"type": "Point", "coordinates": [19.7583303, 41.36261279]}}, {"type": "Feature", "properties": {"stop_id": "940", "stop_name": "Gjergj Legisi", "stop_desc": "", "route_ids": ["70"]}, "geometry": {"type": "Point", "coordinates": [19.78877182, 41.34165874]}}, {"type": "Feature", "properties": {"stop_id": "941", "stop_name": "Andrea Stefani", "stop_desc": "", "route_ids": ["70"]}, "geometry": {"type": "Point", "coordinates": [19.78758947, 41.34119223]}}, {"type": "Feature", "properties": {"stop_id": "942", "stop_name": "Ndoc Martini", "stop_desc": "", "route_ids": ["70"]}, "geometry": {"type": "Point", "coordinates": [19.78880914, 41.34696138]}}, {"type": "Feature", "properties": {"stop_id": "943", "stop_name": "Pas Nenkalimit", "stop_desc": "", "route_ids": ["70"]}, "geometry": {"type": "Point", "coordinates": [19.78809785, 41.34692703]}}, {"type": "Feature", "properties": {"stop_id": "944", "stop_name": "Vangjel Noti", "stop_desc": "", "route_ids": ["70"]}, "geometry": {"type": "Point", "coordinates": [19.78841949, 41.34288709]}}, {"type": "Feature", "properties": {"stop_id": "928", "stop_name": "Gjergj Fishta", "stop_desc": "", "route_ids": ["70"]}, "geometry": {"type": "Point", "coordinates": [19.77322985, 41.35121474]}}, {"type": "Feature", "properties": {"stop_id": "939", "stop_name": "Bregu Lumit", "stop_desc": "", "route_ids": ["70"]}, "geometry": {"type": "Point", "coordinates": [19.75764143, 41.36589435]}}, {"type": "Feature", "properties": {"stop_id": "181", "stop_name": "Terminal A", "stop_desc": "", "route_ids": ["7"]}, "geometry": {"type": "Point", "coordinates": [19.77620882, 41.34443185]}}, {"type": "Feature", "properties": {"stop_id": "3", "stop_name": "Materniteti", "stop_desc": "Blv. \"Zogu I\", pran\u00eb Martenitetit \"Mbret\u00ebresha Geraldin\u00eb", "route_ids": ["13", "14", "20", "71", "72"]}, "geometry": {"type": "Point", "coordinates": [19.81681352, 41.33472029]}}, {"type": "Feature", "properties": {"stop_id": "342", "stop_name": "Sheshi \u00c7am\u00ebria", "stop_desc": "n\u00eb rrug\u00ebn \"Ali Demi\", p\u00ebrball\u00eb sheshit \"\u00c7am\u00ebria\"", "route_ids": ["6"]}, "geometry": {"type": "Point", "coordinates": [19.83560397, 41.32773746]}}, {"type": "Feature", "properties": {"stop_id": "396", "stop_name": "Rrethrrotullimi", "stop_desc": "Elbasanit", "route_ids": ["10", "11", "12"]}, "geometry": {"type": "Point", "coordinates": [19.83951709, 41.30762661]}}, {"type": "Feature", "properties": {"stop_id": "243", "stop_name": "Kombinati Mishit", "stop_desc": "n\u00eb Rrug\u00ebn \"3 D\u00ebshmor\u00ebt\", n\u00eb af\u00ebrsi t\u00eb Kombinatit t\u00eb Mishit Yzberisht", "route_ids": ["4", "47"]}, "geometry": {"type": "Point", "coordinates": [19.7816709, 41.32299694]}}, {"type": "Feature", "properties": {"stop_id": "279", "stop_name": "Tom Plezha", "stop_desc": "\"Rruga JOKLIN PERSI\" Drejtimi Qender", "route_ids": ["3"]}, "geometry": {"type": "Point", "coordinates": [19.78405623, 41.32931676]}}, {"type": "Feature", "properties": {"stop_id": "440", "stop_name": "Liceu Artistik", "stop_desc": "Liceu Artistik \"Jordan Misja\"", "route_ids": ["10", "11", "12", "13", "14"]}, "geometry": {"type": "Point", "coordinates": [19.82576757, 41.32136773]}}, {"type": "Feature", "properties": {"stop_id": "441", "stop_name": "Filologjiku", "stop_desc": "N\u00eb rrug\u00ebn e \"Elbasanit\" p\u00ebrball\u00eb Fakultetit Histori - Filologji", "route_ids": ["10", "11", "12", "13", "14"]}, "geometry": {"type": "Point", "coordinates": [19.82895806, 41.31889171]}}, {"type": "Feature", "properties": {"stop_id": "245", "stop_name": "Bego Hoxha", "stop_desc": "n\u00eb rrug\u00ebn \"3 D\u00ebshmor\u00ebt\", para kryq\u00ebzimit me rrug\u00ebn \"Bego Hoxha\"", "route_ids": ["4", "47"]}, "geometry": {"type": "Point", "coordinates": [19.77660006, 41.32371163]}}, {"type": "Feature", "properties": {"stop_id": "259", "stop_name": "Pallati Minierave", "stop_desc": "n\u00eb rrug\u00ebn \"3 D\u00ebshmor\u00ebt\", pas kryq\u00ebzimit me rrug\u00ebn \"\u00cbngj\u00ebll Mashi\"", "route_ids": ["47"]}, "geometry": {"type": "Point", "coordinates": [19.77395572, 41.32834987]}}, {"type": "Feature", "properties": {"stop_id": "263", "stop_name": "Nj\u00ebsia Kashar", "stop_desc": "N\u00eb Rrug\u00ebn \"Sokrat Miho\", n\u00eb af\u00ebrsi t\u00eb kryq\u00ebzimit me Rrug\u00ebn \"Mikel Maruli\".", "route_ids": ["4"]}, "geometry": {"type": "Point", "coordinates": [19.78023071, 41.33119068]}}, {"type": "Feature", "properties": {"stop_id": "267", "stop_name": "Radio Planet", "stop_desc": "n\u00eb rrug\u00ebn \"7 N\u00ebntori\", p\u00ebrball\u00eb radio \"New Planet\"", "route_ids": ["47"]}, "geometry": {"type": "Point", "coordinates": [19.75746252, 41.34332393]}}, {"type": "Feature", "properties": {"stop_id": "268", "stop_name": "Radio Planet", "stop_desc": "n\u00eb rrug\u00ebn \"7 N\u00ebntori\", p\u00ebrball\u00eb radio \"New Planet\"", "route_ids": ["47"]}, "geometry": {"type": "Point", "coordinates": [19.75753761, 41.3430837]}}, {"type": "Feature", "properties": {"stop_id": "270", "stop_name": "Pasqyra", "stop_desc": "n\u00eb rrug\u00ebn \"7 N\u00ebntori\", tek kryq\u00ebzimi me rrug\u00ebn \"Han\"", "route_ids": ["47"]}, "geometry": {"type": "Point", "coordinates": [19.75330516, 41.34617457]}}, {"type": "Feature", "properties": {"stop_id": "315", "stop_name": "DPM", "stop_desc": "\u00ebsht\u00eb n\u00eb rrug\u00ebn dyt\u00ebsore p\u00ebrbri autrostrad\u00ebs Tiran\u00eb - Durr\u00ebs, tek DHL", "route_ids": ["5"]}, "geometry": {"type": "Point", "coordinates": [19.71792978, 41.36264327]}}, {"type": "Feature", "properties": {"stop_id": "325", "stop_name": "Rruga Kastriot\u00ebt", "stop_desc": "N\u00eb Rrug\u00ebn \"Kastriot\u00ebt\", tek Pallatet e Reja", "route_ids": ["7"]}, "geometry": {"type": "Point", "coordinates": [19.77446131, 41.34668843]}}, {"type": "Feature", "properties": {"stop_id": "326", "stop_name": "Treshi", "stop_desc": "N\u00eb Rrug\u00ebn \"Kastriot\u00ebt\", pas shinave t\u00eb trenit tek \"Treshi\"", "route_ids": ["7"]}, "geometry": {"type": "Point", "coordinates": [19.7708885, 41.35148347]}}, {"type": "Feature", "properties": {"stop_id": "329", "stop_name": "Treshi", "stop_desc": "N\u00eb Rrug\u00ebn \"Kastriot\u00ebt\", para shinave t\u00eb trenit tek \"Treshi\"", "route_ids": ["7"]}, "geometry": {"type": "Point", "coordinates": [19.77062387, 41.35144582]}}, {"type": "Feature", "properties": {"stop_id": "227", "stop_name": "Liqeni That\u00eb", "stop_desc": "N\u00eb Rrug\u00ebn dyt\u00ebsore, p\u00ebrbri Autostrad\u00ebs Tiran\u00eb \" Elbasan, tek \"Liqeni i That\u00eb\".  Stacioni", "route_ids": ["2"]}, "geometry": {"type": "Point", "coordinates": [19.81580808, 41.30533229]}}, {"type": "Feature", "properties": {"stop_id": "252", "stop_name": "Top Channel", "stop_desc": "n\u00eb rrug\u00ebn \"7 N\u00ebntori\", para televizionit \"Top Channel\"", "route_ids": ["47"]}, "geometry": {"type": "Point", "coordinates": [19.760687, 41.3409035]}}, {"type": "Feature", "properties": {"stop_id": "253", "stop_name": "Top Channel", "stop_desc": "n\u00eb rrug\u00ebn \"7 N\u00ebntori\", para televizionit \"Top Channel\"", "route_ids": ["47"]}, "geometry": {"type": "Point", "coordinates": [19.76056316, 41.34089911]}}, {"type": "Feature", "properties": {"stop_id": "335", "stop_name": "Ura Paskuqanit", "stop_desc": "N\u00eb Rrug\u00ebn \"Kastriot\u00ebt\", pran\u00eb kryq\u00ebzimit me Rrug\u00ebn \"Ali Ibra\".", "route_ids": ["7"]}, "geometry": {"type": "Point", "coordinates": [19.77470103, 41.35524407]}}, {"type": "Feature", "properties": {"stop_id": "317", "stop_name": "At Zef P\u00ebllumbi", "stop_desc": "\u00ebsht\u00eb n\u00eb rrug\u00ebn dyt\u00ebsore p\u00ebrbri autostrad\u00ebs Tiran\u00eb - Durr\u00ebs, kryq\u00ebzimi me rrug\u00ebn \"Agon\"", "route_ids": ["5"]}, "geometry": {"type": "Point", "coordinates": [19.76266473, 41.34788681]}}, {"type": "Feature", "properties": {"stop_id": "334", "stop_name": "Instituti Bujq\u00ebsor", "stop_desc": "Pran\u00eb \"Universitetit Bujq\u00ebsor t\u00eb Tiran\u00ebs\"", "route_ids": ["7"]}, "geometry": {"type": "Point", "coordinates": [19.77192083, 41.36065117]}}, {"type": "Feature", "properties": {"stop_id": "338", "stop_name": "1 Maji", "stop_desc": "N\u00eb fillim t\u00eb rrug\u00ebs \"Ali Demi\", pran\u00eb shkoll\u00ebs 9 \" vje\u00e7are \"1Maji\"", "route_ids": ["6"]}, "geometry": {"type": "Point", "coordinates": [19.82893441, 41.32770804]}}, {"type": "Feature", "properties": {"stop_id": "348", "stop_name": "Ura Shkoz\u00eb", "stop_desc": "n\u00eb rrug\u00ebn \"Ali Shefqeti\", pas kryq\u00ebzimit me rrug\u00ebn \"Fatmir Agalliu\"", "route_ids": ["6"]}, "geometry": {"type": "Point", "coordinates": [19.85167839, 41.33396466]}}, {"type": "Feature", "properties": {"stop_id": "349", "stop_name": "Ura Shkoz\u00eb", "stop_desc": "n\u00eb rrug\u00ebn \"Ali Shefqeti\", p\u00ebrpara kryq\u00ebzimit me rrug\u00ebn \"Fatmir Agalliu\"", "route_ids": ["6"]}, "geometry": {"type": "Point", "coordinates": [19.85197072, 41.33416014]}}, {"type": "Feature", "properties": {"stop_id": "129", "stop_name": "UKT", "stop_desc": "N\u00eb Rrug\u00ebn e \"Konferenca e Pez\u00ebs\" n\u00eb af\u00ebrsi t\u00eb kryq\u00ebzimit me rrug\u00ebn \"H.Culhaj\".", "route_ids": ["22", "23", "71", "72"]}, "geometry": {"type": "Point", "coordinates": [19.77727165, 41.31779499]}}, {"type": "Feature", "properties": {"stop_id": "331", "stop_name": "Kod\u00ebr Kam\u00ebz", "stop_desc": "N\u00eb Rrug\u00ebn \"Kastriot\u00ebt\", para kryq\u00ebzimit me Rrug\u00ebn \"Gramozi\".", "route_ids": ["7"]}, "geometry": {"type": "Point", "coordinates": [19.77361121, 41.35804014]}}, {"type": "Feature", "properties": {"stop_id": "332", "stop_name": "Kod\u00ebr Kam\u00ebz", "stop_desc": "N\u00eb Rrug\u00ebn \"Kastriot\u00ebt\", pran\u00eb kryq\u00ebzimit me Rrug\u00ebn \"Gramozi\"", "route_ids": ["7"]}, "geometry": {"type": "Point", "coordinates": [19.77321394, 41.35823034]}}, {"type": "Feature", "properties": {"stop_id": "99", "stop_name": "Optika", "stop_desc": "Mbas kryq\u00ebzimit t\u00eb Rrug\u00ebs \"Hoxha Tahsim\" me Rrug\u00ebn \"Vllaz\u00ebn Huta\"", "route_ids": ["18"]}, "geometry": {"type": "Point", "coordinates": [19.82916976, 41.3315872]}}, {"type": "Feature", "properties": {"stop_id": "100", "stop_name": "Optika", "stop_desc": "Mbas kryq\u00ebzimit t\u00eb Rrug\u00ebs \"Hoxha Tahsim\" me Rrug\u00ebn \"Vllaz\u00ebn Huta\"", "route_ids": ["18"]}, "geometry": {"type": "Point", "coordinates": [19.82946868, 41.33159426]}}, {"type": "Feature", "properties": {"stop_id": "85", "stop_name": "Fusha Aviacionit", "stop_desc": "Fushes Aviacionit", "route_ids": ["17"]}, "geometry": {"type": "Point", "coordinates": [19.79744927, 41.33020893]}}, {"type": "Feature", "properties": {"stop_id": "103", "stop_name": "Xhamlliku", "stop_desc": "Pas kryq\u00ebzimit t\u00eb Rrug\u00ebn \"Xhanfize Keko\", me Rrug\u00ebn \"Ramiz Treni\".", "route_ids": ["18"]}, "geometry": {"type": "Point", "coordinates": [19.83798334, 41.33586411]}}, {"type": "Feature", "properties": {"stop_id": "101", "stop_name": "Hoxha Tahsim", "stop_desc": "P\u00ebrpara kryq\u00ebzimit t\u00eb Rrug\u00ebs \"Hoxha Tahsim\" me Rrug\u00ebn \"Bardhyl\"", "route_ids": ["18"]}, "geometry": {"type": "Point", "coordinates": [19.83275791, 41.33334735]}}, {"type": "Feature", "properties": {"stop_id": "586", "stop_name": "Kombinat", "stop_desc": "Njesia Administrative Tirane", "route_ids": ["71", "72"]}, "geometry": {"type": "Point", "coordinates": [19.76761013, 41.31420641]}}, {"type": "Feature", "properties": {"stop_id": "383", "stop_name": "Mark Bajraktari", "stop_desc": "N\u00eb kryq\u00ebzimin e Rrug\u00ebs \"Petrit Radovicka\" me Rrug\u00ebn \"Mark Bajraktari\".", "route_ids": ["70"]}, "geometry": {"type": "Point", "coordinates": [19.78240338, 41.34672028]}}, {"type": "Feature", "properties": {"stop_id": "384", "stop_name": "Mark Bajraktari", "stop_desc": "N\u00eb Rrug\u00ebn \"Petrit Radovicka\", kryq\u00ebzimi me Rug\u00ebn \"Albanet\" dhe Rrug\u00ebn \"Isuf Uka\"", "route_ids": ["70"]}, "geometry": {"type": "Point", "coordinates": [19.78238649, 41.34678839]}}, {"type": "Feature", "properties": {"stop_id": "385", "stop_name": "Sk\u00ebnder Luarasi", "stop_desc": "Prane shkolles \"Skender Luarasi", "route_ids": ["70"]}, "geometry": {"type": "Point", "coordinates": [19.78375012, 41.34596881]}}, {"type": "Feature", "properties": {"stop_id": "224", "stop_name": "Kopshti Zoologjik", "stop_desc": "N\u00eb Rrug\u00ebn \"Liqeni i That\u00eb\", n\u00eb af\u00ebrsi t\u00eb Kop\u00ebshtit Zoologjik.", "route_ids": ["2"]}, "geometry": {"type": "Point", "coordinates": [19.8109657, 41.30903327]}}, {"type": "Feature", "properties": {"stop_id": "84", "stop_name": "Konviktet", "stop_desc": "Studenti", "route_ids": ["17"]}, "geometry": {"type": "Point", "coordinates": [19.80057487, 41.32933592]}}, {"type": "Feature", "properties": {"stop_id": "195", "stop_name": "Instituti Nd\u00ebrtimit", "stop_desc": "", "route_ids": ["23"]}, "geometry": {"type": "Point", "coordinates": [19.85041939, 41.35966319]}}, {"type": "Feature", "properties": {"stop_id": "356", "stop_name": "Banesat Sociale", "stop_desc": "n\u00eb rrug\u00ebn \"Ali Shefqeti\", p\u00ebrball\u00eb banesave sociale shkoz\u00eb", "route_ids": ["6"]}, "geometry": {"type": "Point", "coordinates": [19.86497037, 41.3332037]}}, {"type": "Feature", "properties": {"stop_id": "410", "stop_name": "Seit Bathorja", "stop_desc": "Autostrada Tirane -Elbasan", "route_ids": ["12"]}, "geometry": {"type": "Point", "coordinates": [19.83505506, 41.30335586]}}, {"type": "Feature", "properties": {"stop_id": "411", "stop_name": "Seit Bathorja", "stop_desc": "Autostrada Tirane -Elbasan", "route_ids": ["12"]}, "geometry": {"type": "Point", "coordinates": [19.83505976, 41.30327381]}}, {"type": "Feature", "properties": {"stop_id": "366", "stop_name": "Spitali Ushtarak", "stop_desc": "N\u00eb  Rrug\u00ebn \"Lord Bajron\", p\u00ebrball\u00eb Spitalit Ushtarak", "route_ids": ["70"]}, "geometry": {"type": "Point", "coordinates": [19.79503696, 41.34177478]}}, {"type": "Feature", "properties": {"stop_id": "379", "stop_name": "Administrativja", "stop_desc": "N\u00eb Rrug\u00ebn \"Don Bosko\", tek Gjykata Administrative", "route_ids": ["70"]}, "geometry": {"type": "Point", "coordinates": [19.79860631, 41.34224467]}}, {"type": "Feature", "properties": {"stop_id": "380", "stop_name": "Administrativja", "stop_desc": "N\u00eb Rrug\u00ebn \"Don Bosko\", n\u00eb af\u00ebrsi t\u00eb Gjykat\u00ebs Administrative", "route_ids": ["70"]}, "geometry": {"type": "Point", "coordinates": [19.79849667, 41.3423212]}}, {"type": "Feature", "properties": {"stop_id": "388", "stop_name": "Liceu Artistik", "stop_desc": "Liceu Artistik \"Jordan Misja\"", "route_ids": ["10", "11", "12", "13", "14"]}, "geometry": {"type": "Point", "coordinates": [19.82564284, 41.32125582]}}, {"type": "Feature", "properties": {"stop_id": "391", "stop_name": "Haki Shehu", "stop_desc": "Elbasanit", "route_ids": ["10", "11", "12"]}, "geometry": {"type": "Point", "coordinates": [19.834495, 41.31461309]}}, {"type": "Feature", "properties": {"stop_id": "402", "stop_name": "Panorama Liqenit", "stop_desc": "N\u00eb Rrug\u00ebn e \"Elbasanit\", p\u00ebrball\u00eb Hotel Gjuta", "route_ids": ["10"]}, "geometry": {"type": "Point", "coordinates": [19.85067646, 41.29898895]}}, {"type": "Feature", "properties": {"stop_id": "404", "stop_name": "Shefqet Ndroqi", "stop_desc": "\"RRuga Shefqet Ndroqi\" Drejtimi Senatorium", "route_ids": ["11"]}, "geometry": {"type": "Point", "coordinates": [19.84121727, 41.30751925]}}, {"type": "Feature", "properties": {"stop_id": "405", "stop_name": "Nuri Arapi", "stop_desc": "\"Rruga Shefqet Ndroqi\" Drejtimi Senatorium", "route_ids": ["11"]}, "geometry": {"type": "Point", "coordinates": [19.84442948, 41.30937399]}}, {"type": "Feature", "properties": {"stop_id": "406", "stop_name": "Nuri Arapi", "stop_desc": "\"Rruga Shefqet Ndroqi\" Drejtimi Qender", "route_ids": ["11"]}, "geometry": {"type": "Point", "coordinates": [19.84409933, 41.30940513]}}, {"type": "Feature", "properties": {"stop_id": "412", "stop_name": "Ibrahim Braja", "stop_desc": "Selim Brahja", "route_ids": ["12"]}, "geometry": {"type": "Point", "coordinates": [19.83126371, 41.30117299]}}, {"type": "Feature", "properties": {"stop_id": "413", "stop_name": "Ibrahim Braja", "stop_desc": "Selim Brahja", "route_ids": ["12"]}, "geometry": {"type": "Point", "coordinates": [19.83169672, 41.30124314]}}, {"type": "Feature", "properties": {"stop_id": "416", "stop_name": "Uzina Dinamo", "stop_desc": "Tek Shinat e Trenit (fundi i Rrug\u00ebs \"Jordan Misja\").", "route_ids": ["13", "14", "71"]}, "geometry": {"type": "Point", "coordinates": [19.80669195, 41.34735271]}}, {"type": "Feature", "properties": {"stop_id": "414", "stop_name": "Sauk i Vjeter", "stop_desc": "Selim Brahja", "route_ids": ["12"]}, "geometry": {"type": "Point", "coordinates": [19.83005552, 41.29950765]}}, {"type": "Feature", "properties": {"stop_id": "421", "stop_name": "V\u00ebllez\u00ebrit Kondi", "stop_desc": "N\u00eb kryq\u00ebzimin e Rrug\u00ebs \"Fuat Toptani\" me Rrug\u00ebn \"Tre V\u00ebllez\u00ebrit Kondi\".", "route_ids": ["14"]}, "geometry": {"type": "Point", "coordinates": [19.8345495, 41.31712689]}}, {"type": "Feature", "properties": {"stop_id": "386", "stop_name": "Sk\u00ebnder Luarasi", "stop_desc": "Prane shkolles \"Skender Luarasi", "route_ids": ["70"]}, "geometry": {"type": "Point", "coordinates": [19.78385845, 41.34602451]}}, {"type": "Feature", "properties": {"stop_id": "358", "stop_name": "Autotraktor\u00ebt", "stop_desc": "n\u00eb rrug\u00ebn \"Ali Shefqeti\", tek hyrja e ish kombinatit t\u00eb autotraktor\u00ebve", "route_ids": ["6"]}, "geometry": {"type": "Point", "coordinates": [19.87038629, 41.33182843]}}, {"type": "Feature", "properties": {"stop_id": "381", "stop_name": "Shinat e Trenit", "stop_desc": "N\u00eb Kryq\u00ebzimin e Rrug\u00ebs \"Vangjel Noti\" me Rrug\u00ebn \"Iliria\", tek shinat e trenit.", "route_ids": ["70"]}, "geometry": {"type": "Point", "coordinates": [19.78768719, 41.34448746]}}, {"type": "Feature", "properties": {"stop_id": "382", "stop_name": "Shinat e Trenit", "stop_desc": "Ne kryq\u00ebzimin e Rrug\u00ebs \"Vangjel Noti\"me Rrug\u00ebn \"Buna\", tek shinat e trenit.", "route_ids": ["70"]}, "geometry": {"type": "Point", "coordinates": [19.78767203, 41.3446826]}}, {"type": "Feature", "properties": {"stop_id": "369", "stop_name": "Isuf Uka", "stop_desc": "N\u00eb fillimin e Rrug\u00ebs \"Migjeni\"", "route_ids": ["70"]}, "geometry": {"type": "Point", "coordinates": [19.7795506, 41.34882823]}}, {"type": "Feature", "properties": {"stop_id": "370", "stop_name": "Isuf Uka", "stop_desc": "N\u00eb Rrug\u00ebn \"Petrit Radovicka\", kryq\u00ebzimi me Rug\u00ebn \"Albanet\" dhe Rrug\u00ebn \"Isuf Uka\"", "route_ids": ["70"]}, "geometry": {"type": "Point", "coordinates": [19.77939606, 41.34884818]}}, {"type": "Feature", "properties": {"stop_id": "44", "stop_name": "\u00c7ollak\u00ebt", "stop_desc": "Kryqzimi I \"Rruga Pjeter Budi\" me \"Rruga Jahja Ballhysa\" Drejtimi Qender", "route_ids": ["16"]}, "geometry": {"type": "Point", "coordinates": [19.85478434, 41.32067977]}}, {"type": "Feature", "properties": {"stop_id": "96", "stop_name": "Marketi", "stop_desc": "", "route_ids": ["15", "17"]}, "geometry": {"type": "Point", "coordinates": [19.8409912, 41.33269404]}}, {"type": "Feature", "properties": {"stop_id": "147", "stop_name": "Filip Jano", "stop_desc": "Tek Rruga \"Filip Jano\"", "route_ids": ["71"]}, "geometry": {"type": "Point", "coordinates": [19.80874664, 41.34499441]}}, {"type": "Feature", "properties": {"stop_id": "339", "stop_name": "Ali Demi", "stop_desc": "n\u00eb af\u00ebrsi t\u00eb kryq\u00ebzimit t\u00eb rrug\u00ebs \"Ali Demi\", me rrug\u00ebn \"Mustafa Gerblleshi\"", "route_ids": ["6"]}, "geometry": {"type": "Point", "coordinates": [19.83183589, 41.32770686]}}, {"type": "Feature", "properties": {"stop_id": "341", "stop_name": "Sheshi \u00c7am\u00ebria", "stop_desc": "n\u00eb rrug\u00ebn \"Ali Demi\", tek sheshi \"\u00c7am\u00ebria\"", "route_ids": ["6"]}, "geometry": {"type": "Point", "coordinates": [19.83626527, 41.32796071]}}, {"type": "Feature", "properties": {"stop_id": "389", "stop_name": "Filologjiku", "stop_desc": "Elbasanit", "route_ids": ["10", "11", "12", "13", "14"]}, "geometry": {"type": "Point", "coordinates": [19.82928703, 41.31853763]}}, {"type": "Feature", "properties": {"stop_id": "116", "stop_name": "17 Shkurti", "stop_desc": "N\u00eb Rrug\u00ebn \"Muhamet Deliu\", tek \"Shkolla e Re\"", "route_ids": ["18"]}, "geometry": {"type": "Point", "coordinates": [19.86460451, 41.35072857]}}, {"type": "Feature", "properties": {"stop_id": "117", "stop_name": "Hysen Bastari", "stop_desc": "N\u00eb Rrug\u00ebn \"Muhamet Deliu\", tek \"Shkolla e Re\"", "route_ids": ["18"]}, "geometry": {"type": "Point", "coordinates": [19.86316875, 41.34886949]}}, {"type": "Feature", "properties": {"stop_id": "400", "stop_name": "Hamid Dalipi", "stop_desc": "Elbasanit", "route_ids": ["10"]}, "geometry": {"type": "Point", "coordinates": [19.8466066, 41.3016149]}}, {"type": "Feature", "properties": {"stop_id": "423", "stop_name": "Ambasada Palestin\u00ebs", "stop_desc": "N\u00eb kryq\u00ebzimin e Rrug\u00ebs \"Fuat Toptani\" me Rrug\u00ebn \"Mahmut Daci\"", "route_ids": ["14"]}, "geometry": {"type": "Point", "coordinates": [19.8362158, 41.31662388]}}, {"type": "Feature", "properties": {"stop_id": "420", "stop_name": "Kolegji", "stop_desc": "Tek Rruga \"Reshit Petrela\", af\u00ebr Institucionit t\u00eb Ekzekutimit t\u00eb Vendimeve Penale \"Jordan Misja\"313.", "route_ids": ["13", "14"]}, "geometry": {"type": "Point", "coordinates": [19.81100476, 41.33925113]}}, {"type": "Feature", "properties": {"stop_id": "367", "stop_name": "Laprak\u00eb", "stop_desc": "N\u00eb kryq\u00ebzimin e Rrug\u00ebs \"Lord Bajron\" me Rrug\u00ebn \"Gjergj Legisi\"", "route_ids": ["70"]}, "geometry": {"type": "Point", "coordinates": [19.79326034, 41.33836879]}}, {"type": "Feature", "properties": {"stop_id": "368", "stop_name": "Laprak\u00eb", "stop_desc": "N\u00eb kryq\u00ebzimin e Rrug\u00ebs \"Lord Bajron\" me Rrug\u00ebn \"Gjergj Legisi\".", "route_ids": ["70"]}, "geometry": {"type": "Point", "coordinates": [19.79316372, 41.33832401]}}, {"type": "Feature", "properties": {"stop_id": "408", "stop_name": "Vilat Gjermane", "stop_desc": "Elbasanit", "route_ids": ["10", "11", "12"]}, "geometry": {"type": "Point", "coordinates": [19.83313923, 41.31650025]}}, {"type": "Feature", "properties": {"stop_id": "373", "stop_name": "Aleks Buda", "stop_desc": "N\u00eb kryq\u00ebzimin e Rrug\u00ebs \"Lord Bajron\" me Rrug\u00ebn \"Gjergj Legisi\"", "route_ids": ["70"]}, "geometry": {"type": "Point", "coordinates": [19.79021259, 41.33983247]}}, {"type": "Feature", "properties": {"stop_id": "374", "stop_name": "Aleks Buda", "stop_desc": "N\u00eb kryq\u00ebzimin e Rrug\u00ebs \"Lord Bajron\" me Rrug\u00ebn \"Gjergj Legisi\"", "route_ids": ["70"]}, "geometry": {"type": "Point", "coordinates": [19.79012204, 41.3400175]}}, {"type": "Feature", "properties": {"stop_id": "403", "stop_name": "Haxhi Dushku", "stop_desc": "\"Rruga E Elbasanit\" Drejtimi per ne TEG", "route_ids": ["10"]}, "geometry": {"type": "Point", "coordinates": [19.85273941, 41.2937165]}}, {"type": "Feature", "properties": {"stop_id": "417", "stop_name": "Ali Progri", "stop_desc": "Pran\u00eb kryq\u00ebzimit t\u00eb Rrug\u00ebs \"Jordan Misja\" me Rrug\u00ebn \"Demir Progri\".", "route_ids": ["13", "14"]}, "geometry": {"type": "Point", "coordinates": [19.80865537, 41.34366295]}}, {"type": "Feature", "properties": {"stop_id": "418", "stop_name": "Ali Progri", "stop_desc": "Pran\u00eb kryq\u00ebzimit t\u00eb Rrug\u00ebs \"Jordan Misja\" me Rrug\u00ebn \"Demir Progri\".", "route_ids": ["13", "14"]}, "geometry": {"type": "Point", "coordinates": [19.80872746, 41.34376301]}}, {"type": "Feature", "properties": {"stop_id": "212", "stop_name": "Brryli", "stop_desc": "Pas kryq\u00ebzimit t\u00eb Blv. \"Zhan Dark\" me Rrug\u00ebn \"Arkitekt Kasemi\", tek \"Brryli\"", "route_ids": ["24"]}, "geometry": {"type": "Point", "coordinates": [19.83433962, 41.33117772]}}, {"type": "Feature", "properties": {"stop_id": "214", "stop_name": "Odhise Paskali", "stop_desc": "Kryq\u00ebzimin e Rrug\u00ebs \"Bardhyl\" me Rrug\u00ebn \"Hoxha Tahsim\"", "route_ids": ["45"]}, "geometry": {"type": "Point", "coordinates": [19.83236374, 41.33516035]}}, {"type": "Feature", "properties": {"stop_id": "364", "stop_name": "Vizion Plus", "stop_desc": "N\u00eb Rrug\u00ebn \"Don Bosko\", p\u00ebrball televizionit \"Vizion Plus\"", "route_ids": ["70"]}, "geometry": {"type": "Point", "coordinates": [19.80363625, 41.3381146]}}, {"type": "Feature", "properties": {"stop_id": "409", "stop_name": "Rrethrrotullimi", "stop_desc": "Hyrja e Unazes se Madhe", "route_ids": ["12"]}, "geometry": {"type": "Point", "coordinates": [19.84001295, 41.30722422]}}, {"type": "Feature", "properties": {"stop_id": "365", "stop_name": "Vizion Plus", "stop_desc": "N\u00eb Rrug\u00ebn \"Don Bosko\", tek televizioni \"Vizion Plus\"", "route_ids": ["70"]}, "geometry": {"type": "Point", "coordinates": [19.80379964, 41.33765893]}}, {"type": "Feature", "properties": {"stop_id": "375", "stop_name": "Rruga Muzak\u00ebt", "stop_desc": "N\u00eb Rrug\u00ebn \"Don Bosko\", tek shkolla \"Don Bosko\".", "route_ids": ["70"]}, "geometry": {"type": "Point", "coordinates": [19.80292567, 41.33904302]}}, {"type": "Feature", "properties": {"stop_id": "376", "stop_name": "Rruga Muzak\u00ebt", "stop_desc": "N\u00eb Rrug\u00ebn \"Don Bosko\", tek shkolla \"Don Bosko\".", "route_ids": ["70"]}, "geometry": {"type": "Point", "coordinates": [19.80274634, 41.33945377]}}, {"type": "Feature", "properties": {"stop_id": "424", "stop_name": "Ambasada Palestin\u00ebs", "stop_desc": "N\u00eb kryq\u00ebzimin e Rrug\u00ebs \"Fuat Toptani\" me Rrug\u00ebn \"Mahmut Daci\"", "route_ids": ["14"]}, "geometry": {"type": "Point", "coordinates": [19.83643668, 41.31666397]}}, {"type": "Feature", "properties": {"stop_id": "425", "stop_name": "Jup Kastrati", "stop_desc": "N\u00eb kryq\u00ebzimin e dyt\u00eb t\u00eb Rrug\u00ebs \"Fuat Toptani\" me Rrug\u00ebn \"Irfan T\u00ebrshana\".", "route_ids": ["14"]}, "geometry": {"type": "Point", "coordinates": [19.83976323, 41.3164259]}}, {"type": "Feature", "properties": {"stop_id": "336", "stop_name": "Gjethja", "stop_desc": "ne rrugen Ibrahim Rugova ( ne muzeun \"Shtepia e Gjetheve)", "route_ids": ["7"]}, "geometry": {"type": "Point", "coordinates": [19.81645503, 41.32673584]}}, {"type": "Feature", "properties": {"stop_id": "352", "stop_name": "Novruz Qoshja", "stop_desc": "n\u00eb rrug\u00ebn \"Ali Shefqeti\", para kryq\u00ebzimit me rrug\u00ebn \"Novruz Qoshja\"", "route_ids": ["6"]}, "geometry": {"type": "Point", "coordinates": [19.85918415, 41.33448888]}}, {"type": "Feature", "properties": {"stop_id": "353", "stop_name": "Novruz Qoshja", "stop_desc": "n\u00eb rrug\u00ebn \"Ali Shefqeti\", para kryq\u00ebzimit me rrug\u00ebn \"Novruz Qoshja\"", "route_ids": ["6"]}, "geometry": {"type": "Point", "coordinates": [19.85949178, 41.33442452]}}, {"type": "Feature", "properties": {"stop_id": "351", "stop_name": "Pallatet Shkoz\u00eb", "stop_desc": "n\u00eb rrug\u00ebn \"Ali Shefqeti\", pas kryq\u00ebzimit me rrug\u00ebn \"Fransua Pukvil\"", "route_ids": ["6"]}, "geometry": {"type": "Point", "coordinates": [19.85588543, 41.33484869]}}, {"type": "Feature", "properties": {"stop_id": "102", "stop_name": "Hoxha Tahsim", "stop_desc": "P\u00ebrpara kryq\u00ebzimit t\u00eb Rrug\u00ebs \"Hoxha Tahsim\" me Rrug\u00ebn \"Bardhyl\"", "route_ids": ["18"]}, "geometry": {"type": "Point", "coordinates": [19.83314536, 41.33342693]}}, {"type": "Feature", "properties": {"stop_id": "78", "stop_name": "Poliklinika 9", "stop_desc": "Kavajes", "route_ids": ["17", "22", "23", "3", "47", "71", "72"]}, "geometry": {"type": "Point", "coordinates": [19.80502535, 41.32636172]}}, {"type": "Feature", "properties": {"stop_id": "295", "stop_name": "Shkolla", "stop_desc": "n\u00eb trug\u00ebn dyt\u00ebsore p\u00ebrbri autostrad\u00ebs Tiran\u00eb - Durr\u00ebs, pran\u00eb kompanis\u00eb VEKO", "route_ids": ["5"]}, "geometry": {"type": "Point", "coordinates": [19.76540549, 41.3468542]}}, {"type": "Feature", "properties": {"stop_id": "12", "stop_name": "Mentor Xhemali", "stop_desc": "\u00ebsht\u00eb n\u00eb fillim t\u00eb rrug\u00ebs \"Rexhep Pinari\"", "route_ids": ["48"]}, "geometry": {"type": "Point", "coordinates": [19.79840451, 41.3140305]}}, {"type": "Feature", "properties": {"stop_id": "273", "stop_name": "Fusha Sportit", "stop_desc": "n\u00eb af\u00ebrsi t\u00eb kryq\u00ebzimit t\u00eb rrug\u00ebs \"28 N\u00ebntori\", me rrug\u00ebn \"Noz Llaku\"", "route_ids": ["47"]}, "geometry": {"type": "Point", "coordinates": [19.74180451, 41.35263463]}}, {"type": "Feature", "properties": {"stop_id": "426", "stop_name": "Jup Kastrati", "stop_desc": "N\u00eb kryq\u00ebzimin e dyt\u00eb t\u00eb Rrug\u00ebs \"Fuat Toptani\" me Rrug\u00ebn \"Irfan T\u00ebrshana\".", "route_ids": ["14"]}, "geometry": {"type": "Point", "coordinates": [19.83996089, 41.31656318]}}, {"type": "Feature", "properties": {"stop_id": "428", "stop_name": "Bi\u00e7ak\u00ebt", "stop_desc": "N\u00eb kryq\u00ebzimin e Rrug\u00ebs \"Fuat Toptani\" me Rrug\u00ebn \"Dajti\".", "route_ids": ["14"]}, "geometry": {"type": "Point", "coordinates": [19.84294056, 41.31743561]}}, {"type": "Feature", "properties": {"stop_id": "429", "stop_name": "Irfan T\u00ebrshana", "stop_desc": "N\u00eb kryq\u00ebzimin e par\u00eb t\u00eb Rrug\u00ebs \"Fuat Toptani\" me Rrug\u00ebn \"Irfan T\u00ebrshana\".", "route_ids": ["14"]}, "geometry": {"type": "Point", "coordinates": [19.84573054, 41.31820121]}}, {"type": "Feature", "properties": {"stop_id": "430", "stop_name": "Irfan T\u00ebrshana", "stop_desc": "N\u00eb kryq\u00ebzimin e par\u00eb t\u00eb Rrug\u00ebs \"Fuat Toptani\" me Rrug\u00ebn \"Irfan T\u00ebrshana\".", "route_ids": ["14"]}, "geometry": {"type": "Point", "coordinates": [19.8455424, 41.31789656]}}, {"type": "Feature", "properties": {"stop_id": "432", "stop_name": "Kristaq Capo", "stop_desc": "N\u00eb kryq\u00ebzimin e Rrug\u00ebs \"Pjet\u00ebr Budi\" me Rrug\u00ebn \"Kristaq Capo\".", "route_ids": ["13", "16"]}, "geometry": {"type": "Point", "coordinates": [19.843469, 41.32100758]}}, {"type": "Feature", "properties": {"stop_id": "435", "stop_name": "Godina 26", "stop_desc": "Tek Godina 26, n\u00eb af\u00ebrsi t\u00eb Rrug\u00ebs \"Pjet\u00ebr Budi\".", "route_ids": ["13"]}, "geometry": {"type": "Point", "coordinates": [19.83615109, 41.32140262]}}, {"type": "Feature", "properties": {"stop_id": "436", "stop_name": "Godina 26", "stop_desc": "Tek Godina 26, n\u00eb af\u00ebrsi t\u00eb Rrug\u00ebs \"Pjet\u00ebr Budi\".", "route_ids": ["13"]}, "geometry": {"type": "Point", "coordinates": [19.83612722, 41.32129339]}}, {"type": "Feature", "properties": {"stop_id": "442", "stop_name": "Haki Gjici", "stop_desc": "N\u00eb kryq\u00ebzimin e Rrug\u00ebs \"Pjet\u00ebr Budi\"  me Rrug\u00ebn \"Naum Prifti\".", "route_ids": ["13", "16"]}, "geometry": {"type": "Point", "coordinates": [19.84495662, 41.32125964]}}, {"type": "Feature", "properties": {"stop_id": "443", "stop_name": "Ekonomiku", "stop_desc": "N\u00eb rrug\u00ebn e \"Elbasanit\" p\u00ebrball\u00eb Fakultetit Histori - Filologji", "route_ids": ["13"]}, "geometry": {"type": "Point", "coordinates": [19.83124161, 41.31886249]}}, {"type": "Feature", "properties": {"stop_id": "444", "stop_name": "Ekonomiku", "stop_desc": "N\u00eb rrug\u00ebn e \"Elbasanit\" p\u00ebrball\u00eb Fakultetit Histori - Filologji", "route_ids": ["13"]}, "geometry": {"type": "Point", "coordinates": [19.83134676, 41.31885117]}}, {"type": "Feature", "properties": {"stop_id": "448", "stop_name": "Rruga Sejdini", "stop_desc": "Tek Rruga \"Reshit Petrela\", af\u00ebr Institucionit t\u00eb Ekzekutimit t\u00eb Vendimeve Penale \"Jordan Misja\"313.", "route_ids": ["13", "14"]}, "geometry": {"type": "Point", "coordinates": [19.80782651, 41.34541245]}}, {"type": "Feature", "properties": {"stop_id": "449", "stop_name": "Burgu", "stop_desc": "Tek Rruga \"Reshit Petrela\", af\u00ebr Institucionit t\u00eb Ekzekutimit t\u00eb Vendimeve Penale \"Jordan Misja\"313.", "route_ids": ["13", "14"]}, "geometry": {"type": "Point", "coordinates": [19.81192861, 41.33686545]}}, {"type": "Feature", "properties": {"stop_id": "447", "stop_name": "Rruga Vjosa", "stop_desc": "Tek Rruga \"Reshit Petrela\", af\u00ebr Institucionit t\u00eb Ekzekutimit t\u00eb Vendimeve Penale \"Jordan Misja\"313.", "route_ids": ["13", "14"]}, "geometry": {"type": "Point", "coordinates": [19.81029671, 41.34082912]}}, {"type": "Feature", "properties": {"stop_id": "450", "stop_name": "Binak Alia", "stop_desc": "N\u00eb kryq\u00ebzimin e Rrug\u00ebs \"Shefqet Ndroqi\" me Rrug\u00ebn \"Pjeter Budi\" (Stacioni Fillestar)", "route_ids": ["14", "16"]}, "geometry": {"type": "Point", "coordinates": [19.85334345, 41.32105633]}}, {"type": "Feature", "properties": {"stop_id": "433", "stop_name": "Kompleksi", "stop_desc": "N\u00eb kryq\u00ebzimin e Rrug\u00ebs \"Pjet\u00ebr Budi\" me Rrug\u00ebn me Rrug\u00ebn \"Dajti", "route_ids": ["13"]}, "geometry": {"type": "Point", "coordinates": [19.83999182, 41.32039598]}}, {"type": "Feature", "properties": {"stop_id": "434", "stop_name": "Kompleksi", "stop_desc": "N\u00eb kryq\u00ebzimin e Rrug\u00ebs \"Pjet\u00ebr Budi\" me Rrug\u00ebn me Rrug\u00ebn \"Dajti", "route_ids": ["13"]}, "geometry": {"type": "Point", "coordinates": [19.83974706, 41.32052935]}}, {"type": "Feature", "properties": {"stop_id": "445", "stop_name": "Kolegji", "stop_desc": "Tek Rruga \"Reshit Petrela\", af\u00ebr Institucionit t\u00eb Ekzekutimit t\u00eb Vendimeve Penale \"Jordan Misja\"313.", "route_ids": ["13", "14"]}, "geometry": {"type": "Point", "coordinates": [19.81085491, 41.33914472]}}, {"type": "Feature", "properties": {"stop_id": "465", "stop_name": "Haxhi Dushku", "stop_desc": "\"Rruga E Elbasanit\" Drejtimi Per Qender", "route_ids": ["10"]}, "geometry": {"type": "Point", "coordinates": [19.85283747, 41.2937951]}}, {"type": "Feature", "properties": {"stop_id": "446", "stop_name": "Rruga Vjosa", "stop_desc": "Tek Rruga \"Reshit Petrela\", af\u00ebr Institucionit t\u00eb Ekzekutimit t\u00eb Vendimeve Penale \"Jordan Misja\"313.", "route_ids": ["13", "14"]}, "geometry": {"type": "Point", "coordinates": [19.81039184, 41.34091674]}}, {"type": "Feature", "properties": {"stop_id": "469", "stop_name": "Leopold Bertold", "stop_desc": "Blv. \"Zhan Dark\", n\u00eb af\u00ebrsi t\u00eb kryq\u00ebzimit me Rrug\u00ebn \"Arkitekt Kasemi\"", "route_ids": ["15", "17", "6"]}, "geometry": {"type": "Point", "coordinates": [19.83400884, 41.32997241]}}, {"type": "Feature", "properties": {"stop_id": "452", "stop_name": "Instituti Nd\u00ebrtimit", "stop_desc": "", "route_ids": ["23"]}, "geometry": {"type": "Point", "coordinates": [19.85016554, 41.35970832]}}, {"type": "Feature", "properties": {"stop_id": "454", "stop_name": "Profarma", "stop_desc": "", "route_ids": ["23"]}, "geometry": {"type": "Point", "coordinates": [19.84670244, 41.35499033]}}, {"type": "Feature", "properties": {"stop_id": "460", "stop_name": "Shkolla Bashkuar", "stop_desc": "Ruga Dibres", "route_ids": ["1", "22", "23", "48"]}, "geometry": {"type": "Point", "coordinates": [19.83631836, 41.34409535]}}, {"type": "Feature", "properties": {"stop_id": "437", "stop_name": "Godina 15", "stop_desc": "n\u00eb rrug\u00ebn \"Arben Broci\" (Godina 15 familjar\u00ebt).", "route_ids": ["13"]}, "geometry": {"type": "Point", "coordinates": [19.83506419, 41.31979078]}}, {"type": "Feature", "properties": {"stop_id": "431", "stop_name": "Depo Ujit A", "stop_desc": "N\u00eb kryq\u00ebzimin e Rrug\u00ebs \"Fuat Toptani\" me Rrug\u00ebn \"Pjet\u00ebr Budi\"", "route_ids": ["13", "16"]}, "geometry": {"type": "Point", "coordinates": [19.84983113, 41.32238321]}}, {"type": "Feature", "properties": {"stop_id": "438", "stop_name": "Godina 15", "stop_desc": "N\u00eb Rrug\u00ebn \"Arben Broci\" (Godina 15 (familjar\u00ebt).", "route_ids": ["13"]}, "geometry": {"type": "Point", "coordinates": [19.83492526, 41.31991353]}}, {"type": "Feature", "properties": {"stop_id": "123", "stop_name": "Muhedin Llagami", "stop_desc": "N\u00eb Rrug\u00ebn e \"Kavaj\u00ebs\", tek kryq\u00ebzimi me Rrug\u00ebn \"Ndre Mjeda", "route_ids": ["22", "23", "4", "47", "71", "72"]}, "geometry": {"type": "Point", "coordinates": [19.79826591, 41.32406456]}}, {"type": "Feature", "properties": {"stop_id": "31", "stop_name": "Brigada 8", "stop_desc": "Rrug\u00ebn \"Sami Frash\u00ebri\", tek piceri \"Juvenilja\"", "route_ids": ["1", "48"]}, "geometry": {"type": "Point", "coordinates": [19.8135726, 41.32159966]}}, {"type": "Feature", "properties": {"stop_id": "269", "stop_name": "Pasqyra", "stop_desc": "n\u00eb rrug\u00ebn \"7 N\u00ebntori\", tek kryq\u00ebzimi me rrug\u00ebn \"Han\"", "route_ids": ["47"]}, "geometry": {"type": "Point", "coordinates": [19.75382279, 41.34597005]}}, {"type": "Feature", "properties": {"stop_id": "33", "stop_name": "Qendra Kristal", "stop_desc": "\u00ebsht\u00eb n\u00eb af\u00ebrsi t\u00eb kryq\u00ebzimit t\u00eb rrug\u00ebs \"Bill Klinton\" me rrug\u00ebn \"Prokop Mima\"", "route_ids": ["1", "48"]}, "geometry": {"type": "Point", "coordinates": [19.80343881, 41.3132896]}}, {"type": "Feature", "properties": {"stop_id": "133", "stop_name": "Komisariati 6", "stop_desc": "N\u00eb Rrug\u00ebn e \"Llazi Miho\" tek Karburanti (Pran\u00eb varrezave publike n\u00eb \"Sharr\u00eb", "route_ids": ["71", "72"]}, "geometry": {"type": "Point", "coordinates": [19.76195288, 41.31194097]}}, {"type": "Feature", "properties": {"stop_id": "487", "stop_name": "Isuf Xhelili", "stop_desc": "Bregu Lumit", "route_ids": ["70"]}, "geometry": {"type": "Point", "coordinates": [19.76026511, 41.36123882]}}, {"type": "Feature", "properties": {"stop_id": "848", "stop_name": "Princ Vidi", "stop_desc": "Princ Vidi", "route_ids": ["70"]}, "geometry": {"type": "Point", "coordinates": [19.76632534, 41.35539009]}}, {"type": "Feature", "properties": {"stop_id": "5", "stop_name": "Dollari A", "stop_desc": "ne rrugen Ibrahim Rugova pas kryqezimit me rrugen e Kavajes", "route_ids": ["1", "2", "46", "48", "5"]}, "geometry": {"type": "Point", "coordinates": [19.81628623, 41.32755424]}}, {"type": "Feature", "properties": {"stop_id": "913", "stop_name": "Dollari B", "stop_desc": "ne rrugen Ibrahim Rugova pas kryqezimit me rrugen e Kavajes", "route_ids": ["10", "11", "12", "13", "14", "15", "16", "17", "6"]}, "geometry": {"type": "Point", "coordinates": [19.81625448, 41.32767723]}}, {"type": "Feature", "properties": {"stop_id": "347", "stop_name": "Poligrafiku", "stop_desc": "n\u00eb rrug\u00ebn \"Ali Demi\", pas kryq\u00ebzimit me Rrug\u00ebn \"Agush Gjergjevica\", p\u00ebrball\u00eb ish \"Poligrafikut\"", "route_ids": ["6"]}, "geometry": {"type": "Point", "coordinates": [19.8486481, 41.33362469]}}, {"type": "Feature", "properties": {"stop_id": "914", "stop_name": "Kinostudio", "stop_desc": "Rruga \"Aleksander Moisiu\"", "route_ids": ["22"]}, "geometry": {"type": "Point", "coordinates": [19.84637551, 41.34682465]}}, {"type": "Feature", "properties": {"stop_id": "915", "stop_name": "Sabri Koci", "stop_desc": "", "route_ids": ["15", "17"]}, "geometry": {"type": "Point", "coordinates": [19.84387271, 41.33264969]}}, {"type": "Feature", "properties": {"stop_id": "73", "stop_name": "Pal Engjelli", "stop_desc": "Esht\u00eb 200 m p\u00ebrpara kryq\u00ebzimit t\u00eb Rrug\u00ebs \"Pasho Hysa\" me Rrug\u00ebn \"Pal \u00cbngj\u00eblli\"", "route_ids": ["15"]}, "geometry": {"type": "Point", "coordinates": [19.84890266, 41.32756446]}}, {"type": "Feature", "properties": {"stop_id": "466", "stop_name": "Pasho Hysa", "stop_desc": "n\u00eb rrug\u00ebn \"Ali Demi\", para kryq\u00ebzimit me rrug\u00ebn \"Dali Ndreu\"", "route_ids": ["15"]}, "geometry": {"type": "Point", "coordinates": [19.84456267, 41.33140412]}}, {"type": "Feature", "properties": {"stop_id": "849", "stop_name": "Isuf Xhelili", "stop_desc": "Bregu Lumit", "route_ids": ["70"]}, "geometry": {"type": "Point", "coordinates": [19.76037345, 41.36127686]}}, {"type": "Feature", "properties": {"stop_id": "40", "stop_name": "Rruga Moskat", "stop_desc": "prane LSI,", "route_ids": ["1", "48"]}, "geometry": {"type": "Point", "coordinates": [19.81423324, 41.31927879]}}, {"type": "Feature", "properties": {"stop_id": "9", "stop_name": "QSUT", "stop_desc": "N\u00eb Rrug\u00ebn e \"Dibr\u00ebs\", mbas kryq\u00ebzimit t\u00eb \"Unaz\u00ebs\" me Rrug\u00ebn e \"Dibr\u00ebs\".", "route_ids": ["1", "22", "23", "48"]}, "geometry": {"type": "Point", "coordinates": [19.83079122, 41.34080444]}}, {"type": "Feature", "properties": {"stop_id": "916", "stop_name": "Dhimiter Kamarda", "stop_desc": "", "route_ids": ["15"]}, "geometry": {"type": "Point", "coordinates": [19.84479227, 41.33170926]}}, {"type": "Feature", "properties": {"stop_id": "1", "stop_name": "Dispanseria", "stop_desc": "Kryq\u00ebzimi i  Rrug\u00ebs \"Ferit Xhajko\" me  Rrug\u00ebn \"Siri Kodra\".", "route_ids": ["1", "45", "48", "72"]}, "geometry": {"type": "Point", "coordinates": [19.82120767, 41.33766591]}}, {"type": "Feature", "properties": {"stop_id": "2", "stop_name": "Tregu 5 Maji", "stop_desc": "Pas kryq\u00ebzimit t\u00eb Rrug\u00ebs \"Ferrit Xhajko\" me rrug\u00ebn \"5 Maji\"", "route_ids": ["1", "24", "48", "72"]}, "geometry": {"type": "Point", "coordinates": [19.82542092, 41.34003608]}}, {"type": "Feature", "properties": {"stop_id": "905", "stop_name": "Spitali Ushtarak", "stop_desc": "N\u00eb Rrug\u00ebn \"Lord Bajron\", p\u00ebrball\u00eb Spitalit Ushtarak", "route_ids": ["70"]}, "geometry": {"type": "Point", "coordinates": [19.79503691, 41.3416834]}}, {"type": "Feature", "properties": {"stop_id": "907", "stop_name": "Ura e Paskuqanit", "stop_desc": "", "route_ids": ["71"]}, "geometry": {"type": "Point", "coordinates": [19.80874311, 41.34781251]}}, {"type": "Feature", "properties": {"stop_id": "908", "stop_name": "Asllan Lala", "stop_desc": "", "route_ids": ["71"]}, "geometry": {"type": "Point", "coordinates": [19.81168101, 41.34773969]}}, {"type": "Feature", "properties": {"stop_id": "415", "stop_name": "Posta 1", "stop_desc": "Tek Posta n\u00eb Rrug\u00ebn e \"Elbasanit\".", "route_ids": ["10", "11", "12", "13", "14"]}, "geometry": {"type": "Point", "coordinates": [19.82514443, 41.32426208]}}, {"type": "Feature", "properties": {"stop_id": "439", "stop_name": "Posta 1", "stop_desc": "tek Posta n\u00eb Rrug\u00ebn e \"Elbasanit\"", "route_ids": ["10", "11", "12", "13", "14"]}, "geometry": {"type": "Point", "coordinates": [19.82473223, 41.32369294]}}, {"type": "Feature", "properties": {"stop_id": "909", "stop_name": "Tuneli", "stop_desc": "Rruga \"Hiqmet Buzi\"", "route_ids": ["2"]}, "geometry": {"type": "Point", "coordinates": [19.82233677, 41.30523512]}}, {"type": "Feature", "properties": {"stop_id": "901", "stop_name": "Terminali Juglindor", "stop_desc": "", "route_ids": ["10", "2"]}, "geometry": {"type": "Point", "coordinates": [19.8551605, 41.28314046]}}, {"type": "Feature", "properties": {"stop_id": "79", "stop_name": "Inxhinieria", "stop_desc": "Fakulteti i Nd\u00ebrtimit", "route_ids": ["17", "24"]}, "geometry": {"type": "Point", "coordinates": [19.80261485, 41.32743156]}}, {"type": "Feature", "properties": {"stop_id": "4", "stop_name": "15 Kat\u00ebshi A", "stop_desc": "ne rrugen \"Urani Pano\"", "route_ids": ["20", "70", "71", "72"]}, "geometry": {"type": "Point", "coordinates": [19.81885433, 41.33052648]}}, {"type": "Feature", "properties": {"stop_id": "6", "stop_name": "Lulishte \u00c7ajupi", "stop_desc": "P\u00ebrpara kryq\u00ebzimit t\u00eb Blv. \"Bajram Curri\" me Rrug\u00ebn \"Gjin Bue Shpata\"", "route_ids": ["1", "24", "48"]}, "geometry": {"type": "Point", "coordinates": [19.81098674, 41.32214388]}}, {"type": "Feature", "properties": {"stop_id": "7", "stop_name": "Stacioni i Trenit", "stop_desc": "Pas kryq\u00ebzimit t\u00eb Rrug\u00ebs \"Reshit Petrela\", me Blv. \"Zogu I\" (Fillimi i Linj\u00ebs)", "route_ids": ["1", "45", "48", "70", "71", "72"]}, "geometry": {"type": "Point", "coordinates": [19.81703589, 41.33597249]}}, {"type": "Feature", "properties": {"stop_id": "8", "stop_name": "Posta 8", "stop_desc": "Rrug\u00ebn \"Sulejman Delvina\", pas Sheshit \"Uillson\"", "route_ids": ["1", "46", "48"]}, "geometry": {"type": "Point", "coordinates": [19.8129093, 41.31820006]}}, {"type": "Feature", "properties": {"stop_id": "10", "stop_name": "Mjek\u00ebsia", "stop_desc": "N\u00eb Rrug\u00ebn e \"Dibr\u00ebs\", p\u00ebrpara \"Fakultetit t\u00eb Mjek\u00ebsis\u00eb\"", "route_ids": ["1", "22", "23", "48"]}, "geometry": {"type": "Point", "coordinates": [19.83396514, 41.34237901]}}, {"type": "Feature", "properties": {"stop_id": "11", "stop_name": "Mjek\u00ebsia", "stop_desc": "N\u00eb Rrug\u00ebn e \"Dibr\u00ebs\", p\u00ebrpara \"Fakultetit t\u00eb Mjek\u00ebsis\u00eb\"", "route_ids": ["1", "22", "23", "48"]}, "geometry": {"type": "Point", "coordinates": [19.83245896, 41.34182957]}}, {"type": "Feature", "properties": {"stop_id": "32", "stop_name": "Shkencat e Natyr\u00ebs", "stop_desc": "prane Fakultetit te Shkencave te Natyres", "route_ids": ["1", "13", "14", "2", "46", "48", "71", "72"]}, "geometry": {"type": "Point", "coordinates": [19.81630374, 41.33523907]}}, {"type": "Feature", "properties": {"stop_id": "61", "stop_name": "ATSH", "stop_desc": "Blv. \"Zhan Dark\", n\u00eb af\u00ebrsi t\u00eb kryq\u00ebzimit me Rrug\u00ebn \"Fadil Rada\"", "route_ids": ["15", "17", "45", "6"]}, "geometry": {"type": "Point", "coordinates": [19.82720761, 41.32733737]}}, {"type": "Feature", "properties": {"stop_id": "41", "stop_name": "Muzeu Komb\u00ebtar A", "stop_desc": "Pas kryq\u00ebzimit t\u00eb Blv. \"Zogu i I\" me Rrug\u00ebn \"Ded Gjo Luli\"( Piaza)", "route_ids": ["10", "11", "12", "13", "14", "2", "46"]}, "geometry": {"type": "Point", "coordinates": [19.81648751, 41.33009312]}}, {"type": "Feature", "properties": {"stop_id": "354", "stop_name": "Rruga Spahiu", "stop_desc": "n\u00eb rrug\u00ebn \"Ali Shefqeti\", pas kryq\u00ebzimit me rrug\u00ebn \"Spahiu\"", "route_ids": ["6"]}, "geometry": {"type": "Point", "coordinates": [19.86337356, 41.33408395]}}, {"type": "Feature", "properties": {"stop_id": "60", "stop_name": "Abedin Pash\u00eb Dino", "stop_desc": "Pjeter Budi", "route_ids": ["16"]}, "geometry": {"type": "Point", "coordinates": [19.84017181, 41.32195147]}}, {"type": "Feature", "properties": {"stop_id": "340", "stop_name": "Ali Demi", "stop_desc": "n\u00eb af\u00ebrsi t\u00eb kryq\u00ebzimit t\u00eb rrug\u00ebs \"Ali Demi\", me rrug\u00ebn \"Mustafa Gerblleshi\"", "route_ids": ["6"]}, "geometry": {"type": "Point", "coordinates": [19.83167473, 41.32778769]}}, {"type": "Feature", "properties": {"stop_id": "345", "stop_name": "Markata", "stop_desc": "n\u00eb rrug\u00ebn \"Ali Demi\", p\u00ebrpara kryq\u00ebzimit me rrug\u00ebn \"Bajo Topulli\"", "route_ids": ["6"]}, "geometry": {"type": "Point", "coordinates": [19.84627912, 41.33264575]}}, {"type": "Feature", "properties": {"stop_id": "58", "stop_name": "Abedin Pash\u00eb Dino", "stop_desc": "Pjeter Budi", "route_ids": ["16"]}, "geometry": {"type": "Point", "coordinates": [19.84005159, 41.32207542]}}, {"type": "Feature", "properties": {"stop_id": "93", "stop_name": "Shkoz\u00eb", "stop_desc": "", "route_ids": ["17"]}, "geometry": {"type": "Point", "coordinates": [19.84834849, 41.33443878]}}, {"type": "Feature", "properties": {"stop_id": "281", "stop_name": "Joklin Persi", "stop_desc": "n\u00eb rrug\u00ebn \"3 D\u00ebshmor\u00ebt\", para kryq\u00ebzimit me rrug\u00ebn \"Bego Hoxha\"", "route_ids": ["4", "47"]}, "geometry": {"type": "Point", "coordinates": [19.77911428, 41.32338352]}}, {"type": "Feature", "properties": {"stop_id": "282", "stop_name": "Joklin Persi", "stop_desc": "n\u00eb rrug\u00ebn \"3 D\u00ebshmor\u00ebt\", para kryq\u00ebzimit me rrug\u00ebn \"Bego Hoxha\"", "route_ids": ["3", "47"]}, "geometry": {"type": "Point", "coordinates": [19.77904732, 41.32348393]}}, {"type": "Feature", "properties": {"stop_id": "62", "stop_name": "Ministria Jashtme", "stop_desc": "Blv. \"Zhan Dark\", tek \"Ministria e Pun\u00ebve t\u00eb Jasht\u00ebme\"", "route_ids": ["15", "17", "45", "6"]}, "geometry": {"type": "Point", "coordinates": [19.83154761, 41.32953807]}}, {"type": "Feature", "properties": {"stop_id": "75", "stop_name": "Ministria Sh\u00ebndet\u00ebsis\u00eb", "stop_desc": "Blv. \"Bajram Curri\", tek \"Ministria e Sh\u00ebndet\u00ebsis\u00eb\"", "route_ids": ["15", "17", "24"]}, "geometry": {"type": "Point", "coordinates": [19.83235088, 41.32925992]}}, {"type": "Feature", "properties": {"stop_id": "77", "stop_name": "Kisha Katolike", "stop_desc": "N\u00eb Rrug\u00ebn e \"Kavaj\u00ebs\", p\u00ebrball\u00eb \"Kish\u00eb", "route_ids": ["17", "22", "23", "4", "47", "71", "72"]}, "geometry": {"type": "Point", "coordinates": [19.80965455, 41.32754994]}}, {"type": "Feature", "properties": {"stop_id": "125", "stop_name": "Ura Teknologjike", "stop_desc": "N\u00eb Rrug\u00ebn e \"Kavaj\u00ebs\", p\u00ebrpara ur\u00ebs s\u00eb lumit Lan\u00eb", "route_ids": ["22", "23", "3", "47", "71", "72"]}, "geometry": {"type": "Point", "coordinates": [19.79293384, 41.32275154]}}, {"type": "Feature", "properties": {"stop_id": "126", "stop_name": "Tregu", "stop_desc": "N\u00eb Rrug\u00ebn e \"Konferenca e Pezz\u00ebs\", tek kryq\u00ebzimi me Rrug\u00ebn \"Hamdi Pepo\"", "route_ids": ["22", "23", "4", "47", "71", "72"]}, "geometry": {"type": "Point", "coordinates": [19.78739453, 41.32087751]}}, {"type": "Feature", "properties": {"stop_id": "127", "stop_name": "Kthesa Yzberisht", "stop_desc": "N\u00eb Rrug\u00ebn e \"Konferenca e Pezz\u00ebs\", p\u00ebrpara kryq\u00ebzimit t\u00eb Rrug\u00ebn \"3 D\u00ebshmor\u00ebt\"", "route_ids": ["22", "23", "4", "47", "71", "72"]}, "geometry": {"type": "Point", "coordinates": [19.78433775, 41.31988699]}}, {"type": "Feature", "properties": {"stop_id": "128", "stop_name": "Kthesa Yzberisht", "stop_desc": "N\u00eb Rrug\u00ebn e \"Konferenca e Pezz\u00ebs\", p\u00ebrpara kryq\u00ebzimit t\u00eb Rrug\u00ebn \"3 D\u00ebshmor\u00ebt\"", "route_ids": ["22", "23", "71", "72"]}, "geometry": {"type": "Point", "coordinates": [19.78255597, 41.31942358]}}, {"type": "Feature", "properties": {"stop_id": "130", "stop_name": "Mapo", "stop_desc": "N\u00eb Rrug\u00ebn e \"Konferenca e Pez\u00ebs\", tek hyrja e lagjes \"Kombinat\".", "route_ids": ["22", "23", "71", "72"]}, "geometry": {"type": "Point", "coordinates": [19.77146585, 41.31577838]}}, {"type": "Feature", "properties": {"stop_id": "131", "stop_name": "Kombinat", "stop_desc": "Tek pallatet n\u00eb dalje t\u00eb Kombinatit", "route_ids": ["22", "23", "71", "72"]}, "geometry": {"type": "Point", "coordinates": [19.76804373, 41.31426476]}}, {"type": "Feature", "properties": {"stop_id": "155", "stop_name": "Rektorati", "stop_desc": "N\u00eb sheshin \"N\u00ebn\u00eb Tereza\", tek Rektorati", "route_ids": ["2", "20"]}, "geometry": {"type": "Point", "coordinates": [19.8218679, 41.31773479]}}, {"type": "Feature", "properties": {"stop_id": "156", "stop_name": "Libri Universitar", "stop_desc": "n\u00eb rrug\u00ebn \"Abdyl Frash\u00ebri\", p\u00ebrball\u00eb Librit Universitar", "route_ids": ["2", "20"]}, "geometry": {"type": "Point", "coordinates": [19.81827302, 41.31918481]}}, {"type": "Feature", "properties": {"stop_id": "157", "stop_name": "Harry Fultz", "stop_desc": "rruga \"Asim Vokshi\", tek shkolla \"Harry Fultz\"", "route_ids": ["20", "24"]}, "geometry": {"type": "Point", "coordinates": [19.81082182, 41.33514266]}}, {"type": "Feature", "properties": {"stop_id": "158", "stop_name": "Don Bosko", "stop_desc": "rruga  \"Asim Vokshi\", p\u00ebrpara kryq\u00ebzimit me rrug\u00ebn \"Don Bosko\"", "route_ids": ["20", "24"]}, "geometry": {"type": "Point", "coordinates": [19.80783816, 41.33462178]}}, {"type": "Feature", "properties": {"stop_id": "159", "stop_name": "Stadiumi Dinamo", "stop_desc": "Pas kryq\u00ebzimit t\u00eb Rrug\u00ebs \"Sulejman Delvina\" me Rrug\u00ebn \"Komuna e Parisit", "route_ids": ["46"]}, "geometry": {"type": "Point", "coordinates": [19.8085634, 41.31888566]}}, {"type": "Feature", "properties": {"stop_id": "178", "stop_name": "Posta 8", "stop_desc": "N\u00eb Rrug\u00ebn \"Sulejman Delvina\", para Sheshit \"Uillson\"", "route_ids": ["20"]}, "geometry": {"type": "Point", "coordinates": [19.81341906, 41.3181334]}}, {"type": "Feature", "properties": {"stop_id": "201", "stop_name": "Inxhinieria", "stop_desc": "N\u00eb af\u00ebrsi t\u00eb kryq\u00ebzimit t\u00eb Rrug\u00ebs \"Muhamet Gjollesha\" me Rrug\u00ebn \"Sand\u00ebr Prosi\"", "route_ids": ["45"]}, "geometry": {"type": "Point", "coordinates": [19.80267984, 41.32861163]}}, {"type": "Feature", "properties": {"stop_id": "202", "stop_name": "Sabaudin Gabrani", "stop_desc": "Pas kryq\u00ebzimit t\u00eb Rrug\u00ebs s\u00eb \"Kavaj\u00ebs\" me Rrug\u00ebn \"Muhamet Gjollesha\"", "route_ids": ["24"]}, "geometry": {"type": "Point", "coordinates": [19.80367423, 41.32500424]}}, {"type": "Feature", "properties": {"stop_id": "337", "stop_name": "9 Kat\u00ebshet A", "stop_desc": "n\u00eb segmentin e kufizuar nga \"Luigj Gurakuqi\" dhe \"E Dibr\u00ebs\" sipas sensit t\u00eb l\u00ebvizjes", "route_ids": ["1", "20", "22", "23", "48", "71", "72"]}, "geometry": {"type": "Point", "coordinates": [19.82153626, 41.32938185]}}, {"type": "Feature", "properties": {"stop_id": "161", "stop_name": "Selit\u00eb", "stop_desc": "Pas kryq\u00ebzimit t\u00eb Blv. \"Gjergj Fishta\" me \"Rruga Muhedin Llagami\"", "route_ids": ["46"]}, "geometry": {"type": "Point", "coordinates": [19.79859201, 41.32074494]}}, {"type": "Feature", "properties": {"stop_id": "162", "stop_name": "Pallati me Shigjeta", "stop_desc": "P\u00ebrpara kryq\u00ebzimit t\u00eb Blv. \"Gjergj Fishta\" me \"Rruga e Kavaj\u00ebs\"", "route_ids": ["46"]}, "geometry": {"type": "Point", "coordinates": [19.79279485, 41.32186185]}}, {"type": "Feature", "properties": {"stop_id": "163", "stop_name": "Teodor Keko", "stop_desc": "N\u00eb kryq\u00ebzimin e \"Rruga Kavaj\u00ebs\" me \"Rruga Teodor Keko\".", "route_ids": ["46"]}, "geometry": {"type": "Point", "coordinates": [19.78875417, 41.32403715]}}, {"type": "Feature", "properties": {"stop_id": "164", "stop_name": "Nexho Konomi", "stop_desc": "Pas kryq\u00ebzimit t\u00eb Rrug\u00ebs \"Teodor Keko\" me Rrug\u00ebn \"Pjet\u00ebr Zarishi\".", "route_ids": ["3", "46"]}, "geometry": {"type": "Point", "coordinates": [19.78513152, 41.33025071]}}, {"type": "Feature", "properties": {"stop_id": "165", "stop_name": "Kristaq Mone", "stop_desc": "Pas kryq\u00ebzimit t\u00eb Rrug\u00ebs \"Teodor Keko\" me Rrug\u00ebn \"Kristaq Mone\".", "route_ids": ["3", "46"]}, "geometry": {"type": "Point", "coordinates": [19.78383628, 41.33259354]}}, {"type": "Feature", "properties": {"stop_id": "166", "stop_name": "Lumi Lan\u00eb", "stop_desc": "N\u00eb Rrug\u00ebn \"Teodor Keko\", p\u00ebrpara Ur\u00ebs s\u00eb Lumit \"Lan\u00eb\".", "route_ids": ["3", "46"]}, "geometry": {"type": "Point", "coordinates": [19.78335689, 41.33502445]}}, {"type": "Feature", "properties": {"stop_id": "167", "stop_name": "Sheshi Shqiponja", "stop_desc": "N\u00eb Rrug\u00ebn \"Teodor Keko\", p\u00ebrpara \"Sheshit Shqiponja\"", "route_ids": ["3", "46"]}, "geometry": {"type": "Point", "coordinates": [19.78555707, 41.33788599]}}, {"type": "Feature", "properties": {"stop_id": "168", "stop_name": "Blloku Gintash", "stop_desc": "N\u00eb \"Rruga Dritan Hoxha\", p\u00ebrball\u00eb Bllokut \"Gintash\".", "route_ids": ["3", "46", "5", "7"]}, "geometry": {"type": "Point", "coordinates": [19.78991724, 41.33795141]}}, {"type": "Feature", "properties": {"stop_id": "170", "stop_name": "Ana Komnena", "stop_desc": "N\u00eb kryq\u00ebzimin e Rrug\u00ebs \"Dritan Hoxha\" me Rrug\u00ebn \"Pandi Dardha\", tek  Drejtoria e P\u00ebrgjithshme e Doganave Tiran\u00eb.", "route_ids": ["3", "46", "5", "7"]}, "geometry": {"type": "Point", "coordinates": [19.79693124, 41.33545829]}}, {"type": "Feature", "properties": {"stop_id": "271", "stop_name": "Xhamia", "stop_desc": "n\u00eb rrug\u00ebn \"28 N\u00ebntori\", pas kryq\u00ebzimit me rrug\u00ebn \"Demokracia\"", "route_ids": ["47"]}, "geometry": {"type": "Point", "coordinates": [19.74529138, 41.35092132]}}, {"type": "Feature", "properties": {"stop_id": "272", "stop_name": "Xhamia", "stop_desc": "n\u00eb rrug\u00ebn \"28 N\u00ebntori\", pas kryq\u00ebzimit me rrug\u00ebn \"Demokracia\"", "route_ids": ["47"]}, "geometry": {"type": "Point", "coordinates": [19.74479834, 41.35116837]}}, {"type": "Feature", "properties": {"stop_id": "160", "stop_name": "Vasil Shanto", "stop_desc": "P\u00ebrpara kryq\u00ebzimit t\u00eb \"Rruga Sulejman Delvina\" me Blv. \"Bajram Curri\"", "route_ids": ["46"]}, "geometry": {"type": "Point", "coordinates": [19.80461718, 41.32170527]}}, {"type": "Feature", "properties": {"stop_id": "171", "stop_name": "Asllan Rusi", "stop_desc": "N\u00eb Rrug\u00ebn \"Dritan Hoxha\", p\u00ebrball\u00eb Pallatit t\u00eb Sportit \"Asllan Rusi\"", "route_ids": ["3", "46", "5", "7"]}, "geometry": {"type": "Point", "coordinates": [19.80091656, 41.33413043]}}, {"type": "Feature", "properties": {"stop_id": "172", "stop_name": "Kryq\u00ebzimi Kashar", "stop_desc": "Pas kryq\u00ebzimit t\u00eb \"Rruga Teodor Keko\" me \"Rruga Aleksandri i Madh\"", "route_ids": ["20", "4"]}, "geometry": {"type": "Point", "coordinates": [19.78451272, 41.33039896]}}, {"type": "Feature", "properties": {"stop_id": "173", "stop_name": "Teodor Keko", "stop_desc": "N\u00eb Kryq\u00ebzimin e \"Rruga Teodor Keko\" me \"Rruga e Kavaj\u00ebs\"", "route_ids": ["20"]}, "geometry": {"type": "Point", "coordinates": [19.788702, 41.32277072]}}, {"type": "Feature", "properties": {"stop_id": "174", "stop_name": "Pallati me Shigjeta", "stop_desc": "N\u00eb Blv. \"Bajram Curri\", pas kryq\u00ebzimit me \"Rruga Nikoll\u00eb Ka\u00e7orri\"", "route_ids": ["20"]}, "geometry": {"type": "Point", "coordinates": [19.79352438, 41.32090279]}}, {"type": "Feature", "properties": {"stop_id": "175", "stop_name": "Selit\u00eb", "stop_desc": "N\u00eb Blv. \"Bajram Curri\", pas kryq\u00ebzimit me \"Rruga Isuf Elezi\"", "route_ids": ["20"]}, "geometry": {"type": "Point", "coordinates": [19.79981433, 41.32037896]}}, {"type": "Feature", "properties": {"stop_id": "176", "stop_name": "Vasil Shanto", "stop_desc": "N\u00eb Rrug\u00ebn \"Sulejman Delvina\", pas kryq\u00ebzimit me Blv. \"Bajram Curri\"", "route_ids": ["20"]}, "geometry": {"type": "Point", "coordinates": [19.80555389, 41.32068675]}}, {"type": "Feature", "properties": {"stop_id": "177", "stop_name": "Komuna Parisit", "stop_desc": "Pas kryq\u00ebzimit t\u00eb Rrug\u00ebs \"Sulejman Delvina\" me Rrug\u00ebn \"Medar Shtylla\"", "route_ids": ["20"]}, "geometry": {"type": "Point", "coordinates": [19.80835902, 41.31877374]}}, {"type": "Feature", "properties": {"stop_id": "179", "stop_name": "Kristaq Dollaku", "stop_desc": "N\u00eb af\u00ebrsi t\u00eb kryq\u00ebzimit t\u00eb Rrug\u00ebs \"Teodor Keko\" me Rrug\u00ebn \"Feizi Himzo", "route_ids": ["46"]}, "geometry": {"type": "Point", "coordinates": [19.78724378, 41.32625366]}}, {"type": "Feature", "properties": {"stop_id": "407", "stop_name": "Sanatorium", "stop_desc": "\"Rruga Shefqet Ndroqi\" Senatoriumi", "route_ids": ["11"]}, "geometry": {"type": "Point", "coordinates": [19.8437353, 41.31273596]}}, {"type": "Feature", "properties": {"stop_id": "257", "stop_name": "Qemal Stafa", "stop_desc": "N\u00eb Rrug\u00ebn e \"Durr\u00ebsit\", p\u00ebrball\u00eb Shkoll\u00ebs \"Qemal Stafa\"", "route_ids": ["3", "5", "7"]}, "geometry": {"type": "Point", "coordinates": [19.80612247, 41.33236721]}}, {"type": "Feature", "properties": {"stop_id": "57", "stop_name": "Binak Alia", "stop_desc": "Kryqezimi i \"Rruga Shefqet Ndroqi\" me \"Rruga Pjeter Budi\" Drejtimi Qytet Studenti\\", "route_ids": ["16"]}, "geometry": {"type": "Point", "coordinates": [19.85333773, 41.32091543]}}, {"type": "Feature", "properties": {"stop_id": "314", "stop_name": "DPM", "stop_desc": "\u00ebsht\u00eb n\u00eb rrug\u00ebn dyt\u00ebsore p\u00ebrbri autrostrad\u00ebs Tiran\u00eb - Durr\u00ebs, tek DHL", "route_ids": ["5"]}, "geometry": {"type": "Point", "coordinates": [19.71816848, 41.36269329]}}, {"type": "Feature", "properties": {"stop_id": "14", "stop_name": "Rrapo Hekali", "stop_desc": "\u00ebsht\u00eb n\u00eb af\u00ebrsi t\u00eb kryq\u00ebzimit t\u00eb rrug\u00ebs \"Rapo Hekali\" me Unaz\u00ebn e Madhe", "route_ids": ["1", "48"]}, "geometry": {"type": "Point", "coordinates": [19.80100519, 41.31340554]}}, {"type": "Feature", "properties": {"stop_id": "35", "stop_name": "Rexhep Pinari", "stop_desc": "\u00ebsht\u00eb n\u00eb rrug\u00ebn \"Rexhep Pinari\" n\u00eb af\u00ebrsi t\u00eb kryq\u00ebzimit me rrug\u00ebn \"Zallit\"", "route_ids": ["48"]}, "geometry": {"type": "Point", "coordinates": [19.79797116, 41.31050671]}}, {"type": "Feature", "properties": {"stop_id": "36", "stop_name": "Rexhep Pinari", "stop_desc": "\u00ebsht\u00eb n\u00eb rrug\u00ebn e \"Zallit\" n\u00eb af\u00ebrsi t\u00eb kryq\u00ebzimit me rrug\u00ebn \"Rexhep Pinari\"", "route_ids": ["48"]}, "geometry": {"type": "Point", "coordinates": [19.79815096, 41.31028828]}}, {"type": "Feature", "properties": {"stop_id": "297", "stop_name": "Tregu Ushqimor", "stop_desc": "autostrada Tiran\u00eb - Durr\u00ebs", "route_ids": ["5"]}, "geometry": {"type": "Point", "coordinates": [19.76995989, 41.34536336]}}, {"type": "Feature", "properties": {"stop_id": "182", "stop_name": "Selvia", "stop_desc": "N\u00eb Rrug\u00ebn e \"Dibr\u00ebs\", tek \"Selvija\"", "route_ids": ["22", "23"]}, "geometry": {"type": "Point", "coordinates": [19.82306924, 41.3334424]}}, {"type": "Feature", "properties": {"stop_id": "184", "stop_name": "Rruga Ura", "stop_desc": "N\u00eb Rrug\u00ebn e Dibr\u00ebs, tek Rruga Ura", "route_ids": ["22", "23"]}, "geometry": {"type": "Point", "coordinates": [19.84083169, 41.34596026]}}, {"type": "Feature", "properties": {"stop_id": "185", "stop_name": "Kinostudio", "stop_desc": "N\u00eb Rrug\u00ebn e \"Dibr\u00ebs\", tek sheshi pran\u00eb karburantit p\u00ebrball\u00eb \"Ish Kinostudios Shqip\u00ebria e Re\". (Stacioni fundor).", "route_ids": ["22"]}, "geometry": {"type": "Point", "coordinates": [19.84636565, 41.34693603]}}, {"type": "Feature", "properties": {"stop_id": "186", "stop_name": "Aleksand\u00ebr Moisiu", "stop_desc": "rrug\u00ebn \"Aleksand\u00ebr Moisiu\", pran\u00eb Bar Kafe \"MOLLA\" (Stacioni fundor)", "route_ids": ["22"]}, "geometry": {"type": "Point", "coordinates": [19.8505235, 41.34546476]}}, {"type": "Feature", "properties": {"stop_id": "187", "stop_name": "Rruga Ura", "stop_desc": "N\u00eb Rrug\u00ebn e \"Dibr\u00ebs\", tek \"Rruga \"Ura\".", "route_ids": ["22", "23"]}, "geometry": {"type": "Point", "coordinates": [19.84062911, 41.3457473]}}, {"type": "Feature", "properties": {"stop_id": "188", "stop_name": "Ura Gjiroz\u00ebs", "stop_desc": "N\u00eb Rrug\u00ebn \"Myslym Keta\", tek \"Ura\"", "route_ids": ["23"]}, "geometry": {"type": "Point", "coordinates": [19.84388789, 41.35007099]}}, {"type": "Feature", "properties": {"stop_id": "189", "stop_name": "Shefqet Kuka", "stop_desc": "N\u00eb Rrug\u00ebn \"Myslym Keta\", tek \"Ish Antibiotiku\"", "route_ids": ["23"]}, "geometry": {"type": "Point", "coordinates": [19.8452631, 41.35217471]}}, {"type": "Feature", "properties": {"stop_id": "191", "stop_name": "Elez Isufi", "stop_desc": "N\u00eb Rrug\u00ebn \"Myslym Keta\", tek \"Kafe e Rrem\u00ebs\".", "route_ids": ["23"]}, "geometry": {"type": "Point", "coordinates": [19.84765354, 41.35731756]}}, {"type": "Feature", "properties": {"stop_id": "193", "stop_name": "Rruga Arb\u00ebrit", "stop_desc": "Te Ish repartet \"Xhenios\"", "route_ids": ["23"]}, "geometry": {"type": "Point", "coordinates": [19.85500605, 41.36986729]}}, {"type": "Feature", "properties": {"stop_id": "194", "stop_name": "Profarma", "stop_desc": "", "route_ids": ["23"]}, "geometry": {"type": "Point", "coordinates": [19.84659458, 41.35500831]}}, {"type": "Feature", "properties": {"stop_id": "196", "stop_name": "Dispanseria", "stop_desc": "P\u00ebrpara kryq\u00ebzimit t\u00eb Rrug\u00ebs \"Ferrit Xhajko\" me Rrug\u00ebn \"Siri Kodra\".", "route_ids": ["1", "24", "48", "72"]}, "geometry": {"type": "Point", "coordinates": [19.82138982, 41.33796994]}}, {"type": "Feature", "properties": {"stop_id": "197", "stop_name": "Tregu 5 Maji", "stop_desc": "Kryq\u00ebzimi i Rrug\u00ebs \"Ferit Xhajko\" me  Rrug\u00ebn \"5 Maji\"", "route_ids": ["1", "45", "48", "72"]}, "geometry": {"type": "Point", "coordinates": [19.82571014, 41.33993541]}}, {"type": "Feature", "properties": {"stop_id": "198", "stop_name": "Stacioni i Trenit", "stop_desc": "Pas kryq\u00ebzimit t\u00eb Blv. \"Zogu I\" me Rrug\u00ebn \"Reshit Petrela\" (Fillimi i linj\u00ebs).", "route_ids": ["13", "14", "20", "24"]}, "geometry": {"type": "Point", "coordinates": [19.8147662, 41.33578252]}}, {"type": "Feature", "properties": {"stop_id": "199", "stop_name": "Karl Topia", "stop_desc": "P\u00ebrpara kryq\u00ebzimit tek Sheshi \"Karl Topia\"", "route_ids": ["45"]}, "geometry": {"type": "Point", "coordinates": [19.80438014, 41.33190331]}}, {"type": "Feature", "properties": {"stop_id": "203", "stop_name": "Sabaudin Gabrani", "stop_desc": "P\u00ebrpara kryq\u00ebzimit t\u00eb Rrug\u00ebs \"Muhamet Gjollesha\" me Rrug\u00ebn e \"Kavaj\u00ebs\"", "route_ids": ["45"]}, "geometry": {"type": "Point", "coordinates": [19.80393344, 41.3250107]}}, {"type": "Feature", "properties": {"stop_id": "204", "stop_name": "Gjykata", "stop_desc": "Blv. \"Gjergj Fishta\", n\u00eb kryq\u00ebzimin me Rrug\u00ebn \"Nikolla Lena\"", "route_ids": ["45"]}, "geometry": {"type": "Point", "coordinates": [19.8068524, 41.32204857]}}, {"type": "Feature", "properties": {"stop_id": "205", "stop_name": "Vasil Shanto A", "stop_desc": "Blv. \"Bajram Curri\", pas Ur\u00ebs \"Vasil Shanto\"", "route_ids": ["24"]}, "geometry": {"type": "Point", "coordinates": [19.80666701, 41.32147079]}}, {"type": "Feature", "properties": {"stop_id": "206", "stop_name": "Drejtoria Policis\u00eb A", "stop_desc": "Blv. Gjergj Fishta, n\u00eb kryq\u00ebzimin me Rrug\u00ebn Sami Frash\u00ebri", "route_ids": ["45"]}, "geometry": {"type": "Point", "coordinates": [19.81274581, 41.32296197]}}, {"type": "Feature", "properties": {"stop_id": "207", "stop_name": "Kinema Agimi", "stop_desc": "Blv. \"Bajram Curri\", pran\u00eb ish \" Kinema \"Agimi\"", "route_ids": ["24"]}, "geometry": {"type": "Point", "coordinates": [19.81471015, 41.32274654]}}, {"type": "Feature", "properties": {"stop_id": "208", "stop_name": "Shallvaret", "stop_desc": "Blv. \"Gjergj Fishta\", n\u00eb af\u00ebrsi t\u00eb kryq\u00ebzimit me Rrug\u00ebn \"Ibrahim Rugova\"", "route_ids": ["45"]}, "geometry": {"type": "Point", "coordinates": [19.81789828, 41.32378952]}}, {"type": "Feature", "properties": {"stop_id": "209", "stop_name": "V\u00ebllez\u00ebrit Frash\u00ebri", "stop_desc": "Kryq\u00ebzimi i  Blv. \"Bajram Curri\" me Blv. \"D\u00ebshmor\u00ebt e Kombit\", pran\u00eb Lulishtes \"3 V\u00ebllez\u00ebrit Frash\u00ebri\".", "route_ids": ["24"]}, "geometry": {"type": "Point", "coordinates": [19.81878058, 41.32338543]}}, {"type": "Feature", "properties": {"stop_id": "210", "stop_name": "Xhamia Namazgjas\u00eb", "stop_desc": "Blv. \"Zhan Dark\", n\u00eb af\u00ebrsi t\u00eb kryq\u00ebzimit me Rrug\u00ebn \"Xhorxh W. Bush\"", "route_ids": ["45"]}, "geometry": {"type": "Point", "coordinates": [19.82443188, 41.32512787]}}, {"type": "Feature", "properties": {"stop_id": "211", "stop_name": "Sheshi Ali Demi", "stop_desc": "Pas kryq\u00ebzimit t\u00eb Blv. \"Bajram Curri\" me Rrug\u00ebn \"Ali Demi\"", "route_ids": ["17", "24", "6"]}, "geometry": {"type": "Point", "coordinates": [19.82935156, 41.32797864]}}, {"type": "Feature", "properties": {"stop_id": "213", "stop_name": "Odhise Paskali", "stop_desc": "Pas kryq\u00ebzimit t\u00eb Rrug\u00ebs \"Bardhyl\" me Rrug\u00ebn  \"Hoxha Tahsim\"", "route_ids": ["24"]}, "geometry": {"type": "Point", "coordinates": [19.83315785, 41.33430367]}}, {"type": "Feature", "properties": {"stop_id": "215", "stop_name": "\u00c7ajupi", "stop_desc": "n\u00eb af\u00ebrsi t\u00eb kryq\u00ebzimit t\u00eb rrug\u00ebs \"Bardhyl\" me Rrug\u00ebn \"Kongresi i Manastirit\"", "route_ids": ["45"]}, "geometry": {"type": "Point", "coordinates": [19.83144309, 41.33652518]}}, {"type": "Feature", "properties": {"stop_id": "200", "stop_name": "Karl Topia", "stop_desc": "Pas rrethrotullimit tek Sheshi \"Karl Topia\" (karburanti)", "route_ids": ["24"]}, "geometry": {"type": "Point", "coordinates": [19.80423668, 41.33219113]}}, {"type": "Feature", "properties": {"stop_id": "192", "stop_name": "Varrezat Tufin\u00eb", "stop_desc": "Rrug\u00ebn \"Myslym Keta\", tek sheshi posht\u00eb \"Varrezave Tufin\u00eb\"", "route_ids": ["23"]}, "geometry": {"type": "Point", "coordinates": [19.85195156, 41.36150101]}}, {"type": "Feature", "properties": {"stop_id": "239", "stop_name": "UKT", "stop_desc": "N\u00eb Rrug\u00ebn e \"Konferenca e Pez\u00ebs\" n\u00eb af\u00ebrsi t\u00eb kryq\u00ebzimit me rrug\u00ebn \"H.Culhaj\".", "route_ids": ["22", "23", "71", "72"]}, "geometry": {"type": "Point", "coordinates": [19.77722275, 41.31766021]}}, {"type": "Feature", "properties": {"stop_id": "183", "stop_name": "Medreseja", "stop_desc": "N\u00eb Rrug\u00ebn e \"Dibr\u00ebs\", tek \"Medreseja\".", "route_ids": ["22", "23"]}, "geometry": {"type": "Point", "coordinates": [19.82606121, 41.33820716]}}, {"type": "Feature", "properties": {"stop_id": "301", "stop_name": "Yrshek", "stop_desc": "\u00ebsht\u00eb n\u00eb rrug\u00ebn dyt\u00ebsore p\u00ebrbri autostrad\u00ebs Tiran\u00eb - Durr\u00ebs, pran\u00eb mbikalimit t\u00eb fshatit Yrshek", "route_ids": ["5"]}, "geometry": {"type": "Point", "coordinates": [19.7429494, 41.35473753]}}, {"type": "Feature", "properties": {"stop_id": "303", "stop_name": "Domje", "stop_desc": "\u00ebsht\u00eb n\u00eb rrug\u00ebn dyt\u00ebsore p\u00ebrbri autostrad\u00ebs Tiran\u00eb - Durr\u00ebs, pran\u00eb mbikalimit t\u00eb fshatit domje", "route_ids": ["5"]}, "geometry": {"type": "Point", "coordinates": [19.73238603, 41.35839829]}}, {"type": "Feature", "properties": {"stop_id": "312", "stop_name": "Ura Limuthit", "stop_desc": "\u00ebsht\u00eb n\u00eb rrug\u00ebn dyt\u00ebsore p\u00ebrbri autostrad\u00ebs Tiran\u00eb - Durr\u00ebs", "route_ids": ["5"]}, "geometry": {"type": "Point", "coordinates": [19.69132389, 41.37088775]}}, {"type": "Feature", "properties": {"stop_id": "313", "stop_name": "Ura Limuthit", "stop_desc": "\u00ebsht\u00eb n\u00eb rrug\u00ebn dyt\u00ebsore p\u00ebrbri autostrad\u00ebs Tiran\u00eb - Durr\u00ebs, pran\u00eb ur\u00ebs s\u00eb limuthit", "route_ids": ["5"]}, "geometry": {"type": "Point", "coordinates": [19.69153963, 41.37093667]}}, {"type": "Feature", "properties": {"stop_id": "344", "stop_name": "Markata", "stop_desc": "n\u00eb rrug\u00ebn \"Ali Demi\", p\u00ebrball\u00eb shkoll\u00ebs 9 vje\u00e7are \"Kushtrimi i Liris\u00eb\"", "route_ids": ["6"]}, "geometry": {"type": "Point", "coordinates": [19.84608009, 41.33242652]}}, {"type": "Feature", "properties": {"stop_id": "241", "stop_name": "Lumi Lan\u00eb", "stop_desc": "N\u00eb Rrug\u00ebn \"Teodor Keko\", pas Ur\u00ebs s\u00eb Lumit \"Lan\u00eb\".", "route_ids": ["20", "4"]}, "geometry": {"type": "Point", "coordinates": [19.78305025, 41.33570597]}}, {"type": "Feature", "properties": {"stop_id": "242", "stop_name": "Aleksandri Madh", "stop_desc": "Pas kryq\u00ebzimit t\u00eb Rrug\u00ebs \"Teodor Keko\" me Rrug\u00ebn \"Kristaq Mone\"", "route_ids": ["20", "4"]}, "geometry": {"type": "Point", "coordinates": [19.78383828, 41.33155001]}}, {"type": "Feature", "properties": {"stop_id": "254", "stop_name": "Misto Mame", "stop_desc": "N\u00eb Rrug\u00ebn e \"Konferenca e Pez\u00ebs\", pran\u00eb \"Misto Mames\"", "route_ids": ["22", "23", "71", "72"]}, "geometry": {"type": "Point", "coordinates": [19.78141721, 41.31894383]}}, {"type": "Feature", "properties": {"stop_id": "258", "stop_name": "Banka Shqip\u00ebris\u00eb", "stop_desc": "N\u00eb Rrug\u00ebn e \"Kavaj\u00ebs\", p\u00ebrpara kryq\u00ebzimit me Rrug\u00ebn \"Ibrahim Rugova\" / dalje e rruges se Kavajes", "route_ids": ["17", "22", "23", "4", "47", "71", "72"]}, "geometry": {"type": "Point", "coordinates": [19.81558623, 41.32807721]}}, {"type": "Feature", "properties": {"stop_id": "318", "stop_name": "Asllan Rusi", "stop_desc": "N\u00eb Rrug\u00ebn \"Dritan Hoxha\", p\u00ebrball\u00eb Pallatit t\u00eb Sportit \"Asllan Rusi\"", "route_ids": ["20", "4", "5", "7"]}, "geometry": {"type": "Point", "coordinates": [19.80156074, 41.33415055]}}, {"type": "Feature", "properties": {"stop_id": "319", "stop_name": "Pandi Dardha", "stop_desc": "N\u00eb kryq\u00ebzimin e Rrug\u00ebs \"Dritan Hoxha\" me Rrug\u00ebn \"Pandi Dardha\", tek  Drejtoria e P\u00ebrgjithshme e Doganave Tiran\u00eb.", "route_ids": ["20", "4", "5", "7"]}, "geometry": {"type": "Point", "coordinates": [19.79792134, 41.33539158]}}, {"type": "Feature", "properties": {"stop_id": "320", "stop_name": "Pallatet Arabe", "stop_desc": "N\u00eb kryq\u00ebzimin e Rrug\u00ebs \"Dritan Hoxha\" me Rrug\u00ebn \"Lord Bajron\", tek shkolla 9-vje\u00e7are \"Ahmet Gashi\"", "route_ids": ["20", "4", "5", "7"]}, "geometry": {"type": "Point", "coordinates": [19.79313855, 41.3371194]}}, {"type": "Feature", "properties": {"stop_id": "327", "stop_name": "Terminal D", "stop_desc": "N\u00eb Rrug\u00ebn \"Kastriot\u00ebt\", pran\u00eb kompleksit t\u00eb pallateve \"Malezjane\"", "route_ids": ["20", "5"]}, "geometry": {"type": "Point", "coordinates": [19.77643362, 41.34356875]}}, {"type": "Feature", "properties": {"stop_id": "362", "stop_name": "Harry Fultz", "stop_desc": "rruga  \"Asim Vokshi\", p\u00ebrball\u00eb shkoll\u00ebs \"Harry Fultz\"", "route_ids": ["45", "46", "70"]}, "geometry": {"type": "Point", "coordinates": [19.81184221, 41.33515454]}}, {"type": "Feature", "properties": {"stop_id": "363", "stop_name": "Don Bosko", "stop_desc": "rruga  \"Asim Vokshi\", pas kryq\u00ebzimit me rrug\u00ebn \"Don Bosko\"", "route_ids": ["45", "46", "70"]}, "geometry": {"type": "Point", "coordinates": [19.80751722, 41.33443888]}}, {"type": "Feature", "properties": {"stop_id": "451", "stop_name": "Varrezat Tufin\u00eb", "stop_desc": "Rrug\u00ebn \"Myslym Keta\", tek sheshi posht\u00eb \"Varrezave Tufin\u00eb\"", "route_ids": ["23"]}, "geometry": {"type": "Point", "coordinates": [19.85172434, 41.36147015]}}, {"type": "Feature", "properties": {"stop_id": "453", "stop_name": "Elez Isufi", "stop_desc": "N\u00eb Rrug\u00ebn \"Myslym Keta\", tek \"Kafe e Rrem\u00ebs\".", "route_ids": ["23"]}, "geometry": {"type": "Point", "coordinates": [19.8475598, 41.35725227]}}, {"type": "Feature", "properties": {"stop_id": "455", "stop_name": "Ura Gjiroz\u00ebs", "stop_desc": "N\u00eb Rrug\u00ebn \"Myslym Keta\", tek \"Ura\"", "route_ids": ["23"]}, "geometry": {"type": "Point", "coordinates": [19.84386984, 41.35037586]}}, {"type": "Feature", "properties": {"stop_id": "456", "stop_name": "QSUT", "stop_desc": "N\u00eb Rrug\u00ebn e \"Dibr\u00ebs\", mbas kryq\u00ebzimit t\u00eb \"Unaz\u00ebs\" me Rrug\u00ebn e \"Dibr\u00ebs\".", "route_ids": ["1", "22", "23", "48"]}, "geometry": {"type": "Point", "coordinates": [19.83022053, 41.34068149]}}, {"type": "Feature", "properties": {"stop_id": "457", "stop_name": "Selvia", "stop_desc": "N\u00eb Rrug\u00ebn e \"Dibr\u00ebs\", tek \"Selvija\"", "route_ids": ["22", "23"]}, "geometry": {"type": "Point", "coordinates": [19.82275276, 41.33307471]}}, {"type": "Feature", "properties": {"stop_id": "459", "stop_name": "Shkolla Bashkuar", "stop_desc": "", "route_ids": ["22", "23"]}, "geometry": {"type": "Point", "coordinates": [19.83733914, 41.34450224]}}, {"type": "Feature", "properties": {"stop_id": "461", "stop_name": "Xhamia", "stop_desc": "", "route_ids": ["23"]}, "geometry": {"type": "Point", "coordinates": [19.85375743, 41.3670738]}}, {"type": "Feature", "properties": {"stop_id": "462", "stop_name": "Xhamia", "stop_desc": "", "route_ids": ["23"]}, "geometry": {"type": "Point", "coordinates": [19.85407151, 41.36735934]}}, {"type": "Feature", "properties": {"stop_id": "463", "stop_name": "Mapo", "stop_desc": "N\u00eb Rrug\u00ebn e \"Konferenca e Pez\u00ebs\", tek hyrja e lagjes \"Kombinat\".", "route_ids": ["22", "23", "71", "72"]}, "geometry": {"type": "Point", "coordinates": [19.77174996, 41.31576241]}}, {"type": "Feature", "properties": {"stop_id": "464", "stop_name": "Kombinat", "stop_desc": "Tek pallatet n\u00eb dalje t\u00eb Kombinatit", "route_ids": ["22", "23"]}, "geometry": {"type": "Point", "coordinates": [19.76702408, 41.31425562]}}, {"type": "Feature", "properties": {"stop_id": "467", "stop_name": "Brryli", "stop_desc": "Blv. Zhan Dark, n\u00eb af\u00ebrsi t\u00eb kryq\u00ebzimit me Rrug\u00ebn Arkitekt Kasemi", "route_ids": ["15", "17", "45", "6"]}, "geometry": {"type": "Point", "coordinates": [19.83376868, 41.33048994]}}, {"type": "Feature", "properties": {"stop_id": "910", "stop_name": "9 Kat\u00ebshet B", "stop_desc": "n\u00eb segmentin e kufizuar nga \"Luigj Gurakuqi\" dhe \"E Dibr\u00ebs\" sipas sensit t\u00eb l\u00ebvizjes", "route_ids": ["10", "11", "12", "2", "5", "6", "7"]}, "geometry": {"type": "Point", "coordinates": [19.82148282, 41.32948051]}}, {"type": "Feature", "properties": {"stop_id": "911", "stop_name": "15 Kat\u00ebshi B", "stop_desc": "ne rrugen \"Urani Pano\"", "route_ids": ["22", "23", "4", "47"]}, "geometry": {"type": "Point", "coordinates": [19.81915441, 41.33056464]}}, {"type": "Feature", "properties": {"stop_id": "912", "stop_name": "Muzeu Komb\u00ebtar B", "stop_desc": "Pas kryq\u00ebzimit t\u00eb Blv. \"Zogu i I\" me Rrug\u00ebn \"Ded Gjo Luli\"( Piaza)", "route_ids": ["1", "15", "16", "17", "48", "5", "7", "70"]}, "geometry": {"type": "Point", "coordinates": [19.81664853, 41.33016802]}}, {"type": "Feature", "properties": {"stop_id": "169", "stop_name": "Pallatet Arabe", "stop_desc": "N\u00eb kryq\u00ebzimin e Rrug\u00ebs \"Dritan Hoxha\" me Rrug\u00ebn \"Lord Bajron\", p\u00ebrball\u00eb shkoll\u00ebs 9-vje\u00e7are \"Ahmet Gashi\".", "route_ids": ["3", "46", "5", "7"]}, "geometry": {"type": "Point", "coordinates": [19.79225914, 41.33713875]}}, {"type": "Feature", "properties": {"stop_id": "458", "stop_name": "Medreseja", "stop_desc": "N\u00eb Rrug\u00ebn e \"Dibr\u00ebs\", tek \"Medreseja\".", "route_ids": ["22", "23"]}, "geometry": {"type": "Point", "coordinates": [19.82571796, 41.33806554]}}, {"type": "Feature", "properties": {"stop_id": "59", "stop_name": "Shkolla Baletit", "stop_desc": "Petro Nini Luarasi", "route_ids": ["16"]}, "geometry": {"type": "Point", "coordinates": [19.8270415, 41.3254222]}}, {"type": "Feature", "properties": {"stop_id": "180", "stop_name": "Kristaq Dollaku", "stop_desc": "N\u00eb af\u00ebrsi t\u00eb kryq\u00ebzimit t\u00eb Rrug\u00ebs \"Teodor Keko\" me Rrug\u00ebn \"Feizi Himzo\"", "route_ids": ["20"]}, "geometry": {"type": "Point", "coordinates": [19.78667891, 41.32613201]}}, {"type": "Feature", "properties": {"stop_id": "216", "stop_name": "\u00c7ajupi", "stop_desc": "kryq\u00ebzimi i rrug\u00ebs \"Bardhyl\" me rrug\u00ebn \"Kongresi i Manastirit\"", "route_ids": ["24"]}, "geometry": {"type": "Point", "coordinates": [19.83081449, 41.33776407]}}, {"type": "Feature", "properties": {"stop_id": "217", "stop_name": "Farmacia 10", "stop_desc": "N\u00eb af\u00ebrsi t\u00eb kryq\u00ebzimit t\u00eb Rrug\u00ebs \"Bardhyl\" me Rrug\u00ebn e \"Dibr\u00ebs\"", "route_ids": ["45"]}, "geometry": {"type": "Point", "coordinates": [19.82927496, 41.33966546]}}, {"type": "Feature", "properties": {"stop_id": "218", "stop_name": "Farmacia 10", "stop_desc": "Kryq\u00ebzimi i Rrug\u00ebs \"Bardhyl\" me Rrug\u00ebn \"Kongresi i Manastirit\"", "route_ids": ["24"]}, "geometry": {"type": "Point", "coordinates": [19.82964772, 41.33948108]}}, {"type": "Feature", "properties": {"stop_id": "219", "stop_name": "Piramida", "stop_desc": "Blv. \"D\u00ebshmor\u00ebt e Kombit\", (ne segmentin e kufizuar nga blv.\"Bajram Curri\" dhe \"Ismail Qemali\" sipas sensit jug-veri / piramida", "route_ids": ["2", "20"]}, "geometry": {"type": "Point", "coordinates": [19.82003848, 41.32280959]}}, {"type": "Feature", "properties": {"stop_id": "220", "stop_name": "Libri Universitar", "stop_desc": "n\u00eb rrug\u00ebn \"Abdyl Frash\u00ebri\", p\u00ebrball\u00eb Librit Universitar", "route_ids": ["2", "46"]}, "geometry": {"type": "Point", "coordinates": [19.81812746, 41.31925034]}}, {"type": "Feature", "properties": {"stop_id": "235", "stop_name": "Kisha Katolike", "stop_desc": "N\u00eb Rrug\u00ebn e \"Kavaj\u00ebs\", p\u00ebrball\u00eb \"Kish\u00ebs Katolike\".", "route_ids": ["17", "22", "23", "3", "47", "71", "72"]}, "geometry": {"type": "Point", "coordinates": [19.80928307, 41.32765371]}}, {"type": "Feature", "properties": {"stop_id": "236", "stop_name": "Poliklinika 9", "stop_desc": "Ne Rrug\u00ebn e \"Kavaj\u00ebs\", n\u00eb af\u00ebrsi t\u00eb kryq\u00ebzimit \"21 Dhjetori\" p\u00ebrball\u00eb \"Poliklinik\u00ebs Nr. 9\".", "route_ids": ["17", "22", "23", "4", "47", "71", "72"]}, "geometry": {"type": "Point", "coordinates": [19.80427165, 41.32590581]}}, {"type": "Feature", "properties": {"stop_id": "237", "stop_name": "Ndre Mjeda", "stop_desc": "N\u00eb Rrug\u00ebn e \"Kavaj\u00ebs\", tek kryq\u00ebzimi me Rrug\u00ebn \"Ndre Mjeda", "route_ids": ["22", "23", "3", "47", "71", "72"]}, "geometry": {"type": "Point", "coordinates": [19.79661951, 41.32381253]}}, {"type": "Feature", "properties": {"stop_id": "238", "stop_name": "Tregu", "stop_desc": "N\u00eb Rrug\u00ebn e \"Konferenca e Pezz\u00ebs\", tek kryq\u00ebzimi me Rrug\u00ebn \"Hamdi Pepo\"", "route_ids": ["22", "23", "3", "47", "71", "72"]}, "geometry": {"type": "Point", "coordinates": [19.78711167, 41.32093252]}}, {"type": "Feature", "properties": {"stop_id": "240", "stop_name": "Sheshi Shqiponja", "stop_desc": "N\u00eb Rrug\u00ebn \"Teodor Keko\", pas Sheshit Shqiponja.", "route_ids": ["20", "4"]}, "geometry": {"type": "Point", "coordinates": [19.78507098, 41.3384663]}}, {"type": "Feature", "properties": {"stop_id": "372", "stop_name": "Gjergj Fishta", "stop_desc": "N\u00eb Rrug\u00ebn \"Petrit Radovicka\", kryq\u00ebzimi me Rug\u00ebn \"Albanet\" dhe Rrug\u00ebn \"Isuf Uka\"", "route_ids": ["70"]}, "geometry": {"type": "Point", "coordinates": [19.77239651, 41.35113498]}}, {"type": "Feature", "properties": {"stop_id": "110", "stop_name": "IKV", "stop_desc": "N\u00eb Rrug\u00ebn \"Sotir Caci\", p\u00ebrball Institutit t\u00eb K\u00ebrkimeve Veterinare.", "route_ids": ["18"]}, "geometry": {"type": "Point", "coordinates": [19.85041405, 41.3448928]}}, {"type": "Feature", "properties": {"stop_id": "15", "stop_name": "Qendra Kristal", "stop_desc": "\u00ebsht\u00eb n\u00eb rrug\u00ebn \"Prokop Mima\", n\u00eb af\u00ebrsi me mbikalimin e Unaz\u00ebs s\u00eb Madhe.", "route_ids": ["1", "48"]}, "geometry": {"type": "Point", "coordinates": [19.80149718, 41.31383531]}}, {"type": "Feature", "properties": {"stop_id": "470", "stop_name": "Terminal C", "stop_desc": "Rruga Kastriot\u00ebt", "route_ids": ["7"]}, "geometry": {"type": "Point", "coordinates": [19.77596274, 41.34432126]}}, {"type": "Feature", "properties": {"stop_id": "346", "stop_name": "Poligrafiku", "stop_desc": "n\u00eb rrug\u00ebn \"Ali Demi\", pas kryq\u00ebzimit me rrug\u00ebn \"Agush Gjergjevica\", tek ish \"Poligrafikut\"", "route_ids": ["6"]}, "geometry": {"type": "Point", "coordinates": [19.84893481, 41.33359467]}}, {"type": "Feature", "properties": {"stop_id": "42", "stop_name": "Biblioteka", "stop_desc": "Terminali i Ri , pran\u00eb \"Pallatit t\u00eb Kultur\u00ebs\"", "route_ids": ["13", "14", "15", "16", "17", "18", "4", "47"]}, "geometry": {"type": "Point", "coordinates": [19.82094423, 41.32835667]}}, {"type": "Feature", "properties": {"stop_id": "46", "stop_name": "Shkolla Baletit", "stop_desc": "Blv. \"Bajram Curri\"", "route_ids": ["15", "16", "17", "24", "6"]}, "geometry": {"type": "Point", "coordinates": [19.8260666, 41.32558706]}}, {"type": "Feature", "properties": {"stop_id": "76", "stop_name": "Banka Shqip\u00ebris\u00eb", "stop_desc": "Rruga Kavajes", "route_ids": ["17", "22", "23", "3", "47", "71", "72"]}, "geometry": {"type": "Point", "coordinates": [19.81505981, 41.32830502]}}, {"type": "Feature", "properties": {"stop_id": "124", "stop_name": "Ura Teknologjike", "stop_desc": "N\u00eb Rrug\u00ebn e \"Kavaj\u00ebs\", p\u00ebrpara ur\u00ebs s\u00eb lumit Lan\u00eb", "route_ids": ["22", "23", "4", "47", "71", "72"]}, "geometry": {"type": "Point", "coordinates": [19.79352058, 41.32273105]}}, {"type": "Feature", "properties": {"stop_id": "109", "stop_name": "IKV", "stop_desc": "N\u00eb Rrug\u00ebn \"Sotir Caci\", p\u00ebrball Institutit t\u00eb K\u00ebrkimeve Veterinare.", "route_ids": ["18"]}, "geometry": {"type": "Point", "coordinates": [19.85018324, 41.34492052]}}, {"type": "Feature", "properties": {"stop_id": "114", "stop_name": "Qendra Sh\u00ebndet\u00ebsore", "stop_desc": "N\u00eb Rrug\u00ebn \"Muhamet Deliu\", tek Qendra Sh\u00ebndet\u00ebsore", "route_ids": ["18"]}, "geometry": {"type": "Point", "coordinates": [19.85877071, 41.34683972]}}, {"type": "Feature", "properties": {"stop_id": "83", "stop_name": "Zjarrfik\u00ebsja", "stop_desc": "Artan Lenja", "route_ids": ["17"]}, "geometry": {"type": "Point", "coordinates": [19.8006486, 41.32818851]}}, {"type": "Feature", "properties": {"stop_id": "87", "stop_name": "Zjarrfik\u00ebsja", "stop_desc": "Artan Lenja", "route_ids": ["17"]}, "geometry": {"type": "Point", "coordinates": [19.80051547, 41.32814007]}}, {"type": "Feature", "properties": {"stop_id": "330", "stop_name": "Ura Paskuqanit", "stop_desc": "N\u00eb Rrug\u00ebn \"Kastriot\u00ebt\", pran\u00eb kryq\u00ebzimit me Rrug\u00ebn \"Ali Ibra\".", "route_ids": ["7"]}, "geometry": {"type": "Point", "coordinates": [19.77446785, 41.35513491]}}, {"type": "Feature", "properties": {"stop_id": "86", "stop_name": "Helikopter\u00ebt", "stop_desc": "Fushes Aviacionit", "route_ids": ["17"]}, "geometry": {"type": "Point", "coordinates": [19.79450597, 41.33138159]}}, {"type": "Feature", "properties": {"stop_id": "90", "stop_name": "Helikopter\u00ebt", "stop_desc": "Fushes Aviacionit", "route_ids": ["17"]}, "geometry": {"type": "Point", "coordinates": [19.79453259, 41.33145857]}}, {"type": "Feature", "properties": {"stop_id": "70", "stop_name": "Depo Ujit B", "stop_desc": "Esht\u00eb 200 m p\u00ebrpara kryq\u00ebzimit t\u00eb Rrug\u00ebs \"Pasho Hysa\" me Rrug\u00ebn \"Pal \u00cbngj\u00eblli\"", "route_ids": ["15"]}, "geometry": {"type": "Point", "coordinates": [19.84988307, 41.32439366]}}, {"type": "Feature", "properties": {"stop_id": "13", "stop_name": "Selit\u00eb", "stop_desc": "\u00ebsht\u00eb n\u00eb af\u00ebrsi t\u00eb kryq\u00ebzimit t\u00eb rrug\u00ebs \"Isuf Elezi\" me rrug\u00ebn \"Qemal Butka\"", "route_ids": ["1", "48"]}, "geometry": {"type": "Point", "coordinates": [19.79748116, 41.31543461]}}, {"type": "Feature", "properties": {"stop_id": "17", "stop_name": "Dhimit\u00ebr Shuteriqi", "stop_desc": "\u00ebsht\u00eb pas kryq\u00ebzimit t\u00eb rrug\u00ebs \"Dhimit\u00ebr Shuteriqi\" me rrug\u00ebn \"Tish Daija\"", "route_ids": ["1", "48"]}, "geometry": {"type": "Point", "coordinates": [19.80424623, 41.31446704]}}, {"type": "Feature", "properties": {"stop_id": "401", "stop_name": "Panorama Liqenit", "stop_desc": "Rrug\u00ebn e \"Elbasanit\", p\u00ebrball\u00eb Hotel Gjuta", "route_ids": ["10"]}, "geometry": {"type": "Point", "coordinates": [19.85077144, 41.29910376]}}, {"type": "Feature", "properties": {"stop_id": "97", "stop_name": "Pazari i Ri", "stop_desc": "N\u00eb af\u00ebrsi t\u00eb sheshit \"Avni Rustemi\"", "route_ids": ["18"]}, "geometry": {"type": "Point", "coordinates": [19.82386274, 41.32908544]}}, {"type": "Feature", "properties": {"stop_id": "98", "stop_name": "Pazari i Ri", "stop_desc": "N\u00eb af\u00ebrsi t\u00eb sheshit \"Avni Rustemi\"", "route_ids": ["18"]}, "geometry": {"type": "Point", "coordinates": [19.82447275, 41.32905993]}}, {"type": "Feature", "properties": {"stop_id": "321", "stop_name": "Blloku Gintash", "stop_desc": "N\u00eb Rrug\u00ebn \"Dritan Hoxha\", p\u00ebrball\u00eb Bllokut \"Gintash\".", "route_ids": ["20", "4", "5", "7"]}, "geometry": {"type": "Point", "coordinates": [19.79038717, 41.33801772]}}]}